<?xml version="1.0" encoding="UTF-8"?>
<gpx creator="StravaGPX" version="1.1" xmlns="http://www.topografix.com/GPX/1/1" xmlns:xsi="http://www.w3.org/2001/XMLSchema-instance" xsi:schemaLocation="http://www.topografix.com/GPX/1/1 http://www.topografix.com/GPX/1/1/gpx.xsd">
 <metadata>
  <name>Bikepacking 2026 trip V2</name>
  <author>
   <name>Stephan Becker</name>
   <link href="https://www.strava.com/athletes/349770"/>
  </author>
  <copyright author="OpenStreetMap contributors">
   <year>2020</year>
   <license>https://www.openstreetmap.org/copyright</license>
  </copyright>
  <link href="https://www.strava.com/routes/3463368757543966168"/>
 </metadata>
 <trk>
  <name>Bikepacking 2026 trip V2</name>
  <link href="https://www.strava.com/routes/3463368757543966168"/>
  <type>gravel_biking</type>
  <trkseg>
   <trkpt lat="49.492630000000005" lon="-119.62059">
    <ele>369.6700000000001</ele>
   </trkpt>
   <trkpt lat="49.492740000000005" lon="-119.62035000000002">
    <ele>368.36</ele>
   </trkpt>
   <trkpt lat="49.492900000000006" lon="-119.62017000000002">
    <ele>366.15000000000003</ele>
   </trkpt>
   <trkpt lat="49.49322" lon="-119.62004">
    <ele>366.15000000000003</ele>
   </trkpt>
   <trkpt lat="49.49394" lon="-119.62">
    <ele>359.41</ele>
   </trkpt>
   <trkpt lat="49.494130000000006" lon="-119.61995">
    <ele>357.16</ele>
   </trkpt>
   <trkpt lat="49.494350000000004" lon="-119.61986">
    <ele>357.16</ele>
   </trkpt>
   <trkpt lat="49.495160000000006" lon="-119.61937">
    <ele>349.99</ele>
   </trkpt>
   <trkpt lat="49.49539000000001" lon="-119.6191">
    <ele>347.45000000000005</ele>
   </trkpt>
   <trkpt lat="49.49553" lon="-119.61889000000001">
    <ele>347.45000000000005</ele>
   </trkpt>
   <trkpt lat="49.49575" lon="-119.61855000000001">
    <ele>346.5</ele>
   </trkpt>
   <trkpt lat="49.49582" lon="-119.61823000000001">
    <ele>346.08000000000004</ele>
   </trkpt>
   <trkpt lat="49.49584" lon="-119.61794">
    <ele>346.03</ele>
   </trkpt>
   <trkpt lat="49.49567000365981" lon="-119.61701499663637">
    <ele>345.49</ele>
   </trkpt>
   <trkpt lat="49.49550000000001" lon="-119.61609000000001">
    <ele>344.37</ele>
   </trkpt>
   <trkpt lat="49.49562" lon="-119.61593">
    <ele>344.89000000000004</ele>
   </trkpt>
   <trkpt lat="49.49570000000001" lon="-119.61600000000001">
    <ele>343.24000000000007</ele>
   </trkpt>
   <trkpt lat="49.49602" lon="-119.61606">
    <ele>342.90000000000003</ele>
   </trkpt>
   <trkpt lat="49.496230000000004" lon="-119.61603000000001">
    <ele>342.72</ele>
   </trkpt>
   <trkpt lat="49.496790000000004" lon="-119.61584">
    <ele>342.73</ele>
   </trkpt>
   <trkpt lat="49.49732" lon="-119.61561">
    <ele>342.94</ele>
   </trkpt>
   <trkpt lat="49.497510000000005" lon="-119.61549000000001">
    <ele>343.13000000000005</ele>
   </trkpt>
   <trkpt lat="49.49768" lon="-119.61534">
    <ele>343.15</ele>
   </trkpt>
   <trkpt lat="49.497820000000004" lon="-119.61516">
    <ele>343.05</ele>
   </trkpt>
   <trkpt lat="49.49799" lon="-119.61485">
    <ele>342.91</ele>
   </trkpt>
   <trkpt lat="49.49813" lon="-119.61451000000001">
    <ele>342.74</ele>
   </trkpt>
   <trkpt lat="49.49844500190824" lon="-119.6138500041834">
    <ele>342.52000000000004</ele>
   </trkpt>
   <trkpt lat="49.498760000000004" lon="-119.61319">
    <ele>342.72</ele>
   </trkpt>
   <trkpt lat="49.49893" lon="-119.61290000000001">
    <ele>342.67</ele>
   </trkpt>
   <trkpt lat="49.499395001889006" lon="-119.61223500634303">
    <ele>342.59</ele>
   </trkpt>
   <trkpt lat="49.499860000000005" lon="-119.61157000000001">
    <ele>343.02000000000004</ele>
   </trkpt>
   <trkpt lat="49.500040000000006" lon="-119.61134000000001">
    <ele>343.15</ele>
   </trkpt>
   <trkpt lat="49.50012" lon="-119.61128000000001">
    <ele>343.28000000000003</ele>
   </trkpt>
   <trkpt lat="49.50045" lon="-119.61120000000001">
    <ele>343.41</ele>
   </trkpt>
   <trkpt lat="49.50058000000001" lon="-119.61122">
    <ele>343.57000000000005</ele>
   </trkpt>
   <trkpt lat="49.501020000000004" lon="-119.61109">
    <ele>343.55</ele>
   </trkpt>
   <trkpt lat="49.50133" lon="-119.61079000000001">
    <ele>343.84000000000003</ele>
   </trkpt>
   <trkpt lat="49.50151" lon="-119.61046">
    <ele>344.5</ele>
   </trkpt>
   <trkpt lat="49.50144" lon="-119.60959000000001">
    <ele>344.72</ele>
   </trkpt>
   <trkpt lat="49.50143001186595" lon="-119.60841666617294">
    <ele>344.93</ele>
   </trkpt>
   <trkpt lat="49.50142001186583" lon="-119.60724333282518">
    <ele>344.83000000000004</ele>
   </trkpt>
   <trkpt lat="49.50141000000001" lon="-119.60607000000002">
    <ele>344.84000000000003</ele>
   </trkpt>
   <trkpt lat="49.50145501459524" lon="-119.60500750293268">
    <ele>344.76</ele>
   </trkpt>
   <trkpt lat="49.50150001946031" lon="-119.6039450039107">
    <ele>344.96000000000004</ele>
   </trkpt>
   <trkpt lat="49.501545014595166" lon="-119.6028825029345">
    <ele>345.08000000000004</ele>
   </trkpt>
   <trkpt lat="49.50159000000001" lon="-119.60182">
    <ele>345.05</ele>
   </trkpt>
   <trkpt lat="49.50173001614379" lon="-119.6007025096047">
    <ele>345.09</ele>
   </trkpt>
   <trkpt lat="49.50187002152406" lon="-119.59958501281439">
    <ele>344.94</ele>
   </trkpt>
   <trkpt lat="49.50201001614074" lon="-119.59846750962949">
    <ele>344.72</ele>
   </trkpt>
   <trkpt lat="49.50215000000001" lon="-119.59735">
    <ele>344.59</ele>
   </trkpt>
   <trkpt lat="49.502286675002814" lon="-119.59636667214552">
    <ele>344.57000000000005</ele>
   </trkpt>
   <trkpt lat="49.50242334167148" lon="-119.59538333879793">
    <ele>344.74000000000007</ele>
   </trkpt>
   <trkpt lat="49.50256" lon="-119.59440000000001">
    <ele>344.90000000000003</ele>
   </trkpt>
   <trkpt lat="49.50271500653598" lon="-119.59317000376865">
    <ele>345.32</ele>
   </trkpt>
   <trkpt lat="49.50287" lon="-119.59194000000001">
    <ele>345.92</ele>
   </trkpt>
   <trkpt lat="49.502840000000006" lon="-119.59184">
    <ele>345.92</ele>
   </trkpt>
   <trkpt lat="49.502720000000004" lon="-119.59166">
    <ele>346.01000000000005</ele>
   </trkpt>
   <trkpt lat="49.50242" lon="-119.59126">
    <ele>346.32</ele>
   </trkpt>
   <trkpt lat="49.502680000000005" lon="-119.59102000000001">
    <ele>346.31</ele>
   </trkpt>
   <trkpt lat="49.50289" lon="-119.59077">
    <ele>346.30000000000007</ele>
   </trkpt>
   <trkpt lat="49.50292" lon="-119.59070000000001">
    <ele>346.28000000000003</ele>
   </trkpt>
   <trkpt lat="49.50294" lon="-119.5905">
    <ele>346.39000000000004</ele>
   </trkpt>
   <trkpt lat="49.50300000000001" lon="-119.59043000000001">
    <ele>346.39000000000004</ele>
   </trkpt>
   <trkpt lat="49.50305" lon="-119.59014">
    <ele>347.32</ele>
   </trkpt>
   <trkpt lat="49.50309000000001" lon="-119.59">
    <ele>347.65000000000003</ele>
   </trkpt>
   <trkpt lat="49.50311000000001" lon="-119.58923000000001">
    <ele>351.7</ele>
   </trkpt>
   <trkpt lat="49.50311002177823" lon="-119.58810599997571">
    <ele>357.92</ele>
   </trkpt>
   <trkpt lat="49.50311003266734" lon="-119.58698199995065">
    <ele>360.15000000000003</ele>
   </trkpt>
   <trkpt lat="49.50311003266734" lon="-119.58585799992534">
    <ele>360.47</ele>
   </trkpt>
   <trkpt lat="49.50311002177823" lon="-119.5847339999003">
    <ele>364.87</ele>
   </trkpt>
   <trkpt lat="49.50311000000001" lon="-119.58361000000001">
    <ele>374.87</ele>
   </trkpt>
   <trkpt lat="49.503130000000006" lon="-119.58266">
    <ele>382.17</ele>
   </trkpt>
   <trkpt lat="49.503170000000004" lon="-119.58217">
    <ele>383.92</ele>
   </trkpt>
   <trkpt lat="49.50323" lon="-119.58182000000001">
    <ele>384.89</ele>
   </trkpt>
   <trkpt lat="49.503280000000004" lon="-119.58185">
    <ele>384.71000000000004</ele>
   </trkpt>
   <trkpt lat="49.50334" lon="-119.58169000000001">
    <ele>383.98</ele>
   </trkpt>
   <trkpt lat="49.50345" lon="-119.58168">
    <ele>383.51</ele>
   </trkpt>
   <trkpt lat="49.50377" lon="-119.58136">
    <ele>383.53000000000003</ele>
   </trkpt>
   <trkpt lat="49.50412000000001" lon="-119.58091">
    <ele>386.88000000000005</ele>
   </trkpt>
   <trkpt lat="49.504360000000005" lon="-119.58065">
    <ele>388.3</ele>
   </trkpt>
   <trkpt lat="49.504870000000004" lon="-119.58028000000002">
    <ele>389.13</ele>
   </trkpt>
   <trkpt lat="49.504960000000004" lon="-119.57995000000001">
    <ele>389.69000000000005</ele>
   </trkpt>
   <trkpt lat="49.50524" lon="-119.57984">
    <ele>390.45</ele>
   </trkpt>
   <trkpt lat="49.505765000166605" lon="-119.57968500164465">
    <ele>391.62</ele>
   </trkpt>
   <trkpt lat="49.50629000000001" lon="-119.57953">
    <ele>392.41</ele>
   </trkpt>
   <trkpt lat="49.506880000512396" lon="-119.57926000316539">
    <ele>394.22</ele>
   </trkpt>
   <trkpt lat="49.507470000000005" lon="-119.57899">
    <ele>395.07000000000005</ele>
   </trkpt>
   <trkpt lat="49.50770000000001" lon="-119.57894">
    <ele>395.07000000000005</ele>
   </trkpt>
   <trkpt lat="49.50788000000001" lon="-119.57895">
    <ele>395.17</ele>
   </trkpt>
   <trkpt lat="49.508300000000006" lon="-119.57908">
    <ele>395.59000000000003</ele>
   </trkpt>
   <trkpt lat="49.50882500021145" lon="-119.57934999704958">
    <ele>395.53000000000003</ele>
   </trkpt>
   <trkpt lat="49.509350000000005" lon="-119.57962">
    <ele>395.93000000000006</ele>
   </trkpt>
   <trkpt lat="49.50986" lon="-119.57970000000002">
    <ele>396.49</ele>
   </trkpt>
   <trkpt lat="49.510160000000006" lon="-119.57965000000002">
    <ele>396.66</ele>
   </trkpt>
   <trkpt lat="49.51066" lon="-119.57961000000002">
    <ele>397.42</ele>
   </trkpt>
   <trkpt lat="49.511140000000005" lon="-119.57963000000001">
    <ele>397.82</ele>
   </trkpt>
   <trkpt lat="49.51145" lon="-119.57975">
    <ele>398.25000000000006</ele>
   </trkpt>
   <trkpt lat="49.51176" lon="-119.57988">
    <ele>398.44</ele>
   </trkpt>
   <trkpt lat="49.512060000000005" lon="-119.57993">
    <ele>398.72</ele>
   </trkpt>
   <trkpt lat="49.51271499996784" lon="-119.57984000121441">
    <ele>399.04</ele>
   </trkpt>
   <trkpt lat="49.51337" lon="-119.57975">
    <ele>399.49</ele>
   </trkpt>
   <trkpt lat="49.51406" lon="-119.57958">
    <ele>399.83</ele>
   </trkpt>
   <trkpt lat="49.51452500043038" lon="-119.57939500164629">
    <ele>399.91</ele>
   </trkpt>
   <trkpt lat="49.514990000000004" lon="-119.57921">
    <ele>400.67</ele>
   </trkpt>
   <trkpt lat="49.51557666780165" lon="-119.57885000862555">
    <ele>400.57000000000005</ele>
   </trkpt>
   <trkpt lat="49.51616333448636" lon="-119.5784900086146">
    <ele>401.08000000000004</ele>
   </trkpt>
   <trkpt lat="49.51675" lon="-119.57813000000002">
    <ele>401.64000000000004</ele>
   </trkpt>
   <trkpt lat="49.517526003553215" lon="-119.57767602881546">
    <ele>402.20000000000005</ele>
   </trkpt>
   <trkpt lat="49.51830200533022" lon="-119.57722204322384">
    <ele>402.91</ele>
   </trkpt>
   <trkpt lat="49.51907800533092" lon="-119.5767680432243">
    <ele>403.24</ele>
   </trkpt>
   <trkpt lat="49.51985400355517" lon="-119.57631402881609">
    <ele>403.40000000000003</ele>
   </trkpt>
   <trkpt lat="49.520630000000004" lon="-119.57586">
    <ele>404.26</ele>
   </trkpt>
   <trkpt lat="49.52091" lon="-119.57546">
    <ele>405.04</ele>
   </trkpt>
   <trkpt lat="49.52140500041834" lon="-119.57512000349666">
    <ele>405.52000000000004</ele>
   </trkpt>
   <trkpt lat="49.5219" lon="-119.57478">
    <ele>403.28000000000003</ele>
   </trkpt>
   <trkpt lat="49.52226" lon="-119.57425">
    <ele>401.06</ele>
   </trkpt>
   <trkpt lat="49.52259" lon="-119.57367">
    <ele>400.86</ele>
   </trkpt>
   <trkpt lat="49.522940000000006" lon="-119.57268">
    <ele>407.48</ele>
   </trkpt>
   <trkpt lat="49.523050000000005" lon="-119.57224000000001">
    <ele>407.64000000000004</ele>
   </trkpt>
   <trkpt lat="49.523230000000005" lon="-119.57102">
    <ele>407.63000000000005</ele>
   </trkpt>
   <trkpt lat="49.52322" lon="-119.57084">
    <ele>408.41</ele>
   </trkpt>
   <trkpt lat="49.523120000000006" lon="-119.57048">
    <ele>408.91</ele>
   </trkpt>
   <trkpt lat="49.522780000000004" lon="-119.5695">
    <ele>408.55</ele>
   </trkpt>
   <trkpt lat="49.52264" lon="-119.56896">
    <ele>409.14000000000004</ele>
   </trkpt>
   <trkpt lat="49.52257" lon="-119.5686">
    <ele>409.14000000000004</ele>
   </trkpt>
   <trkpt lat="49.52253" lon="-119.56830000000001">
    <ele>410.0</ele>
   </trkpt>
   <trkpt lat="49.52252000000001" lon="-119.56704">
    <ele>411.02000000000004</ele>
   </trkpt>
   <trkpt lat="49.52252000000001" lon="-119.56699">
    <ele>411.02000000000004</ele>
   </trkpt>
   <trkpt lat="49.52293" lon="-119.56597000000001">
    <ele>411.14000000000004</ele>
   </trkpt>
   <trkpt lat="49.523030000000006" lon="-119.56574">
    <ele>411.15000000000003</ele>
   </trkpt>
   <trkpt lat="49.523250000000004" lon="-119.56538">
    <ele>411.29</ele>
   </trkpt>
   <trkpt lat="49.523450000000004" lon="-119.56515">
    <ele>411.30000000000007</ele>
   </trkpt>
   <trkpt lat="49.523860000000006" lon="-119.56484">
    <ele>411.75000000000006</ele>
   </trkpt>
   <trkpt lat="49.524" lon="-119.56476">
    <ele>411.67</ele>
   </trkpt>
   <trkpt lat="49.524820000000005" lon="-119.56449">
    <ele>413.06</ele>
   </trkpt>
   <trkpt lat="49.52546" lon="-119.5643">
    <ele>414.07000000000005</ele>
   </trkpt>
   <trkpt lat="49.5259900001208" lon="-119.56410500212974">
    <ele>414.95000000000005</ele>
   </trkpt>
   <trkpt lat="49.526520000000005" lon="-119.56391">
    <ele>416.04</ele>
   </trkpt>
   <trkpt lat="49.526880000000006" lon="-119.56372">
    <ele>417.03000000000003</ele>
   </trkpt>
   <trkpt lat="49.52707" lon="-119.56359">
    <ele>417.37</ele>
   </trkpt>
   <trkpt lat="49.527420000000006" lon="-119.56329000000001">
    <ele>418.90000000000003</ele>
   </trkpt>
   <trkpt lat="49.52808000199647" lon="-119.56261500907897">
    <ele>421.53000000000003</ele>
   </trkpt>
   <trkpt lat="49.528740000000006" lon="-119.56194">
    <ele>422.15000000000003</ele>
   </trkpt>
   <trkpt lat="49.52902" lon="-119.5618">
    <ele>422.72</ele>
   </trkpt>
   <trkpt lat="49.52947" lon="-119.56171">
    <ele>423.28000000000003</ele>
   </trkpt>
   <trkpt lat="49.529720000000005" lon="-119.56175">
    <ele>424.02</ele>
   </trkpt>
   <trkpt lat="49.53056500015627" lon="-119.56194499662742">
    <ele>426.09000000000003</ele>
   </trkpt>
   <trkpt lat="49.53141" lon="-119.56214000000001">
    <ele>428.52</ele>
   </trkpt>
   <trkpt lat="49.53211" lon="-119.56233">
    <ele>429.87</ele>
   </trkpt>
   <trkpt lat="49.53228000000001" lon="-119.56235000000001">
    <ele>429.87</ele>
   </trkpt>
   <trkpt lat="49.53257000000001" lon="-119.56235000000001">
    <ele>430.90000000000003</ele>
   </trkpt>
   <trkpt lat="49.53287" lon="-119.56232000000001">
    <ele>431.32000000000005</ele>
   </trkpt>
   <trkpt lat="49.53325" lon="-119.56225">
    <ele>432.62000000000006</ele>
   </trkpt>
   <trkpt lat="49.53336" lon="-119.56217000000001">
    <ele>432.62000000000006</ele>
   </trkpt>
   <trkpt lat="49.533370000000005" lon="-119.56207">
    <ele>432.71000000000004</ele>
   </trkpt>
   <trkpt lat="49.53340000000001" lon="-119.56199000000001">
    <ele>432.71000000000004</ele>
   </trkpt>
   <trkpt lat="49.533640000000005" lon="-119.56202">
    <ele>432.92</ele>
   </trkpt>
   <trkpt lat="49.533750000000005" lon="-119.56206000000002">
    <ele>433.02</ele>
   </trkpt>
   <trkpt lat="49.534090000000006" lon="-119.56190000000001">
    <ele>433.94000000000005</ele>
   </trkpt>
   <trkpt lat="49.53439" lon="-119.5618">
    <ele>434.45000000000005</ele>
   </trkpt>
   <trkpt lat="49.534760000000006" lon="-119.56172000000001">
    <ele>434.77000000000004</ele>
   </trkpt>
   <trkpt lat="49.53497" lon="-119.56172000000001">
    <ele>436.01</ele>
   </trkpt>
   <trkpt lat="49.53519000000001" lon="-119.56175">
    <ele>436.01</ele>
   </trkpt>
   <trkpt lat="49.535430000000005" lon="-119.56181000000001">
    <ele>436.51</ele>
   </trkpt>
   <trkpt lat="49.536165000380805" lon="-119.56205499635615">
    <ele>438.48</ele>
   </trkpt>
   <trkpt lat="49.5369" lon="-119.56230000000001">
    <ele>440.3</ele>
   </trkpt>
   <trkpt lat="49.53737" lon="-119.56247">
    <ele>441.61000000000007</ele>
   </trkpt>
   <trkpt lat="49.53784" lon="-119.56257000000001">
    <ele>442.85</ele>
   </trkpt>
   <trkpt lat="49.53815" lon="-119.5626">
    <ele>443.43000000000006</ele>
   </trkpt>
   <trkpt lat="49.538380000000004" lon="-119.5626">
    <ele>443.43000000000006</ele>
   </trkpt>
   <trkpt lat="49.5388500002067" lon="-119.56257500022957">
    <ele>444.93000000000006</ele>
   </trkpt>
   <trkpt lat="49.539320000000004" lon="-119.56255000000002">
    <ele>445.99000000000007</ele>
   </trkpt>
   <trkpt lat="49.54019" lon="-119.56241000000001">
    <ele>448.49000000000007</ele>
   </trkpt>
   <trkpt lat="49.54074000000001" lon="-119.56257000000001">
    <ele>448.56</ele>
   </trkpt>
   <trkpt lat="49.54101000000001" lon="-119.56275000000001">
    <ele>449.6</ele>
   </trkpt>
   <trkpt lat="49.54122" lon="-119.56296">
    <ele>450.68</ele>
   </trkpt>
   <trkpt lat="49.541450000000005" lon="-119.56327">
    <ele>450.68</ele>
   </trkpt>
   <trkpt lat="49.54189000165412" lon="-119.56390499416186">
    <ele>452.79</ele>
   </trkpt>
   <trkpt lat="49.54233000000001" lon="-119.56454000000001">
    <ele>453.64000000000004</ele>
   </trkpt>
   <trkpt lat="49.54280000000001" lon="-119.56507">
    <ele>455.38000000000005</ele>
   </trkpt>
   <trkpt lat="49.54334" lon="-119.56543">
    <ele>456.02000000000004</ele>
   </trkpt>
   <trkpt lat="49.54377" lon="-119.56565">
    <ele>457.44</ele>
   </trkpt>
   <trkpt lat="49.544560000000004" lon="-119.56593000000001">
    <ele>459.46000000000004</ele>
   </trkpt>
   <trkpt lat="49.54502" lon="-119.56605">
    <ele>460.43000000000006</ele>
   </trkpt>
   <trkpt lat="49.545390000000005" lon="-119.5661">
    <ele>461.27</ele>
   </trkpt>
   <trkpt lat="49.545840000000005" lon="-119.56606000000001">
    <ele>462.45000000000005</ele>
   </trkpt>
   <trkpt lat="49.54666" lon="-119.56597000000001">
    <ele>464.27</ele>
   </trkpt>
   <trkpt lat="49.54713" lon="-119.56596">
    <ele>465.64000000000004</ele>
   </trkpt>
   <trkpt lat="49.547270000000005" lon="-119.56590000000001">
    <ele>465.94</ele>
   </trkpt>
   <trkpt lat="49.54746" lon="-119.56588">
    <ele>466.20000000000005</ele>
   </trkpt>
   <trkpt lat="49.548210000000005" lon="-119.56601">
    <ele>467.69000000000005</ele>
   </trkpt>
   <trkpt lat="49.54908666760254" lon="-119.56621831463953">
    <ele>470.4800000000001</ele>
   </trkpt>
   <trkpt lat="49.549963334831155" lon="-119.56642663675599">
    <ele>472.65</ele>
   </trkpt>
   <trkpt lat="49.5508400016858" lon="-119.56663496634992">
    <ele>474.66</ele>
   </trkpt>
   <trkpt lat="49.55171666816644" lon="-119.5668433034218">
    <ele>476.41</ele>
   </trkpt>
   <trkpt lat="49.55259333427307" lon="-119.56705164797211">
    <ele>479.33000000000004</ele>
   </trkpt>
   <trkpt lat="49.553470000000004" lon="-119.56726">
    <ele>480.59000000000003</ele>
   </trkpt>
   <trkpt lat="49.55424000000001" lon="-119.56726">
    <ele>483.03000000000003</ele>
   </trkpt>
   <trkpt lat="49.554774999980594" lon="-119.567170000995">
    <ele>483.90000000000003</ele>
   </trkpt>
   <trkpt lat="49.555310000000006" lon="-119.56708">
    <ele>485.6</ele>
   </trkpt>
   <trkpt lat="49.555710000000005" lon="-119.56708">
    <ele>486.18000000000006</ele>
   </trkpt>
   <trkpt lat="49.555910000000004" lon="-119.56712">
    <ele>486.18000000000006</ele>
   </trkpt>
   <trkpt lat="49.556400000000004" lon="-119.56735">
    <ele>487.2</ele>
   </trkpt>
   <trkpt lat="49.55669" lon="-119.56752000000002">
    <ele>488.4100000000001</ele>
   </trkpt>
   <trkpt lat="49.55741500243122" lon="-119.56826498898118">
    <ele>490.89000000000004</ele>
   </trkpt>
   <trkpt lat="49.55814" lon="-119.56901">
    <ele>492.74000000000007</ele>
   </trkpt>
   <trkpt lat="49.558350000000004" lon="-119.56919">
    <ele>492.74000000000007</ele>
   </trkpt>
   <trkpt lat="49.55866" lon="-119.56937">
    <ele>493.6</ele>
   </trkpt>
   <trkpt lat="49.558910000000004" lon="-119.56945">
    <ele>494.8</ele>
   </trkpt>
   <trkpt lat="49.55915" lon="-119.56945">
    <ele>494.8</ele>
   </trkpt>
   <trkpt lat="49.559400000000004" lon="-119.56936">
    <ele>495.06000000000006</ele>
   </trkpt>
   <trkpt lat="49.56015000000001" lon="-119.56905">
    <ele>496.81</ele>
   </trkpt>
   <trkpt lat="49.560550000000006" lon="-119.56892">
    <ele>497.81</ele>
   </trkpt>
   <trkpt lat="49.56080000000001" lon="-119.56888000000001">
    <ele>497.81</ele>
   </trkpt>
   <trkpt lat="49.56112" lon="-119.56892">
    <ele>499.6700000000001</ele>
   </trkpt>
   <trkpt lat="49.561350000000004" lon="-119.56897000000001">
    <ele>499.6700000000001</ele>
   </trkpt>
   <trkpt lat="49.56216222820047" lon="-119.5693866112145">
    <ele>501.36</ele>
   </trkpt>
   <trkpt lat="49.56297445490541" lon="-119.56980323628949">
    <ele>503.5200000000001</ele>
   </trkpt>
   <trkpt lat="49.563786680114745" lon="-119.57021987522582">
    <ele>505.46000000000004</ele>
   </trkpt>
   <trkpt lat="49.56459890382836" lon="-119.57063652802428">
    <ele>507.51</ele>
   </trkpt>
   <trkpt lat="49.56541112604618" lon="-119.57105319468575">
    <ele>509.69000000000005</ele>
   </trkpt>
   <trkpt lat="49.56622334676809" lon="-119.57146987521105">
    <ele>511.65000000000003</ele>
   </trkpt>
   <trkpt lat="49.56703556599402" lon="-119.571886569601">
    <ele>514.17</ele>
   </trkpt>
   <trkpt lat="49.567847783723884" lon="-119.57230327785646">
    <ele>516.5500000000001</ele>
   </trkpt>
   <trkpt lat="49.56866" lon="-119.57272">
    <ele>518.05</ele>
   </trkpt>
   <trkpt lat="49.569165000258394" lon="-119.57298499723544">
    <ele>519.29</ele>
   </trkpt>
   <trkpt lat="49.56967" lon="-119.57325000000002">
    <ele>520.17</ele>
   </trkpt>
   <trkpt lat="49.57049000000001" lon="-119.57370000000002">
    <ele>522.76</ele>
   </trkpt>
   <trkpt lat="49.571270000000005" lon="-119.57402">
    <ele>525.1800000000001</ele>
   </trkpt>
   <trkpt lat="49.57155" lon="-119.57411">
    <ele>525.1800000000001</ele>
   </trkpt>
   <trkpt lat="49.57184" lon="-119.57415">
    <ele>526.0600000000001</ele>
   </trkpt>
   <trkpt lat="49.57227" lon="-119.57412000000001">
    <ele>527.0600000000001</ele>
   </trkpt>
   <trkpt lat="49.57301250036551" lon="-119.57395250764363">
    <ele>529.07</ele>
   </trkpt>
   <trkpt lat="49.573755000489285" lon="-119.57378501019123">
    <ele>530.52</ele>
   </trkpt>
   <trkpt lat="49.57449750037136" lon="-119.57361750764261">
    <ele>532.35</ele>
   </trkpt>
   <trkpt lat="49.57524" lon="-119.57345000000001">
    <ele>534.34</ele>
   </trkpt>
   <trkpt lat="49.575880000000005" lon="-119.57335">
    <ele>535.34</ele>
   </trkpt>
   <trkpt lat="49.576460000000004" lon="-119.5734">
    <ele>537.47</ele>
   </trkpt>
   <trkpt lat="49.57712999995339" lon="-119.5735299981921">
    <ele>538.37</ele>
   </trkpt>
   <trkpt lat="49.5778" lon="-119.57366">
    <ele>539.9300000000001</ele>
   </trkpt>
   <trkpt lat="49.57825499991226" lon="-119.57372999933062">
    <ele>541.3100000000001</ele>
   </trkpt>
   <trkpt lat="49.57871" lon="-119.5738">
    <ele>543.0200000000001</ele>
   </trkpt>
   <trkpt lat="49.57929000000001" lon="-119.57372000000001">
    <ele>543.98</ele>
   </trkpt>
   <trkpt lat="49.57977" lon="-119.57358">
    <ele>544.8900000000001</ele>
   </trkpt>
   <trkpt lat="49.58048" lon="-119.57322">
    <ele>546.64</ele>
   </trkpt>
   <trkpt lat="49.58119000307226" lon="-119.57279802455955">
    <ele>548.71</ele>
   </trkpt>
   <trkpt lat="49.58190000461042" lon="-119.57237603683879">
    <ele>550.8700000000001</ele>
   </trkpt>
   <trkpt lat="49.58261000461435" lon="-119.57195403683714">
    <ele>552.21</ele>
   </trkpt>
   <trkpt lat="49.583320003084026" lon="-119.57153202455392">
    <ele>554.27</ele>
   </trkpt>
   <trkpt lat="49.584030000000006" lon="-119.57111">
    <ele>555.3299999999999</ele>
   </trkpt>
   <trkpt lat="49.5844" lon="-119.57085000000001">
    <ele>556.9200000000001</ele>
   </trkpt>
   <trkpt lat="49.585100000000004" lon="-119.57020000000001">
    <ele>558.88</ele>
   </trkpt>
   <trkpt lat="49.58522000000001" lon="-119.57031">
    <ele>559.24</ele>
   </trkpt>
   <trkpt lat="49.58594" lon="-119.56991000000001">
    <ele>561.3100000000001</ele>
   </trkpt>
   <trkpt lat="49.58637500047765" lon="-119.56959000282637">
    <ele>562.1</ele>
   </trkpt>
   <trkpt lat="49.58681000000001" lon="-119.56927">
    <ele>563.09</ele>
   </trkpt>
   <trkpt lat="49.58728500082762" lon="-119.5688500040295">
    <ele>564.0200000000001</ele>
   </trkpt>
   <trkpt lat="49.58776" lon="-119.56843">
    <ele>565.3600000000001</ele>
   </trkpt>
   <trkpt lat="49.58832" lon="-119.56806000000002">
    <ele>567.08</ele>
   </trkpt>
   <trkpt lat="49.58856" lon="-119.56793">
    <ele>567.4200000000001</ele>
   </trkpt>
   <trkpt lat="49.58887000000001" lon="-119.56781000000001">
    <ele>568.21</ele>
   </trkpt>
   <trkpt lat="49.589130000000004" lon="-119.56779000000002">
    <ele>568.77</ele>
   </trkpt>
   <trkpt lat="49.589580000000005" lon="-119.56778000000001">
    <ele>570.45</ele>
   </trkpt>
   <trkpt lat="49.590199999899006" lon="-119.56779499980686">
    <ele>571.8700000000001</ele>
   </trkpt>
   <trkpt lat="49.59082" lon="-119.56781000000001">
    <ele>573.4</ele>
   </trkpt>
   <trkpt lat="49.591280000000005" lon="-119.56775">
    <ele>573.88</ele>
   </trkpt>
   <trkpt lat="49.59152" lon="-119.56767">
    <ele>574.83</ele>
   </trkpt>
   <trkpt lat="49.591840000000005" lon="-119.56753">
    <ele>575.79</ele>
   </trkpt>
   <trkpt lat="49.59241" lon="-119.56704">
    <ele>576.73</ele>
   </trkpt>
   <trkpt lat="49.592670000000005" lon="-119.56676000000002">
    <ele>578.7800000000001</ele>
   </trkpt>
   <trkpt lat="49.593080001327344" lon="-119.56622500437398">
    <ele>581.21</ele>
   </trkpt>
   <trkpt lat="49.59349" lon="-119.56569">
    <ele>581.57</ele>
   </trkpt>
   <trkpt lat="49.59367" lon="-119.56550000000001">
    <ele>580.9300000000001</ele>
   </trkpt>
   <trkpt lat="49.59398" lon="-119.56543">
    <ele>580.16</ele>
   </trkpt>
   <trkpt lat="49.594170000000005" lon="-119.56542">
    <ele>579.9200000000001</ele>
   </trkpt>
   <trkpt lat="49.59441" lon="-119.56547">
    <ele>579.85</ele>
   </trkpt>
   <trkpt lat="49.59463" lon="-119.56556">
    <ele>579.8100000000001</ele>
   </trkpt>
   <trkpt lat="49.59485" lon="-119.56573000000002">
    <ele>579.6600000000001</ele>
   </trkpt>
   <trkpt lat="49.595000000000006" lon="-119.56592">
    <ele>580.59</ele>
   </trkpt>
   <trkpt lat="49.59521" lon="-119.56628">
    <ele>583.4100000000001</ele>
   </trkpt>
   <trkpt lat="49.59559667409873" lon="-119.56720998520831">
    <ele>586.19</ele>
   </trkpt>
   <trkpt lat="49.5959833407468" lon="-119.56813998516336">
    <ele>587.87</ele>
   </trkpt>
   <trkpt lat="49.59637000000001" lon="-119.56907000000001">
    <ele>589.16</ele>
   </trkpt>
   <trkpt lat="49.59646000000001" lon="-119.56932">
    <ele>589.83</ele>
   </trkpt>
   <trkpt lat="49.596650000000004" lon="-119.56968">
    <ele>589.83</ele>
   </trkpt>
   <trkpt lat="49.596880000000006" lon="-119.57003">
    <ele>590.77</ele>
   </trkpt>
   <trkpt lat="49.59727" lon="-119.57035">
    <ele>591.53</ele>
   </trkpt>
   <trkpt lat="49.597976667715656" lon="-119.5706966566263">
    <ele>593.21</ele>
   </trkpt>
   <trkpt lat="49.59868333439609" lon="-119.57104332329953">
    <ele>595.3900000000001</ele>
   </trkpt>
   <trkpt lat="49.59939000000001" lon="-119.57139000000001">
    <ele>596.5</ele>
   </trkpt>
   <trkpt lat="49.59978" lon="-119.57169">
    <ele>597.82</ele>
   </trkpt>
   <trkpt lat="49.60005" lon="-119.57215000000001">
    <ele>598.72</ele>
   </trkpt>
   <trkpt lat="49.600170000000006" lon="-119.57245">
    <ele>599.1</ele>
   </trkpt>
   <trkpt lat="49.600280000000005" lon="-119.57281">
    <ele>599.71</ele>
   </trkpt>
   <trkpt lat="49.60031000000001" lon="-119.57317">
    <ele>600.59</ele>
   </trkpt>
   <trkpt lat="49.60033000000001" lon="-119.57428000000002">
    <ele>601.63</ele>
   </trkpt>
   <trkpt lat="49.60040000000001" lon="-119.57474">
    <ele>602.16</ele>
   </trkpt>
   <trkpt lat="49.600460000000005" lon="-119.57496">
    <ele>602.34</ele>
   </trkpt>
   <trkpt lat="49.60061" lon="-119.57532">
    <ele>602.94</ele>
   </trkpt>
   <trkpt lat="49.60078000000001" lon="-119.57559">
    <ele>603.53</ele>
   </trkpt>
   <trkpt lat="49.600930000000005" lon="-119.57577">
    <ele>603.53</ele>
   </trkpt>
   <trkpt lat="49.601130000000005" lon="-119.57591000000001">
    <ele>604.58</ele>
   </trkpt>
   <trkpt lat="49.601780000000005" lon="-119.57613">
    <ele>606.2700000000001</ele>
   </trkpt>
   <trkpt lat="49.602626000650986" lon="-119.57632598639414">
    <ele>607.98</ele>
   </trkpt>
   <trkpt lat="49.603472000971074" lon="-119.57652197958951">
    <ele>610.2700000000001</ele>
   </trkpt>
   <trkpt lat="49.60431800096024" lon="-119.57671797958656">
    <ele>612.4000000000001</ele>
   </trkpt>
   <trkpt lat="49.605164000618494" lon="-119.57691398638573">
    <ele>614.3900000000001</ele>
   </trkpt>
   <trkpt lat="49.606010000000005" lon="-119.57711">
    <ele>616.85</ele>
   </trkpt>
   <trkpt lat="49.60652" lon="-119.57729">
    <ele>617.1800000000001</ele>
   </trkpt>
   <trkpt lat="49.60699" lon="-119.57748000000001">
    <ele>618.9100000000001</ele>
   </trkpt>
   <trkpt lat="49.60762500059072" lon="-119.57782999547577">
    <ele>620.1600000000001</ele>
   </trkpt>
   <trkpt lat="49.60826" lon="-119.57818">
    <ele>621.5200000000001</ele>
   </trkpt>
   <trkpt lat="49.60858" lon="-119.57827">
    <ele>622.94</ele>
   </trkpt>
   <trkpt lat="49.60902" lon="-119.57832">
    <ele>624.26</ele>
   </trkpt>
   <trkpt lat="49.60952000000122" lon="-119.57829500025652">
    <ele>625.33</ele>
   </trkpt>
   <trkpt lat="49.610020000000006" lon="-119.57827">
    <ele>626.0</ele>
   </trkpt>
   <trkpt lat="49.61068" lon="-119.57818">
    <ele>628.1800000000001</ele>
   </trkpt>
   <trkpt lat="49.611200000000004" lon="-119.57814">
    <ele>629.29</ele>
   </trkpt>
   <trkpt lat="49.612010000116136" lon="-119.57827999767892">
    <ele>630.95</ele>
   </trkpt>
   <trkpt lat="49.612820000000006" lon="-119.57842000000001">
    <ele>632.75</ele>
   </trkpt>
   <trkpt lat="49.61358000017808" lon="-119.57857499759827">
    <ele>634.82</ele>
   </trkpt>
   <trkpt lat="49.614340000000006" lon="-119.57873000000001">
    <ele>636.66</ele>
   </trkpt>
   <trkpt lat="49.61515000000001" lon="-119.57894">
    <ele>638.3100000000001</ele>
   </trkpt>
   <trkpt lat="49.615750000000006" lon="-119.57926">
    <ele>640.14</ele>
   </trkpt>
   <trkpt lat="49.616265000988065" lon="-119.57973499499552">
    <ele>641.26</ele>
   </trkpt>
   <trkpt lat="49.616780000000006" lon="-119.58021000000001">
    <ele>642.8600000000001</ele>
   </trkpt>
   <trkpt lat="49.61720000069578" lon="-119.58063499625409">
    <ele>643.75</ele>
   </trkpt>
   <trkpt lat="49.61762" lon="-119.58106000000001">
    <ele>644.51</ele>
   </trkpt>
   <trkpt lat="49.61782" lon="-119.58151000000001">
    <ele>645.21</ele>
   </trkpt>
   <trkpt lat="49.618190000000006" lon="-119.58248">
    <ele>647.19</ele>
   </trkpt>
   <trkpt lat="49.618410000000004" lon="-119.58297">
    <ele>648.02</ele>
   </trkpt>
   <trkpt lat="49.61887" lon="-119.58351">
    <ele>648.96</ele>
   </trkpt>
   <trkpt lat="49.61941500076501" lon="-119.58391499551391">
    <ele>650.0100000000001</ele>
   </trkpt>
   <trkpt lat="49.619960000000006" lon="-119.58432">
    <ele>651.73</ele>
   </trkpt>
   <trkpt lat="49.620160000000006" lon="-119.58467">
    <ele>652.39</ele>
   </trkpt>
   <trkpt lat="49.620340000000006" lon="-119.58504">
    <ele>652.99</ele>
   </trkpt>
   <trkpt lat="49.62073751612651" lon="-119.58615747262847">
    <ele>654.66</ele>
   </trkpt>
   <trkpt lat="49.62113502149692" lon="-119.58727496348968">
    <ele>656.75</ele>
   </trkpt>
   <trkpt lat="49.62153251611093" lon="-119.58839247258365">
    <ele>659.6200000000001</ele>
   </trkpt>
   <trkpt lat="49.621930000000006" lon="-119.58951">
    <ele>661.02</ele>
   </trkpt>
   <trkpt lat="49.62209000000001" lon="-119.58982">
    <ele>661.32</ele>
   </trkpt>
   <trkpt lat="49.62247000000001" lon="-119.59032">
    <ele>662.1800000000001</ele>
   </trkpt>
   <trkpt lat="49.62292" lon="-119.59072">
    <ele>663.86</ele>
   </trkpt>
   <trkpt lat="49.62353000096375" lon="-119.59117499435725">
    <ele>665.2300000000001</ele>
   </trkpt>
   <trkpt lat="49.624140000000004" lon="-119.59163000000001">
    <ele>666.9900000000001</ele>
   </trkpt>
   <trkpt lat="49.62447" lon="-119.59215">
    <ele>667.71</ele>
   </trkpt>
   <trkpt lat="49.62489500983105" lon="-119.59302247715797">
    <ele>669.32</ele>
   </trkpt>
   <trkpt lat="49.62532001310549" lon="-119.5938949695382">
    <ele>671.1600000000001</ele>
   </trkpt>
   <trkpt lat="49.625745009823106" lon="-119.59476747714096">
    <ele>673.5500000000001</ele>
   </trkpt>
   <trkpt lat="49.62617" lon="-119.59564">
    <ele>675.25</ele>
   </trkpt>
   <trkpt lat="49.62642" lon="-119.59636">
    <ele>676.36</ele>
   </trkpt>
   <trkpt lat="49.62653" lon="-119.59677">
    <ele>676.98</ele>
   </trkpt>
   <trkpt lat="49.62667500369946" lon="-119.59768999760692">
    <ele>678.15</ele>
   </trkpt>
   <trkpt lat="49.62682" lon="-119.59861000000001">
    <ele>679.64</ele>
   </trkpt>
   <trkpt lat="49.626900000000006" lon="-119.59887">
    <ele>680.15</ele>
   </trkpt>
   <trkpt lat="49.627120000000005" lon="-119.59934000000001">
    <ele>680.98</ele>
   </trkpt>
   <trkpt lat="49.62729" lon="-119.59954">
    <ele>681.07</ele>
   </trkpt>
   <trkpt lat="49.62778" lon="-119.59985">
    <ele>682.0600000000001</ele>
   </trkpt>
   <trkpt lat="49.62809000000001" lon="-119.59994">
    <ele>682.8900000000001</ele>
   </trkpt>
   <trkpt lat="49.62834" lon="-119.59999">
    <ele>683.8000000000001</ele>
   </trkpt>
   <trkpt lat="49.628620000000005" lon="-119.5999">
    <ele>684.67</ele>
   </trkpt>
   <trkpt lat="49.629310000000004" lon="-119.59966000000001">
    <ele>685.74</ele>
   </trkpt>
   <trkpt lat="49.62961000000001" lon="-119.59958">
    <ele>687.22</ele>
   </trkpt>
   <trkpt lat="49.629830000000005" lon="-119.59958">
    <ele>687.22</ele>
   </trkpt>
   <trkpt lat="49.63022" lon="-119.59959">
    <ele>688.5400000000001</ele>
   </trkpt>
   <trkpt lat="49.63085000023526" lon="-119.59969999860927">
    <ele>690.62</ele>
   </trkpt>
   <trkpt lat="49.63148" lon="-119.59981">
    <ele>691.73</ele>
   </trkpt>
   <trkpt lat="49.632360000000006" lon="-119.5999">
    <ele>693.58</ele>
   </trkpt>
   <trkpt lat="49.63275" lon="-119.59985">
    <ele>694.9399999999999</ele>
   </trkpt>
   <trkpt lat="49.63354500030655" lon="-119.59963000356387">
    <ele>696.84</ele>
   </trkpt>
   <trkpt lat="49.63434" lon="-119.59941">
    <ele>698.8000000000001</ele>
   </trkpt>
   <trkpt lat="49.635130000000004" lon="-119.59923">
    <ele>700.77</ele>
   </trkpt>
   <trkpt lat="49.635490000000004" lon="-119.59918">
    <ele>701.64</ele>
   </trkpt>
   <trkpt lat="49.63582" lon="-119.59918">
    <ele>702.33</ele>
   </trkpt>
   <trkpt lat="49.636160000000004" lon="-119.59932">
    <ele>702.74</ele>
   </trkpt>
   <trkpt lat="49.63665" lon="-119.59954">
    <ele>704.23</ele>
   </trkpt>
   <trkpt lat="49.63731000415589" lon="-119.60002997345116">
    <ele>705.8000000000001</ele>
   </trkpt>
   <trkpt lat="49.6379700062441" lon="-119.60051996018363">
    <ele>707.64</ele>
   </trkpt>
   <trkpt lat="49.638630006264485" lon="-119.60100996019807">
    <ele>709.4200000000001</ele>
   </trkpt>
   <trkpt lat="49.639290004216946" lon="-119.60149997349508">
    <ele>711.34</ele>
   </trkpt>
   <trkpt lat="49.639950000000006" lon="-119.60199000000001">
    <ele>713.23</ele>
   </trkpt>
   <trkpt lat="49.640350000000005" lon="-119.60222000000002">
    <ele>714.2900000000001</ele>
   </trkpt>
   <trkpt lat="49.64081" lon="-119.60231">
    <ele>714.7500000000001</ele>
   </trkpt>
   <trkpt lat="49.64128" lon="-119.60219000000001">
    <ele>716.1400000000001</ele>
   </trkpt>
   <trkpt lat="49.64162" lon="-119.60196">
    <ele>717.1</ele>
   </trkpt>
   <trkpt lat="49.641920000000006" lon="-119.60164">
    <ele>718.1400000000001</ele>
   </trkpt>
   <trkpt lat="49.64213" lon="-119.60133">
    <ele>718.62</ele>
   </trkpt>
   <trkpt lat="49.64249" lon="-119.60075">
    <ele>719.99</ele>
   </trkpt>
   <trkpt lat="49.64275000000001" lon="-119.60039">
    <ele>720.32</ele>
   </trkpt>
   <trkpt lat="49.64302000000001" lon="-119.60012">
    <ele>721.1400000000001</ele>
   </trkpt>
   <trkpt lat="49.64327" lon="-119.60000000000001">
    <ele>722.09</ele>
   </trkpt>
   <trkpt lat="49.643530000000005" lon="-119.59994">
    <ele>722.45</ele>
   </trkpt>
   <trkpt lat="49.64379" lon="-119.59998000000002">
    <ele>723.09</ele>
   </trkpt>
   <trkpt lat="49.64412" lon="-119.60008">
    <ele>723.7300000000001</ele>
   </trkpt>
   <trkpt lat="49.644810000810516" lon="-119.60052499366599">
    <ele>725.43</ele>
   </trkpt>
   <trkpt lat="49.645500000000006" lon="-119.60097">
    <ele>726.82</ele>
   </trkpt>
   <trkpt lat="49.645950000000006" lon="-119.60111">
    <ele>728.53</ele>
   </trkpt>
   <trkpt lat="49.64661" lon="-119.60125000000001">
    <ele>730.16</ele>
   </trkpt>
   <trkpt lat="49.64712" lon="-119.60142">
    <ele>731.45</ele>
   </trkpt>
   <trkpt lat="49.64764" lon="-119.60173">
    <ele>732.2700000000001</ele>
   </trkpt>
   <trkpt lat="49.64831666900716" lon="-119.60225331877007">
    <ele>734.44</ele>
   </trkpt>
   <trkpt lat="49.64899333565573" lon="-119.60277665208912">
    <ele>735.92</ele>
   </trkpt>
   <trkpt lat="49.64967000000001" lon="-119.6033">
    <ele>737.97</ele>
   </trkpt>
   <trkpt lat="49.650180000000006" lon="-119.60361">
    <ele>739.4200000000001</ele>
   </trkpt>
   <trkpt lat="49.65075" lon="-119.60379">
    <ele>740.5500000000001</ele>
   </trkpt>
   <trkpt lat="49.65109" lon="-119.60379">
    <ele>741.21</ele>
   </trkpt>
   <trkpt lat="49.65155000000001" lon="-119.60375">
    <ele>742.84</ele>
   </trkpt>
   <trkpt lat="49.65210500031584" lon="-119.60355000222877">
    <ele>744.21</ele>
   </trkpt>
   <trkpt lat="49.652660000000004" lon="-119.60335">
    <ele>745.82</ele>
   </trkpt>
   <trkpt lat="49.653160000103554" lon="-119.60321000143288">
    <ele>746.75</ele>
   </trkpt>
   <trkpt lat="49.65366" lon="-119.60307000000002">
    <ele>747.47</ele>
   </trkpt>
   <trkpt lat="49.654050000000005" lon="-119.60299">
    <ele>748.33</ele>
   </trkpt>
   <trkpt lat="49.654929999927056" lon="-119.60293500099988">
    <ele>750.7800000000001</ele>
   </trkpt>
   <trkpt lat="49.65581" lon="-119.60288000000001">
    <ele>753.23</ele>
   </trkpt>
   <trkpt lat="49.656614999899034" lon="-119.60287000016669">
    <ele>755.17</ele>
   </trkpt>
   <trkpt lat="49.65742" lon="-119.60286">
    <ele>756.56</ele>
   </trkpt>
   <trkpt lat="49.657920000000004" lon="-119.60281">
    <ele>757.44</ele>
   </trkpt>
   <trkpt lat="49.658240000000006" lon="-119.60289000000002">
    <ele>758.3100000000001</ele>
   </trkpt>
   <trkpt lat="49.658590000000004" lon="-119.60299">
    <ele>759.5400000000001</ele>
   </trkpt>
   <trkpt lat="49.65885" lon="-119.60312">
    <ele>760.09</ele>
   </trkpt>
   <trkpt lat="49.65925000000001" lon="-119.60343">
    <ele>760.8600000000001</ele>
   </trkpt>
   <trkpt lat="49.65983250440267" lon="-119.60401247910046">
    <ele>762.38</ele>
   </trkpt>
   <trkpt lat="49.66041500588357" lon="-119.60459497214683">
    <ele>764.11</ele>
   </trkpt>
   <trkpt lat="49.66099750444254" lon="-119.60517747913966">
    <ele>765.9</ele>
   </trkpt>
   <trkpt lat="49.66158" lon="-119.60576">
    <ele>767.36</ele>
   </trkpt>
   <trkpt lat="49.66181" lon="-119.6059">
    <ele>767.87</ele>
   </trkpt>
   <trkpt lat="49.6621" lon="-119.60599">
    <ele>768.99</ele>
   </trkpt>
   <trkpt lat="49.662400000000005" lon="-119.60599">
    <ele>769.2500000000001</ele>
   </trkpt>
   <trkpt lat="49.66299" lon="-119.60581">
    <ele>770.87</ele>
   </trkpt>
   <trkpt lat="49.663320000000006" lon="-119.60554">
    <ele>771.5400000000001</ele>
   </trkpt>
   <trkpt lat="49.66349" lon="-119.60527">
    <ele>771.9</ele>
   </trkpt>
   <trkpt lat="49.6638" lon="-119.60455">
    <ele>773.32</ele>
   </trkpt>
   <trkpt lat="49.66393" lon="-119.6038">
    <ele>774.0100000000001</ele>
   </trkpt>
   <trkpt lat="49.663940000000004" lon="-119.60339">
    <ele>774.6500000000001</ele>
   </trkpt>
   <trkpt lat="49.66389" lon="-119.60298000000002">
    <ele>775.6400000000001</ele>
   </trkpt>
   <trkpt lat="49.6638" lon="-119.60258">
    <ele>776.51</ele>
   </trkpt>
   <trkpt lat="49.66368000000001" lon="-119.60226000000002">
    <ele>777.0400000000001</ele>
   </trkpt>
   <trkpt lat="49.663520000000005" lon="-119.60197000000001">
    <ele>777.44</ele>
   </trkpt>
   <trkpt lat="49.663270000000004" lon="-119.60164">
    <ele>777.99</ele>
   </trkpt>
   <trkpt lat="49.662940000000006" lon="-119.60137">
    <ele>778.3000000000001</ele>
   </trkpt>
   <trkpt lat="49.662620000000004" lon="-119.60121000000001">
    <ele>778.94</ele>
   </trkpt>
   <trkpt lat="49.662220000000005" lon="-119.60119000000002">
    <ele>780.0100000000001</ele>
   </trkpt>
   <trkpt lat="49.661408333360534" lon="-119.6012283365308">
    <ele>781.6</ele>
   </trkpt>
   <trkpt lat="49.66059666670841" lon="-119.60126667178257">
    <ele>783.61</ele>
   </trkpt>
   <trkpt lat="49.65978500004362" lon="-119.6013050057554">
    <ele>785.45</ele>
   </trkpt>
   <trkpt lat="49.65897333336619" lon="-119.60134333844942">
    <ele>787.1100000000001</ele>
   </trkpt>
   <trkpt lat="49.6581616666761" lon="-119.6013816698647">
    <ele>788.3000000000001</ele>
   </trkpt>
   <trkpt lat="49.65735" lon="-119.60142">
    <ele>790.2600000000001</ele>
   </trkpt>
   <trkpt lat="49.656530000000004" lon="-119.60142">
    <ele>792.2900000000001</ele>
   </trkpt>
   <trkpt lat="49.65574" lon="-119.60129">
    <ele>793.9200000000001</ele>
   </trkpt>
   <trkpt lat="49.65509" lon="-119.60107">
    <ele>795.2</ele>
   </trkpt>
   <trkpt lat="49.65444" lon="-119.60088">
    <ele>796.84</ele>
   </trkpt>
   <trkpt lat="49.653594001709834" lon="-119.60056597817243">
    <ele>798.63</ele>
   </trkpt>
   <trkpt lat="49.6527480025705" lon="-119.60025196726147">
    <ele>800.8900000000001</ele>
   </trkpt>
   <trkpt lat="49.65190200258204" lon="-119.5999379672665">
    <ele>803.3</ele>
   </trkpt>
   <trkpt lat="49.65105600174451" lon="-119.59962397818674">
    <ele>805.46</ele>
   </trkpt>
   <trkpt lat="49.65021" lon="-119.59931000000002">
    <ele>807.59</ele>
   </trkpt>
   <trkpt lat="49.64944500089589" lon="-119.59904248737827">
    <ele>809.6600000000001</ele>
   </trkpt>
   <trkpt lat="49.64868000117551" lon="-119.59877498316469">
    <ele>811.4000000000001</ele>
   </trkpt>
   <trkpt lat="49.64791500083888" lon="-119.59850748735883">
    <ele>813.25</ele>
   </trkpt>
   <trkpt lat="49.64715" lon="-119.59824">
    <ele>814.71</ele>
   </trkpt>
   <trkpt lat="49.64643" lon="-119.59784">
    <ele>816.59</ele>
   </trkpt>
   <trkpt lat="49.64570333453092" lon="-119.59746665552035">
    <ele>818.0500000000001</ele>
   </trkpt>
   <trkpt lat="49.64497666786146" lon="-119.59709332218578">
    <ele>819.88</ele>
   </trkpt>
   <trkpt lat="49.64425000000001" lon="-119.59672">
    <ele>822.5400000000001</ele>
   </trkpt>
   <trkpt lat="49.64352" lon="-119.59628000000001">
    <ele>823.9300000000001</ele>
   </trkpt>
   <trkpt lat="49.64323" lon="-119.596">
    <ele>824.67</ele>
   </trkpt>
   <trkpt lat="49.64284500181418" lon="-119.59534999485147">
    <ele>825.64</ele>
   </trkpt>
   <trkpt lat="49.64246000000001" lon="-119.5947">
    <ele>827.44</ele>
   </trkpt>
   <trkpt lat="49.64208000000001" lon="-119.59426">
    <ele>828.57</ele>
   </trkpt>
   <trkpt lat="49.641680000401" lon="-119.59392999723295">
    <ele>829.7500000000001</ele>
   </trkpt>
   <trkpt lat="49.64128" lon="-119.59360000000001">
    <ele>830.84</ele>
   </trkpt>
   <trkpt lat="49.64051333626212" lon="-119.59301998175974">
    <ele>833.1400000000001</ele>
   </trkpt>
   <trkpt lat="49.63974666962691" lon="-119.59243998178391">
    <ele>834.47</ele>
   </trkpt>
   <trkpt lat="49.638980000000004" lon="-119.59186000000001">
    <ele>837.2400000000001</ele>
   </trkpt>
   <trkpt lat="49.63821" lon="-119.5913">
    <ele>839.1400000000001</ele>
   </trkpt>
   <trkpt lat="49.637620000000005" lon="-119.59076">
    <ele>840.84</ele>
   </trkpt>
   <trkpt lat="49.63740000000001" lon="-119.59041">
    <ele>841.2400000000001</ele>
   </trkpt>
   <trkpt lat="49.637220000000006" lon="-119.59001">
    <ele>841.82</ele>
   </trkpt>
   <trkpt lat="49.637060000000005" lon="-119.58938">
    <ele>843.16</ele>
   </trkpt>
   <trkpt lat="49.63684000000001" lon="-119.58808">
    <ele>845.5600000000001</ele>
   </trkpt>
   <trkpt lat="49.63669" lon="-119.58755000000001">
    <ele>846.0900000000001</ele>
   </trkpt>
   <trkpt lat="49.636410000000005" lon="-119.58691">
    <ele>847.7300000000001</ele>
   </trkpt>
   <trkpt lat="49.63587000236837" lon="-119.58617999200507">
    <ele>850.01</ele>
   </trkpt>
   <trkpt lat="49.63533" lon="-119.58545000000001">
    <ele>851.5500000000001</ele>
   </trkpt>
   <trkpt lat="49.63505000000001" lon="-119.58503">
    <ele>852.16</ele>
   </trkpt>
   <trkpt lat="49.634750000000004" lon="-119.58441">
    <ele>853.7600000000001</ele>
   </trkpt>
   <trkpt lat="49.63465" lon="-119.58413000000002">
    <ele>853.7600000000001</ele>
   </trkpt>
   <trkpt lat="49.634570000000004" lon="-119.58361000000001">
    <ele>854.6700000000001</ele>
   </trkpt>
   <trkpt lat="49.63454" lon="-119.58306">
    <ele>855.2900000000001</ele>
   </trkpt>
   <trkpt lat="49.634620000000005" lon="-119.58211000000001">
    <ele>855.82</ele>
   </trkpt>
   <trkpt lat="49.634710000000005" lon="-119.58078">
    <ele>858.2</ele>
   </trkpt>
   <trkpt lat="49.63465" lon="-119.58029">
    <ele>859.04</ele>
   </trkpt>
   <trkpt lat="49.6345" lon="-119.57971">
    <ele>859.8800000000001</ele>
   </trkpt>
   <trkpt lat="49.63436" lon="-119.57938000000001">
    <ele>860.82</ele>
   </trkpt>
   <trkpt lat="49.63411000000001" lon="-119.57907000000002">
    <ele>861.4000000000001</ele>
   </trkpt>
   <trkpt lat="49.63344000000001" lon="-119.57837">
    <ele>863.32</ele>
   </trkpt>
   <trkpt lat="49.632835001544194" lon="-119.57777999271535">
    <ele>864.97</ele>
   </trkpt>
   <trkpt lat="49.63223000000001" lon="-119.57719000000002">
    <ele>866.14</ele>
   </trkpt>
   <trkpt lat="49.63154000385175" lon="-119.57652331446836">
    <ele>868.2900000000001</ele>
   </trkpt>
   <trkpt lat="49.63085000387546" lon="-119.57585664782496">
    <ele>870.3400000000001</ele>
   </trkpt>
   <trkpt lat="49.630160000000004" lon="-119.57519">
    <ele>872.8800000000001</ele>
   </trkpt>
   <trkpt lat="49.629580010267" lon="-119.57441796323266">
    <ele>874.7300000000001</ele>
   </trkpt>
   <trkpt lat="49.62900001540042" lon="-119.57364594484987">
    <ele>876.5500000000001</ele>
   </trkpt>
   <trkpt lat="49.628420015400536" lon="-119.57287394485098">
    <ele>878.62</ele>
   </trkpt>
   <trkpt lat="49.62784001026757" lon="-119.57210196323534">
    <ele>880.3400000000001</ele>
   </trkpt>
   <trkpt lat="49.62726000000001" lon="-119.57133">
    <ele>882.38</ele>
   </trkpt>
   <trkpt lat="49.62688000000001" lon="-119.57075">
    <ele>883.3100000000001</ele>
   </trkpt>
   <trkpt lat="49.62669" lon="-119.57035">
    <ele>884.02</ele>
   </trkpt>
   <trkpt lat="49.62651" lon="-119.56987000000001">
    <ele>884.99</ele>
   </trkpt>
   <trkpt lat="49.62633" lon="-119.56924000000001">
    <ele>885.75</ele>
   </trkpt>
   <trkpt lat="49.626190002107684" lon="-119.56853999797572">
    <ele>887.08</ele>
   </trkpt>
   <trkpt lat="49.626050000000006" lon="-119.56784">
    <ele>888.35</ele>
   </trkpt>
   <trkpt lat="49.625800000000005" lon="-119.56695">
    <ele>889.35</ele>
   </trkpt>
   <trkpt lat="49.62558000000001" lon="-119.56641">
    <ele>890.33</ele>
   </trkpt>
   <trkpt lat="49.62521" lon="-119.56569">
    <ele>891.8900000000001</ele>
   </trkpt>
   <trkpt lat="49.625080000000004" lon="-119.56547">
    <ele>892.8600000000001</ele>
   </trkpt>
   <trkpt lat="49.62487" lon="-119.56517000000001">
    <ele>893.6500000000001</ele>
   </trkpt>
   <trkpt lat="49.624520000000004" lon="-119.56479000000002">
    <ele>894.4000000000001</ele>
   </trkpt>
   <trkpt lat="49.62417000000001" lon="-119.56449">
    <ele>894.85</ele>
   </trkpt>
   <trkpt lat="49.62374500031349" lon="-119.5642199976445">
    <ele>896.46</ele>
   </trkpt>
   <trkpt lat="49.62332000000001" lon="-119.56395">
    <ele>897.4000000000001</ele>
   </trkpt>
   <trkpt lat="49.62273000018127" lon="-119.56383499863168">
    <ele>898.4300000000001</ele>
   </trkpt>
   <trkpt lat="49.62214" lon="-119.56372">
    <ele>899.32</ele>
   </trkpt>
   <trkpt lat="49.621387500147556" lon="-119.56360749478547">
    <ele>901.6800000000001</ele>
   </trkpt>
   <trkpt lat="49.6206350001861" lon="-119.56349499304581">
    <ele>903.4000000000001</ele>
   </trkpt>
   <trkpt lat="49.61988250011563" lon="-119.56338249478088">
    <ele>905.6400000000001</ele>
   </trkpt>
   <trkpt lat="49.619130000000006" lon="-119.56327">
    <ele>907.4700000000001</ele>
   </trkpt>
   <trkpt lat="49.618244999992285" lon="-119.56315999799487">
    <ele>909.7700000000001</ele>
   </trkpt>
   <trkpt lat="49.617360000000005" lon="-119.56305">
    <ele>911.9100000000001</ele>
   </trkpt>
   <trkpt lat="49.61665000000001" lon="-119.56287">
    <ele>912.82</ele>
   </trkpt>
   <trkpt lat="49.61621" lon="-119.56264000000002">
    <ele>913.69</ele>
   </trkpt>
   <trkpt lat="49.61565" lon="-119.56216">
    <ele>915.58</ele>
   </trkpt>
   <trkpt lat="49.614890022382994" lon="-119.56143897849344">
    <ele>918.6700000000001</ele>
   </trkpt>
   <trkpt lat="49.6141300402881" lon="-119.56071797947304">
    <ele>919.96</ele>
   </trkpt>
   <trkpt lat="49.61337005371564" lon="-119.55999700293766">
    <ele>921.57</ele>
   </trkpt>
   <trkpt lat="49.61261006266582" lon="-119.55927604888613">
    <ele>924.1700000000001</ele>
   </trkpt>
   <trkpt lat="49.61185006713891" lon="-119.55855511731728">
    <ele>925.72</ele>
   </trkpt>
   <trkpt lat="49.61109006713519" lon="-119.55783420822995">
    <ele>927.8900000000001</ele>
   </trkpt>
   <trkpt lat="49.6103300626549" lon="-119.55711332162294">
    <ele>930.9600000000002</ele>
   </trkpt>
   <trkpt lat="49.60957005369831" lon="-119.55639245749508">
    <ele>933.0400000000001</ele>
   </trkpt>
   <trkpt lat="49.608810040265695" lon="-119.55567161584521">
    <ele>934.6</ele>
   </trkpt>
   <trkpt lat="49.608050022357276" lon="-119.55495079667213">
    <ele>936.5600000000001</ele>
   </trkpt>
   <trkpt lat="49.607290000000006" lon="-119.55423">
    <ele>938.0200000000001</ele>
   </trkpt>
   <trkpt lat="49.60705" lon="-119.55396">
    <ele>938.8900000000001</ele>
   </trkpt>
   <trkpt lat="49.60687" lon="-119.55365">
    <ele>939.6800000000001</ele>
   </trkpt>
   <trkpt lat="49.60674" lon="-119.55329">
    <ele>940.47</ele>
   </trkpt>
   <trkpt lat="49.60663" lon="-119.55293">
    <ele>940.8700000000001</ele>
   </trkpt>
   <trkpt lat="49.60660000000001" lon="-119.55254000000001">
    <ele>941.3</ele>
   </trkpt>
   <trkpt lat="49.60660000000001" lon="-119.55208">
    <ele>942.19</ele>
   </trkpt>
   <trkpt lat="49.60665" lon="-119.55137">
    <ele>942.19</ele>
   </trkpt>
   <trkpt lat="49.60678" lon="-119.55092">
    <ele>942.19</ele>
   </trkpt>
   <trkpt lat="49.607000000000006" lon="-119.55051">
    <ele>942.19</ele>
   </trkpt>
   <trkpt lat="49.60734" lon="-119.55016">
    <ele>942.19</ele>
   </trkpt>
   <trkpt lat="49.60766" lon="-119.55002">
    <ele>942.19</ele>
   </trkpt>
   <trkpt lat="49.60799" lon="-119.54994">
    <ele>942.19</ele>
   </trkpt>
   <trkpt lat="49.60858" lon="-119.55008000000001">
    <ele>953.2300000000001</ele>
   </trkpt>
   <trkpt lat="49.609080000000006" lon="-119.55053000000001">
    <ele>953.2300000000001</ele>
   </trkpt>
   <trkpt lat="49.609660000000005" lon="-119.55154">
    <ele>953.2300000000001</ele>
   </trkpt>
   <trkpt lat="49.609820000000006" lon="-119.55231">
    <ele>953.2300000000001</ele>
   </trkpt>
   <trkpt lat="49.609880000000004" lon="-119.55315000000002">
    <ele>953.2300000000001</ele>
   </trkpt>
   <trkpt lat="49.60989000211152" lon="-119.55384999993382">
    <ele>953.3300000000002</ele>
   </trkpt>
   <trkpt lat="49.6099" lon="-119.55455">
    <ele>953.5000000000001</ele>
   </trkpt>
   <trkpt lat="49.609950000000005" lon="-119.55499">
    <ele>953.73</ele>
   </trkpt>
   <trkpt lat="49.61007000000001" lon="-119.55558">
    <ele>954.01</ele>
   </trkpt>
   <trkpt lat="49.61047000000001" lon="-119.55598">
    <ele>955.1</ele>
   </trkpt>
   <trkpt lat="49.61119000199554" lon="-119.55645998582679">
    <ele>957.1</ele>
   </trkpt>
   <trkpt lat="49.6119100020065" lon="-119.55693998583384">
    <ele>958.73</ele>
   </trkpt>
   <trkpt lat="49.61263" lon="-119.55742000000001">
    <ele>960.3300000000002</ele>
   </trkpt>
   <trkpt lat="49.613350000000004" lon="-119.55791">
    <ele>962.83</ele>
   </trkpt>
   <trkpt lat="49.61399" lon="-119.55827000000001">
    <ele>963.8700000000001</ele>
   </trkpt>
   <trkpt lat="49.614270000000005" lon="-119.55839">
    <ele>964.74</ele>
   </trkpt>
   <trkpt lat="49.61487" lon="-119.55848">
    <ele>966.0000000000001</ele>
   </trkpt>
   <trkpt lat="49.6156" lon="-119.55845000000001">
    <ele>967.64</ele>
   </trkpt>
   <trkpt lat="49.61628" lon="-119.55839">
    <ele>969.35</ele>
   </trkpt>
   <trkpt lat="49.616910000000004" lon="-119.55848">
    <ele>970.8700000000001</ele>
   </trkpt>
   <trkpt lat="49.61750500004354" lon="-119.55867999751483">
    <ele>972.4100000000001</ele>
   </trkpt>
   <trkpt lat="49.618100000000005" lon="-119.55888000000002">
    <ele>973.5100000000001</ele>
   </trkpt>
   <trkpt lat="49.618960000278385" lon="-119.55912999559062">
    <ele>975.11</ele>
   </trkpt>
   <trkpt lat="49.619820000000004" lon="-119.55938">
    <ele>976.4200000000001</ele>
   </trkpt>
   <trkpt lat="49.620364999936974" lon="-119.55942999943402">
    <ele>978.0000000000001</ele>
   </trkpt>
   <trkpt lat="49.62091" lon="-119.55948000000001">
    <ele>978.6800000000001</ele>
   </trkpt>
   <trkpt lat="49.62172000006617" lon="-119.55939000449276">
    <ele>980.7800000000001</ele>
   </trkpt>
   <trkpt lat="49.6225300000626" lon="-119.55930000599331">
    <ele>982.8000000000001</ele>
   </trkpt>
   <trkpt lat="49.62333999998924" lon="-119.55921000450151">
    <ele>984.4</ele>
   </trkpt>
   <trkpt lat="49.62415000000001" lon="-119.55912000000001">
    <ele>986.33</ele>
   </trkpt>
   <trkpt lat="49.62490500003697" lon="-119.55902500147246">
    <ele>987.8800000000001</ele>
   </trkpt>
   <trkpt lat="49.62566" lon="-119.55893">
    <ele>989.3700000000001</ele>
   </trkpt>
   <trkpt lat="49.62639" lon="-119.55875">
    <ele>990.7300000000001</ele>
   </trkpt>
   <trkpt lat="49.627010000000006" lon="-119.55871">
    <ele>992.3600000000001</ele>
   </trkpt>
   <trkpt lat="49.627610000000004" lon="-119.5588">
    <ele>993.82</ele>
   </trkpt>
   <trkpt lat="49.62801" lon="-119.55902">
    <ele>994.9700000000001</ele>
   </trkpt>
   <trkpt lat="49.628550000000004" lon="-119.55942">
    <ele>995.99</ele>
   </trkpt>
   <trkpt lat="49.62904" lon="-119.56001">
    <ele>997.14</ele>
   </trkpt>
   <trkpt lat="49.62949500239175" lon="-119.560759992944">
    <ele>998.92</ele>
   </trkpt>
   <trkpt lat="49.62995" lon="-119.56151000000001">
    <ele>999.9700000000001</ele>
   </trkpt>
   <trkpt lat="49.630493340781534" lon="-119.5624433124179">
    <ele>1002.03</ele>
   </trkpt>
   <trkpt lat="49.63103667406042" lon="-119.56337664565734">
    <ele>1004.5500000000001</ele>
   </trkpt>
   <trkpt lat="49.63158000000001" lon="-119.56431">
    <ele>1006.08</ele>
   </trkpt>
   <trkpt lat="49.63177" lon="-119.56457">
    <ele>1006.7400000000001</ele>
   </trkpt>
   <trkpt lat="49.63197" lon="-119.56479000000002">
    <ele>1006.9200000000001</ele>
   </trkpt>
   <trkpt lat="49.632160000000006" lon="-119.56497000000002">
    <ele>1007.8299999999999</ele>
   </trkpt>
   <trkpt lat="49.63239" lon="-119.56511">
    <ele>1008.14</ele>
   </trkpt>
   <trkpt lat="49.633120000000005" lon="-119.56542">
    <ele>1010.34</ele>
   </trkpt>
   <trkpt lat="49.63385" lon="-119.56587">
    <ele>1011.5400000000001</ele>
   </trkpt>
   <trkpt lat="49.63409000000001" lon="-119.5661">
    <ele>1011.9200000000002</ele>
   </trkpt>
   <trkpt lat="49.63448" lon="-119.56659">
    <ele>1013.6500000000001</ele>
   </trkpt>
   <trkpt lat="49.63479" lon="-119.56713">
    <ele>1014.48</ele>
   </trkpt>
   <trkpt lat="49.635200000000005" lon="-119.56829">
    <ele>1016.71</ele>
   </trkpt>
   <trkpt lat="49.635540000000006" lon="-119.56914">
    <ele>1017.6400000000001</ele>
   </trkpt>
   <trkpt lat="49.63591" lon="-119.56972">
    <ele>1018.8400000000001</ele>
   </trkpt>
   <trkpt lat="49.63645" lon="-119.57017">
    <ele>1020.1900000000002</ele>
   </trkpt>
   <trkpt lat="49.636810000000004" lon="-119.57044">
    <ele>1021.19</ele>
   </trkpt>
   <trkpt lat="49.637673334039036" lon="-119.57072332329187">
    <ele>1023.3199999999999</ele>
   </trkpt>
   <trkpt lat="49.638536667386695" lon="-119.57100665662969">
    <ele>1024.8799999999999</ele>
   </trkpt>
   <trkpt lat="49.6394" lon="-119.57129">
    <ele>1027.5800000000002</ele>
   </trkpt>
   <trkpt lat="49.640260000000005" lon="-119.57165">
    <ele>1029.6000000000001</ele>
   </trkpt>
   <trkpt lat="49.64067000000001" lon="-119.57192">
    <ele>1030.41</ele>
   </trkpt>
   <trkpt lat="49.64103" lon="-119.57232">
    <ele>1031.05</ele>
   </trkpt>
   <trkpt lat="49.641350001544154" lon="-119.57291999604541">
    <ele>1032.49</ele>
   </trkpt>
   <trkpt lat="49.641670000000005" lon="-119.57352000000002">
    <ele>1033.94</ele>
   </trkpt>
   <trkpt lat="49.642112513437716" lon="-119.5745399721843">
    <ele>1035.8400000000001</ele>
   </trkpt>
   <trkpt lat="49.64255501791549" lon="-119.57555996290836">
    <ele>1037.53</ele>
   </trkpt>
   <trkpt lat="49.64299751343301" lon="-119.57657997217248">
    <ele>1039.45</ele>
   </trkpt>
   <trkpt lat="49.643440000000005" lon="-119.5776">
    <ele>1041.1000000000001</ele>
   </trkpt>
   <trkpt lat="49.643800002557086" lon="-119.57835999452791">
    <ele>1042.78</ele>
   </trkpt>
   <trkpt lat="49.64416000000001" lon="-119.57912">
    <ele>1044.43</ele>
   </trkpt>
   <trkpt lat="49.64449000140287" lon="-119.57967999629328">
    <ele>1045.3600000000001</ele>
   </trkpt>
   <trkpt lat="49.64482" lon="-119.58024">
    <ele>1046.19</ele>
   </trkpt>
   <trkpt lat="49.64522500095298" lon="-119.58070999609222">
    <ele>1047.94</ele>
   </trkpt>
   <trkpt lat="49.645630000000004" lon="-119.58118">
    <ele>1048.5800000000002</ele>
   </trkpt>
   <trkpt lat="49.64609500044712" lon="-119.58153999647554">
    <ele>1049.98</ele>
   </trkpt>
   <trkpt lat="49.64656" lon="-119.5819">
    <ele>1051.14</ele>
   </trkpt>
   <trkpt lat="49.647015000078554" lon="-119.58214499761326">
    <ele>1052.33</ele>
   </trkpt>
   <trkpt lat="49.647470000000006" lon="-119.58239">
    <ele>1053.56</ele>
   </trkpt>
   <trkpt lat="49.64793" lon="-119.58250000000001">
    <ele>1054.63</ele>
   </trkpt>
   <trkpt lat="49.648778334545014" lon="-119.58273664604566">
    <ele>1056.66</ele>
   </trkpt>
   <trkpt lat="49.649626668607745" lon="-119.58297330033967">
    <ele>1058.4900000000002</ele>
   </trkpt>
   <trkpt lat="49.650475002188124" lon="-119.58320996288256">
    <ele>1061.11</ele>
   </trkpt>
   <trkpt lat="49.65132333528615" lon="-119.58344663367484">
    <ele>1062.7600000000002</ele>
   </trkpt>
   <trkpt lat="49.652171667901776" lon="-119.58368331271708">
    <ele>1065.08</ele>
   </trkpt>
   <trkpt lat="49.653020000000005" lon="-119.58392">
    <ele>1066.91</ele>
   </trkpt>
   <trkpt lat="49.65370500014347" lon="-119.58409999746765">
    <ele>1069.04</ele>
   </trkpt>
   <trkpt lat="49.65439000000001" lon="-119.58428">
    <ele>1070.67</ele>
   </trkpt>
   <trkpt lat="49.654880000000006" lon="-119.58440000000002">
    <ele>1071.6499999999999</ele>
   </trkpt>
   <trkpt lat="49.65542000000001" lon="-119.58445">
    <ele>1073.3700000000001</ele>
   </trkpt>
   <trkpt lat="49.656090000000006" lon="-119.58445">
    <ele>1074.65</ele>
   </trkpt>
   <trkpt lat="49.65661" lon="-119.58436">
    <ele>1075.9800000000002</ele>
   </trkpt>
   <trkpt lat="49.65745666682481" lon="-119.58424000417078">
    <ele>1078.18</ele>
   </trkpt>
   <trkpt lat="49.65830333352562" lon="-119.58412000416604">
    <ele>1080.7</ele>
   </trkpt>
   <trkpt lat="49.659150000000004" lon="-119.584">
    <ele>1082.4</ele>
   </trkpt>
   <trkpt lat="49.659790000211814" lon="-119.58389000141935">
    <ele>1084.0700000000002</ele>
   </trkpt>
   <trkpt lat="49.660430000000005" lon="-119.58378">
    <ele>1085.72</ele>
   </trkpt>
   <trkpt lat="49.66103000037297" lon="-119.58358333817053">
    <ele>1087.11</ele>
   </trkpt>
   <trkpt lat="49.66163000041285" lon="-119.58338667149087">
    <ele>1089.29</ele>
   </trkpt>
   <trkpt lat="49.66223" lon="-119.58319000000002">
    <ele>1091.02</ele>
   </trkpt>
   <trkpt lat="49.662855000685155" lon="-119.5827900051407">
    <ele>1092.2200000000003</ele>
   </trkpt>
   <trkpt lat="49.66348000000001" lon="-119.58239">
    <ele>1093.89</ele>
   </trkpt>
   <trkpt lat="49.66389000017842" lon="-119.5821050025208">
    <ele>1095.29</ele>
   </trkpt>
   <trkpt lat="49.664300000000004" lon="-119.58182000000001">
    <ele>1096.15</ele>
   </trkpt>
   <trkpt lat="49.6649466699441" lon="-119.58120334972428">
    <ele>1098.74</ele>
   </trkpt>
   <trkpt lat="49.665593336613625" lon="-119.58058668305515">
    <ele>1100.57</ele>
   </trkpt>
   <trkpt lat="49.66624" lon="-119.57997">
    <ele>1102.12</ele>
   </trkpt>
   <trkpt lat="49.666650001008485" lon="-119.57950500383109">
    <ele>1103.61</ele>
   </trkpt>
   <trkpt lat="49.667060000000006" lon="-119.57904">
    <ele>1105.49</ele>
   </trkpt>
   <trkpt lat="49.667680012539925" lon="-119.5782767153156">
    <ele>1106.77</ele>
   </trkpt>
   <trkpt lat="49.66830002006289" lon="-119.57751341117425">
    <ele>1108.99</ele>
   </trkpt>
   <trkpt lat="49.66892002256862" lon="-119.5767500875752">
    <ele>1110.84</ele>
   </trkpt>
   <trkpt lat="49.669540020056935" lon="-119.57598674451772">
    <ele>1112.53</ele>
   </trkpt>
   <trkpt lat="49.670160012527546" lon="-119.575223382001">
    <ele>1114.75</ele>
   </trkpt>
   <trkpt lat="49.67078" lon="-119.57446000000002">
    <ele>1116.6200000000001</ele>
   </trkpt>
   <trkpt lat="49.67136667146602" lon="-119.57371335134688">
    <ele>1118.45</ele>
   </trkpt>
   <trkpt lat="49.67195333813151" lon="-119.57296668468204">
    <ele>1120.3100000000002</ele>
   </trkpt>
   <trkpt lat="49.672540000000005" lon="-119.57222000000002">
    <ele>1121.82</ele>
   </trkpt>
   <trkpt lat="49.672905001269896" lon="-119.57166500425062">
    <ele>1123.3200000000002</ele>
   </trkpt>
   <trkpt lat="49.67327" lon="-119.57111">
    <ele>1124.3400000000001</ele>
   </trkpt>
   <trkpt lat="49.67380000000001" lon="-119.57008">
    <ele>1126.89</ele>
   </trkpt>
   <trkpt lat="49.67424667556208" lon="-119.5690633520185">
    <ele>1128.83</ele>
   </trkpt>
   <trkpt lat="49.67469334222417" lon="-119.5680466853626">
    <ele>1130.3700000000001</ele>
   </trkpt>
   <trkpt lat="49.675140000000006" lon="-119.56703000000002">
    <ele>1132.41</ele>
   </trkpt>
   <trkpt lat="49.675430000000006" lon="-119.56649000000002">
    <ele>1133.1100000000001</ele>
   </trkpt>
   <trkpt lat="49.675935006762984" lon="-119.56576502262294">
    <ele>1134.9600000000003</ele>
   </trkpt>
   <trkpt lat="49.676440009000146" lon="-119.56504003018898">
    <ele>1136.3700000000001</ele>
   </trkpt>
   <trkpt lat="49.67694500671137" lon="-119.56431502269771">
    <ele>1138.19</ele>
   </trkpt>
   <trkpt lat="49.67745000000001" lon="-119.56359">
    <ele>1139.89</ele>
   </trkpt>
   <trkpt lat="49.677800000000005" lon="-119.56297">
    <ele>1140.8700000000001</ele>
   </trkpt>
   <trkpt lat="49.678070000000005" lon="-119.56242">
    <ele>1142.53</ele>
   </trkpt>
   <trkpt lat="49.678270000000005" lon="-119.56185">
    <ele>1142.53</ele>
   </trkpt>
   <trkpt lat="49.6784" lon="-119.56135">
    <ele>1143.41</ele>
   </trkpt>
   <trkpt lat="49.678580000000004" lon="-119.56033000000001">
    <ele>1145.0600000000002</ele>
   </trkpt>
   <trkpt lat="49.678716680852745" lon="-119.559046673833">
    <ele>1147.48</ele>
   </trkpt>
   <trkpt lat="49.67885334752452" lon="-119.55776334045194">
    <ele>1149.8700000000001</ele>
   </trkpt>
   <trkpt lat="49.678990000000006" lon="-119.55648000000001">
    <ele>1151.2300000000002</ele>
   </trkpt>
   <trkpt lat="49.6791500159219" lon="-119.55512000898456">
    <ele>1153.28</ele>
   </trkpt>
   <trkpt lat="49.6793100159179" lon="-119.5537600090188">
    <ele>1155.69</ele>
   </trkpt>
   <trkpt lat="49.67947" lon="-119.5524">
    <ele>1158.0700000000002</ele>
   </trkpt>
   <trkpt lat="49.67956" lon="-119.55199">
    <ele>1158.5</ele>
   </trkpt>
   <trkpt lat="49.67972" lon="-119.55136000000002">
    <ele>1159.39</ele>
   </trkpt>
   <trkpt lat="49.679970000000004" lon="-119.55082000000002">
    <ele>1161.1</ele>
   </trkpt>
   <trkpt lat="49.68052" lon="-119.54985">
    <ele>1162.8100000000002</ele>
   </trkpt>
   <trkpt lat="49.68097" lon="-119.54913">
    <ele>1164.2400000000002</ele>
   </trkpt>
   <trkpt lat="49.681390002559304" lon="-119.54837000643346">
    <ele>1165.47</ele>
   </trkpt>
   <trkpt lat="49.681810000000006" lon="-119.54761">
    <ele>1166.98</ele>
   </trkpt>
   <trkpt lat="49.68202" lon="-119.54703">
    <ele>1167.49</ele>
   </trkpt>
   <trkpt lat="49.68223000362912" lon="-119.5461100040384">
    <ele>1169.0900000000001</ele>
   </trkpt>
   <trkpt lat="49.68244000000001" lon="-119.54519">
    <ele>1170.45</ele>
   </trkpt>
   <trkpt lat="49.68269" lon="-119.54456">
    <ele>1171.07</ele>
   </trkpt>
   <trkpt lat="49.68292" lon="-119.54408000000001">
    <ele>1172.3700000000001</ele>
   </trkpt>
   <trkpt lat="49.683260000000004" lon="-119.54358">
    <ele>1173.57</ele>
   </trkpt>
   <trkpt lat="49.683980000000005" lon="-119.54287000000001">
    <ele>1175.54</ele>
   </trkpt>
   <trkpt lat="49.684520000000006" lon="-119.54206">
    <ele>1177.3200000000002</ele>
   </trkpt>
   <trkpt lat="49.68475" lon="-119.54156">
    <ele>1178.5</ele>
   </trkpt>
   <trkpt lat="49.68497500250359" lon="-119.54079500359443">
    <ele>1179.04</ele>
   </trkpt>
   <trkpt lat="49.6852" lon="-119.54003000000002">
    <ele>1180.4800000000002</ele>
   </trkpt>
   <trkpt lat="49.68535000000001" lon="-119.53959">
    <ele>1181.42</ele>
   </trkpt>
   <trkpt lat="49.68582000000001" lon="-119.53854000000001">
    <ele>1183.4600000000003</ele>
   </trkpt>
   <trkpt lat="49.68634" lon="-119.53767">
    <ele>1184.8200000000002</ele>
   </trkpt>
   <trkpt lat="49.68699" lon="-119.53687000000001">
    <ele>1186.3400000000001</ele>
   </trkpt>
   <trkpt lat="49.687540000000006" lon="-119.53637">
    <ele>1187.14</ele>
   </trkpt>
   <trkpt lat="49.68800500037586" lon="-119.53608000276547">
    <ele>1187.4600000000003</ele>
   </trkpt>
   <trkpt lat="49.68847" lon="-119.53579">
    <ele>1187.27</ele>
   </trkpt>
   <trkpt lat="49.688610000000004" lon="-119.53574">
    <ele>1187.1200000000001</ele>
   </trkpt>
   <trkpt lat="49.68912500020213" lon="-119.53553500216348">
    <ele>1187.4300000000003</ele>
   </trkpt>
   <trkpt lat="49.689640000000004" lon="-119.53533000000002">
    <ele>1187.15</ele>
   </trkpt>
   <trkpt lat="49.68979" lon="-119.5353">
    <ele>1187.06</ele>
   </trkpt>
   <trkpt lat="49.69050000032404" lon="-119.53502500401754">
    <ele>1187.74</ele>
   </trkpt>
   <trkpt lat="49.691210000000005" lon="-119.53475000000002">
    <ele>1187.3500000000001</ele>
   </trkpt>
   <trkpt lat="49.69200600127712" lon="-119.53447601795506">
    <ele>1187.18</ele>
   </trkpt>
   <trkpt lat="49.6928020019079" lon="-119.53420202693582">
    <ele>1186.98</ele>
   </trkpt>
   <trkpt lat="49.6935980018923" lon="-119.53392802694172">
    <ele>1186.9</ele>
   </trkpt>
   <trkpt lat="49.6943940012303" lon="-119.53365401797225">
    <ele>1187.38</ele>
   </trkpt>
   <trkpt lat="49.695190000000004" lon="-119.53338000000001">
    <ele>1187.2500000000002</ele>
   </trkpt>
   <trkpt lat="49.69581500007653" lon="-119.5333050009583">
    <ele>1187.5200000000002</ele>
   </trkpt>
   <trkpt lat="49.69644" lon="-119.53323">
    <ele>1187.07</ele>
   </trkpt>
   <trkpt lat="49.697302500711885" lon="-119.53310752391724">
    <ele>1187.0</ele>
   </trkpt>
   <trkpt lat="49.69816500129462" lon="-119.53298504348682">
    <ele>1186.99</ele>
   </trkpt>
   <trkpt lat="49.699027501748205" lon="-119.53286255870846">
    <ele>1187.1100000000001</ele>
   </trkpt>
   <trkpt lat="49.69989000207261" lon="-119.53274006958183">
    <ele>1187.96</ele>
   </trkpt>
   <trkpt lat="49.70075250226783" lon="-119.53261757610667">
    <ele>1189.15</ele>
   </trkpt>
   <trkpt lat="49.70161500233388" lon="-119.53249507828271">
    <ele>1190.0300000000002</ele>
   </trkpt>
   <trkpt lat="49.70247750227074" lon="-119.53237257610962">
    <ele>1190.62</ele>
   </trkpt>
   <trkpt lat="49.70334000207837" lon="-119.53225006958716">
    <ele>1191.81</ele>
   </trkpt>
   <trkpt lat="49.704202501756804" lon="-119.53212755871499">
    <ele>1193.5500000000002</ele>
   </trkpt>
   <trkpt lat="49.705065001306025" lon="-119.53200504349287">
    <ele>1194.45</ele>
   </trkpt>
   <trkpt lat="49.70592750072602" lon="-119.53188252392052">
    <ele>1194.99</ele>
   </trkpt>
   <trkpt lat="49.706790000000005" lon="-119.53176">
    <ele>1195.8000000000002</ele>
   </trkpt>
   <trkpt lat="49.707685000017655" lon="-119.53164500212385">
    <ele>1196.62</ele>
   </trkpt>
   <trkpt lat="49.708580000000005" lon="-119.53153">
    <ele>1197.8500000000001</ele>
   </trkpt>
   <trkpt lat="49.709446000356365" lon="-119.53139000998101">
    <ele>1198.8</ele>
   </trkpt>
   <trkpt lat="49.710312000544" lon="-119.53125001497031">
    <ele>1199.3600000000001</ele>
   </trkpt>
   <trkpt lat="49.7111780005629" lon="-119.53111001496757">
    <ele>1200.21</ele>
   </trkpt>
   <trkpt lat="49.71204400041308" lon="-119.5309700099725">
    <ele>1200.9</ele>
   </trkpt>
   <trkpt lat="49.71291" lon="-119.53083000000001">
    <ele>1201.23</ele>
   </trkpt>
   <trkpt lat="49.713680000000004" lon="-119.5306">
    <ele>1201.71</ele>
   </trkpt>
   <trkpt lat="49.714295000355925" lon="-119.53029500388439">
    <ele>1202.5100000000002</ele>
   </trkpt>
   <trkpt lat="49.71491" lon="-119.52999000000001">
    <ele>1203.57</ele>
   </trkpt>
   <trkpt lat="49.715714290969615" lon="-119.5295386162919">
    <ele>1204.59</ele>
   </trkpt>
   <trkpt lat="49.71651858018517" lon="-119.52908721763224">
    <ele>1205.64</ele>
   </trkpt>
   <trkpt lat="49.71732286764657" lon="-119.52863580402007">
    <ele>1205.94</ele>
   </trkpt>
   <trkpt lat="49.7181271533537" lon="-119.52818437545457">
    <ele>1206.97</ele>
   </trkpt>
   <trkpt lat="49.718931437306445" lon="-119.52773293193479">
    <ele>1208.16</ele>
   </trkpt>
   <trkpt lat="49.71973571950471" lon="-119.5272814734599">
    <ele>1209.09</ele>
   </trkpt>
   <trkpt lat="49.72054000000001" lon="-119.52683">
    <ele>1210.1200000000001</ele>
   </trkpt>
   <trkpt lat="49.72105000038912" lon="-119.52652500321038">
    <ele>1210.6000000000001</ele>
   </trkpt>
   <trkpt lat="49.721560000000004" lon="-119.52622000000001">
    <ele>1210.8600000000001</ele>
   </trkpt>
   <trkpt lat="49.72233000000001" lon="-119.52585">
    <ele>1211.06</ele>
   </trkpt>
   <trkpt lat="49.72280000000001" lon="-119.52566000000002">
    <ele>1211.0500000000002</ele>
   </trkpt>
   <trkpt lat="49.72321" lon="-119.52557000000002">
    <ele>1210.99</ele>
   </trkpt>
   <trkpt lat="49.72364" lon="-119.52549">
    <ele>1210.89</ele>
   </trkpt>
   <trkpt lat="49.72441666684545" lon="-119.52540000719861">
    <ele>1211.41</ele>
   </trkpt>
   <trkpt lat="49.7251933336212" lon="-119.5253100115178">
    <ele>1211.5</ele>
   </trkpt>
   <trkpt lat="49.7259700003272" lon="-119.52522001295738">
    <ele>1211.74</ele>
   </trkpt>
   <trkpt lat="49.72674666696347" lon="-119.52513001151722">
    <ele>1212.5700000000002</ele>
   </trkpt>
   <trkpt lat="49.72752333353004" lon="-119.5250400071971">
    <ele>1213.17</ele>
   </trkpt>
   <trkpt lat="49.728300000000004" lon="-119.52495">
    <ele>1214.05</ele>
   </trkpt>
   <trkpt lat="49.72916200014632" lon="-119.5248600063924">
    <ele>1215.57</ele>
   </trkpt>
   <trkpt lat="49.7300240002229" lon="-119.52477000958847">
    <ele>1216.45</ele>
   </trkpt>
   <trkpt lat="49.730886000229766" lon="-119.52468000958798">
    <ele>1217.6200000000001</ele>
   </trkpt>
   <trkpt lat="49.7317480001669" lon="-119.52459000639068">
    <ele>1218.15</ele>
   </trkpt>
   <trkpt lat="49.73261" lon="-119.5245">
    <ele>1219.24</ele>
   </trkpt>
   <trkpt lat="49.73350000000001" lon="-119.52445000000002">
    <ele>1220.04</ele>
   </trkpt>
   <trkpt lat="49.73409" lon="-119.52432">
    <ele>1220.43</ele>
   </trkpt>
   <trkpt lat="49.73449" lon="-119.52415">
    <ele>1220.8600000000001</ele>
   </trkpt>
   <trkpt lat="49.734860000000005" lon="-119.52392">
    <ele>1221.16</ele>
   </trkpt>
   <trkpt lat="49.735435001331844" lon="-119.52338000632602">
    <ele>1222.0900000000001</ele>
   </trkpt>
   <trkpt lat="49.73601000000001" lon="-119.52284000000002">
    <ele>1223.14</ele>
   </trkpt>
   <trkpt lat="49.736430000000006" lon="-119.52238000000001">
    <ele>1223.91</ele>
   </trkpt>
   <trkpt lat="49.736987505175094" lon="-119.5217475217884">
    <ele>1224.8300000000002</ele>
   </trkpt>
   <trkpt lat="49.73754500690679" lon="-119.52111502904405">
    <ele>1225.6200000000001</ele>
   </trkpt>
   <trkpt lat="49.73810250519499" lon="-119.52048252176652">
    <ele>1226.39</ele>
   </trkpt>
   <trkpt lat="49.73866" lon="-119.51985">
    <ele>1226.67</ele>
   </trkpt>
   <trkpt lat="49.738730000000004" lon="-119.51968000000001">
    <ele>1226.67</ele>
   </trkpt>
   <trkpt lat="49.738910000000004" lon="-119.51937000000001">
    <ele>1226.8400000000001</ele>
   </trkpt>
   <trkpt lat="49.739000000000004" lon="-119.51913">
    <ele>1226.8600000000001</ele>
   </trkpt>
   <trkpt lat="49.73922751369789" lon="-119.51810001448577">
    <ele>1226.17</ele>
   </trkpt>
   <trkpt lat="49.739455018264245" lon="-119.51707001931287">
    <ele>1227.3400000000001</ele>
   </trkpt>
   <trkpt lat="49.739682513698924" lon="-119.51604001448162">
    <ele>1227.7</ele>
   </trkpt>
   <trkpt lat="49.73991" lon="-119.51501">
    <ele>1227.3</ele>
   </trkpt>
   <trkpt lat="49.74013" lon="-119.51389">
    <ele>1226.63</ele>
   </trkpt>
   <trkpt lat="49.74016" lon="-119.51344">
    <ele>1226.23</ele>
   </trkpt>
   <trkpt lat="49.74013" lon="-119.51304">
    <ele>1226.1000000000001</ele>
   </trkpt>
   <trkpt lat="49.73996" lon="-119.51183">
    <ele>1226.17</ele>
   </trkpt>
   <trkpt lat="49.739900000000006" lon="-119.51112">
    <ele>1225.81</ele>
   </trkpt>
   <trkpt lat="49.73993" lon="-119.51064000000001">
    <ele>1225.91</ele>
   </trkpt>
   <trkpt lat="49.740030000000004" lon="-119.51018">
    <ele>1226.24</ele>
   </trkpt>
   <trkpt lat="49.740170000000006" lon="-119.50986">
    <ele>1226.39</ele>
   </trkpt>
   <trkpt lat="49.74059000272615" lon="-119.50905500708848">
    <ele>1226.22</ele>
   </trkpt>
   <trkpt lat="49.74101" lon="-119.50825">
    <ele>1225.7</ele>
   </trkpt>
   <trkpt lat="49.741240000000005" lon="-119.50764000000001">
    <ele>1225.68</ele>
   </trkpt>
   <trkpt lat="49.741290000000006" lon="-119.50745">
    <ele>1225.72</ele>
   </trkpt>
   <trkpt lat="49.74129000384331" lon="-119.5065050000341">
    <ele>1225.78</ele>
   </trkpt>
   <trkpt lat="49.741290000000006" lon="-119.50556">
    <ele>1225.51</ele>
   </trkpt>
   <trkpt lat="49.74137" lon="-119.50508">
    <ele>1225.64</ele>
   </trkpt>
   <trkpt lat="49.7415" lon="-119.50471">
    <ele>1225.8200000000002</ele>
   </trkpt>
   <trkpt lat="49.74175" lon="-119.50431">
    <ele>1226.19</ele>
   </trkpt>
   <trkpt lat="49.74232000000001" lon="-119.50387">
    <ele>1226.19</ele>
   </trkpt>
   <trkpt lat="49.742900000000006" lon="-119.50388000000001">
    <ele>1226.1200000000001</ele>
   </trkpt>
   <trkpt lat="49.74349" lon="-119.50392000000001">
    <ele>1226.1000000000001</ele>
   </trkpt>
   <trkpt lat="49.74409000007511" lon="-119.50400666452451">
    <ele>1226.5100000000002</ele>
   </trkpt>
   <trkpt lat="49.744690000085576" lon="-119.50409333119265">
    <ele>1227.1100000000001</ele>
   </trkpt>
   <trkpt lat="49.745290000000004" lon="-119.50418">
    <ele>1227.88</ele>
   </trkpt>
   <trkpt lat="49.745610000000006" lon="-119.50408000000002">
    <ele>1228.3400000000001</ele>
   </trkpt>
   <trkpt lat="49.74597000000001" lon="-119.50382">
    <ele>1228.6100000000001</ele>
   </trkpt>
   <trkpt lat="49.74622" lon="-119.50346">
    <ele>1228.79</ele>
   </trkpt>
   <trkpt lat="49.74645" lon="-119.50305000000002">
    <ele>1228.82</ele>
   </trkpt>
   <trkpt lat="49.74672" lon="-119.50248">
    <ele>1228.75</ele>
   </trkpt>
   <trkpt lat="49.747110000000006" lon="-119.50202000000002">
    <ele>1228.28</ele>
   </trkpt>
   <trkpt lat="49.74753500058799" lon="-119.50175500214358">
    <ele>1227.8500000000001</ele>
   </trkpt>
   <trkpt lat="49.747960000000006" lon="-119.50149">
    <ele>1227.2800000000002</ele>
   </trkpt>
   <trkpt lat="49.74849000429969" lon="-119.50078001556767">
    <ele>1227.2200000000003</ele>
   </trkpt>
   <trkpt lat="49.74902000426067" lon="-119.50007001562024">
    <ele>1227.15</ele>
   </trkpt>
   <trkpt lat="49.749550000000006" lon="-119.49936000000001">
    <ele>1226.68</ele>
   </trkpt>
   <trkpt lat="49.750160002614706" lon="-119.49857500992023">
    <ele>1226.5400000000002</ele>
   </trkpt>
   <trkpt lat="49.75077" lon="-119.49779000000001">
    <ele>1226.69</ele>
   </trkpt>
   <trkpt lat="49.751290000000004" lon="-119.49707000000001">
    <ele>1226.45</ele>
   </trkpt>
   <trkpt lat="49.75175" lon="-119.49676000000001">
    <ele>1226.46</ele>
   </trkpt>
   <trkpt lat="49.75197000000001" lon="-119.4967">
    <ele>1226.4400000000003</ele>
   </trkpt>
   <trkpt lat="49.75231" lon="-119.49666">
    <ele>1226.23</ele>
   </trkpt>
   <trkpt lat="49.75302666661135" lon="-119.49665666676545">
    <ele>1226.1200000000001</ele>
   </trkpt>
   <trkpt lat="49.75374333322258" lon="-119.49665333343236">
    <ele>1226.2700000000002</ele>
   </trkpt>
   <trkpt lat="49.75446" lon="-119.49665000000002">
    <ele>1226.41</ele>
   </trkpt>
   <trkpt lat="49.754740000000005" lon="-119.49661">
    <ele>1226.31</ele>
   </trkpt>
   <trkpt lat="49.755140000000004" lon="-119.49644">
    <ele>1226.02</ele>
   </trkpt>
   <trkpt lat="49.75544000000001" lon="-119.49621">
    <ele>1226.25</ele>
   </trkpt>
   <trkpt lat="49.75612667128003" lon="-119.49547668745063">
    <ele>1225.96</ele>
   </trkpt>
   <trkpt lat="49.7568133379317" lon="-119.49474335413369">
    <ele>1226.07</ele>
   </trkpt>
   <trkpt lat="49.75750000000001" lon="-119.49401">
    <ele>1226.05</ele>
   </trkpt>
   <trkpt lat="49.7578" lon="-119.49368000000001">
    <ele>1226.05</ele>
   </trkpt>
   <trkpt lat="49.7578" lon="-119.49367000000001">
    <ele>1226.05</ele>
   </trkpt>
   <trkpt lat="49.75798" lon="-119.49334">
    <ele>1225.89</ele>
   </trkpt>
   <trkpt lat="49.758120000000005" lon="-119.49302000000002">
    <ele>1226.07</ele>
   </trkpt>
   <trkpt lat="49.758300000000006" lon="-119.49246000000001">
    <ele>1226.05</ele>
   </trkpt>
   <trkpt lat="49.758370000000006" lon="-119.492">
    <ele>1226.1200000000001</ele>
   </trkpt>
   <trkpt lat="49.75845500538497" lon="-119.49088000213526">
    <ele>1226.1399999999999</ele>
   </trkpt>
   <trkpt lat="49.75854" lon="-119.48976">
    <ele>1226.6000000000001</ele>
   </trkpt>
   <trkpt lat="49.75862000000001" lon="-119.48922">
    <ele>1226.5400000000002</ele>
   </trkpt>
   <trkpt lat="49.758750000000006" lon="-119.48878">
    <ele>1226.23</ele>
   </trkpt>
   <trkpt lat="49.75893000000001" lon="-119.48842">
    <ele>1226.17</ele>
   </trkpt>
   <trkpt lat="49.75921" lon="-119.48802">
    <ele>1226.3200000000002</ele>
   </trkpt>
   <trkpt lat="49.75958000084259" lon="-119.4875750034072">
    <ele>1226.5600000000002</ele>
   </trkpt>
   <trkpt lat="49.75995" lon="-119.48713000000001">
    <ele>1226.64</ele>
   </trkpt>
   <trkpt lat="49.76014000000001" lon="-119.48673000000001">
    <ele>1226.4</ele>
   </trkpt>
   <trkpt lat="49.76024" lon="-119.4864">
    <ele>1226.38</ele>
   </trkpt>
   <trkpt lat="49.7603" lon="-119.48606000000001">
    <ele>1226.5600000000002</ele>
   </trkpt>
   <trkpt lat="49.76035" lon="-119.48561000000001">
    <ele>1226.63</ele>
   </trkpt>
   <trkpt lat="49.76039501409886" lon="-119.48456500288158">
    <ele>1226.7700000000002</ele>
   </trkpt>
   <trkpt lat="49.760440018799336" lon="-119.48352000382305">
    <ele>1226.45</ele>
   </trkpt>
   <trkpt lat="49.76048501410134" lon="-119.4824750028248">
    <ele>1226.79</ele>
   </trkpt>
   <trkpt lat="49.76053" lon="-119.48143">
    <ele>1226.92</ele>
   </trkpt>
   <trkpt lat="49.76059836623847" lon="-119.4801933420529">
    <ele>1226.93</ele>
   </trkpt>
   <trkpt lat="49.76066671931489" lon="-119.47895668061875">
    <ele>1226.63</ele>
   </trkpt>
   <trkpt lat="49.76073505922917" lon="-119.47772001569815">
    <ele>1226.28</ele>
   </trkpt>
   <trkpt lat="49.760803385981276" lon="-119.47648334729176">
    <ele>1226.6100000000001</ele>
   </trkpt>
   <trkpt lat="49.76087169957114" lon="-119.47524667540031">
    <ele>1227.0</ele>
   </trkpt>
   <trkpt lat="49.760940000000005" lon="-119.47401">
    <ele>1226.68</ele>
   </trkpt>
   <trkpt lat="49.76091" lon="-119.47275">
    <ele>1226.42</ele>
   </trkpt>
   <trkpt lat="49.760840002673994" lon="-119.47196499911612">
    <ele>1226.5600000000002</ele>
   </trkpt>
   <trkpt lat="49.76077" lon="-119.47118">
    <ele>1226.67</ele>
   </trkpt>
   <trkpt lat="49.76060251368801" lon="-119.47014998927692">
    <ele>1226.89</ele>
   </trkpt>
   <trkpt lat="49.76043501824533" lon="-119.46911998566995">
    <ele>1226.5700000000002</ele>
   </trkpt>
   <trkpt lat="49.76026751367209" lon="-119.46808998917939">
    <ele>1226.5600000000002</ele>
   </trkpt>
   <trkpt lat="49.7601" lon="-119.46706">
    <ele>1226.9800000000002</ele>
   </trkpt>
   <trkpt lat="49.7599266749741" lon="-119.46607665955372">
    <ele>1226.99</ele>
   </trkpt>
   <trkpt lat="49.75975334162618" lon="-119.46509332613775">
    <ele>1226.8000000000002</ele>
   </trkpt>
   <trkpt lat="49.75958000000001" lon="-119.46411">
    <ele>1226.3500000000001</ele>
   </trkpt>
   <trkpt lat="49.75937001544699" lon="-119.46276998834928">
    <ele>1226.5100000000002</ele>
   </trkpt>
   <trkpt lat="49.75916001544" lon="-119.46142998830508">
    <ele>1226.01</ele>
   </trkpt>
   <trkpt lat="49.758950000000006" lon="-119.46009000000001">
    <ele>1225.84</ele>
   </trkpt>
   <trkpt lat="49.7588" lon="-119.45928">
    <ele>1225.8</ele>
   </trkpt>
   <trkpt lat="49.758630000000004" lon="-119.45859000000002">
    <ele>1225.89</ele>
   </trkpt>
   <trkpt lat="49.75842" lon="-119.45806">
    <ele>1226.28</ele>
   </trkpt>
   <trkpt lat="49.75795" lon="-119.45716000000002">
    <ele>1226.6100000000001</ele>
   </trkpt>
   <trkpt lat="49.75770000166154" lon="-119.45655999717634">
    <ele>1226.55</ele>
   </trkpt>
   <trkpt lat="49.757450000000006" lon="-119.45596">
    <ele>1226.0300000000002</ele>
   </trkpt>
   <trkpt lat="49.757180000000005" lon="-119.45476000000001">
    <ele>1226.28</ele>
   </trkpt>
   <trkpt lat="49.757090000000005" lon="-119.45399">
    <ele>1226.24</ele>
   </trkpt>
   <trkpt lat="49.75690000274025" lon="-119.45318499664086">
    <ele>1225.77</ele>
   </trkpt>
   <trkpt lat="49.756710000000005" lon="-119.45238">
    <ele>1225.53</ele>
   </trkpt>
   <trkpt lat="49.75638000000001" lon="-119.4513">
    <ele>1225.44</ele>
   </trkpt>
   <trkpt lat="49.756130000000006" lon="-119.45067000000002">
    <ele>1225.0</ele>
   </trkpt>
   <trkpt lat="49.75584500182332" lon="-119.45002499628409">
    <ele>1225.8200000000002</ele>
   </trkpt>
   <trkpt lat="49.75556" lon="-119.44938">
    <ele>1226.0900000000001</ele>
   </trkpt>
   <trkpt lat="49.75504" lon="-119.44848">
    <ele>1226.25</ele>
   </trkpt>
   <trkpt lat="49.754720000000006" lon="-119.44801000000001">
    <ele>1226.64</ele>
   </trkpt>
   <trkpt lat="49.75450000000001" lon="-119.44772">
    <ele>1226.5600000000002</ele>
   </trkpt>
   <trkpt lat="49.75413" lon="-119.44728">
    <ele>1226.38</ele>
   </trkpt>
   <trkpt lat="49.753600000000006" lon="-119.44687">
    <ele>1226.58</ele>
   </trkpt>
   <trkpt lat="49.75321" lon="-119.44661">
    <ele>1226.5900000000001</ele>
   </trkpt>
   <trkpt lat="49.75271000000001" lon="-119.44642">
    <ele>1226.5400000000002</ele>
   </trkpt>
   <trkpt lat="49.752190000000006" lon="-119.44615">
    <ele>1226.48</ele>
   </trkpt>
   <trkpt lat="49.75186" lon="-119.44584">
    <ele>1226.48</ele>
   </trkpt>
   <trkpt lat="49.751630000000006" lon="-119.44552000000002">
    <ele>1226.28</ele>
   </trkpt>
   <trkpt lat="49.75144" lon="-119.44499">
    <ele>1226.17</ele>
   </trkpt>
   <trkpt lat="49.75137" lon="-119.4445">
    <ele>1226.0000000000002</ele>
   </trkpt>
   <trkpt lat="49.75133" lon="-119.44396">
    <ele>1225.46</ele>
   </trkpt>
   <trkpt lat="49.751400000000004" lon="-119.44356">
    <ele>1225.39</ele>
   </trkpt>
   <trkpt lat="49.75153" lon="-119.44308000000001">
    <ele>1225.8300000000002</ele>
   </trkpt>
   <trkpt lat="49.75189" lon="-119.44253">
    <ele>1226.5300000000002</ele>
   </trkpt>
   <trkpt lat="49.75217000000001" lon="-119.44231">
    <ele>1226.6100000000001</ele>
   </trkpt>
   <trkpt lat="49.752390000000005" lon="-119.44223000000001">
    <ele>1226.4700000000003</ele>
   </trkpt>
   <trkpt lat="49.752750000000006" lon="-119.44218000000001">
    <ele>1226.42</ele>
   </trkpt>
   <trkpt lat="49.75347499996382" lon="-119.44217750011224">
    <ele>1226.3200000000002</ele>
   </trkpt>
   <trkpt lat="49.75419999992757" lon="-119.44217500014975">
    <ele>1225.94</ele>
   </trkpt>
   <trkpt lat="49.75492499989127" lon="-119.44217250011249">
    <ele>1225.92</ele>
   </trkpt>
   <trkpt lat="49.75565" lon="-119.44217">
    <ele>1226.15</ele>
   </trkpt>
   <trkpt lat="49.755950000000006" lon="-119.44208">
    <ele>1226.17</ele>
   </trkpt>
   <trkpt lat="49.75632" lon="-119.44186">
    <ele>1226.25</ele>
   </trkpt>
   <trkpt lat="49.756640000000004" lon="-119.44141">
    <ele>1226.39</ele>
   </trkpt>
   <trkpt lat="49.75685000000001" lon="-119.44092">
    <ele>1226.4400000000003</ele>
   </trkpt>
   <trkpt lat="49.756930000000004" lon="-119.44038">
    <ele>1226.42</ele>
   </trkpt>
   <trkpt lat="49.756930000000004" lon="-119.43993">
    <ele>1226.1200000000001</ele>
   </trkpt>
   <trkpt lat="49.756870000000006" lon="-119.43948">
    <ele>1225.94</ele>
   </trkpt>
   <trkpt lat="49.75662334439818" lon="-119.43834665518327">
    <ele>1225.75</ele>
   </trkpt>
   <trkpt lat="49.75637667774151" lon="-119.43721332189602">
    <ele>1226.02</ele>
   </trkpt>
   <trkpt lat="49.756130000000006" lon="-119.43608">
    <ele>1226.23</ele>
   </trkpt>
   <trkpt lat="49.75603000236338" lon="-119.43533999852482">
    <ele>1226.01</ele>
   </trkpt>
   <trkpt lat="49.755930000000006" lon="-119.4346">
    <ele>1225.94</ele>
   </trkpt>
   <trkpt lat="49.75582202621071" lon="-119.43336598899475">
    <ele>1225.95</ele>
   </trkpt>
   <trkpt lat="49.75571403931537" lon="-119.43213198348492">
    <ele>1225.98</ele>
   </trkpt>
   <trkpt lat="49.75560603931411" lon="-119.43089798347111">
    <ele>1226.0900000000001</ele>
   </trkpt>
   <trkpt lat="49.755498026207036" lon="-119.42966398895396">
    <ele>1225.8500000000001</ele>
   </trkpt>
   <trkpt lat="49.755390000000006" lon="-119.42843">
    <ele>1225.7600000000002</ele>
   </trkpt>
   <trkpt lat="49.75526000000001" lon="-119.42775">
    <ele>1225.81</ele>
   </trkpt>
   <trkpt lat="49.75511" lon="-119.42718">
    <ele>1225.74</ele>
   </trkpt>
   <trkpt lat="49.75493" lon="-119.42660000000001">
    <ele>1225.74</ele>
   </trkpt>
   <trkpt lat="49.754630000000006" lon="-119.42584000000001">
    <ele>1225.96</ele>
   </trkpt>
   <trkpt lat="49.7541233422589" lon="-119.42482331214968">
    <ele>1225.8200000000002</ele>
   </trkpt>
   <trkpt lat="49.75361667562157" lon="-119.42380664554226">
    <ele>1225.78</ele>
   </trkpt>
   <trkpt lat="49.75311000000001" lon="-119.42279">
    <ele>1225.88</ele>
   </trkpt>
   <trkpt lat="49.752600004435294" lon="-119.42177998946926">
    <ele>1225.8</ele>
   </trkpt>
   <trkpt lat="49.75209" lon="-119.42077">
    <ele>1225.8500000000001</ele>
   </trkpt>
   <trkpt lat="49.75182" lon="-119.42028">
    <ele>1225.8200000000002</ele>
   </trkpt>
   <trkpt lat="49.75162" lon="-119.42000000000002">
    <ele>1225.8600000000001</ele>
   </trkpt>
   <trkpt lat="49.75091500245677" lon="-119.41923998892207">
    <ele>1225.92</ele>
   </trkpt>
   <trkpt lat="49.75021" lon="-119.41848000000002">
    <ele>1225.8999999999999</ele>
   </trkpt>
   <trkpt lat="49.74949" lon="-119.41777">
    <ele>1225.96</ele>
   </trkpt>
   <trkpt lat="49.74902" lon="-119.41754000000002">
    <ele>1225.8999999999999</ele>
   </trkpt>
   <trkpt lat="49.748560000000005" lon="-119.41741">
    <ele>1225.97</ele>
   </trkpt>
   <trkpt lat="49.748340000000006" lon="-119.41737">
    <ele>1225.98</ele>
   </trkpt>
   <trkpt lat="49.74753999996823" lon="-119.41734499958663">
    <ele>1225.93</ele>
   </trkpt>
   <trkpt lat="49.74674" lon="-119.41732">
    <ele>1225.89</ele>
   </trkpt>
   <trkpt lat="49.74638" lon="-119.41723">
    <ele>1226.22</ele>
   </trkpt>
   <trkpt lat="49.74589" lon="-119.41705">
    <ele>1226.43</ele>
   </trkpt>
   <trkpt lat="49.74530000000001" lon="-119.41661">
    <ele>1226.25</ele>
   </trkpt>
   <trkpt lat="49.74469500275003" lon="-119.41580498990939">
    <ele>1225.92</ele>
   </trkpt>
   <trkpt lat="49.74409000000001" lon="-119.415">
    <ele>1225.67</ele>
   </trkpt>
   <trkpt lat="49.743430000000004" lon="-119.41406">
    <ele>1225.7</ele>
   </trkpt>
   <trkpt lat="49.74291" lon="-119.41353000000001">
    <ele>1225.5800000000002</ele>
   </trkpt>
   <trkpt lat="49.742300000872795" lon="-119.41307499426586">
    <ele>1225.7300000000002</ele>
   </trkpt>
   <trkpt lat="49.741690000000006" lon="-119.41262">
    <ele>1225.24</ele>
   </trkpt>
   <trkpt lat="49.74143" lon="-119.41231">
    <ele>1225.21</ele>
   </trkpt>
   <trkpt lat="49.74132" lon="-119.41199">
    <ele>1225.27</ele>
   </trkpt>
   <trkpt lat="49.741220000000006" lon="-119.41137">
    <ele>1225.51</ele>
   </trkpt>
   <trkpt lat="49.74119" lon="-119.41089000000001">
    <ele>1225.48</ele>
   </trkpt>
   <trkpt lat="49.741220000000006" lon="-119.41047">
    <ele>1225.57</ele>
   </trkpt>
   <trkpt lat="49.741290000000006" lon="-119.41011">
    <ele>1225.48</ele>
   </trkpt>
   <trkpt lat="49.741420000000005" lon="-119.40976">
    <ele>1225.46</ele>
   </trkpt>
   <trkpt lat="49.74165000000001" lon="-119.40944">
    <ele>1225.43</ele>
   </trkpt>
   <trkpt lat="49.741910000000004" lon="-119.40914000000001">
    <ele>1225.48</ele>
   </trkpt>
   <trkpt lat="49.742160000000005" lon="-119.40899">
    <ele>1225.6200000000001</ele>
   </trkpt>
   <trkpt lat="49.742340000000006" lon="-119.40893000000001">
    <ele>1225.6</ele>
   </trkpt>
   <trkpt lat="49.742470000000004" lon="-119.40895">
    <ele>1225.6</ele>
   </trkpt>
   <trkpt lat="49.74334" lon="-119.40926">
    <ele>1225.57</ele>
   </trkpt>
   <trkpt lat="49.743810000185" lon="-119.40950999753342">
    <ele>1225.46</ele>
   </trkpt>
   <trkpt lat="49.74428" lon="-119.40976">
    <ele>1225.46</ele>
   </trkpt>
   <trkpt lat="49.744950000487506" lon="-119.41007999560296">
    <ele>1225.6100000000001</ele>
   </trkpt>
   <trkpt lat="49.74562" lon="-119.41040000000001">
    <ele>1225.7900000000002</ele>
   </trkpt>
   <trkpt lat="49.746295000537" lon="-119.41072499551753">
    <ele>1225.84</ele>
   </trkpt>
   <trkpt lat="49.746970000000005" lon="-119.41105">
    <ele>1225.96</ele>
   </trkpt>
   <trkpt lat="49.747550000000004" lon="-119.41115">
    <ele>1226.24</ele>
   </trkpt>
   <trkpt lat="49.74819" lon="-119.41114">
    <ele>1225.98</ele>
   </trkpt>
   <trkpt lat="49.74853" lon="-119.41118000000002">
    <ele>1225.7900000000002</ele>
   </trkpt>
   <trkpt lat="49.748990000000006" lon="-119.41142">
    <ele>1225.87</ele>
   </trkpt>
   <trkpt lat="49.74924000000001" lon="-119.41181">
    <ele>1225.87</ele>
   </trkpt>
   <trkpt lat="49.749480000000005" lon="-119.41204">
    <ele>1225.8</ele>
   </trkpt>
   <trkpt lat="49.74999500010697" lon="-119.41226999750408">
    <ele>1225.64</ele>
   </trkpt>
   <trkpt lat="49.750510000000006" lon="-119.41250000000001">
    <ele>1225.57</ele>
   </trkpt>
   <trkpt lat="49.75112000006859" lon="-119.41262999836414">
    <ele>1225.7</ele>
   </trkpt>
   <trkpt lat="49.75173" lon="-119.41276">
    <ele>1225.95</ele>
   </trkpt>
   <trkpt lat="49.752120000000005" lon="-119.4128">
    <ele>1225.77</ele>
   </trkpt>
   <trkpt lat="49.75255000000001" lon="-119.41293">
    <ele>1225.95</ele>
   </trkpt>
   <trkpt lat="49.753417500503375" lon="-119.41313248912743">
    <ele>1225.97</ele>
   </trkpt>
   <trkpt lat="49.75428500065383" lon="-119.41333498549885">
    <ele>1225.92</ele>
   </trkpt>
   <trkpt lat="49.755152500451366" lon="-119.4135374891148">
    <ele>1225.81</ele>
   </trkpt>
   <trkpt lat="49.75602000000001" lon="-119.41374">
    <ele>1225.92</ele>
   </trkpt>
   <trkpt lat="49.75667666696395" lon="-119.41390332892662">
    <ele>1225.84</ele>
   </trkpt>
   <trkpt lat="49.757333333698305" lon="-119.4140666622767">
    <ele>1225.65</ele>
   </trkpt>
   <trkpt lat="49.75799000000001" lon="-119.41423">
    <ele>1225.36</ele>
   </trkpt>
   <trkpt lat="49.758840000000006" lon="-119.41465000000001">
    <ele>1225.39</ele>
   </trkpt>
   <trkpt lat="49.75958000000001" lon="-119.41495">
    <ele>1225.4900000000002</ele>
   </trkpt>
   <trkpt lat="49.760210000368836" lon="-119.41514666156722">
    <ele>1225.5600000000002</ele>
   </trkpt>
   <trkpt lat="49.76084000040479" lon="-119.41534332824504">
    <ele>1225.5</ele>
   </trkpt>
   <trkpt lat="49.76147" lon="-119.41554000000001">
    <ele>1225.5900000000001</ele>
   </trkpt>
   <trkpt lat="49.76196" lon="-119.41575">
    <ele>1225.4900000000002</ele>
   </trkpt>
   <trkpt lat="49.76272" lon="-119.41616">
    <ele>1225.5500000000002</ele>
   </trkpt>
   <trkpt lat="49.76347500073004" lon="-119.41657999344322">
    <ele>1225.54</ele>
   </trkpt>
   <trkpt lat="49.764230000000005" lon="-119.41700000000002">
    <ele>1225.3200000000002</ele>
   </trkpt>
   <trkpt lat="49.764770000000006" lon="-119.41723">
    <ele>1225.3700000000001</ele>
   </trkpt>
   <trkpt lat="49.76525" lon="-119.41732">
    <ele>1225.53</ele>
   </trkpt>
   <trkpt lat="49.76563" lon="-119.41728">
    <ele>1225.5500000000002</ele>
   </trkpt>
   <trkpt lat="49.766500000367294" lon="-119.41701000482902">
    <ele>1225.29</ele>
   </trkpt>
   <trkpt lat="49.76737000000001" lon="-119.41674">
    <ele>1225.27</ele>
   </trkpt>
   <trkpt lat="49.76807666722552" lon="-119.41649000728184">
    <ele>1225.5600000000002</ele>
   </trkpt>
   <trkpt lat="49.768783333913184" lon="-119.41624000727454">
    <ele>1225.48</ele>
   </trkpt>
   <trkpt lat="49.769490000000005" lon="-119.41599000000001">
    <ele>1225.47</ele>
   </trkpt>
   <trkpt lat="49.77" lon="-119.41562">
    <ele>1225.4900000000002</ele>
   </trkpt>
   <trkpt lat="49.77031" lon="-119.41521000000002">
    <ele>1225.48</ele>
   </trkpt>
   <trkpt lat="49.77066000171718" lon="-119.41457500461787">
    <ele>1225.53</ele>
   </trkpt>
   <trkpt lat="49.771010000000004" lon="-119.41394000000001">
    <ele>1226.0300000000002</ele>
   </trkpt>
   <trkpt lat="49.771440000000005" lon="-119.41325">
    <ele>1225.97</ele>
   </trkpt>
   <trkpt lat="49.77213000207048" lon="-119.41255500990246">
    <ele>1225.93</ele>
   </trkpt>
   <trkpt lat="49.77282" lon="-119.41186">
    <ele>1225.65</ele>
   </trkpt>
   <trkpt lat="49.77311" lon="-119.41145000000002">
    <ele>1225.71</ele>
   </trkpt>
   <trkpt lat="49.773390000000006" lon="-119.41088">
    <ele>1225.88</ele>
   </trkpt>
   <trkpt lat="49.7736" lon="-119.41035000000001">
    <ele>1225.8999999999999</ele>
   </trkpt>
   <trkpt lat="49.773830000000004" lon="-119.40962">
    <ele>1225.7600000000002</ele>
   </trkpt>
   <trkpt lat="49.77409" lon="-119.40873">
    <ele>1225.71</ele>
   </trkpt>
   <trkpt lat="49.77441" lon="-119.40788">
    <ele>1225.77</ele>
   </trkpt>
   <trkpt lat="49.7745" lon="-119.4077">
    <ele>1225.77</ele>
   </trkpt>
   <trkpt lat="49.77487000000001" lon="-119.40708000000001">
    <ele>1225.65</ele>
   </trkpt>
   <trkpt lat="49.7751" lon="-119.40666000000002">
    <ele>1225.89</ele>
   </trkpt>
   <trkpt lat="49.77561000000001" lon="-119.40555">
    <ele>1226.1200000000001</ele>
   </trkpt>
   <trkpt lat="49.77586500255607" lon="-119.40476500442458">
    <ele>1226.11</ele>
   </trkpt>
   <trkpt lat="49.776120000000006" lon="-119.40398">
    <ele>1226.66</ele>
   </trkpt>
   <trkpt lat="49.77635" lon="-119.40320000000001">
    <ele>1227.1100000000001</ele>
   </trkpt>
   <trkpt lat="49.77667" lon="-119.40232">
    <ele>1227.51</ele>
   </trkpt>
   <trkpt lat="49.77703" lon="-119.40144000000001">
    <ele>1227.18</ele>
   </trkpt>
   <trkpt lat="49.77734" lon="-119.40093000000002">
    <ele>1227.18</ele>
   </trkpt>
   <trkpt lat="49.777820000000006" lon="-119.4">
    <ele>1227.97</ele>
   </trkpt>
   <trkpt lat="49.77819" lon="-119.39914">
    <ele>1228.64</ele>
   </trkpt>
   <trkpt lat="49.77849000264877" lon="-119.39836000474862">
    <ele>1228.6100000000001</ele>
   </trkpt>
   <trkpt lat="49.77879" lon="-119.39758">
    <ele>1228.43</ele>
   </trkpt>
   <trkpt lat="49.779115003662135" lon="-119.39666000611334">
    <ele>1229.09</ele>
   </trkpt>
   <trkpt lat="49.77944" lon="-119.39574">
    <ele>1229.2</ele>
   </trkpt>
   <trkpt lat="49.77962" lon="-119.39499">
    <ele>1229.95</ele>
   </trkpt>
   <trkpt lat="49.77980000357726" lon="-119.39407500352671">
    <ele>1230.0900000000001</ele>
   </trkpt>
   <trkpt lat="49.77998" lon="-119.39316000000001">
    <ele>1230.46</ele>
   </trkpt>
   <trkpt lat="49.780190000000005" lon="-119.39248">
    <ele>1230.88</ele>
   </trkpt>
   <trkpt lat="49.78042000000001" lon="-119.39186000000001">
    <ele>1231.18</ele>
   </trkpt>
   <trkpt lat="49.780866676331414" lon="-119.39080001955412">
    <ele>1231.2800000000002</ele>
   </trkpt>
   <trkpt lat="49.781313342993954" lon="-119.38974001956424">
    <ele>1232.04</ele>
   </trkpt>
   <trkpt lat="49.781760000000006" lon="-119.38868000000001">
    <ele>1232.07</ele>
   </trkpt>
   <trkpt lat="49.78207500272741" lon="-119.38787000551208">
    <ele>1232.19</ele>
   </trkpt>
   <trkpt lat="49.78239000000001" lon="-119.38706">
    <ele>1232.64</ele>
   </trkpt>
   <trkpt lat="49.78268001619448" lon="-119.38594002010137">
    <ele>1233.1000000000001</ele>
   </trkpt>
   <trkpt lat="49.78297002159472" lon="-119.3848200267943">
    <ele>1233.43</ele>
   </trkpt>
   <trkpt lat="49.78326001620046" lon="-119.38370002007902">
    <ele>1233.65</ele>
   </trkpt>
   <trkpt lat="49.783550000000005" lon="-119.38258">
    <ele>1233.78</ele>
   </trkpt>
   <trkpt lat="49.78379000488829" lon="-119.38151000546922">
    <ele>1234.07</ele>
   </trkpt>
   <trkpt lat="49.78403" lon="-119.38044000000001">
    <ele>1234.25</ele>
   </trkpt>
   <trkpt lat="49.78412" lon="-119.37967">
    <ele>1234.96</ele>
   </trkpt>
   <trkpt lat="49.784130000000005" lon="-119.37918">
    <ele>1235.24</ele>
   </trkpt>
   <trkpt lat="49.78412" lon="-119.37868">
    <ele>1235.0700000000002</ele>
   </trkpt>
   <trkpt lat="49.78414" lon="-119.37815">
    <ele>1235.03</ele>
   </trkpt>
   <trkpt lat="49.784220000000005" lon="-119.37752">
    <ele>1235.09</ele>
   </trkpt>
   <trkpt lat="49.78443000000001" lon="-119.3769">
    <ele>1234.8000000000002</ele>
   </trkpt>
   <trkpt lat="49.784780000000005" lon="-119.37632">
    <ele>1235.36</ele>
   </trkpt>
   <trkpt lat="49.785320000000006" lon="-119.37577">
    <ele>1236.07</ele>
   </trkpt>
   <trkpt lat="49.7860920073845" lon="-119.37511604167018">
    <ele>1236.39</ele>
   </trkpt>
   <trkpt lat="49.78686401108878" lon="-119.3744620624964">
    <ele>1236.97</ele>
   </trkpt>
   <trkpt lat="49.78763601111264" lon="-119.37380806247751">
    <ele>1237.4</ele>
   </trkpt>
   <trkpt lat="49.78840800745585" lon="-119.37315404161237">
    <ele>1237.64</ele>
   </trkpt>
   <trkpt lat="49.78918" lon="-119.37250000000002">
    <ele>1238.13</ele>
   </trkpt>
   <trkpt lat="49.78961" lon="-119.37193">
    <ele>1238.49</ele>
   </trkpt>
   <trkpt lat="49.79024000386742" lon="-119.37097501250744">
    <ele>1239.0800000000002</ele>
   </trkpt>
   <trkpt lat="49.790870000000005" lon="-119.37002000000001">
    <ele>1239.65</ele>
   </trkpt>
   <trkpt lat="49.79121000000001" lon="-119.36942">
    <ele>1239.72</ele>
   </trkpt>
   <trkpt lat="49.79159000000001" lon="-119.36866">
    <ele>1239.95</ele>
   </trkpt>
   <trkpt lat="49.791880000000006" lon="-119.36767">
    <ele>1240.52</ele>
   </trkpt>
   <trkpt lat="49.79226002259923" lon="-119.36652403597338">
    <ele>1240.64</ele>
   </trkpt>
   <trkpt lat="49.792640033898145" lon="-119.36537805396317">
    <ele>1241.0</ele>
   </trkpt>
   <trkpt lat="49.793020033896404" lon="-119.36423205396946">
    <ele>1241.4900000000002</ele>
   </trkpt>
   <trkpt lat="49.79340002259366" lon="-119.3630860359922">
    <ele>1241.66</ele>
   </trkpt>
   <trkpt lat="49.793780000000005" lon="-119.36194">
    <ele>1241.8200000000002</ele>
   </trkpt>
   <trkpt lat="49.79412000000001" lon="-119.36078">
    <ele>1242.2900000000002</ele>
   </trkpt>
   <trkpt lat="49.79437251707161" lon="-119.35963001797859">
    <ele>1242.6200000000001</ele>
   </trkpt>
   <trkpt lat="49.79462502276372" lon="-119.35848002396486">
    <ele>1243.6299999999999</ele>
   </trkpt>
   <trkpt lat="49.79487751707607" lon="-119.35733001795903">
    <ele>1243.3100000000002</ele>
   </trkpt>
   <trkpt lat="49.79513000000001" lon="-119.35618000000001">
    <ele>1243.53</ele>
   </trkpt>
   <trkpt lat="49.795300000000005" lon="-119.35531">
    <ele>1243.91</ele>
   </trkpt>
   <trkpt lat="49.79538500247338" lon="-119.35455000143804">
    <ele>1244.2600000000002</ele>
   </trkpt>
   <trkpt lat="49.79547" lon="-119.35379">
    <ele>1244.6000000000001</ele>
   </trkpt>
   <trkpt lat="49.79555000379628" lon="-119.35285000161467">
    <ele>1244.92</ele>
   </trkpt>
   <trkpt lat="49.79563" lon="-119.35191">
    <ele>1245.26</ele>
   </trkpt>
   <trkpt lat="49.79560000000001" lon="-119.35124">
    <ele>1245.6100000000001</ele>
   </trkpt>
   <trkpt lat="49.795500000000004" lon="-119.35008">
    <ele>1245.97</ele>
   </trkpt>
   <trkpt lat="49.795320000000004" lon="-119.34923">
    <ele>1246.15</ele>
   </trkpt>
   <trkpt lat="49.795006679627015" lon="-119.34800331750964">
    <ele>1246.64</ele>
   </trkpt>
   <trkpt lat="49.79469334630626" lon="-119.34677665089256">
    <ele>1246.97</ele>
   </trkpt>
   <trkpt lat="49.794380000000004" lon="-119.34555">
    <ele>1247.51</ele>
   </trkpt>
   <trkpt lat="49.79426" lon="-119.34515">
    <ele>1247.8</ele>
   </trkpt>
   <trkpt lat="49.79406" lon="-119.34479">
    <ele>1248.0800000000002</ele>
   </trkpt>
   <trkpt lat="49.79365500156477" lon="-119.34417499476208">
    <ele>1248.68</ele>
   </trkpt>
   <trkpt lat="49.79325000000001" lon="-119.34356000000001">
    <ele>1248.76</ele>
   </trkpt>
   <trkpt lat="49.7926950050754" lon="-119.34247498758691">
    <ele>1249.0100000000002</ele>
   </trkpt>
   <trkpt lat="49.79214" lon="-119.34139">
    <ele>1249.41</ele>
   </trkpt>
   <trkpt lat="49.79186000000001" lon="-119.34055000000001">
    <ele>1250.0300000000002</ele>
   </trkpt>
   <trkpt lat="49.791790000000006" lon="-119.34023">
    <ele>1250.07</ele>
   </trkpt>
   <trkpt lat="49.79178" lon="-119.33991">
    <ele>1250.21</ele>
   </trkpt>
   <trkpt lat="49.791830000000004" lon="-119.33933">
    <ele>1250.4700000000003</ele>
   </trkpt>
   <trkpt lat="49.79196" lon="-119.33888">
    <ele>1250.73</ele>
   </trkpt>
   <trkpt lat="49.79233500182732" lon="-119.33825500459481">
    <ele>1250.96</ele>
   </trkpt>
   <trkpt lat="49.79271000000001" lon="-119.33763">
    <ele>1250.94</ele>
   </trkpt>
   <trkpt lat="49.793160001628536" lon="-119.33703000546879">
    <ele>1251.36</ele>
   </trkpt>
   <trkpt lat="49.79361" lon="-119.33643000000001">
    <ele>1251.7800000000002</ele>
   </trkpt>
   <trkpt lat="49.79413" lon="-119.33584">
    <ele>1252.01</ele>
   </trkpt>
   <trkpt lat="49.79478" lon="-119.33518000000001">
    <ele>1252.2300000000002</ele>
   </trkpt>
   <trkpt lat="49.79516" lon="-119.33469000000001">
    <ele>1252.41</ele>
   </trkpt>
   <trkpt lat="49.79533000000001" lon="-119.33423">
    <ele>1252.72</ele>
   </trkpt>
   <trkpt lat="49.795390000000005" lon="-119.33396">
    <ele>1252.75</ele>
   </trkpt>
   <trkpt lat="49.79543" lon="-119.3336">
    <ele>1252.7700000000002</ele>
   </trkpt>
   <trkpt lat="49.79543" lon="-119.33333">
    <ele>1252.8700000000001</ele>
   </trkpt>
   <trkpt lat="49.79536" lon="-119.3328">
    <ele>1253.0100000000002</ele>
   </trkpt>
   <trkpt lat="49.795280000000005" lon="-119.33253">
    <ele>1253.0800000000002</ele>
   </trkpt>
   <trkpt lat="49.795080000000006" lon="-119.33208">
    <ele>1253.12</ele>
   </trkpt>
   <trkpt lat="49.79471000145042" lon="-119.33151999587463">
    <ele>1253.05</ele>
   </trkpt>
   <trkpt lat="49.794340000000005" lon="-119.33096">
    <ele>1253.4</ele>
   </trkpt>
   <trkpt lat="49.794060002377584" lon="-119.3302199957786">
    <ele>1253.53</ele>
   </trkpt>
   <trkpt lat="49.793780000000005" lon="-119.32948">
    <ele>1253.88</ele>
   </trkpt>
   <trkpt lat="49.793670000000006" lon="-119.3293">
    <ele>1253.88</ele>
   </trkpt>
   <trkpt lat="49.79336000000001" lon="-119.3289">
    <ele>1254.0200000000002</ele>
   </trkpt>
   <trkpt lat="49.792840002205814" lon="-119.32839332245022">
    <ele>1254.45</ele>
   </trkpt>
   <trkpt lat="49.792320002202636" lon="-119.3278866557806">
    <ele>1254.7</ele>
   </trkpt>
   <trkpt lat="49.7918" lon="-119.32738">
    <ele>1254.8700000000001</ele>
   </trkpt>
   <trkpt lat="49.79144" lon="-119.32706">
    <ele>1255.3</ele>
   </trkpt>
   <trkpt lat="49.791230000000006" lon="-119.32690000000001">
    <ele>1255.45</ele>
   </trkpt>
   <trkpt lat="49.79106" lon="-119.32685000000001">
    <ele>1255.5200000000002</ele>
   </trkpt>
   <trkpt lat="49.79086" lon="-119.32684">
    <ele>1255.6100000000001</ele>
   </trkpt>
   <trkpt lat="49.790530000000004" lon="-119.32694000000001">
    <ele>1255.7200000000003</ele>
   </trkpt>
   <trkpt lat="49.79026" lon="-119.32706">
    <ele>1255.7200000000003</ele>
   </trkpt>
   <trkpt lat="49.789750000000005" lon="-119.32739000000001">
    <ele>1256.0800000000002</ele>
   </trkpt>
   <trkpt lat="49.78929" lon="-119.32757000000001">
    <ele>1256.71</ele>
   </trkpt>
   <trkpt lat="49.788990000000005" lon="-119.32765">
    <ele>1256.8000000000002</ele>
   </trkpt>
   <trkpt lat="49.78869" lon="-119.32761">
    <ele>1256.9800000000002</ele>
   </trkpt>
   <trkpt lat="49.788470000000004" lon="-119.32751">
    <ele>1257.06</ele>
   </trkpt>
   <trkpt lat="49.788160000000005" lon="-119.32729">
    <ele>1257.22</ele>
   </trkpt>
   <trkpt lat="49.78788" lon="-119.32689">
    <ele>1257.22</ele>
   </trkpt>
   <trkpt lat="49.78753500228633" lon="-119.32616999498867">
    <ele>1257.3899999999999</ele>
   </trkpt>
   <trkpt lat="49.78719" lon="-119.32545">
    <ele>1257.5</ele>
   </trkpt>
   <trkpt lat="49.78683" lon="-119.325">
    <ele>1257.8700000000001</ele>
   </trkpt>
   <trkpt lat="49.78615500168686" lon="-119.32434999081676">
    <ele>1258.0</ele>
   </trkpt>
   <trkpt lat="49.78548000000001" lon="-119.32370000000002">
    <ele>1258.38</ele>
   </trkpt>
   <trkpt lat="49.78499" lon="-119.3233">
    <ele>1258.3200000000002</ele>
   </trkpt>
   <trkpt lat="49.78452" lon="-119.32312">
    <ele>1258.6200000000001</ele>
   </trkpt>
   <trkpt lat="49.78428" lon="-119.32303">
    <ele>1258.75</ele>
   </trkpt>
   <trkpt lat="49.78403" lon="-119.32299">
    <ele>1259.41</ele>
   </trkpt>
   <trkpt lat="49.78372" lon="-119.32303">
    <ele>1259.45</ele>
   </trkpt>
   <trkpt lat="49.78302000000001" lon="-119.3233">
    <ele>1259.71</ele>
   </trkpt>
   <trkpt lat="49.78247500065219" lon="-119.32369000438872">
    <ele>1259.3500000000001</ele>
   </trkpt>
   <trkpt lat="49.78193" lon="-119.32408000000001">
    <ele>1258.52</ele>
   </trkpt>
   <trkpt lat="49.78159" lon="-119.32403000000001">
    <ele>1258.18</ele>
   </trkpt>
   <trkpt lat="49.78144" lon="-119.32411">
    <ele>1258.71</ele>
   </trkpt>
   <trkpt lat="49.7813" lon="-119.32424">
    <ele>1259.6900000000003</ele>
   </trkpt>
   <trkpt lat="49.78114" lon="-119.32448000000001">
    <ele>1260.3300000000002</ele>
   </trkpt>
   <trkpt lat="49.78063" lon="-119.32483">
    <ele>1260.64</ele>
   </trkpt>
   <trkpt lat="49.78029" lon="-119.32501">
    <ele>1260.69</ele>
   </trkpt>
   <trkpt lat="49.77957000000001" lon="-119.32515000000001">
    <ele>1260.92</ele>
   </trkpt>
   <trkpt lat="49.779250000000005" lon="-119.32531000000002">
    <ele>1261.02</ele>
   </trkpt>
   <trkpt lat="49.77897" lon="-119.32549000000002">
    <ele>1261.19</ele>
   </trkpt>
   <trkpt lat="49.77855" lon="-119.32603">
    <ele>1261.26</ele>
   </trkpt>
   <trkpt lat="49.77825000000001" lon="-119.32652000000002">
    <ele>1261.8100000000002</ele>
   </trkpt>
   <trkpt lat="49.778110000000005" lon="-119.32671">
    <ele>1261.8100000000002</ele>
   </trkpt>
   <trkpt lat="49.778000000000006" lon="-119.32681000000001">
    <ele>1262.01</ele>
   </trkpt>
   <trkpt lat="49.777710000000006" lon="-119.32702">
    <ele>1262.01</ele>
   </trkpt>
   <trkpt lat="49.777530000000006" lon="-119.32710000000002">
    <ele>1262.01</ele>
   </trkpt>
   <trkpt lat="49.77694" lon="-119.32718000000001">
    <ele>1262.46</ele>
   </trkpt>
   <trkpt lat="49.77667" lon="-119.32724">
    <ele>1262.51</ele>
   </trkpt>
   <trkpt lat="49.77617000000001" lon="-119.32747">
    <ele>1262.5700000000002</ele>
   </trkpt>
   <trkpt lat="49.77552333524319" lon="-119.32794667942157">
    <ele>1262.8100000000002</ele>
   </trkpt>
   <trkpt lat="49.77487666853103" lon="-119.32842334612155">
    <ele>1263.0700000000002</ele>
   </trkpt>
   <trkpt lat="49.77423" lon="-119.3289">
    <ele>1263.68</ele>
   </trkpt>
   <trkpt lat="49.77404000000001" lon="-119.32901000000001">
    <ele>1263.93</ele>
   </trkpt>
   <trkpt lat="49.773920000000004" lon="-119.32907000000002">
    <ele>1263.93</ele>
   </trkpt>
   <trkpt lat="49.77369" lon="-119.32908">
    <ele>1264.1100000000001</ele>
   </trkpt>
   <trkpt lat="49.77344" lon="-119.32904">
    <ele>1264.45</ele>
   </trkpt>
   <trkpt lat="49.77315" lon="-119.3289">
    <ele>1264.6000000000001</ele>
   </trkpt>
   <trkpt lat="49.772980000000004" lon="-119.32872">
    <ele>1264.6000000000001</ele>
   </trkpt>
   <trkpt lat="49.772740000000006" lon="-119.32841">
    <ele>1264.8100000000002</ele>
   </trkpt>
   <trkpt lat="49.772580000000005" lon="-119.32805">
    <ele>1264.8300000000002</ele>
   </trkpt>
   <trkpt lat="49.77248" lon="-119.32770000000001">
    <ele>1264.68</ele>
   </trkpt>
   <trkpt lat="49.77243000000001" lon="-119.32738">
    <ele>1264.58</ele>
   </trkpt>
   <trkpt lat="49.77235" lon="-119.32612">
    <ele>1264.5900000000001</ele>
   </trkpt>
   <trkpt lat="49.77239" lon="-119.32567000000002">
    <ele>1264.67</ele>
   </trkpt>
   <trkpt lat="49.772470000000006" lon="-119.32528">
    <ele>1265.02</ele>
   </trkpt>
   <trkpt lat="49.77272000000001" lon="-119.32469">
    <ele>1265.26</ele>
   </trkpt>
   <trkpt lat="49.77288" lon="-119.32446000000002">
    <ele>1265.26</ele>
   </trkpt>
   <trkpt lat="49.773250000000004" lon="-119.32411">
    <ele>1265.16</ele>
   </trkpt>
   <trkpt lat="49.773990000000005" lon="-119.32353">
    <ele>1265.5200000000002</ele>
   </trkpt>
   <trkpt lat="49.77440500044285" lon="-119.32323500247755">
    <ele>1265.8200000000002</ele>
   </trkpt>
   <trkpt lat="49.774820000000005" lon="-119.32294">
    <ele>1266.61</ele>
   </trkpt>
   <trkpt lat="49.775240000000004" lon="-119.32255">
    <ele>1266.72</ele>
   </trkpt>
   <trkpt lat="49.77539" lon="-119.32236">
    <ele>1266.91</ele>
   </trkpt>
   <trkpt lat="49.77553" lon="-119.32209">
    <ele>1266.97</ele>
   </trkpt>
   <trkpt lat="49.77602" lon="-119.32107">
    <ele>1266.92</ele>
   </trkpt>
   <trkpt lat="49.77622" lon="-119.3208">
    <ele>1266.93</ele>
   </trkpt>
   <trkpt lat="49.776390000000006" lon="-119.32062">
    <ele>1267.06</ele>
   </trkpt>
   <trkpt lat="49.7772" lon="-119.32003">
    <ele>1267.7</ele>
   </trkpt>
   <trkpt lat="49.77765" lon="-119.31986">
    <ele>1267.8500000000001</ele>
   </trkpt>
   <trkpt lat="49.77781" lon="-119.31972">
    <ele>1268.13</ele>
   </trkpt>
   <trkpt lat="49.777930000000005" lon="-119.31954">
    <ele>1268.13</ele>
   </trkpt>
   <trkpt lat="49.778040000000004" lon="-119.31932">
    <ele>1268.41</ele>
   </trkpt>
   <trkpt lat="49.77817" lon="-119.31901">
    <ele>1268.5900000000001</ele>
   </trkpt>
   <trkpt lat="49.7783" lon="-119.31857000000001">
    <ele>1268.7</ele>
   </trkpt>
   <trkpt lat="49.778380000000006" lon="-119.31824">
    <ele>1268.7</ele>
   </trkpt>
   <trkpt lat="49.77843000000001" lon="-119.31785">
    <ele>1268.73</ele>
   </trkpt>
   <trkpt lat="49.778420000000004" lon="-119.31731">
    <ele>1268.94</ele>
   </trkpt>
   <trkpt lat="49.778360000000006" lon="-119.31694000000002">
    <ele>1268.94</ele>
   </trkpt>
   <trkpt lat="49.77828" lon="-119.31664">
    <ele>1269.19</ele>
   </trkpt>
   <trkpt lat="49.77817" lon="-119.31637">
    <ele>1269.19</ele>
   </trkpt>
   <trkpt lat="49.77787000000001" lon="-119.31587">
    <ele>1269.43</ele>
   </trkpt>
   <trkpt lat="49.77769000000001" lon="-119.31565">
    <ele>1269.66</ele>
   </trkpt>
   <trkpt lat="49.77741" lon="-119.31547">
    <ele>1269.7900000000002</ele>
   </trkpt>
   <trkpt lat="49.776850000259515" lon="-119.31519999685369">
    <ele>1269.88</ele>
   </trkpt>
   <trkpt lat="49.77629" lon="-119.31493">
    <ele>1270.14</ele>
   </trkpt>
   <trkpt lat="49.77584" lon="-119.31457">
    <ele>1270.43</ele>
   </trkpt>
   <trkpt lat="49.77544" lon="-119.31409000000001">
    <ele>1270.63</ele>
   </trkpt>
   <trkpt lat="49.77523" lon="-119.31381">
    <ele>1270.75</ele>
   </trkpt>
   <trkpt lat="49.774680000000004" lon="-119.31278">
    <ele>1270.7700000000002</ele>
   </trkpt>
   <trkpt lat="49.77443" lon="-119.31207">
    <ele>1270.91</ele>
   </trkpt>
   <trkpt lat="49.77423500249097" lon="-119.31130999696386">
    <ele>1270.85</ele>
   </trkpt>
   <trkpt lat="49.77404000000001" lon="-119.31055">
    <ele>1271.3000000000002</ele>
   </trkpt>
   <trkpt lat="49.773810000000005" lon="-119.30978">
    <ele>1271.39</ele>
   </trkpt>
   <trkpt lat="49.773740000000004" lon="-119.30947">
    <ele>1271.4</ele>
   </trkpt>
   <trkpt lat="49.773700000000005" lon="-119.30884">
    <ele>1271.5100000000002</ele>
   </trkpt>
   <trkpt lat="49.773740000000004" lon="-119.30848">
    <ele>1271.91</ele>
   </trkpt>
   <trkpt lat="49.773860000000006" lon="-119.30804">
    <ele>1272.07</ele>
   </trkpt>
   <trkpt lat="49.774010000000004" lon="-119.30768">
    <ele>1272.0200000000002</ele>
   </trkpt>
   <trkpt lat="49.77414" lon="-119.30745">
    <ele>1272.16</ele>
   </trkpt>
   <trkpt lat="49.77431000000001" lon="-119.30725000000001">
    <ele>1272.39</ele>
   </trkpt>
   <trkpt lat="49.77443" lon="-119.30714">
    <ele>1272.39</ele>
   </trkpt>
   <trkpt lat="49.774550000000005" lon="-119.30705">
    <ele>1272.7</ele>
   </trkpt>
   <trkpt lat="49.77478000000001" lon="-119.30696">
    <ele>1272.79</ele>
   </trkpt>
   <trkpt lat="49.775130000000004" lon="-119.30693000000001">
    <ele>1272.75</ele>
   </trkpt>
   <trkpt lat="49.77535" lon="-119.30698000000001">
    <ele>1272.52</ele>
   </trkpt>
   <trkpt lat="49.775580000000005" lon="-119.30714">
    <ele>1272.5000000000002</ele>
   </trkpt>
   <trkpt lat="49.77595500079047" lon="-119.30758999642069">
    <ele>1272.9</ele>
   </trkpt>
   <trkpt lat="49.77633" lon="-119.30804">
    <ele>1273.46</ele>
   </trkpt>
   <trkpt lat="49.7766" lon="-119.30832000000001">
    <ele>1273.5800000000002</ele>
   </trkpt>
   <trkpt lat="49.776790000000005" lon="-119.30848">
    <ele>1273.5800000000002</ele>
   </trkpt>
   <trkpt lat="49.776990000000005" lon="-119.30857">
    <ele>1273.9600000000003</ele>
   </trkpt>
   <trkpt lat="49.77716" lon="-119.30860000000001">
    <ele>1273.9600000000003</ele>
   </trkpt>
   <trkpt lat="49.777440000000006" lon="-119.30862">
    <ele>1274.17</ele>
   </trkpt>
   <trkpt lat="49.77788" lon="-119.30862">
    <ele>1274.45</ele>
   </trkpt>
   <trkpt lat="49.778000000000006" lon="-119.30857">
    <ele>1274.42</ele>
   </trkpt>
   <trkpt lat="49.778110000000005" lon="-119.30848">
    <ele>1274.3300000000002</ele>
   </trkpt>
   <trkpt lat="49.77828" lon="-119.30829000000001">
    <ele>1274.52</ele>
   </trkpt>
   <trkpt lat="49.778470000000006" lon="-119.30813">
    <ele>1274.7</ele>
   </trkpt>
   <trkpt lat="49.77879" lon="-119.30776000000002">
    <ele>1274.5600000000002</ele>
   </trkpt>
   <trkpt lat="49.77904" lon="-119.30729000000001">
    <ele>1274.93</ele>
   </trkpt>
   <trkpt lat="49.77928000000001" lon="-119.30678">
    <ele>1275.2</ele>
   </trkpt>
   <trkpt lat="49.7794" lon="-119.30643">
    <ele>1275.3500000000001</ele>
   </trkpt>
   <trkpt lat="49.77953" lon="-119.30571">
    <ele>1275.4</ele>
   </trkpt>
   <trkpt lat="49.779650000000004" lon="-119.30472">
    <ele>1275.63</ele>
   </trkpt>
   <trkpt lat="49.77985" lon="-119.30423">
    <ele>1275.5200000000002</ele>
   </trkpt>
   <trkpt lat="49.779970000000006" lon="-119.30405">
    <ele>1275.49</ele>
   </trkpt>
   <trkpt lat="49.78022000000001" lon="-119.30378">
    <ele>1275.49</ele>
   </trkpt>
   <trkpt lat="49.78040000000001" lon="-119.30365">
    <ele>1275.41</ele>
   </trkpt>
   <trkpt lat="49.78058000000001" lon="-119.30356">
    <ele>1275.41</ele>
   </trkpt>
   <trkpt lat="49.78085" lon="-119.30352">
    <ele>1275.5200000000002</ele>
   </trkpt>
   <trkpt lat="49.7813" lon="-119.30364000000002">
    <ele>1276.0</ele>
   </trkpt>
   <trkpt lat="49.781580000000005" lon="-119.30384000000001">
    <ele>1276.0</ele>
   </trkpt>
   <trkpt lat="49.78183000000001" lon="-119.30419">
    <ele>1275.98</ele>
   </trkpt>
   <trkpt lat="49.78201000000001" lon="-119.30459">
    <ele>1275.9</ele>
   </trkpt>
   <trkpt lat="49.782140000000005" lon="-119.30517">
    <ele>1275.8</ele>
   </trkpt>
   <trkpt lat="49.782180000000004" lon="-119.30626000000001">
    <ele>1275.8400000000001</ele>
   </trkpt>
   <trkpt lat="49.782140000000005" lon="-119.30678">
    <ele>1275.76</ele>
   </trkpt>
   <trkpt lat="49.782160000000005" lon="-119.30705">
    <ele>1276.07</ele>
   </trkpt>
   <trkpt lat="49.78222" lon="-119.30724000000001">
    <ele>1276.17</ele>
   </trkpt>
   <trkpt lat="49.78258" lon="-119.30773">
    <ele>1275.95</ele>
   </trkpt>
   <trkpt lat="49.782680000000006" lon="-119.3079">
    <ele>1275.95</ele>
   </trkpt>
   <trkpt lat="49.78295000000001" lon="-119.30817">
    <ele>1275.89</ele>
   </trkpt>
   <trkpt lat="49.7832" lon="-119.30827000000001">
    <ele>1275.77</ele>
   </trkpt>
   <trkpt lat="49.78360000000001" lon="-119.30831">
    <ele>1275.2400000000002</ele>
   </trkpt>
   <trkpt lat="49.78385" lon="-119.30826">
    <ele>1275.1000000000001</ele>
   </trkpt>
   <trkpt lat="49.78403" lon="-119.30812000000002">
    <ele>1274.89</ele>
   </trkpt>
   <trkpt lat="49.784780000000005" lon="-119.30764">
    <ele>1274.07</ele>
   </trkpt>
   <trkpt lat="49.784940000000006" lon="-119.30759">
    <ele>1273.77</ele>
   </trkpt>
   <trkpt lat="49.785230000000006" lon="-119.30758000000002">
    <ele>1273.38</ele>
   </trkpt>
   <trkpt lat="49.7858000000788" lon="-119.30769999859157">
    <ele>1273.1100000000001</ele>
   </trkpt>
   <trkpt lat="49.786370000000005" lon="-119.30782">
    <ele>1272.85</ele>
   </trkpt>
   <trkpt lat="49.787150000000004" lon="-119.30804">
    <ele>1272.2900000000002</ele>
   </trkpt>
   <trkpt lat="49.78737" lon="-119.30817">
    <ele>1272.24</ele>
   </trkpt>
   <trkpt lat="49.78761" lon="-119.30836000000001">
    <ele>1272.14</ele>
   </trkpt>
   <trkpt lat="49.78784" lon="-119.30867">
    <ele>1272.0500000000002</ele>
   </trkpt>
   <trkpt lat="49.78795" lon="-119.30889">
    <ele>1272.0500000000002</ele>
   </trkpt>
   <trkpt lat="49.788050000000005" lon="-119.30911">
    <ele>1271.76</ele>
   </trkpt>
   <trkpt lat="49.78828000000001" lon="-119.31009000000002">
    <ele>1271.6900000000003</ele>
   </trkpt>
   <trkpt lat="49.78848000000001" lon="-119.31079000000001">
    <ele>1271.47</ele>
   </trkpt>
   <trkpt lat="49.788650000000004" lon="-119.31117">
    <ele>1271.3500000000001</ele>
   </trkpt>
   <trkpt lat="49.7888" lon="-119.31144">
    <ele>1271.17</ele>
   </trkpt>
   <trkpt lat="49.78915000000001" lon="-119.31189">
    <ele>1270.89</ele>
   </trkpt>
   <trkpt lat="49.789370000000005" lon="-119.31207">
    <ele>1270.63</ele>
   </trkpt>
   <trkpt lat="49.78974" lon="-119.31225">
    <ele>1270.48</ele>
   </trkpt>
   <trkpt lat="49.790189999929154" lon="-119.31237999875073">
    <ele>1270.28</ele>
   </trkpt>
   <trkpt lat="49.79064" lon="-119.31251">
    <ele>1270.42</ele>
   </trkpt>
   <trkpt lat="49.79088" lon="-119.31252">
    <ele>1270.41</ele>
   </trkpt>
   <trkpt lat="49.79126" lon="-119.31226000000001">
    <ele>1270.2</ele>
   </trkpt>
   <trkpt lat="49.79167500057119" lon="-119.3119100029618">
    <ele>1270.22</ele>
   </trkpt>
   <trkpt lat="49.79209" lon="-119.31156000000001">
    <ele>1269.92</ele>
   </trkpt>
   <trkpt lat="49.792860000000005" lon="-119.31096000000001">
    <ele>1269.7</ele>
   </trkpt>
   <trkpt lat="49.793110000000006" lon="-119.31078000000001">
    <ele>1269.26</ele>
   </trkpt>
   <trkpt lat="49.79345000000001" lon="-119.31067000000002">
    <ele>1269.22</ele>
   </trkpt>
   <trkpt lat="49.79365000000001" lon="-119.31067000000002">
    <ele>1269.24</ele>
   </trkpt>
   <trkpt lat="49.79388" lon="-119.31069000000001">
    <ele>1269.3700000000001</ele>
   </trkpt>
   <trkpt lat="49.79410000000001" lon="-119.31077">
    <ele>1269.23</ele>
   </trkpt>
   <trkpt lat="49.794320000000006" lon="-119.31095">
    <ele>1269.0100000000002</ele>
   </trkpt>
   <trkpt lat="49.79449" lon="-119.31117">
    <ele>1268.73</ele>
   </trkpt>
   <trkpt lat="49.79482" lon="-119.31188000000002">
    <ele>1268.61</ele>
   </trkpt>
   <trkpt lat="49.79496" lon="-119.31239000000001">
    <ele>1268.2900000000002</ele>
   </trkpt>
   <trkpt lat="49.79531" lon="-119.31341">
    <ele>1268.13</ele>
   </trkpt>
   <trkpt lat="49.795550000000006" lon="-119.31372">
    <ele>1267.83</ele>
   </trkpt>
   <trkpt lat="49.79583" lon="-119.31399">
    <ele>1267.5800000000002</ele>
   </trkpt>
   <trkpt lat="49.7961" lon="-119.31409000000001">
    <ele>1267.3400000000001</ele>
   </trkpt>
   <trkpt lat="49.79652" lon="-119.31408">
    <ele>1267.13</ele>
   </trkpt>
   <trkpt lat="49.797410000000006" lon="-119.31395">
    <ele>1266.64</ele>
   </trkpt>
   <trkpt lat="49.797940000000004" lon="-119.31381">
    <ele>1266.34</ele>
   </trkpt>
   <trkpt lat="49.79824000000001" lon="-119.31363">
    <ele>1266.16</ele>
   </trkpt>
   <trkpt lat="49.79887" lon="-119.31296">
    <ele>1266.04</ele>
   </trkpt>
   <trkpt lat="49.7993" lon="-119.3126">
    <ele>1265.8500000000001</ele>
   </trkpt>
   <trkpt lat="49.7997" lon="-119.31239000000001">
    <ele>1265.8</ele>
   </trkpt>
   <trkpt lat="49.79994000000001" lon="-119.31225">
    <ele>1265.9600000000003</ele>
   </trkpt>
   <trkpt lat="49.80001000000001" lon="-119.31224">
    <ele>1265.9600000000003</ele>
   </trkpt>
   <trkpt lat="49.800090000000004" lon="-119.3122">
    <ele>1265.7500000000002</ele>
   </trkpt>
   <trkpt lat="49.80031" lon="-119.31247">
    <ele>1265.6900000000003</ele>
   </trkpt>
   <trkpt lat="49.80059000000001" lon="-119.31265">
    <ele>1265.6900000000003</ele>
   </trkpt>
   <trkpt lat="49.80096" lon="-119.31269">
    <ele>1265.6200000000001</ele>
   </trkpt>
   <trkpt lat="49.80162000000001" lon="-119.31263000000001">
    <ele>1265.49</ele>
   </trkpt>
   <trkpt lat="49.80249750108712" lon="-119.31234251562609">
    <ele>1265.05</ele>
   </trkpt>
   <trkpt lat="49.803375001463074" lon="-119.31205502083078">
    <ele>1264.55</ele>
   </trkpt>
   <trkpt lat="49.80425250112784" lon="-119.31176751561345">
    <ele>1263.8</ele>
   </trkpt>
   <trkpt lat="49.805130000000005" lon="-119.31148">
    <ele>1263.44</ele>
   </trkpt>
   <trkpt lat="49.805580000000006" lon="-119.31126">
    <ele>1263.3</ele>
   </trkpt>
   <trkpt lat="49.805800000000005" lon="-119.31113">
    <ele>1262.94</ele>
   </trkpt>
   <trkpt lat="49.80622000087061" lon="-119.3107250033548">
    <ele>1262.9</ele>
   </trkpt>
   <trkpt lat="49.80664" lon="-119.31032">
    <ele>1262.55</ele>
   </trkpt>
   <trkpt lat="49.807120000000005" lon="-119.30978">
    <ele>1262.51</ele>
   </trkpt>
   <trkpt lat="49.80735000000001" lon="-119.30940000000001">
    <ele>1262.34</ele>
   </trkpt>
   <trkpt lat="49.80751" lon="-119.30903">
    <ele>1262.13</ele>
   </trkpt>
   <trkpt lat="49.80762000000001" lon="-119.30866">
    <ele>1262.0300000000002</ele>
   </trkpt>
   <trkpt lat="49.807660000000006" lon="-119.30841000000001">
    <ele>1261.9</ele>
   </trkpt>
   <trkpt lat="49.80769" lon="-119.30796000000001">
    <ele>1261.7500000000002</ele>
   </trkpt>
   <trkpt lat="49.807680000000005" lon="-119.30767000000002">
    <ele>1261.7500000000002</ele>
   </trkpt>
   <trkpt lat="49.807590000000005" lon="-119.30705">
    <ele>1261.6100000000001</ele>
   </trkpt>
   <trkpt lat="49.80751" lon="-119.30674">
    <ele>1261.4</ele>
   </trkpt>
   <trkpt lat="49.80727000168145" lon="-119.30613499726964">
    <ele>1261.13</ele>
   </trkpt>
   <trkpt lat="49.807030000000005" lon="-119.30553">
    <ele>1260.92</ele>
   </trkpt>
   <trkpt lat="49.80693" lon="-119.30504">
    <ele>1260.67</ele>
   </trkpt>
   <trkpt lat="49.80688000000001" lon="-119.3045">
    <ele>1260.64</ele>
   </trkpt>
   <trkpt lat="49.80688000000001" lon="-119.30419">
    <ele>1260.69</ele>
   </trkpt>
   <trkpt lat="49.806940000000004" lon="-119.30378">
    <ele>1260.63</ele>
   </trkpt>
   <trkpt lat="49.80720000540127" lon="-119.30266000599511">
    <ele>1260.3500000000001</ele>
   </trkpt>
   <trkpt lat="49.807460000000006" lon="-119.30154">
    <ele>1260.01</ele>
   </trkpt>
   <trkpt lat="49.80756" lon="-119.30074">
    <ele>1259.93</ele>
   </trkpt>
   <trkpt lat="49.80761000578885" lon="-119.29958000119714">
    <ele>1259.73</ele>
   </trkpt>
   <trkpt lat="49.807660000000006" lon="-119.29842000000001">
    <ele>1259.44</ele>
   </trkpt>
   <trkpt lat="49.80763" lon="-119.29729">
    <ele>1259.2800000000002</ele>
   </trkpt>
   <trkpt lat="49.80754" lon="-119.29643000000002">
    <ele>1259.0400000000002</ele>
   </trkpt>
   <trkpt lat="49.807336678256796" lon="-119.29526999032586">
    <ele>1258.3500000000001</ele>
   </trkpt>
   <trkpt lat="49.807133344935856" lon="-119.29410999039682">
    <ele>1258.3600000000001</ele>
   </trkpt>
   <trkpt lat="49.80693" lon="-119.29295">
    <ele>1258.17</ele>
   </trkpt>
   <trkpt lat="49.806760000000004" lon="-119.29223">
    <ele>1257.83</ele>
   </trkpt>
   <trkpt lat="49.8066" lon="-119.29183">
    <ele>1257.71</ele>
   </trkpt>
   <trkpt lat="49.80642" lon="-119.29156">
    <ele>1257.44</ele>
   </trkpt>
   <trkpt lat="49.80601" lon="-119.29084">
    <ele>1257.18</ele>
   </trkpt>
   <trkpt lat="49.805800000000005" lon="-119.29031">
    <ele>1256.91</ele>
   </trkpt>
   <trkpt lat="49.80568" lon="-119.28963000000002">
    <ele>1256.82</ele>
   </trkpt>
   <trkpt lat="49.805670000000006" lon="-119.28914">
    <ele>1256.7</ele>
   </trkpt>
   <trkpt lat="49.80575" lon="-119.28856">
    <ele>1256.6200000000001</ele>
   </trkpt>
   <trkpt lat="49.80594000000001" lon="-119.28799000000001">
    <ele>1256.41</ele>
   </trkpt>
   <trkpt lat="49.806160000000006" lon="-119.28758">
    <ele>1256.17</ele>
   </trkpt>
   <trkpt lat="49.80677000000001" lon="-119.28677">
    <ele>1255.71</ele>
   </trkpt>
   <trkpt lat="49.807050000000004" lon="-119.28628">
    <ele>1255.41</ele>
   </trkpt>
   <trkpt lat="49.80715000000001" lon="-119.28592">
    <ele>1255.38</ele>
   </trkpt>
   <trkpt lat="49.80726000000001" lon="-119.28534">
    <ele>1255.38</ele>
   </trkpt>
   <trkpt lat="49.80729" lon="-119.28490000000001">
    <ele>1255.17</ele>
   </trkpt>
   <trkpt lat="49.80722" lon="-119.28431">
    <ele>1254.66</ele>
   </trkpt>
   <trkpt lat="49.807080000000006" lon="-119.28378000000001">
    <ele>1254.7400000000002</ele>
   </trkpt>
   <trkpt lat="49.806745025246784" lon="-119.28269662918696">
    <ele>1254.6000000000001</ele>
   </trkpt>
   <trkpt lat="49.80641004039514" lon="-119.28161327336775">
    <ele>1254.2000000000003</ele>
   </trkpt>
   <trkpt lat="49.806075045445326" lon="-119.28052993254249">
    <ele>1254.0800000000002</ele>
   </trkpt>
   <trkpt lat="49.80574004039764" lon="-119.27944660671122">
    <ele>1253.9900000000002</ele>
   </trkpt>
   <trkpt lat="49.805405025252284" lon="-119.27836329587403">
    <ele>1253.98</ele>
   </trkpt>
   <trkpt lat="49.80507" lon="-119.27728">
    <ele>1253.8400000000001</ele>
   </trkpt>
   <trkpt lat="49.80487" lon="-119.27647">
    <ele>1254.04</ele>
   </trkpt>
   <trkpt lat="49.80481" lon="-119.27598">
    <ele>1254.2300000000002</ele>
   </trkpt>
   <trkpt lat="49.80481000650864" lon="-119.27474999993424">
    <ele>1254.51</ele>
   </trkpt>
   <trkpt lat="49.80481" lon="-119.27352">
    <ele>1254.22</ele>
   </trkpt>
   <trkpt lat="49.80477500213415" lon="-119.27281499940767">
    <ele>1254.17</ele>
   </trkpt>
   <trkpt lat="49.80474" lon="-119.27211000000001">
    <ele>1254.52</ele>
   </trkpt>
   <trkpt lat="49.804657514775684" lon="-119.27103999451961">
    <ele>1254.44</ele>
   </trkpt>
   <trkpt lat="49.80457501970033" lon="-119.26996999268572">
    <ele>1254.1</ele>
   </trkpt>
   <trkpt lat="49.804492514774054" lon="-119.26889999449872">
    <ele>1254.66</ele>
   </trkpt>
   <trkpt lat="49.804410000000004" lon="-119.26783">
    <ele>1254.2900000000002</ele>
   </trkpt>
   <trkpt lat="49.804210000000005" lon="-119.26653">
    <ele>1254.0800000000002</ele>
   </trkpt>
   <trkpt lat="49.803960000000004" lon="-119.2655">
    <ele>1253.9900000000002</ele>
   </trkpt>
   <trkpt lat="49.80378" lon="-119.26443">
    <ele>1253.8</ele>
   </trkpt>
   <trkpt lat="49.803760000000004" lon="-119.26398">
    <ele>1253.9900000000002</ele>
   </trkpt>
   <trkpt lat="49.80377000000001" lon="-119.2634">
    <ele>1253.9900000000002</ele>
   </trkpt>
   <trkpt lat="49.803920000000005" lon="-119.26273">
    <ele>1253.94</ele>
   </trkpt>
   <trkpt lat="49.80415500239951" lon="-119.26199000345459">
    <ele>1253.7800000000002</ele>
   </trkpt>
   <trkpt lat="49.804390000000005" lon="-119.26125">
    <ele>1254.2000000000003</ele>
   </trkpt>
   <trkpt lat="49.80453000000001" lon="-119.26067">
    <ele>1254.2600000000002</ele>
   </trkpt>
   <trkpt lat="49.80458" lon="-119.26027">
    <ele>1254.28</ele>
   </trkpt>
   <trkpt lat="49.8046" lon="-119.25987">
    <ele>1254.2600000000002</ele>
   </trkpt>
   <trkpt lat="49.80458" lon="-119.25924">
    <ele>1254.07</ele>
   </trkpt>
   <trkpt lat="49.80449" lon="-119.25879">
    <ele>1253.83</ele>
   </trkpt>
   <trkpt lat="49.804280000000006" lon="-119.25816">
    <ele>1254.0800000000002</ele>
   </trkpt>
   <trkpt lat="49.804010000000005" lon="-119.25759000000001">
    <ele>1254.04</ele>
   </trkpt>
   <trkpt lat="49.803685001109386" lon="-119.25706999642293">
    <ele>1253.7800000000002</ele>
   </trkpt>
   <trkpt lat="49.803360000000005" lon="-119.25655">
    <ele>1253.5800000000002</ele>
   </trkpt>
   <trkpt lat="49.803070000000005" lon="-119.25597">
    <ele>1253.43</ele>
   </trkpt>
   <trkpt lat="49.802910000000004" lon="-119.25543">
    <ele>1253.83</ele>
   </trkpt>
   <trkpt lat="49.80281" lon="-119.25494">
    <ele>1253.89</ele>
   </trkpt>
   <trkpt lat="49.80274500206781" lon="-119.25424499895736">
    <ele>1254.31</ele>
   </trkpt>
   <trkpt lat="49.80268" lon="-119.25355">
    <ele>1254.0800000000002</ele>
   </trkpt>
   <trkpt lat="49.80256000000001" lon="-119.25297">
    <ele>1254.0200000000002</ele>
   </trkpt>
   <trkpt lat="49.802150000000005" lon="-119.25185">
    <ele>1254.0800000000002</ele>
   </trkpt>
   <trkpt lat="49.801930000000006" lon="-119.25135000000002">
    <ele>1254.04</ele>
   </trkpt>
   <trkpt lat="49.80178" lon="-119.25074000000001">
    <ele>1253.8200000000002</ele>
   </trkpt>
   <trkpt lat="49.801750000000006" lon="-119.25007000000001">
    <ele>1253.8500000000001</ele>
   </trkpt>
   <trkpt lat="49.80181" lon="-119.24953000000001">
    <ele>1253.91</ele>
   </trkpt>
   <trkpt lat="49.80196" lon="-119.24894">
    <ele>1254.0900000000001</ele>
   </trkpt>
   <trkpt lat="49.80212" lon="-119.24862000000002">
    <ele>1254.0900000000001</ele>
   </trkpt>
   <trkpt lat="49.80234" lon="-119.24831">
    <ele>1254.19</ele>
   </trkpt>
   <trkpt lat="49.802580000000006" lon="-119.248">
    <ele>1254.19</ele>
   </trkpt>
   <trkpt lat="49.80315" lon="-119.24770000000001">
    <ele>1253.94</ele>
   </trkpt>
   <trkpt lat="49.80391000306714" lon="-119.24735574671169">
    <ele>1254.0</ele>
   </trkpt>
   <trkpt lat="49.80467000511455" lon="-119.2470114826146">
    <ele>1254.1200000000001</ele>
   </trkpt>
   <trkpt lat="49.80543000614219" lon="-119.24666720770807">
    <ele>1253.8</ele>
   </trkpt>
   <trkpt lat="49.806190006149976" lon="-119.24632292199155">
    <ele>1253.57</ele>
   </trkpt>
   <trkpt lat="49.806950005137864" lon="-119.24597862546437">
    <ele>1254.0600000000002</ele>
   </trkpt>
   <trkpt lat="49.80771000310579" lon="-119.24563431812598">
    <ele>1254.2000000000003</ele>
   </trkpt>
   <trkpt lat="49.80847000000001" lon="-119.24529000000001">
    <ele>1254.19</ele>
   </trkpt>
   <trkpt lat="49.809270000000005" lon="-119.24487">
    <ele>1254.28</ele>
   </trkpt>
   <trkpt lat="49.809560000000005" lon="-119.24464">
    <ele>1254.38</ele>
   </trkpt>
   <trkpt lat="49.809830000000005" lon="-119.24434000000001">
    <ele>1254.38</ele>
   </trkpt>
   <trkpt lat="49.81002" lon="-119.24397">
    <ele>1254.3300000000002</ele>
   </trkpt>
   <trkpt lat="49.81017000000001" lon="-119.24358000000001">
    <ele>1254.38</ele>
   </trkpt>
   <trkpt lat="49.81024000000001" lon="-119.24325">
    <ele>1254.41</ele>
   </trkpt>
   <trkpt lat="49.810280000000006" lon="-119.24285">
    <ele>1254.3500000000001</ele>
   </trkpt>
   <trkpt lat="49.810280000000006" lon="-119.24245">
    <ele>1254.3700000000001</ele>
   </trkpt>
   <trkpt lat="49.81025" lon="-119.24196">
    <ele>1254.43</ele>
   </trkpt>
   <trkpt lat="49.81011" lon="-119.24151">
    <ele>1254.41</ele>
   </trkpt>
   <trkpt lat="49.80968000000001" lon="-119.24052">
    <ele>1254.46</ele>
   </trkpt>
   <trkpt lat="49.80913" lon="-119.23945">
    <ele>1254.71</ele>
   </trkpt>
   <trkpt lat="49.80888" lon="-119.23878">
    <ele>1254.71</ele>
   </trkpt>
   <trkpt lat="49.808800000000005" lon="-119.23819">
    <ele>1254.69</ele>
   </trkpt>
   <trkpt lat="49.808820000000004" lon="-119.23761">
    <ele>1254.68</ele>
   </trkpt>
   <trkpt lat="49.80895" lon="-119.2369">
    <ele>1254.8000000000002</ele>
   </trkpt>
   <trkpt lat="49.80923000000001" lon="-119.23622">
    <ele>1254.5600000000002</ele>
   </trkpt>
   <trkpt lat="49.80959333932463" lon="-119.23538667914015">
    <ele>1254.42</ele>
   </trkpt>
   <trkpt lat="49.809956672674346" lon="-119.23455334576936">
    <ele>1254.39</ele>
   </trkpt>
   <trkpt lat="49.810320000000004" lon="-119.23372">
    <ele>1254.5000000000002</ele>
   </trkpt>
   <trkpt lat="49.81045" lon="-119.23322">
    <ele>1254.3700000000001</ele>
   </trkpt>
   <trkpt lat="49.810480000000005" lon="-119.233">
    <ele>1254.48</ele>
   </trkpt>
   <trkpt lat="49.81051" lon="-119.23251">
    <ele>1254.49</ele>
   </trkpt>
   <trkpt lat="49.810500000000005" lon="-119.23224">
    <ele>1254.43</ele>
   </trkpt>
   <trkpt lat="49.810410000000005" lon="-119.23165000000002">
    <ele>1254.31</ele>
   </trkpt>
   <trkpt lat="49.810300000000005" lon="-119.23131000000001">
    <ele>1254.31</ele>
   </trkpt>
   <trkpt lat="49.81017000000001" lon="-119.23108">
    <ele>1254.2600000000002</ele>
   </trkpt>
   <trkpt lat="49.80995" lon="-119.23072">
    <ele>1254.13</ele>
   </trkpt>
   <trkpt lat="49.809540000000005" lon="-119.23023">
    <ele>1254.17</ele>
   </trkpt>
   <trkpt lat="49.80905500084917" lon="-119.22975499512155">
    <ele>1253.9300000000003</ele>
   </trkpt>
   <trkpt lat="49.80857" lon="-119.22928">
    <ele>1253.8</ele>
   </trkpt>
   <trkpt lat="49.80827000000001" lon="-119.22885000000001">
    <ele>1253.7900000000002</ele>
   </trkpt>
   <trkpt lat="49.808130000000006" lon="-119.22861">
    <ele>1253.7200000000003</ele>
   </trkpt>
   <trkpt lat="49.80794" lon="-119.22799">
    <ele>1253.5200000000002</ele>
   </trkpt>
   <trkpt lat="49.80779500502344" lon="-119.22690999680623">
    <ele>1253.57</ele>
   </trkpt>
   <trkpt lat="49.80765" lon="-119.22583000000002">
    <ele>1253.3700000000001</ele>
   </trkpt>
   <trkpt lat="49.80751" lon="-119.22522000000001">
    <ele>1253.3899999999999</ele>
   </trkpt>
   <trkpt lat="49.80729" lon="-119.22458">
    <ele>1253.3899999999999</ele>
   </trkpt>
   <trkpt lat="49.806900000000006" lon="-119.22368000000002">
    <ele>1253.7200000000003</ele>
   </trkpt>
   <trkpt lat="49.80648667089874" lon="-119.22297998807313">
    <ele>1253.8400000000001</ele>
   </trkpt>
   <trkpt lat="49.80607333758139" lon="-119.22227998810034">
    <ele>1253.73</ele>
   </trkpt>
   <trkpt lat="49.80566" lon="-119.22158">
    <ele>1253.7</ele>
   </trkpt>
   <trkpt lat="49.80528" lon="-119.22118">
    <ele>1253.5900000000001</ele>
   </trkpt>
   <trkpt lat="49.804950000000005" lon="-119.22096">
    <ele>1253.65</ele>
   </trkpt>
   <trkpt lat="49.80465" lon="-119.22086000000002">
    <ele>1253.65</ele>
   </trkpt>
   <trkpt lat="49.80408500010321" lon="-119.22079499925117">
    <ele>1253.5900000000001</ele>
   </trkpt>
   <trkpt lat="49.803520000000006" lon="-119.22073">
    <ele>1253.7500000000002</ele>
   </trkpt>
   <trkpt lat="49.803090000000005" lon="-119.22051">
    <ele>1253.7500000000002</ele>
   </trkpt>
   <trkpt lat="49.802550000000004" lon="-119.22002">
    <ele>1253.97</ele>
   </trkpt>
   <trkpt lat="49.80201667147306" lon="-119.21927331689618">
    <ele>1253.9900000000002</ele>
   </trkpt>
   <trkpt lat="49.801483338149" lon="-119.21852665024278">
    <ele>1254.1200000000001</ele>
   </trkpt>
   <trkpt lat="49.80095000000001" lon="-119.21778">
    <ele>1254.0900000000001</ele>
   </trkpt>
   <trkpt lat="49.80060000137279" lon="-119.21720499576196">
    <ele>1254.0600000000002</ele>
   </trkpt>
   <trkpt lat="49.800250000000005" lon="-119.21663000000001">
    <ele>1253.92</ele>
   </trkpt>
   <trkpt lat="49.79992000000001" lon="-119.21586">
    <ele>1253.9</ele>
   </trkpt>
   <trkpt lat="49.79959334197215" lon="-119.21485665305747">
    <ele>1254.07</ele>
   </trkpt>
   <trkpt lat="49.799266675282276" lon="-119.21385331965305">
    <ele>1253.8100000000002</ele>
   </trkpt>
   <trkpt lat="49.79894" lon="-119.21285">
    <ele>1253.7800000000002</ele>
   </trkpt>
   <trkpt lat="49.7985950037393" lon="-119.21191499327895">
    <ele>1253.7500000000002</ele>
   </trkpt>
   <trkpt lat="49.79825" lon="-119.21098">
    <ele>1253.83</ele>
   </trkpt>
   <trkpt lat="49.79778001345301" lon="-119.2099599703525">
    <ele>1253.7200000000003</ele>
   </trkpt>
   <trkpt lat="49.797310017953485" lon="-119.20893996050575">
    <ele>1253.6200000000001</ele>
   </trkpt>
   <trkpt lat="49.79684001350177" lon="-119.20791997045934">
    <ele>1253.5</ele>
   </trkpt>
   <trkpt lat="49.79637" lon="-119.2069">
    <ele>1253.6100000000001</ele>
   </trkpt>
   <trkpt lat="49.796110000000006" lon="-119.20614">
    <ele>1253.48</ele>
   </trkpt>
   <trkpt lat="49.7959" lon="-119.20512000000001">
    <ele>1253.4</ele>
   </trkpt>
   <trkpt lat="49.79576" lon="-119.20421">
    <ele>1253.42</ele>
   </trkpt>
   <trkpt lat="49.795700000000004" lon="-119.20341">
    <ele>1253.14</ele>
   </trkpt>
   <trkpt lat="49.79559751463771" lon="-119.20234499321927">
    <ele>1252.95</ele>
   </trkpt>
   <trkpt lat="49.79549501951573" lon="-119.20127999094656">
    <ele>1253.2800000000002</ele>
   </trkpt>
   <trkpt lat="49.795392514634116" lon="-119.20021499318221">
    <ele>1253.67</ele>
   </trkpt>
   <trkpt lat="49.79529" lon="-119.19915">
    <ele>1254.0900000000001</ele>
   </trkpt>
   <trkpt lat="49.79513000000001" lon="-119.19805000000001">
    <ele>1254.2300000000002</ele>
   </trkpt>
   <trkpt lat="49.79503000820528" lon="-119.19707332927474">
    <ele>1254.39</ele>
   </trkpt>
   <trkpt lat="49.79493000820268" lon="-119.19609666258289">
    <ele>1254.79</ele>
   </trkpt>
   <trkpt lat="49.794830000000005" lon="-119.19512">
    <ele>1255.1100000000001</ele>
   </trkpt>
   <trkpt lat="49.79467" lon="-119.19387">
    <ele>1255.43</ele>
   </trkpt>
   <trkpt lat="49.79448000000001" lon="-119.19315">
    <ele>1255.7600000000002</ele>
   </trkpt>
   <trkpt lat="49.79411" lon="-119.19218000000001">
    <ele>1255.92</ele>
   </trkpt>
   <trkpt lat="49.79411" lon="-119.19217">
    <ele>1255.92</ele>
   </trkpt>
   <trkpt lat="49.79364" lon="-119.19136">
    <ele>1256.3300000000002</ele>
   </trkpt>
   <trkpt lat="49.793290000000006" lon="-119.19091000000002">
    <ele>1256.46</ele>
   </trkpt>
   <trkpt lat="49.79285" lon="-119.19047">
    <ele>1256.61</ele>
   </trkpt>
   <trkpt lat="49.79245" lon="-119.19016">
    <ele>1256.6000000000001</ele>
   </trkpt>
   <trkpt lat="49.79187" lon="-119.18985">
    <ele>1257.0800000000002</ele>
   </trkpt>
   <trkpt lat="49.79113666711745" lon="-119.18960999271769">
    <ele>1257.5200000000002</ele>
   </trkpt>
   <trkpt lat="49.790403333739235" lon="-119.18936999270316">
    <ele>1257.94</ele>
   </trkpt>
   <trkpt lat="49.78967" lon="-119.18913">
    <ele>1258.24</ele>
   </trkpt>
   <trkpt lat="49.7894" lon="-119.18899">
    <ele>1258.52</ele>
   </trkpt>
   <trkpt lat="49.78913000000001" lon="-119.18881">
    <ele>1258.6000000000001</ele>
   </trkpt>
   <trkpt lat="49.78884000000001" lon="-119.18854">
    <ele>1258.69</ele>
   </trkpt>
   <trkpt lat="49.7883150038074" lon="-119.18759998982206">
    <ele>1258.94</ele>
   </trkpt>
   <trkpt lat="49.78779" lon="-119.18666">
    <ele>1259.22</ele>
   </trkpt>
   <trkpt lat="49.78754000000001" lon="-119.1863">
    <ele>1259.3100000000002</ele>
   </trkpt>
   <trkpt lat="49.78728" lon="-119.18604">
    <ele>1259.44</ele>
   </trkpt>
   <trkpt lat="49.787000000000006" lon="-119.18586">
    <ele>1259.68</ele>
   </trkpt>
   <trkpt lat="49.78652" lon="-119.18564">
    <ele>1259.8200000000002</ele>
   </trkpt>
   <trkpt lat="49.78605" lon="-119.18558000000002">
    <ele>1259.92</ele>
   </trkpt>
   <trkpt lat="49.78549999993574" lon="-119.1854049979508">
    <ele>1260.2300000000002</ele>
   </trkpt>
   <trkpt lat="49.78495" lon="-119.18523">
    <ele>1260.68</ele>
   </trkpt>
   <trkpt lat="49.784620000000004" lon="-119.18502000000001">
    <ele>1260.8700000000001</ele>
   </trkpt>
   <trkpt lat="49.78439" lon="-119.18478">
    <ele>1260.8700000000001</ele>
   </trkpt>
   <trkpt lat="49.78412" lon="-119.18439000000001">
    <ele>1261.2</ele>
   </trkpt>
   <trkpt lat="49.78387000000001" lon="-119.18393">
    <ele>1261.88</ele>
   </trkpt>
   <trkpt lat="49.78352669001006" lon="-119.18288829642259">
    <ele>1261.49</ele>
   </trkpt>
   <trkpt lat="49.783183370682266" lon="-119.18184660760896">
    <ele>1261.3500000000001</ele>
   </trkpt>
   <trkpt lat="49.782840042016865" lon="-119.18080493355909">
    <ele>1261.74</ele>
   </trkpt>
   <trkpt lat="49.782496704014086" lon="-119.17976327427304">
    <ele>1261.83</ele>
   </trkpt>
   <trkpt lat="49.78215335667421" lon="-119.17872162975077">
    <ele>1262.15</ele>
   </trkpt>
   <trkpt lat="49.78181000000001" lon="-119.17768000000001">
    <ele>1262.46</ele>
   </trkpt>
   <trkpt lat="49.78149251370298" lon="-119.17664997977936">
    <ele>1262.85</ele>
   </trkpt>
   <trkpt lat="49.78117501827627" lon="-119.17561997305785">
    <ele>1262.91</ele>
   </trkpt>
   <trkpt lat="49.78085751372011" lon="-119.17458997983559">
    <ele>1263.24</ele>
   </trkpt>
   <trkpt lat="49.78054" lon="-119.17356000000001">
    <ele>1263.12</ele>
   </trkpt>
   <trkpt lat="49.78034" lon="-119.17309000000002">
    <ele>1262.73</ele>
   </trkpt>
   <trkpt lat="49.779920000000004" lon="-119.17243">
    <ele>1262.76</ele>
   </trkpt>
   <trkpt lat="49.779790000000006" lon="-119.1723">
    <ele>1263.0</ele>
   </trkpt>
   <trkpt lat="49.779300000000006" lon="-119.17193">
    <ele>1261.5</ele>
   </trkpt>
   <trkpt lat="49.77877500029544" lon="-119.17168499736283">
    <ele>1261.16</ele>
   </trkpt>
   <trkpt lat="49.77825000000001" lon="-119.17144">
    <ele>1259.8700000000001</ele>
   </trkpt>
   <trkpt lat="49.77781500030949" lon="-119.17121999807627">
    <ele>1259.4</ele>
   </trkpt>
   <trkpt lat="49.77738" lon="-119.171">
    <ele>1259.2500000000002</ele>
   </trkpt>
   <trkpt lat="49.77691" lon="-119.17056000000001">
    <ele>1259.22</ele>
   </trkpt>
   <trkpt lat="49.776277505485524" lon="-119.16990747443981">
    <ele>1257.9600000000003</ele>
   </trkpt>
   <trkpt lat="49.77564500730696" lon="-119.16925496591305">
    <ele>1257.21</ele>
   </trkpt>
   <trkpt lat="49.77501250546447" lon="-119.16860247441899">
    <ele>1256.2600000000002</ele>
   </trkpt>
   <trkpt lat="49.77438" lon="-119.16795">
    <ele>1255.97</ele>
   </trkpt>
   <trkpt lat="49.773860000000006" lon="-119.16732">
    <ele>1255.47</ele>
   </trkpt>
   <trkpt lat="49.773500000000006" lon="-119.16678">
    <ele>1255.3200000000002</ele>
   </trkpt>
   <trkpt lat="49.772995003806194" lon="-119.16583999021303">
    <ele>1254.13</ele>
   </trkpt>
   <trkpt lat="49.772490000000005" lon="-119.1649">
    <ele>1253.3899999999999</ele>
   </trkpt>
   <trkpt lat="49.7721550014852" lon="-119.16429999573843">
    <ele>1252.48</ele>
   </trkpt>
   <trkpt lat="49.771820000000005" lon="-119.1637">
    <ele>1251.7600000000002</ele>
   </trkpt>
   <trkpt lat="49.7712800043912" lon="-119.16268998875053">
    <ele>1250.6000000000001</ele>
   </trkpt>
   <trkpt lat="49.77074" lon="-119.16168">
    <ele>1250.42</ele>
   </trkpt>
   <trkpt lat="49.77040000201451" lon="-119.16100499537222">
    <ele>1250.1200000000001</ele>
   </trkpt>
   <trkpt lat="49.77006" lon="-119.16033000000002">
    <ele>1249.9600000000003</ele>
   </trkpt>
   <trkpt lat="49.76966000617288" lon="-119.15912999002683">
    <ele>1250.0500000000002</ele>
   </trkpt>
   <trkpt lat="49.76926" lon="-119.15793000000001">
    <ele>1250.15</ele>
   </trkpt>
   <trkpt lat="49.7689100251686" lon="-119.15684829426839">
    <ele>1250.2000000000003</ele>
   </trkpt>
   <trkpt lat="49.76856004026756" lon="-119.15576660415697">
    <ele>1250.04</ele>
   </trkpt>
   <trkpt lat="49.76821004529712" lon="-119.15468492966585">
    <ele>1249.9600000000003</ele>
   </trkpt>
   <trkpt lat="49.767860040257595" lon="-119.15360327079505">
    <ele>1250.15</ele>
   </trkpt>
   <trkpt lat="49.76751002514924" lon="-119.15252162754457">
    <ele>1250.04</ele>
   </trkpt>
   <trkpt lat="49.767160000000004" lon="-119.15144000000001">
    <ele>1249.7800000000002</ele>
   </trkpt>
   <trkpt lat="49.766650000000006" lon="-119.15035">
    <ele>1249.02</ele>
   </trkpt>
   <trkpt lat="49.76613668623009" lon="-119.14939661620826">
    <ele>1248.5000000000002</ele>
   </trkpt>
   <trkpt lat="49.76562336463786" lon="-119.14844325260694">
    <ele>1246.78</ele>
   </trkpt>
   <trkpt lat="49.76511003522361" lon="-119.14748990919561">
    <ele>1246.0200000000002</ele>
   </trkpt>
   <trkpt lat="49.76459669798768" lon="-119.14653658597372">
    <ele>1245.0100000000002</ele>
   </trkpt>
   <trkpt lat="49.764083352930335" lon="-119.14558328294083">
    <ele>1244.2900000000002</ele>
   </trkpt>
   <trkpt lat="49.76357" lon="-119.14463">
    <ele>1243.3</ele>
   </trkpt>
   <trkpt lat="49.76300334274432" lon="-119.14358330883412">
    <ele>1242.79</ele>
   </trkpt>
   <trkpt lat="49.76243667606009" lon="-119.14253664213552">
    <ele>1242.04</ele>
   </trkpt>
   <trkpt lat="49.76187" lon="-119.14149">
    <ele>1241.09</ele>
   </trkpt>
   <trkpt lat="49.76122" lon="-119.14068">
    <ele>1240.16</ele>
   </trkpt>
   <trkpt lat="49.760830000000006" lon="-119.14024">
    <ele>1239.88</ele>
   </trkpt>
   <trkpt lat="49.760160000000006" lon="-119.13974">
    <ele>1238.95</ele>
   </trkpt>
   <trkpt lat="49.7595" lon="-119.13916">
    <ele>1238.2300000000002</ele>
   </trkpt>
   <trkpt lat="49.75927" lon="-119.13884000000002">
    <ele>1237.75</ele>
   </trkpt>
   <trkpt lat="49.75907" lon="-119.1384">
    <ele>1237.48</ele>
   </trkpt>
   <trkpt lat="49.75893000000001" lon="-119.13783000000001">
    <ele>1237.38</ele>
   </trkpt>
   <trkpt lat="49.75887" lon="-119.13737">
    <ele>1237.14</ele>
   </trkpt>
   <trkpt lat="49.75884000345046" lon="-119.13647499954888">
    <ele>1236.79</ele>
   </trkpt>
   <trkpt lat="49.758810000000004" lon="-119.13558">
    <ele>1236.1000000000001</ele>
   </trkpt>
   <trkpt lat="49.758720000000004" lon="-119.13441000000002">
    <ele>1236.0000000000002</ele>
   </trkpt>
   <trkpt lat="49.75868334188313" lon="-119.13341333184053">
    <ele>1234.67</ele>
   </trkpt>
   <trkpt lat="49.75864667521698" lon="-119.13241666518819">
    <ele>1233.68</ele>
   </trkpt>
   <trkpt lat="49.758610000000004" lon="-119.13142">
    <ele>1233.41</ele>
   </trkpt>
   <trkpt lat="49.75855000000001" lon="-119.13096000000002">
    <ele>1233.26</ele>
   </trkpt>
   <trkpt lat="49.75824" lon="-119.13007">
    <ele>1232.66</ele>
   </trkpt>
   <trkpt lat="49.758" lon="-119.12968000000001">
    <ele>1232.3500000000001</ele>
   </trkpt>
   <trkpt lat="49.757740000000005" lon="-119.1294">
    <ele>1232.3000000000002</ele>
   </trkpt>
   <trkpt lat="49.75743000000001" lon="-119.12917000000002">
    <ele>1232.2300000000002</ele>
   </trkpt>
   <trkpt lat="49.7571" lon="-119.129">
    <ele>1231.88</ele>
   </trkpt>
   <trkpt lat="49.756710000000005" lon="-119.129">
    <ele>1231.46</ele>
   </trkpt>
   <trkpt lat="49.75601" lon="-119.12923">
    <ele>1230.3600000000001</ele>
   </trkpt>
   <trkpt lat="49.75528500101867" lon="-119.12950751243632">
    <ele>1229.94</ele>
   </trkpt>
   <trkpt lat="49.75456000137453" lon="-119.12978501657521">
    <ele>1229.0500000000002</ele>
   </trkpt>
   <trkpt lat="49.753835001067614" lon="-119.13006251241711">
    <ele>1228.6100000000001</ele>
   </trkpt>
   <trkpt lat="49.75311000000001" lon="-119.13034">
    <ele>1227.46</ele>
   </trkpt>
   <trkpt lat="49.75227000040408" lon="-119.1306300050081">
    <ele>1226.64</ele>
   </trkpt>
   <trkpt lat="49.751430000000006" lon="-119.13092">
    <ele>1226.04</ele>
   </trkpt>
   <trkpt lat="49.75073000014769" lon="-119.13107333777113">
    <ele>1225.03</ele>
   </trkpt>
   <trkpt lat="49.75003000009302" lon="-119.13122667111635">
    <ele>1224.43</ele>
   </trkpt>
   <trkpt lat="49.74933000000001" lon="-119.13138000000001">
    <ele>1223.5600000000002</ele>
   </trkpt>
   <trkpt lat="49.74850250004017" lon="-119.13143250268655">
    <ele>1222.46</ele>
   </trkpt>
   <trkpt lat="49.74767500005663" lon="-119.13148500358177">
    <ele>1221.53</ele>
   </trkpt>
   <trkpt lat="49.74684750004937" lon="-119.13153750268584">
    <ele>1220.7800000000002</ele>
   </trkpt>
   <trkpt lat="49.74602" lon="-119.13159">
    <ele>1220.11</ele>
   </trkpt>
   <trkpt lat="49.74524666677104" lon="-119.13166666910563">
    <ele>1219.09</ele>
   </trkpt>
   <trkpt lat="49.74447333349148" lon="-119.1317433357669">
    <ele>1217.96</ele>
   </trkpt>
   <trkpt lat="49.743700000000004" lon="-119.13182">
    <ele>1217.3700000000001</ele>
   </trkpt>
   <trkpt lat="49.74334" lon="-119.13191">
    <ele>1217.2900000000002</ele>
   </trkpt>
   <trkpt lat="49.74264500133841" lon="-119.13249500849318">
    <ele>1216.49</ele>
   </trkpt>
   <trkpt lat="49.74195" lon="-119.13308">
    <ele>1215.66</ele>
   </trkpt>
   <trkpt lat="49.74166" lon="-119.13325">
    <ele>1215.5</ele>
   </trkpt>
   <trkpt lat="49.74138000000001" lon="-119.13335000000001">
    <ele>1215.0800000000002</ele>
   </trkpt>
   <trkpt lat="49.74112" lon="-119.13335000000001">
    <ele>1214.8400000000001</ele>
   </trkpt>
   <trkpt lat="49.740570000000005" lon="-119.13321">
    <ele>1214.21</ele>
   </trkpt>
   <trkpt lat="49.74024000000001" lon="-119.13303">
    <ele>1214.04</ele>
   </trkpt>
   <trkpt lat="49.73971" lon="-119.13284000000002">
    <ele>1213.75</ele>
   </trkpt>
   <trkpt lat="49.739180000000005" lon="-119.13267">
    <ele>1212.9800000000002</ele>
   </trkpt>
   <trkpt lat="49.73877" lon="-119.13267">
    <ele>1212.8400000000001</ele>
   </trkpt>
   <trkpt lat="49.73833000023066" lon="-119.1328450015475">
    <ele>1212.31</ele>
   </trkpt>
   <trkpt lat="49.73789000000001" lon="-119.13302000000002">
    <ele>1212.05</ele>
   </trkpt>
   <trkpt lat="49.737410000000004" lon="-119.13311000000002">
    <ele>1211.87</ele>
   </trkpt>
   <trkpt lat="49.737010000000005" lon="-119.13307">
    <ele>1211.5</ele>
   </trkpt>
   <trkpt lat="49.73649500027019" lon="-119.13279999711177">
    <ele>1210.7</ele>
   </trkpt>
   <trkpt lat="49.735980000000005" lon="-119.13253">
    <ele>1210.1200000000001</ele>
   </trkpt>
   <trkpt lat="49.73568" lon="-119.13246000000001">
    <ele>1210.0700000000002</ele>
   </trkpt>
   <trkpt lat="49.73539" lon="-119.13249">
    <ele>1210.0900000000001</ele>
   </trkpt>
   <trkpt lat="49.73512" lon="-119.13259000000001">
    <ele>1210.0300000000002</ele>
   </trkpt>
   <trkpt lat="49.734880000000004" lon="-119.13281">
    <ele>1209.8000000000002</ele>
   </trkpt>
   <trkpt lat="49.73467" lon="-119.13308">
    <ele>1209.6</ele>
   </trkpt>
   <trkpt lat="49.734480000000005" lon="-119.13347">
    <ele>1209.54</ele>
   </trkpt>
   <trkpt lat="49.73436" lon="-119.13384">
    <ele>1209.41</ele>
   </trkpt>
   <trkpt lat="49.73433000000001" lon="-119.13446">
    <ele>1209.1900000000003</ele>
   </trkpt>
   <trkpt lat="49.73436" lon="-119.13501000000001">
    <ele>1208.45</ele>
   </trkpt>
   <trkpt lat="49.73451000000001" lon="-119.13604000000001">
    <ele>1208.1000000000001</ele>
   </trkpt>
   <trkpt lat="49.73454" lon="-119.13634">
    <ele>1207.92</ele>
   </trkpt>
   <trkpt lat="49.73449" lon="-119.1371">
    <ele>1207.89</ele>
   </trkpt>
   <trkpt lat="49.73442000000001" lon="-119.13734000000001">
    <ele>1207.75</ele>
   </trkpt>
   <trkpt lat="49.73429" lon="-119.13768">
    <ele>1207.6200000000001</ele>
   </trkpt>
   <trkpt lat="49.73407" lon="-119.13808000000002">
    <ele>1207.17</ele>
   </trkpt>
   <trkpt lat="49.73384" lon="-119.13835000000002">
    <ele>1207.0800000000002</ele>
   </trkpt>
   <trkpt lat="49.73324" lon="-119.13875000000002">
    <ele>1206.28</ele>
   </trkpt>
   <trkpt lat="49.732800000000005" lon="-119.13911000000002">
    <ele>1205.8000000000002</ele>
   </trkpt>
   <trkpt lat="49.73227000000001" lon="-119.13947">
    <ele>1205.21</ele>
   </trkpt>
   <trkpt lat="49.73198000000001" lon="-119.13960000000002">
    <ele>1205.06</ele>
   </trkpt>
   <trkpt lat="49.73172" lon="-119.13966">
    <ele>1204.74</ele>
   </trkpt>
   <trkpt lat="49.731300000000005" lon="-119.13960000000002">
    <ele>1204.73</ele>
   </trkpt>
   <trkpt lat="49.73093" lon="-119.13938">
    <ele>1204.3799999999999</ele>
   </trkpt>
   <trkpt lat="49.730210002896904" lon="-119.13880331625283">
    <ele>1203.27</ele>
   </trkpt>
   <trkpt lat="49.72949000293119" lon="-119.13822664961394">
    <ele>1202.53</ele>
   </trkpt>
   <trkpt lat="49.728770000000004" lon="-119.13765000000001">
    <ele>1201.44</ele>
   </trkpt>
   <trkpt lat="49.72818" lon="-119.13742">
    <ele>1201.1100000000001</ele>
   </trkpt>
   <trkpt lat="49.727830000000004" lon="-119.13742">
    <ele>1200.7</ele>
   </trkpt>
   <trkpt lat="49.72737" lon="-119.13738000000001">
    <ele>1200.23</ele>
   </trkpt>
   <trkpt lat="49.72695" lon="-119.13737">
    <ele>1199.81</ele>
   </trkpt>
   <trkpt lat="49.72659" lon="-119.13719">
    <ele>1199.63</ele>
   </trkpt>
   <trkpt lat="49.725910000000006" lon="-119.13643">
    <ele>1198.59</ele>
   </trkpt>
   <trkpt lat="49.72529667382332" lon="-119.13551997704826">
    <ele>1197.87</ele>
   </trkpt>
   <trkpt lat="49.724683340518006" lon="-119.13460997709026">
    <ele>1197.14</ele>
   </trkpt>
   <trkpt lat="49.724070000000005" lon="-119.1337">
    <ele>1196.22</ele>
   </trkpt>
   <trkpt lat="49.723710000000004" lon="-119.13298">
    <ele>1195.8500000000001</ele>
   </trkpt>
   <trkpt lat="49.72337000355613" lon="-119.13206999360547">
    <ele>1195.3</ele>
   </trkpt>
   <trkpt lat="49.72303" lon="-119.13116000000001">
    <ele>1194.47</ele>
   </trkpt>
   <trkpt lat="49.72282500195959" lon="-119.1304799970271">
    <ele>1194.13</ele>
   </trkpt>
   <trkpt lat="49.722620000000006" lon="-119.1298">
    <ele>1193.67</ele>
   </trkpt>
   <trkpt lat="49.722210000000004" lon="-119.12895">
    <ele>1192.64</ele>
   </trkpt>
   <trkpt lat="49.7216533424819" lon="-119.12791997641132">
    <ele>1191.8000000000002</ele>
   </trkpt>
   <trkpt lat="49.72109667583092" lon="-119.1268899764408">
    <ele>1190.95</ele>
   </trkpt>
   <trkpt lat="49.72054000000001" lon="-119.12586">
    <ele>1190.53</ele>
   </trkpt>
   <trkpt lat="49.72019" lon="-119.12513000000001">
    <ele>1189.38</ele>
   </trkpt>
   <trkpt lat="49.719860000000004" lon="-119.12434">
    <ele>1189.06</ele>
   </trkpt>
   <trkpt lat="49.71966500181217" lon="-119.12369499748084">
    <ele>1188.5100000000002</ele>
   </trkpt>
   <trkpt lat="49.71947" lon="-119.12305">
    <ele>1188.19</ele>
   </trkpt>
   <trkpt lat="49.71918500281771" lon="-119.12223999522789">
    <ele>1187.44</ele>
   </trkpt>
   <trkpt lat="49.718900000000005" lon="-119.12143">
    <ele>1186.91</ele>
   </trkpt>
   <trkpt lat="49.718590000000006" lon="-119.12089">
    <ele>1186.82</ele>
   </trkpt>
   <trkpt lat="49.71808000000001" lon="-119.12044000000002">
    <ele>1186.28</ele>
   </trkpt>
   <trkpt lat="49.71743000000001" lon="-119.12004">
    <ele>1185.3</ele>
   </trkpt>
   <trkpt lat="49.71705000000001" lon="-119.11978">
    <ele>1184.77</ele>
   </trkpt>
   <trkpt lat="49.716620000000006" lon="-119.11928">
    <ele>1184.42</ele>
   </trkpt>
   <trkpt lat="49.716210002539384" lon="-119.11851999368213">
    <ele>1183.5600000000002</ele>
   </trkpt>
   <trkpt lat="49.7158" lon="-119.11776">
    <ele>1183.3400000000001</ele>
   </trkpt>
   <trkpt lat="49.71536500214423" lon="-119.11704499350306">
    <ele>1182.4800000000002</ele>
   </trkpt>
   <trkpt lat="49.71493" lon="-119.11633">
    <ele>1181.92</ele>
   </trkpt>
   <trkpt lat="49.71466" lon="-119.11598000000001">
    <ele>1181.47</ele>
   </trkpt>
   <trkpt lat="49.714380000000006" lon="-119.11580000000001">
    <ele>1181.3600000000001</ele>
   </trkpt>
   <trkpt lat="49.714130000000004" lon="-119.11567000000001">
    <ele>1181.1</ele>
   </trkpt>
   <trkpt lat="49.71383" lon="-119.11562">
    <ele>1181.03</ele>
   </trkpt>
   <trkpt lat="49.71345" lon="-119.11562">
    <ele>1180.92</ele>
   </trkpt>
   <trkpt lat="49.712975000054406" lon="-119.11570500082712">
    <ele>1180.46</ele>
   </trkpt>
   <trkpt lat="49.712500000000006" lon="-119.11579">
    <ele>1179.9</ele>
   </trkpt>
   <trkpt lat="49.712050000000005" lon="-119.11575">
    <ele>1179.6100000000001</ele>
   </trkpt>
   <trkpt lat="49.711650000000006" lon="-119.11552">
    <ele>1179.48</ele>
   </trkpt>
   <trkpt lat="49.7113" lon="-119.11503">
    <ele>1178.95</ele>
   </trkpt>
   <trkpt lat="49.71074" lon="-119.11397000000001">
    <ele>1178.23</ele>
   </trkpt>
   <trkpt lat="49.71047" lon="-119.11364">
    <ele>1177.89</ele>
   </trkpt>
   <trkpt lat="49.710210000000004" lon="-119.11346">
    <ele>1177.89</ele>
   </trkpt>
   <trkpt lat="49.709920000000004" lon="-119.11337">
    <ele>1177.64</ele>
   </trkpt>
   <trkpt lat="49.709449999998945" lon="-119.11330499936837">
    <ele>1177.01</ele>
   </trkpt>
   <trkpt lat="49.708980000000004" lon="-119.11324">
    <ele>1176.46</ele>
   </trkpt>
   <trkpt lat="49.708510000000004" lon="-119.1131">
    <ele>1176.0900000000001</ele>
   </trkpt>
   <trkpt lat="49.70808" lon="-119.11284">
    <ele>1175.7300000000002</ele>
   </trkpt>
   <trkpt lat="49.70757500094636" lon="-119.11238999538847">
    <ele>1174.86</ele>
   </trkpt>
   <trkpt lat="49.70707" lon="-119.11194">
    <ele>1174.49</ele>
   </trkpt>
   <trkpt lat="49.70655000000001" lon="-119.11158">
    <ele>1174.1200000000001</ele>
   </trkpt>
   <trkpt lat="49.706320000000005" lon="-119.11149">
    <ele>1174.11</ele>
   </trkpt>
   <trkpt lat="49.706010000000006" lon="-119.11149">
    <ele>1173.95</ele>
   </trkpt>
   <trkpt lat="49.705470000000005" lon="-119.11158">
    <ele>1173.5300000000002</ele>
   </trkpt>
   <trkpt lat="49.705130000000004" lon="-119.11154">
    <ele>1173.3600000000001</ele>
   </trkpt>
   <trkpt lat="49.704800000000006" lon="-119.1114">
    <ele>1173.07</ele>
   </trkpt>
   <trkpt lat="49.704130000000006" lon="-119.11082">
    <ele>1172.13</ele>
   </trkpt>
   <trkpt lat="49.70367" lon="-119.11051">
    <ele>1171.8000000000002</ele>
   </trkpt>
   <trkpt lat="49.70286000058017" lon="-119.11012999364534">
    <ele>1171.19</ele>
   </trkpt>
   <trkpt lat="49.70205000000001" lon="-119.10975">
    <ele>1170.5</ele>
   </trkpt>
   <trkpt lat="49.701475000211275" lon="-119.10952999739759">
    <ele>1169.49</ele>
   </trkpt>
   <trkpt lat="49.700900000000004" lon="-119.10931000000001">
    <ele>1169.28</ele>
   </trkpt>
   <trkpt lat="49.700070000000004" lon="-119.10912">
    <ele>1168.9900000000002</ele>
   </trkpt>
   <trkpt lat="49.69960999996183" lon="-119.10896999853594">
    <ele>1168.63</ele>
   </trkpt>
   <trkpt lat="49.69915" lon="-119.10882000000001">
    <ele>1167.8700000000001</ele>
   </trkpt>
   <trkpt lat="49.69848000051851" lon="-119.10842999454339">
    <ele>1166.94</ele>
   </trkpt>
   <trkpt lat="49.697810000000004" lon="-119.10804000000002">
    <ele>1166.18</ele>
   </trkpt>
   <trkpt lat="49.69745" lon="-119.108">
    <ele>1165.8700000000001</ele>
   </trkpt>
   <trkpt lat="49.69713" lon="-119.10806000000001">
    <ele>1165.8200000000002</ele>
   </trkpt>
   <trkpt lat="49.696595000316385" lon="-119.10834500315532">
    <ele>1165.21</ele>
   </trkpt>
   <trkpt lat="49.69606" lon="-119.10863">
    <ele>1164.59</ele>
   </trkpt>
   <trkpt lat="49.69565" lon="-119.10864000000001">
    <ele>1164.3700000000001</ele>
   </trkpt>
   <trkpt lat="49.695130000000006" lon="-119.10845">
    <ele>1163.74</ele>
   </trkpt>
   <trkpt lat="49.694590000000005" lon="-119.108">
    <ele>1163.58</ele>
   </trkpt>
   <trkpt lat="49.694" lon="-119.10756">
    <ele>1162.68</ele>
   </trkpt>
   <trkpt lat="49.69357" lon="-119.10737">
    <ele>1162.25</ele>
   </trkpt>
   <trkpt lat="49.693290000000005" lon="-119.10733">
    <ele>1161.7700000000002</ele>
   </trkpt>
   <trkpt lat="49.69283" lon="-119.10742">
    <ele>1161.5900000000001</ele>
   </trkpt>
   <trkpt lat="49.692350000000005" lon="-119.10768000000002">
    <ele>1160.9900000000002</ele>
   </trkpt>
   <trkpt lat="49.69163" lon="-119.10818">
    <ele>1160.15</ele>
   </trkpt>
   <trkpt lat="49.69108000000001" lon="-119.10849">
    <ele>1159.45</ele>
   </trkpt>
   <trkpt lat="49.690830000000005" lon="-119.10881">
    <ele>1157.5600000000002</ele>
   </trkpt>
   <trkpt lat="49.69062" lon="-119.10894">
    <ele>1157.51</ele>
   </trkpt>
   <trkpt lat="49.69044" lon="-119.10882000000001">
    <ele>1157.99</ele>
   </trkpt>
   <trkpt lat="49.69032000000001" lon="-119.10863">
    <ele>1158.6000000000001</ele>
   </trkpt>
   <trkpt lat="49.69023000000001" lon="-119.10827">
    <ele>1159.49</ele>
   </trkpt>
   <trkpt lat="49.690110000000004" lon="-119.10805">
    <ele>1159.47</ele>
   </trkpt>
   <trkpt lat="49.689780000000006" lon="-119.10777000000002">
    <ele>1158.9</ele>
   </trkpt>
   <trkpt lat="49.689420000000005" lon="-119.10764">
    <ele>1158.41</ele>
   </trkpt>
   <trkpt lat="49.68907" lon="-119.1076">
    <ele>1158.26</ele>
   </trkpt>
   <trkpt lat="49.68878" lon="-119.10761000000001">
    <ele>1158.14</ele>
   </trkpt>
   <trkpt lat="49.68851" lon="-119.10773">
    <ele>1158.1100000000001</ele>
   </trkpt>
   <trkpt lat="49.687780000000004" lon="-119.10813">
    <ele>1157.27</ele>
   </trkpt>
   <trkpt lat="49.687540000000006" lon="-119.10815000000001">
    <ele>1156.76</ele>
   </trkpt>
   <trkpt lat="49.687250000000006" lon="-119.10809">
    <ele>1156.59</ele>
   </trkpt>
   <trkpt lat="49.68695" lon="-119.10791">
    <ele>1156.64</ele>
   </trkpt>
   <trkpt lat="49.68663" lon="-119.10755">
    <ele>1156.79</ele>
   </trkpt>
   <trkpt lat="49.68625" lon="-119.10688">
    <ele>1156.0000000000002</ele>
   </trkpt>
   <trkpt lat="49.68592" lon="-119.10652">
    <ele>1155.79</ele>
   </trkpt>
   <trkpt lat="49.68518" lon="-119.10599">
    <ele>1154.4500000000003</ele>
   </trkpt>
   <trkpt lat="49.684522501405965" lon="-119.10565498638623">
    <ele>1154.17</ele>
   </trkpt>
   <trkpt lat="49.6838650018456" lon="-119.10531998183383">
    <ele>1153.01</ele>
   </trkpt>
   <trkpt lat="49.68320750131895" lon="-119.10498498634236">
    <ele>1152.43</ele>
   </trkpt>
   <trkpt lat="49.682550000000006" lon="-119.10465">
    <ele>1151.65</ele>
   </trkpt>
   <trkpt lat="49.68202" lon="-119.10450000000002">
    <ele>1151.44</ele>
   </trkpt>
   <trkpt lat="49.68162" lon="-119.10442">
    <ele>1150.8500000000001</ele>
   </trkpt>
   <trkpt lat="49.68108" lon="-119.10446">
    <ele>1150.2800000000002</ele>
   </trkpt>
   <trkpt lat="49.6805" lon="-119.10455">
    <ele>1149.69</ele>
   </trkpt>
   <trkpt lat="49.679860000000005" lon="-119.10451">
    <ele>1149.1100000000001</ele>
   </trkpt>
   <trkpt lat="49.67933000000001" lon="-119.10425000000001">
    <ele>1148.3000000000002</ele>
   </trkpt>
   <trkpt lat="49.67889000023783" lon="-119.10395499723896">
    <ele>1148.5</ele>
   </trkpt>
   <trkpt lat="49.678450000000005" lon="-119.10366">
    <ele>1148.0</ele>
   </trkpt>
   <trkpt lat="49.67781" lon="-119.10334">
    <ele>1147.3200000000002</ele>
   </trkpt>
   <trkpt lat="49.67725" lon="-119.10322000000001">
    <ele>1146.5100000000002</ele>
   </trkpt>
   <trkpt lat="49.67654" lon="-119.10321">
    <ele>1145.98</ele>
   </trkpt>
   <trkpt lat="49.67588000000001" lon="-119.10334">
    <ele>1145.15</ele>
   </trkpt>
   <trkpt lat="49.67525666672406" lon="-119.10337000076662">
    <ele>1144.67</ele>
   </trkpt>
   <trkpt lat="49.674633333440354" lon="-119.10340000076424">
    <ele>1143.52</ele>
   </trkpt>
   <trkpt lat="49.67401" lon="-119.10343">
    <ele>1142.94</ele>
   </trkpt>
   <trkpt lat="49.67353000017113" lon="-119.10327499849211">
    <ele>1142.8100000000002</ele>
   </trkpt>
   <trkpt lat="49.67305" lon="-119.10312">
    <ele>1142.43</ele>
   </trkpt>
   <trkpt lat="49.67217" lon="-119.1029">
    <ele>1141.8400000000001</ele>
   </trkpt>
   <trkpt lat="49.671600000000005" lon="-119.10282000000001">
    <ele>1141.0</ele>
   </trkpt>
   <trkpt lat="49.6707749999692" lon="-119.10286500076543">
    <ele>1139.99</ele>
   </trkpt>
   <trkpt lat="49.66995000000001" lon="-119.10291000000001">
    <ele>1139.3600000000001</ele>
   </trkpt>
   <trkpt lat="49.66926" lon="-119.10276">
    <ele>1138.27</ele>
   </trkpt>
   <trkpt lat="49.66863500026022" lon="-119.10248999650774">
    <ele>1137.0800000000002</ele>
   </trkpt>
   <trkpt lat="49.66801" lon="-119.10222">
    <ele>1136.74</ele>
   </trkpt>
   <trkpt lat="49.6675350001719" lon="-119.10199999783495">
    <ele>1136.53</ele>
   </trkpt>
   <trkpt lat="49.667060000000006" lon="-119.10178">
    <ele>1136.17</ele>
   </trkpt>
   <trkpt lat="49.666520000000006" lon="-119.10137">
    <ele>1135.41</ele>
   </trkpt>
   <trkpt lat="49.66581000000001" lon="-119.1007">
    <ele>1134.47</ele>
   </trkpt>
   <trkpt lat="49.665420001183975" lon="-119.10018499592702">
    <ele>1133.78</ele>
   </trkpt>
   <trkpt lat="49.66503" lon="-119.09967">
    <ele>1133.21</ele>
   </trkpt>
   <trkpt lat="49.66456333646385" lon="-119.09907332196971">
    <ele>1132.53</ele>
   </trkpt>
   <trkpt lat="49.66409666986195" lon="-119.098476655386">
    <ele>1131.63</ele>
   </trkpt>
   <trkpt lat="49.663630000000005" lon="-119.09788">
    <ele>1130.92</ele>
   </trkpt>
   <trkpt lat="49.66306" lon="-119.09726">
    <ele>1130.03</ele>
   </trkpt>
   <trkpt lat="49.66254000000001" lon="-119.09684000000001">
    <ele>1129.67</ele>
   </trkpt>
   <trkpt lat="49.66176000111142" lon="-119.09635499228635">
    <ele>1128.7800000000002</ele>
   </trkpt>
   <trkpt lat="49.66098" lon="-119.09587">
    <ele>1128.12</ele>
   </trkpt>
   <trkpt lat="49.66040000077446" lon="-119.09549499563933">
    <ele>1127.44</ele>
   </trkpt>
   <trkpt lat="49.65982" lon="-119.09512000000001">
    <ele>1127.3600000000001</ele>
   </trkpt>
   <trkpt lat="49.659130000000005" lon="-119.09435">
    <ele>1126.26</ele>
   </trkpt>
   <trkpt lat="49.65892" lon="-119.09385">
    <ele>1125.8300000000002</ele>
   </trkpt>
   <trkpt lat="49.65854" lon="-119.09264">
    <ele>1125.22</ele>
   </trkpt>
   <trkpt lat="49.65841000264062" lon="-119.09185499782625">
    <ele>1124.8</ele>
   </trkpt>
   <trkpt lat="49.658280000000005" lon="-119.09107000000002">
    <ele>1123.78</ele>
   </trkpt>
   <trkpt lat="49.65810001232683" lon="-119.08987332444711">
    <ele>1122.8100000000002</ele>
   </trkpt>
   <trkpt lat="49.65792001232173" lon="-119.08867665774677">
    <ele>1122.21</ele>
   </trkpt>
   <trkpt lat="49.657740000000004" lon="-119.08748000000001">
    <ele>1121.39</ele>
   </trkpt>
   <trkpt lat="49.65758000246819" lon="-119.08672499758265">
    <ele>1121.15</ele>
   </trkpt>
   <trkpt lat="49.65742" lon="-119.08597">
    <ele>1120.9</ele>
   </trkpt>
   <trkpt lat="49.657125001950256" lon="-119.08529999597795">
    <ele>1120.46</ele>
   </trkpt>
   <trkpt lat="49.65683000000001" lon="-119.08463">
    <ele>1119.65</ele>
   </trkpt>
   <trkpt lat="49.65630501397519" lon="-119.08358996634887">
    <ele>1118.5500000000002</ele>
   </trkpt>
   <trkpt lat="49.65578001863564" lon="-119.08254995513673">
    <ele>1117.99</ele>
   </trkpt>
   <trkpt lat="49.655255013981716" lon="-119.08150996636306">
    <ele>1116.7900000000002</ele>
   </trkpt>
   <trkpt lat="49.65473" lon="-119.08047">
    <ele>1116.15</ele>
   </trkpt>
   <trkpt lat="49.65422" lon="-119.07975">
    <ele>1115.4700000000003</ele>
   </trkpt>
   <trkpt lat="49.65362000244035" lon="-119.07921332006572">
    <ele>1114.95</ele>
   </trkpt>
   <trkpt lat="49.65302000240035" lon="-119.07867665336349">
    <ele>1114.29</ele>
   </trkpt>
   <trkpt lat="49.652420000000006" lon="-119.07814">
    <ele>1113.3600000000001</ele>
   </trkpt>
   <trkpt lat="49.65204500168891" lon="-119.07749499485436">
    <ele>1112.84</ele>
   </trkpt>
   <trkpt lat="49.65167" lon="-119.07685000000001">
    <ele>1112.48</ele>
   </trkpt>
   <trkpt lat="49.65133" lon="-119.07621">
    <ele>1112.14</ele>
   </trkpt>
   <trkpt lat="49.65102" lon="-119.07582000000001">
    <ele>1111.8100000000002</ele>
   </trkpt>
   <trkpt lat="49.650560000000006" lon="-119.07541">
    <ele>1111.24</ele>
   </trkpt>
   <trkpt lat="49.650180000000006" lon="-119.07523">
    <ele>1110.77</ele>
   </trkpt>
   <trkpt lat="49.649710000000006" lon="-119.07491">
    <ele>1110.0</ele>
   </trkpt>
   <trkpt lat="49.648923335151295" lon="-119.07444998512983">
    <ele>1109.24</ele>
   </trkpt>
   <trkpt lat="49.64813666848023" lon="-119.07398998512754">
    <ele>1108.4900000000002</ele>
   </trkpt>
   <trkpt lat="49.64735" lon="-119.07353">
    <ele>1107.41</ele>
   </trkpt>
   <trkpt lat="49.6467" lon="-119.07286">
    <ele>1106.66</ele>
   </trkpt>
   <trkpt lat="49.646190000000004" lon="-119.0725">
    <ele>1106.24</ele>
   </trkpt>
   <trkpt lat="49.645810000000004" lon="-119.07242000000001">
    <ele>1106.09</ele>
   </trkpt>
   <trkpt lat="49.64533" lon="-119.07254">
    <ele>1105.5000000000002</ele>
   </trkpt>
   <trkpt lat="49.644600000000004" lon="-119.07261000000001">
    <ele>1104.72</ele>
   </trkpt>
   <trkpt lat="49.644020000000005" lon="-119.07281">
    <ele>1104.13</ele>
   </trkpt>
   <trkpt lat="49.64342500056533" lon="-119.07319500475218">
    <ele>1103.04</ele>
   </trkpt>
   <trkpt lat="49.642830000000004" lon="-119.07358">
    <ele>1102.75</ele>
   </trkpt>
   <trkpt lat="49.64215" lon="-119.07408000000001">
    <ele>1102.0400000000002</ele>
   </trkpt>
   <trkpt lat="49.64139" lon="-119.07474">
    <ele>1101.3500000000001</ele>
   </trkpt>
   <trkpt lat="49.640980000000006" lon="-119.07518">
    <ele>1100.6299999999999</ele>
   </trkpt>
   <trkpt lat="49.64064000088461" lon="-119.07565000337394">
    <ele>1100.47</ele>
   </trkpt>
   <trkpt lat="49.6403" lon="-119.07612">
    <ele>1099.93</ele>
   </trkpt>
   <trkpt lat="49.639720000000004" lon="-119.07688">
    <ele>1099.08</ele>
   </trkpt>
   <trkpt lat="49.63937000000001" lon="-119.0772">
    <ele>1099.0900000000001</ele>
   </trkpt>
   <trkpt lat="49.63897000000001" lon="-119.07746000000002">
    <ele>1098.81</ele>
   </trkpt>
   <trkpt lat="49.63864" lon="-119.07746000000002">
    <ele>1098.47</ele>
   </trkpt>
   <trkpt lat="49.63835" lon="-119.07742">
    <ele>1098.14</ele>
   </trkpt>
   <trkpt lat="49.637980000000006" lon="-119.07724">
    <ele>1097.8400000000001</ele>
   </trkpt>
   <trkpt lat="49.637480000000004" lon="-119.0772">
    <ele>1097.51</ele>
   </trkpt>
   <trkpt lat="49.63718" lon="-119.07725">
    <ele>1097.42</ele>
   </trkpt>
   <trkpt lat="49.6368" lon="-119.07746000000002">
    <ele>1096.97</ele>
   </trkpt>
   <trkpt lat="49.63658" lon="-119.07769">
    <ele>1096.68</ele>
   </trkpt>
   <trkpt lat="49.636215000829964" lon="-119.07814000342456">
    <ele>1095.68</ele>
   </trkpt>
   <trkpt lat="49.635850000000005" lon="-119.07859">
    <ele>1095.3700000000001</ele>
   </trkpt>
   <trkpt lat="49.63541000000001" lon="-119.07908">
    <ele>1094.98</ele>
   </trkpt>
   <trkpt lat="49.63467000000001" lon="-119.07962">
    <ele>1094.2200000000003</ele>
   </trkpt>
   <trkpt lat="49.634053334489224" lon="-119.07999334281426">
    <ele>1092.97</ele>
   </trkpt>
   <trkpt lat="49.63343666777799" lon="-119.08036667617442">
    <ele>1092.65</ele>
   </trkpt>
   <trkpt lat="49.63282" lon="-119.08074">
    <ele>1091.92</ele>
   </trkpt>
   <trkpt lat="49.632450000000006" lon="-119.08114">
    <ele>1091.41</ele>
   </trkpt>
   <trkpt lat="49.632115001966746" lon="-119.08181000454097">
    <ele>1090.8500000000001</ele>
   </trkpt>
   <trkpt lat="49.631780000000006" lon="-119.08248">
    <ele>1090.17</ele>
   </trkpt>
   <trkpt lat="49.63127" lon="-119.08315">
    <ele>1089.3600000000001</ele>
   </trkpt>
   <trkpt lat="49.63091000000001" lon="-119.08342">
    <ele>1089.85</ele>
   </trkpt>
   <trkpt lat="49.630570000000006" lon="-119.08357000000001">
    <ele>1089.82</ele>
   </trkpt>
   <trkpt lat="49.62992500001032" lon="-119.08366500126213">
    <ele>1088.7600000000002</ele>
   </trkpt>
   <trkpt lat="49.62928" lon="-119.08376000000001">
    <ele>1088.0100000000002</ele>
   </trkpt>
   <trkpt lat="49.62848600015479" lon="-119.08386000652189">
    <ele>1086.8</ele>
   </trkpt>
   <trkpt lat="49.627692000223455" lon="-119.08396000978375">
    <ele>1085.91</ele>
   </trkpt>
   <trkpt lat="49.62689800020596" lon="-119.08406000978574">
    <ele>1084.8500000000001</ele>
   </trkpt>
   <trkpt lat="49.62610400010233" lon="-119.08416000652811">
    <ele>1084.02</ele>
   </trkpt>
   <trkpt lat="49.625310000000006" lon="-119.08426000000001">
    <ele>1083.4</ele>
   </trkpt>
   <trkpt lat="49.62482000009887" lon="-119.0843100004939">
    <ele>1082.6</ele>
   </trkpt>
   <trkpt lat="49.62433000000001" lon="-119.08436">
    <ele>1081.65</ele>
   </trkpt>
   <trkpt lat="49.623850000000004" lon="-119.08449000000002">
    <ele>1081.65</ele>
   </trkpt>
   <trkpt lat="49.623234999975125" lon="-119.08454500069763">
    <ele>1080.42</ele>
   </trkpt>
   <trkpt lat="49.622620000000005" lon="-119.08460000000001">
    <ele>1079.7800000000002</ele>
   </trkpt>
   <trkpt lat="49.62180333341017" lon="-119.08471333713712">
    <ele>1079.04</ele>
   </trkpt>
   <trkpt lat="49.6209866667097" lon="-119.08482667047508">
    <ele>1078.3400000000001</ele>
   </trkpt>
   <trkpt lat="49.62017" lon="-119.08494">
    <ele>1077.5400000000002</ele>
   </trkpt>
   <trkpt lat="49.61934333344035" lon="-119.08503000304955">
    <ele>1076.42</ele>
   </trkpt>
   <trkpt lat="49.61851666681093" lon="-119.08512000304545">
    <ele>1075.82</ele>
   </trkpt>
   <trkpt lat="49.61769" lon="-119.08521">
    <ele>1074.64</ele>
   </trkpt>
   <trkpt lat="49.61730000000001" lon="-119.08518000000001">
    <ele>1074.3500000000001</ele>
   </trkpt>
   <trkpt lat="49.616550000000004" lon="-119.08536000000001">
    <ele>1073.6499999999999</ele>
   </trkpt>
   <trkpt lat="49.616260000000004" lon="-119.08549000000001">
    <ele>1073.31</ele>
   </trkpt>
   <trkpt lat="49.615750000000006" lon="-119.08584">
    <ele>1072.84</ele>
   </trkpt>
   <trkpt lat="49.61495000000001" lon="-119.08624">
    <ele>1071.8500000000001</ele>
   </trkpt>
   <trkpt lat="49.61417" lon="-119.08628000000002">
    <ele>1071.1000000000001</ele>
   </trkpt>
   <trkpt lat="49.6139" lon="-119.08619000000002">
    <ele>1070.6</ele>
   </trkpt>
   <trkpt lat="49.613290000469185" lon="-119.08583499551419">
    <ele>1069.76</ele>
   </trkpt>
   <trkpt lat="49.612680000000005" lon="-119.08548">
    <ele>1069.11</ele>
   </trkpt>
   <trkpt lat="49.61209" lon="-119.08509000000001">
    <ele>1068.39</ele>
   </trkpt>
   <trkpt lat="49.61189" lon="-119.08503">
    <ele>1068.1900000000003</ele>
   </trkpt>
   <trkpt lat="49.611560000000004" lon="-119.08498000000002">
    <ele>1068.09</ele>
   </trkpt>
   <trkpt lat="49.611230000000006" lon="-119.08495">
    <ele>1067.8899999999999</ele>
   </trkpt>
   <trkpt lat="49.61083000000001" lon="-119.08507000000002">
    <ele>1067.71</ele>
   </trkpt>
   <trkpt lat="49.61052" lon="-119.08525000000002">
    <ele>1066.8000000000002</ele>
   </trkpt>
   <trkpt lat="49.610035000526764" lon="-119.08559000336265">
    <ele>1066.5200000000002</ele>
   </trkpt>
   <trkpt lat="49.609550000000006" lon="-119.08593">
    <ele>1065.69</ele>
   </trkpt>
   <trkpt lat="49.6089150011076" lon="-119.08643000648892">
    <ele>1065.28</ele>
   </trkpt>
   <trkpt lat="49.60828" lon="-119.08693000000001">
    <ele>1064.78</ele>
   </trkpt>
   <trkpt lat="49.607890000000005" lon="-119.08714">
    <ele>1064.1200000000001</ele>
   </trkpt>
   <trkpt lat="49.60739" lon="-119.08727">
    <ele>1063.7500000000002</ele>
   </trkpt>
   <trkpt lat="49.60682000005203" lon="-119.08718499900931">
    <ele>1063.3000000000002</ele>
   </trkpt>
   <trkpt lat="49.60625" lon="-119.0871">
    <ele>1062.77</ele>
   </trkpt>
   <trkpt lat="49.60557666679042" lon="-119.08698333011188">
    <ele>1062.15</ele>
   </trkpt>
   <trkpt lat="49.604903333463604" lon="-119.0868666634464">
    <ele>1061.3700000000001</ele>
   </trkpt>
   <trkpt lat="49.60423" lon="-119.08675000000001">
    <ele>1060.7300000000002</ele>
   </trkpt>
   <trkpt lat="49.603565000136534" lon="-119.08660999810147">
    <ele>1060.0</ele>
   </trkpt>
   <trkpt lat="49.602900000000005" lon="-119.08647">
    <ele>1059.23</ele>
   </trkpt>
   <trkpt lat="49.60232500007581" lon="-119.08639999918115">
    <ele>1058.78</ele>
   </trkpt>
   <trkpt lat="49.60175" lon="-119.08633">
    <ele>1058.44</ele>
   </trkpt>
   <trkpt lat="49.60111500000361" lon="-119.08626999921752">
    <ele>1058.3400000000001</ele>
   </trkpt>
   <trkpt lat="49.600480000000005" lon="-119.08621000000001">
    <ele>1057.46</ele>
   </trkpt>
   <trkpt lat="49.59998499986681" lon="-119.08623500026066">
    <ele>1057.23</ele>
   </trkpt>
   <trkpt lat="49.59949" lon="-119.08626000000001">
    <ele>1056.7000000000003</ele>
   </trkpt>
   <trkpt lat="49.598980000000005" lon="-119.08633">
    <ele>1056.18</ele>
   </trkpt>
   <trkpt lat="49.598420000000004" lon="-119.08656">
    <ele>1055.47</ele>
   </trkpt>
   <trkpt lat="49.59777000170031" lon="-119.08718500831344">
    <ele>1054.94</ele>
   </trkpt>
   <trkpt lat="49.597120000000004" lon="-119.08781">
    <ele>1054.64</ele>
   </trkpt>
   <trkpt lat="49.59669" lon="-119.08809000000001">
    <ele>1054.17</ele>
   </trkpt>
   <trkpt lat="49.59584" lon="-119.08839">
    <ele>1052.98</ele>
   </trkpt>
   <trkpt lat="49.59528" lon="-119.08834000000002">
    <ele>1052.38</ele>
   </trkpt>
   <trkpt lat="49.594680000000004" lon="-119.08834000000002">
    <ele>1052.21</ele>
   </trkpt>
   <trkpt lat="49.59431000000001" lon="-119.08839">
    <ele>1052.14</ele>
   </trkpt>
   <trkpt lat="49.594030000000004" lon="-119.08857">
    <ele>1051.96</ele>
   </trkpt>
   <trkpt lat="49.59376" lon="-119.08889">
    <ele>1051.67</ele>
   </trkpt>
   <trkpt lat="49.59341000088935" lon="-119.08936000345619">
    <ele>1051.43</ele>
   </trkpt>
   <trkpt lat="49.59306" lon="-119.08983">
    <ele>1050.8300000000002</ele>
   </trkpt>
   <trkpt lat="49.592690000000005" lon="-119.09014">
    <ele>1050.5200000000002</ele>
   </trkpt>
   <trkpt lat="49.592200000000005" lon="-119.09032">
    <ele>1049.79</ele>
   </trkpt>
   <trkpt lat="49.591455000235975" lon="-119.09054000335206">
    <ele>1049.32</ele>
   </trkpt>
   <trkpt lat="49.59071" lon="-119.09076">
    <ele>1049.44</ele>
   </trkpt>
   <trkpt lat="49.590030000000006" lon="-119.09094">
    <ele>1048.21</ele>
   </trkpt>
   <trkpt lat="49.589490000000005" lon="-119.09103">
    <ele>1047.23</ele>
   </trkpt>
   <trkpt lat="49.58878999989019" lon="-119.09105500036276">
    <ele>1046.03</ele>
   </trkpt>
   <trkpt lat="49.58809" lon="-119.09108">
    <ele>1045.91</ele>
   </trkpt>
   <trkpt lat="49.58726" lon="-119.09151000000001">
    <ele>1045.08</ele>
   </trkpt>
   <trkpt lat="49.58693" lon="-119.09161">
    <ele>1044.69</ele>
   </trkpt>
   <trkpt lat="49.58661000000001" lon="-119.09161">
    <ele>1044.25</ele>
   </trkpt>
   <trkpt lat="49.58604000036399" lon="-119.0914149977902">
    <ele>1044.0</ele>
   </trkpt>
   <trkpt lat="49.58547" lon="-119.09122">
    <ele>1043.5700000000002</ele>
   </trkpt>
   <trkpt lat="49.58513000000001" lon="-119.09122">
    <ele>1043.1000000000001</ele>
   </trkpt>
   <trkpt lat="49.58438" lon="-119.09144">
    <ele>1042.0</ele>
   </trkpt>
   <trkpt lat="49.58359" lon="-119.09158000000001">
    <ele>1041.43</ele>
   </trkpt>
   <trkpt lat="49.58308" lon="-119.09161">
    <ele>1041.13</ele>
   </trkpt>
   <trkpt lat="49.582440000000005" lon="-119.09174000000002">
    <ele>1040.3500000000001</ele>
   </trkpt>
   <trkpt lat="49.58187499980948" lon="-119.09176500029804">
    <ele>1039.4</ele>
   </trkpt>
   <trkpt lat="49.58131" lon="-119.09179">
    <ele>1038.92</ele>
   </trkpt>
   <trkpt lat="49.58086" lon="-119.09188">
    <ele>1038.69</ele>
   </trkpt>
   <trkpt lat="49.58021500039921" lon="-119.0921950041775">
    <ele>1038.55</ele>
   </trkpt>
   <trkpt lat="49.579570000000004" lon="-119.09251">
    <ele>1037.71</ele>
   </trkpt>
   <trkpt lat="49.57920000000001" lon="-119.09263000000001">
    <ele>1036.9700000000003</ele>
   </trkpt>
   <trkpt lat="49.578860000000006" lon="-119.09266000000001">
    <ele>1036.7700000000002</ele>
   </trkpt>
   <trkpt lat="49.578540000000004" lon="-119.0926">
    <ele>1036.24</ele>
   </trkpt>
   <trkpt lat="49.578230000000005" lon="-119.09243000000001">
    <ele>1035.72</ele>
   </trkpt>
   <trkpt lat="49.57746666946737" lon="-119.09185998216977">
    <ele>1035.0900000000001</ele>
   </trkpt>
   <trkpt lat="49.57670333613548" lon="-119.0912899821712">
    <ele>1034.1100000000001</ele>
   </trkpt>
   <trkpt lat="49.57594" lon="-119.09072">
    <ele>1033.45</ele>
   </trkpt>
   <trkpt lat="49.57555000000001" lon="-119.09054">
    <ele>1033.15</ele>
   </trkpt>
   <trkpt lat="49.575250000000004" lon="-119.0905">
    <ele>1032.89</ele>
   </trkpt>
   <trkpt lat="49.574940000000005" lon="-119.09054">
    <ele>1032.65</ele>
   </trkpt>
   <trkpt lat="49.57453" lon="-119.09073000000001">
    <ele>1032.38</ele>
   </trkpt>
   <trkpt lat="49.57421" lon="-119.09100000000001">
    <ele>1032.0200000000002</ele>
   </trkpt>
   <trkpt lat="49.573735001638255" lon="-119.09162000605694">
    <ele>1031.17</ele>
   </trkpt>
   <trkpt lat="49.573260000000005" lon="-119.09224">
    <ele>1030.74</ele>
   </trkpt>
   <trkpt lat="49.57293000000001" lon="-119.09261000000001">
    <ele>1030.43</ele>
   </trkpt>
   <trkpt lat="49.572630000000004" lon="-119.09287">
    <ele>1030.25</ele>
   </trkpt>
   <trkpt lat="49.57198" lon="-119.09323">
    <ele>1029.32</ele>
   </trkpt>
   <trkpt lat="49.57135" lon="-119.09334000000001">
    <ele>1028.93</ele>
   </trkpt>
   <trkpt lat="49.57083" lon="-119.09333000000001">
    <ele>1027.79</ele>
   </trkpt>
   <trkpt lat="49.57043" lon="-119.09327">
    <ele>1026.6200000000001</ele>
   </trkpt>
   <trkpt lat="49.56977333380237" lon="-119.09302999353298">
    <ele>1025.88</ele>
   </trkpt>
   <trkpt lat="49.56911666710846" lon="-119.09278999352316">
    <ele>1023.8900000000002</ele>
   </trkpt>
   <trkpt lat="49.56846" lon="-119.09255">
    <ele>1022.7900000000001</ele>
   </trkpt>
   <trkpt lat="49.567660000000004" lon="-119.09216">
    <ele>1021.39</ele>
   </trkpt>
   <trkpt lat="49.567080000000004" lon="-119.09206">
    <ele>1020.35</ele>
   </trkpt>
   <trkpt lat="49.56649666733682" lon="-119.09177999330623">
    <ele>1018.81</ele>
   </trkpt>
   <trkpt lat="49.56591333399812" lon="-119.09149999330378">
    <ele>1017.3700000000001</ele>
   </trkpt>
   <trkpt lat="49.56533" lon="-119.09122">
    <ele>1016.2800000000001</ele>
   </trkpt>
   <trkpt lat="49.56472666709508" lon="-119.09099666114652">
    <ele>1015.02</ele>
   </trkpt>
   <trkpt lat="49.56412333376041" lon="-119.0907733278128">
    <ele>1013.8200000000002</ele>
   </trkpt>
   <trkpt lat="49.563520000000004" lon="-119.09055000000001">
    <ele>1013.09</ele>
   </trkpt>
   <trkpt lat="49.562760000000004" lon="-119.09005">
    <ele>1011.9100000000001</ele>
   </trkpt>
   <trkpt lat="49.562490000000004" lon="-119.08993000000001">
    <ele>1011.9100000000001</ele>
   </trkpt>
   <trkpt lat="49.561627001696664" lon="-119.09007404835252">
    <ele>1016.17</ele>
   </trkpt>
   <trkpt lat="49.56076400321453" lon="-119.09021809161335">
    <ele>1014.6700000000002</ele>
   </trkpt>
   <trkpt lat="49.55990100455365" lon="-119.09036212978279">
    <ele>1006.9700000000001</ele>
   </trkpt>
   <trkpt lat="49.55903800571401" lon="-119.09050616286116">
    <ele>992.48</ele>
   </trkpt>
   <trkpt lat="49.558175006695606" lon="-119.09065019084878">
    <ele>978.1700000000001</ele>
   </trkpt>
   <trkpt lat="49.557312007498474" lon="-119.09079421374604">
    <ele>965.5400000000001</ele>
   </trkpt>
   <trkpt lat="49.55644900812264" lon="-119.09093823155322">
    <ele>955.1600000000001</ele>
   </trkpt>
   <trkpt lat="49.55558600856806" lon="-119.0910822442707">
    <ele>960.37</ele>
   </trkpt>
   <trkpt lat="49.55472300883483" lon="-119.09122625189879">
    <ele>971.9700000000001</ele>
   </trkpt>
   <trkpt lat="49.553860008922875" lon="-119.0913702544378">
    <ele>970.8200000000002</ele>
   </trkpt>
   <trkpt lat="49.55299700883226" lon="-119.09151425188813">
    <ele>972.44</ele>
   </trkpt>
   <trkpt lat="49.55213400856298" lon="-119.09165824425004">
    <ele>977.52</ele>
   </trkpt>
   <trkpt lat="49.55127100811506" lon="-119.09180223152391">
    <ele>981.3100000000001</ele>
   </trkpt>
   <trkpt lat="49.5504080074885" lon="-119.09194621371007">
    <ele>984.0000000000001</ele>
   </trkpt>
   <trkpt lat="49.5495450066833" lon="-119.09209019080885">
    <ele>987.8000000000001</ele>
   </trkpt>
   <trkpt lat="49.54868200569948" lon="-119.09223416282056">
    <ele>995.5100000000001</ele>
   </trkpt>
   <trkpt lat="49.54781900453707" lon="-119.09237812974557">
    <ele>1001.3199999999999</ele>
   </trkpt>
   <trkpt lat="49.54695600319606" lon="-119.09252209158419">
    <ele>998.96</ele>
   </trkpt>
   <trkpt lat="49.54609300167648" lon="-119.09266604833675">
    <ele>997.92</ele>
   </trkpt>
   <trkpt lat="49.545230000000004" lon="-119.09281000000001">
    <ele>996.89</ele>
   </trkpt>
   <trkpt lat="49.545230000000004" lon="-119.09284000000001">
    <ele>1001.63</ele>
   </trkpt>
   <trkpt lat="49.544940000000004" lon="-119.09287">
    <ele>1001.1800000000002</ele>
   </trkpt>
   <trkpt lat="49.54448000000001" lon="-119.09283">
    <ele>1000.4000000000002</ele>
   </trkpt>
   <trkpt lat="49.544070000000005" lon="-119.09274">
    <ele>999.99</ele>
   </trkpt>
   <trkpt lat="49.54364" lon="-119.0926">
    <ele>999.3900000000001</ele>
   </trkpt>
   <trkpt lat="49.54293000243053" lon="-119.09216498102774">
    <ele>998.7</ele>
   </trkpt>
   <trkpt lat="49.54222000323041" lon="-119.09172997469784">
    <ele>997.44</ele>
   </trkpt>
   <trkpt lat="49.54151000239971" lon="-119.09129498100957">
    <ele>997.2</ele>
   </trkpt>
   <trkpt lat="49.540800000000004" lon="-119.09086">
    <ele>995.83</ele>
   </trkpt>
   <trkpt lat="49.54043" lon="-119.09069000000001">
    <ele>995.5</ele>
   </trkpt>
   <trkpt lat="49.53963" lon="-119.09058">
    <ele>994.8100000000001</ele>
   </trkpt>
   <trkpt lat="49.53929" lon="-119.09046000000001">
    <ele>994.35</ele>
   </trkpt>
   <trkpt lat="49.538970000000006" lon="-119.09027">
    <ele>994.04</ele>
   </trkpt>
   <trkpt lat="49.53873" lon="-119.09">
    <ele>993.62</ele>
   </trkpt>
   <trkpt lat="49.53826" lon="-119.08919000000002">
    <ele>993.3600000000001</ele>
   </trkpt>
   <trkpt lat="49.537800000000004" lon="-119.08831">
    <ele>992.13</ele>
   </trkpt>
   <trkpt lat="49.53748" lon="-119.08781">
    <ele>991.8500000000001</ele>
   </trkpt>
   <trkpt lat="49.53703" lon="-119.08732">
    <ele>991.62</ele>
   </trkpt>
   <trkpt lat="49.536530000000006" lon="-119.08691">
    <ele>991.1800000000001</ele>
   </trkpt>
   <trkpt lat="49.53607" lon="-119.08669">
    <ele>991.09</ele>
   </trkpt>
   <trkpt lat="49.53573" lon="-119.08663000000001">
    <ele>991.0600000000001</ele>
   </trkpt>
   <trkpt lat="49.535250000000005" lon="-119.08673">
    <ele>990.7300000000001</ele>
   </trkpt>
   <trkpt lat="49.534745000342994" lon="-119.08702500306677">
    <ele>990.3000000000001</ele>
   </trkpt>
   <trkpt lat="49.534240000000004" lon="-119.08732">
    <ele>989.59</ele>
   </trkpt>
   <trkpt lat="49.53385" lon="-119.08745">
    <ele>989.25</ele>
   </trkpt>
   <trkpt lat="49.533045000226025" lon="-119.08758500219867">
    <ele>988.4000000000001</ele>
   </trkpt>
   <trkpt lat="49.53224" lon="-119.08772">
    <ele>987.84</ele>
   </trkpt>
   <trkpt lat="49.53162333389614" lon="-119.08796333945229">
    <ele>986.84</ele>
   </trkpt>
   <trkpt lat="49.53100666728199" lon="-119.0882066727648">
    <ele>986.1500000000001</ele>
   </trkpt>
   <trkpt lat="49.530390000000004" lon="-119.08845000000001">
    <ele>985.6600000000001</ele>
   </trkpt>
   <trkpt lat="49.52983500039762" lon="-119.08871000290213">
    <ele>984.9100000000001</ele>
   </trkpt>
   <trkpt lat="49.52928000000001" lon="-119.08897">
    <ele>984.28</ele>
   </trkpt>
   <trkpt lat="49.52877" lon="-119.08934">
    <ele>983.6300000000001</ele>
   </trkpt>
   <trkpt lat="49.52808" lon="-119.09018">
    <ele>982.8100000000001</ele>
   </trkpt>
   <trkpt lat="49.52743" lon="-119.09107000000002">
    <ele>981.83</ele>
   </trkpt>
   <trkpt lat="49.52670000215299" lon="-119.09179001083054">
    <ele>981.0000000000001</ele>
   </trkpt>
   <trkpt lat="49.52597" lon="-119.09251">
    <ele>980.11</ele>
   </trkpt>
   <trkpt lat="49.52540500713498" lon="-119.09325252573068">
    <ele>978.9200000000001</ele>
   </trkpt>
   <trkpt lat="49.524840009518584" lon="-119.09399503430004">
    <ele>978.3000000000001</ele>
   </trkpt>
   <trkpt lat="49.524275007151026" lon="-119.09473752570871">
    <ele>977.07</ele>
   </trkpt>
   <trkpt lat="49.52371" lon="-119.09548000000001">
    <ele>976.58</ele>
   </trkpt>
   <trkpt lat="49.52342" lon="-119.096">
    <ele>976.0000000000001</ele>
   </trkpt>
   <trkpt lat="49.52311500285884" lon="-119.09680500484603">
    <ele>975.45</ele>
   </trkpt>
   <trkpt lat="49.52281000000001" lon="-119.09761">
    <ele>974.62</ele>
   </trkpt>
   <trkpt lat="49.52246" lon="-119.09829">
    <ele>974.1700000000001</ele>
   </trkpt>
   <trkpt lat="49.52194" lon="-119.09891">
    <ele>973.44</ele>
   </trkpt>
   <trkpt lat="49.521620000000006" lon="-119.09936">
    <ele>972.84</ele>
   </trkpt>
   <trkpt lat="49.52132" lon="-119.0999">
    <ele>972.64</ele>
   </trkpt>
   <trkpt lat="49.52111000000001" lon="-119.10057">
    <ele>972.01</ele>
   </trkpt>
   <trkpt lat="49.52098000222183" lon="-119.10129000198071">
    <ele>971.6500000000001</ele>
   </trkpt>
   <trkpt lat="49.52085" lon="-119.10201">
    <ele>970.86</ele>
   </trkpt>
   <trkpt lat="49.52071000190189" lon="-119.10267500192157">
    <ele>970.6800000000001</ele>
   </trkpt>
   <trkpt lat="49.520570000000006" lon="-119.10334">
    <ele>970.3800000000001</ele>
   </trkpt>
   <trkpt lat="49.520390000000006" lon="-119.10394000000001">
    <ele>970.23</ele>
   </trkpt>
   <trkpt lat="49.51995" lon="-119.10482">
    <ele>969.1700000000001</ele>
   </trkpt>
   <trkpt lat="49.51950333916933" lon="-119.10564001490437">
    <ele>968.2700000000001</ele>
   </trkpt>
   <trkpt lat="49.519056672543655" lon="-119.10646001482893">
    <ele>967.52</ele>
   </trkpt>
   <trkpt lat="49.51861" lon="-119.10728">
    <ele>966.6500000000001</ele>
   </trkpt>
   <trkpt lat="49.518216678930095" lon="-119.10847335255814">
    <ele>966.0500000000001</ele>
   </trkpt>
   <trkpt lat="49.517823345587104" lon="-119.10966668592042">
    <ele>965.1100000000001</ele>
   </trkpt>
   <trkpt lat="49.517430000000004" lon="-119.11086000000002">
    <ele>963.94</ele>
   </trkpt>
   <trkpt lat="49.51713" lon="-119.11143000000001">
    <ele>963.58</ele>
   </trkpt>
   <trkpt lat="49.516580000000005" lon="-119.11216">
    <ele>962.7800000000001</ele>
   </trkpt>
   <trkpt lat="49.51634000000001" lon="-119.11256000000002">
    <ele>962.52</ele>
   </trkpt>
   <trkpt lat="49.51614000000001" lon="-119.11297">
    <ele>962.23</ele>
   </trkpt>
   <trkpt lat="49.51567334381383" lon="-119.11407335441508">
    <ele>961.3000000000001</ele>
   </trkpt>
   <trkpt lat="49.51520667713582" lon="-119.11517668777485">
    <ele>960.13</ele>
   </trkpt>
   <trkpt lat="49.51474" lon="-119.11628">
    <ele>959.45</ele>
   </trkpt>
   <trkpt lat="49.514480000000006" lon="-119.11731">
    <ele>958.79</ele>
   </trkpt>
   <trkpt lat="49.514285003337264" lon="-119.1181850033181">
    <ele>958.0500000000001</ele>
   </trkpt>
   <trkpt lat="49.51409" lon="-119.11906">
    <ele>957.45</ele>
   </trkpt>
   <trkpt lat="49.51404" lon="-119.11942">
    <ele>957.45</ele>
   </trkpt>
   <trkpt lat="49.51404" lon="-119.12014">
    <ele>956.88</ele>
   </trkpt>
   <trkpt lat="49.51409" lon="-119.12062000000002">
    <ele>956.5600000000001</ele>
   </trkpt>
   <trkpt lat="49.51426000000001" lon="-119.12125">
    <ele>956.2700000000001</ele>
   </trkpt>
   <trkpt lat="49.514500000000005" lon="-119.12175">
    <ele>955.69</ele>
   </trkpt>
   <trkpt lat="49.5150450030908" lon="-119.1225999904931">
    <ele>954.91</ele>
   </trkpt>
   <trkpt lat="49.51559" lon="-119.12345">
    <ele>954.6500000000001</ele>
   </trkpt>
   <trkpt lat="49.51583" lon="-119.1239">
    <ele>954.07</ele>
   </trkpt>
   <trkpt lat="49.51628333753835" lon="-119.12459998699516">
    <ele>953.1600000000001</ele>
   </trkpt>
   <trkpt lat="49.516736670853724" lon="-119.12529998696728">
    <ele>952.37</ele>
   </trkpt>
   <trkpt lat="49.51719000000001" lon="-119.126">
    <ele>951.91</ele>
   </trkpt>
   <trkpt lat="49.51746000000001" lon="-119.12659000000001">
    <ele>951.49</ele>
   </trkpt>
   <trkpt lat="49.517570000000006" lon="-119.12721">
    <ele>950.9300000000001</ele>
   </trkpt>
   <trkpt lat="49.5176" lon="-119.12796000000002">
    <ele>950.7200000000001</ele>
   </trkpt>
   <trkpt lat="49.51749" lon="-119.12864">
    <ele>949.9900000000001</ele>
   </trkpt>
   <trkpt lat="49.5173400028358" lon="-119.12944500223655">
    <ele>949.74</ele>
   </trkpt>
   <trkpt lat="49.51719000000001" lon="-119.13025">
    <ele>948.97</ele>
   </trkpt>
   <trkpt lat="49.51709" lon="-119.13096000000002">
    <ele>948.6500000000001</ele>
   </trkpt>
   <trkpt lat="49.517050000000005" lon="-119.13155">
    <ele>948.21</ele>
   </trkpt>
   <trkpt lat="49.517043343636054" lon="-119.13264333355417">
    <ele>947.2600000000001</ele>
   </trkpt>
   <trkpt lat="49.51703667696986" lon="-119.13373666681049">
    <ele>946.35</ele>
   </trkpt>
   <trkpt lat="49.517030000000005" lon="-119.13483000000001">
    <ele>945.9300000000001</ele>
   </trkpt>
   <trkpt lat="49.517160000000004" lon="-119.13553">
    <ele>946.1</ele>
   </trkpt>
   <trkpt lat="49.517500000000005" lon="-119.13633000000002">
    <ele>945.12</ele>
   </trkpt>
   <trkpt lat="49.517790000000005" lon="-119.13714000000002">
    <ele>944.44</ele>
   </trkpt>
   <trkpt lat="49.51787" lon="-119.13764">
    <ele>944.58</ele>
   </trkpt>
   <trkpt lat="49.517900000000004" lon="-119.13813">
    <ele>944.1600000000001</ele>
   </trkpt>
   <trkpt lat="49.51800500436951" lon="-119.13913999757867">
    <ele>943.19</ele>
   </trkpt>
   <trkpt lat="49.51811000000001" lon="-119.14015">
    <ele>942.36</ele>
   </trkpt>
   <trkpt lat="49.51829000000001" lon="-119.14073">
    <ele>942.0100000000001</ele>
   </trkpt>
   <trkpt lat="49.51859" lon="-119.14126000000002">
    <ele>941.8400000000001</ele>
   </trkpt>
   <trkpt lat="49.518840000000004" lon="-119.14158">
    <ele>941.61</ele>
   </trkpt>
   <trkpt lat="49.519220000000004" lon="-119.14184000000002">
    <ele>940.98</ele>
   </trkpt>
   <trkpt lat="49.51984000027582" lon="-119.14213499621259">
    <ele>940.2</ele>
   </trkpt>
   <trkpt lat="49.52046000000001" lon="-119.14243">
    <ele>939.6600000000001</ele>
   </trkpt>
   <trkpt lat="49.52089" lon="-119.14278000000002">
    <ele>939.0100000000001</ele>
   </trkpt>
   <trkpt lat="49.52116" lon="-119.14315">
    <ele>938.4300000000001</ele>
   </trkpt>
   <trkpt lat="49.52156500346872" lon="-119.14404499262476">
    <ele>938.0500000000001</ele>
   </trkpt>
   <trkpt lat="49.52197" lon="-119.14494">
    <ele>937.6700000000001</ele>
   </trkpt>
   <trkpt lat="49.52221" lon="-119.14531000000001">
    <ele>937.2800000000001</ele>
   </trkpt>
   <trkpt lat="49.52269500169773" lon="-119.14593999373477">
    <ele>936.3800000000001</ele>
   </trkpt>
   <trkpt lat="49.52318" lon="-119.14657000000001">
    <ele>935.95</ele>
   </trkpt>
   <trkpt lat="49.52367667044565" lon="-119.14723331983961">
    <ele>935.03</ele>
   </trkpt>
   <trkpt lat="49.5241733370993" lon="-119.14789665315537">
    <ele>934.0400000000001</ele>
   </trkpt>
   <trkpt lat="49.52467000000001" lon="-119.14856">
    <ele>933.7700000000001</ele>
   </trkpt>
   <trkpt lat="49.525110000000005" lon="-119.14901">
    <ele>933.46</ele>
   </trkpt>
   <trkpt lat="49.525510000000004" lon="-119.14929000000001">
    <ele>932.2900000000001</ele>
   </trkpt>
   <trkpt lat="49.52631" lon="-119.1495">
    <ele>931.7500000000001</ele>
   </trkpt>
   <trkpt lat="49.526770000085854" lon="-119.14965999848602">
    <ele>931.69</ele>
   </trkpt>
   <trkpt lat="49.52723" lon="-119.14982">
    <ele>931.3800000000001</ele>
   </trkpt>
   <trkpt lat="49.52749000000001" lon="-119.15">
    <ele>931.1400000000001</ele>
   </trkpt>
   <trkpt lat="49.52785" lon="-119.15035">
    <ele>930.57</ele>
   </trkpt>
   <trkpt lat="49.528040000000004" lon="-119.15071">
    <ele>930.34</ele>
   </trkpt>
   <trkpt lat="49.52821" lon="-119.15116">
    <ele>929.9900000000001</ele>
   </trkpt>
   <trkpt lat="49.5283" lon="-119.15161">
    <ele>929.9100000000001</ele>
   </trkpt>
   <trkpt lat="49.528330000000004" lon="-119.15198000000001">
    <ele>929.8600000000001</ele>
   </trkpt>
   <trkpt lat="49.528290000000005" lon="-119.15264">
    <ele>929.5300000000001</ele>
   </trkpt>
   <trkpt lat="49.52805667563106" lon="-119.15366000974402">
    <ele>928.3500000000001</ele>
   </trkpt>
   <trkpt lat="49.52782334229602" lon="-119.15468000975137">
    <ele>927.39</ele>
   </trkpt>
   <trkpt lat="49.527590000000004" lon="-119.15570000000001">
    <ele>926.9300000000001</ele>
   </trkpt>
   <trkpt lat="49.527420000000006" lon="-119.15667">
    <ele>926.49</ele>
   </trkpt>
   <trkpt lat="49.52741" lon="-119.15704000000001">
    <ele>926.5200000000001</ele>
   </trkpt>
   <trkpt lat="49.527440000000006" lon="-119.15756">
    <ele>926.5300000000001</ele>
   </trkpt>
   <trkpt lat="49.52760000000001" lon="-119.15824">
    <ele>926.76</ele>
   </trkpt>
   <trkpt lat="49.52802000229991" lon="-119.1589549940225">
    <ele>925.76</ele>
   </trkpt>
   <trkpt lat="49.52844" lon="-119.15967">
    <ele>924.8700000000001</ele>
   </trkpt>
   <trkpt lat="49.52861000000001" lon="-119.16015000000002">
    <ele>924.78</ele>
   </trkpt>
   <trkpt lat="49.52881000184644" lon="-119.16077999785168">
    <ele>924.3500000000001</ele>
   </trkpt>
   <trkpt lat="49.52901000000001" lon="-119.16141">
    <ele>924.2300000000001</ele>
   </trkpt>
   <trkpt lat="49.529300000000006" lon="-119.16213">
    <ele>923.49</ele>
   </trkpt>
   <trkpt lat="49.52969" lon="-119.16284">
    <ele>922.4300000000001</ele>
   </trkpt>
   <trkpt lat="49.53" lon="-119.16347">
    <ele>922.0400000000001</ele>
   </trkpt>
   <trkpt lat="49.53027" lon="-119.1641">
    <ele>921.9</ele>
   </trkpt>
   <trkpt lat="49.5305" lon="-119.16483000000001">
    <ele>921.39</ele>
   </trkpt>
   <trkpt lat="49.530640000000005" lon="-119.16559000000001">
    <ele>921.1300000000001</ele>
   </trkpt>
   <trkpt lat="49.5307" lon="-119.1662">
    <ele>920.48</ele>
   </trkpt>
   <trkpt lat="49.53069000000001" lon="-119.16751000000001">
    <ele>919.83</ele>
   </trkpt>
   <trkpt lat="49.53065000361247" lon="-119.16842500063531">
    <ele>919.1800000000001</ele>
   </trkpt>
   <trkpt lat="49.53061" lon="-119.16934">
    <ele>918.8000000000001</ele>
   </trkpt>
   <trkpt lat="49.53065" lon="-119.16992">
    <ele>918.54</ele>
   </trkpt>
   <trkpt lat="49.53076" lon="-119.17064">
    <ele>918.3500000000001</ele>
   </trkpt>
   <trkpt lat="49.53089000000001" lon="-119.17104">
    <ele>918.0100000000001</ele>
   </trkpt>
   <trkpt lat="49.531040000000004" lon="-119.17141000000001">
    <ele>917.84</ele>
   </trkpt>
   <trkpt lat="49.531330000000004" lon="-119.17188000000002">
    <ele>917.48</ele>
   </trkpt>
   <trkpt lat="49.5318780149672" lon="-119.17281195819848">
    <ele>916.39</ele>
   </trkpt>
   <trkpt lat="49.5324260224494" lon="-119.17374393729418">
    <ele>915.4700000000001</ele>
   </trkpt>
   <trkpt lat="49.53297402244624" lon="-119.17467593728772">
    <ele>914.5300000000001</ele>
   </trkpt>
   <trkpt lat="49.53352201495745" lon="-119.17560795817963">
    <ele>913.7700000000001</ele>
   </trkpt>
   <trkpt lat="49.53407000000001" lon="-119.17654">
    <ele>912.61</ele>
   </trkpt>
   <trkpt lat="49.534240000000004" lon="-119.17695">
    <ele>912.4700000000001</ele>
   </trkpt>
   <trkpt lat="49.53434000000001" lon="-119.17736000000001">
    <ele>912.46</ele>
   </trkpt>
   <trkpt lat="49.53437" lon="-119.17788000000002">
    <ele>912.71</ele>
   </trkpt>
   <trkpt lat="49.53436000000001" lon="-119.17821">
    <ele>912.71</ele>
   </trkpt>
   <trkpt lat="49.53432" lon="-119.17844000000001">
    <ele>912.63</ele>
   </trkpt>
   <trkpt lat="49.53423" lon="-119.17872000000001">
    <ele>912.63</ele>
   </trkpt>
   <trkpt lat="49.53405" lon="-119.17911000000001">
    <ele>911.9</ele>
   </trkpt>
   <trkpt lat="49.53388" lon="-119.17937">
    <ele>911.6500000000001</ele>
   </trkpt>
   <trkpt lat="49.533590000000004" lon="-119.17963">
    <ele>911.3700000000001</ele>
   </trkpt>
   <trkpt lat="49.53333000000001" lon="-119.17977">
    <ele>911.11</ele>
   </trkpt>
   <trkpt lat="49.533060000000006" lon="-119.17977">
    <ele>911.02</ele>
   </trkpt>
   <trkpt lat="49.53271" lon="-119.17968">
    <ele>910.8900000000001</ele>
   </trkpt>
   <trkpt lat="49.53233" lon="-119.17933000000001">
    <ele>910.69</ele>
   </trkpt>
   <trkpt lat="49.5318933381459" lon="-119.17857998653994">
    <ele>909.95</ele>
   </trkpt>
   <trkpt lat="49.531456671444246" lon="-119.17782998648003">
    <ele>908.97</ele>
   </trkpt>
   <trkpt lat="49.531020000000005" lon="-119.17708">
    <ele>908.2800000000001</ele>
   </trkpt>
   <trkpt lat="49.53062500389665" lon="-119.17611999206173">
    <ele>907.6400000000001</ele>
   </trkpt>
   <trkpt lat="49.53023" lon="-119.17516">
    <ele>906.85</ele>
   </trkpt>
   <trkpt lat="49.529980005218405" lon="-119.17405999439484">
    <ele>906.23</ele>
   </trkpt>
   <trkpt lat="49.52973" lon="-119.17296">
    <ele>905.44</ele>
   </trkpt>
   <trkpt lat="49.52950000646551" lon="-119.17209332514997">
    <ele>904.7700000000001</ele>
   </trkpt>
   <trkpt lat="49.52927000645803" lon="-119.17122665845525">
    <ele>904.48</ele>
   </trkpt>
   <trkpt lat="49.52904" lon="-119.17036000000002">
    <ele>903.8100000000001</ele>
   </trkpt>
   <trkpt lat="49.528670000000005" lon="-119.16935000000001">
    <ele>903.1600000000001</ele>
   </trkpt>
   <trkpt lat="49.528330000000004" lon="-119.16826">
    <ele>902.07</ele>
   </trkpt>
   <trkpt lat="49.52812" lon="-119.16728">
    <ele>901.5200000000001</ele>
   </trkpt>
   <trkpt lat="49.527925005396376" lon="-119.16615999548229">
    <ele>900.6</ele>
   </trkpt>
   <trkpt lat="49.527730000000005" lon="-119.16504">
    <ele>900.19</ele>
   </trkpt>
   <trkpt lat="49.527590000000004" lon="-119.16463000000002">
    <ele>900.0100000000001</ele>
   </trkpt>
   <trkpt lat="49.527260000000005" lon="-119.1641">
    <ele>899.6800000000001</ele>
   </trkpt>
   <trkpt lat="49.52658000228747" lon="-119.1633599896289">
    <ele>898.44</ele>
   </trkpt>
   <trkpt lat="49.52590000000001" lon="-119.16262">
    <ele>897.5300000000001</ele>
   </trkpt>
   <trkpt lat="49.52525601275875" lon="-119.16175995470313">
    <ele>896.9</ele>
   </trkpt>
   <trkpt lat="49.52461201914311" lon="-119.16089993206268">
    <ele>895.9800000000001</ele>
   </trkpt>
   <trkpt lat="49.52396801915342" lon="-119.16003993207772">
    <ele>894.75</ele>
   </trkpt>
   <trkpt lat="49.52332401278997" lon="-119.15917995474743">
    <ele>894.3700000000001</ele>
   </trkpt>
   <trkpt lat="49.52268" lon="-119.15832">
    <ele>893.2500000000001</ele>
   </trkpt>
   <trkpt lat="49.521980000000006" lon="-119.15765">
    <ele>891.63</ele>
   </trkpt>
   <trkpt lat="49.52139500090968" lon="-119.1571599940332">
    <ele>890.87</ele>
   </trkpt>
   <trkpt lat="49.520810000000004" lon="-119.15667">
    <ele>889.53</ele>
   </trkpt>
   <trkpt lat="49.52027667079836" lon="-119.15598331844267">
    <ele>888.94</ele>
   </trkpt>
   <trkpt lat="49.51974333753302" lon="-119.15529665186378">
    <ele>888.0600000000001</ele>
   </trkpt>
   <trkpt lat="49.51921" lon="-119.15461">
    <ele>887.5600000000001</ele>
   </trkpt>
   <trkpt lat="49.518650007521856" lon="-119.15384747381312">
    <ele>886.7</ele>
   </trkpt>
   <trkpt lat="49.51809001003274" lon="-119.15308496508965">
    <ele>885.9300000000001</ele>
   </trkpt>
   <trkpt lat="49.517530007532855" lon="-119.152322473829">
    <ele>884.97</ele>
   </trkpt>
   <trkpt lat="49.51697" lon="-119.15156">
    <ele>884.2</ele>
   </trkpt>
   <trkpt lat="49.51668" lon="-119.15103">
    <ele>883.7600000000001</ele>
   </trkpt>
   <trkpt lat="49.51641000000001" lon="-119.15035">
    <ele>883.47</ele>
   </trkpt>
   <trkpt lat="49.51609500475179" lon="-119.14929999324015">
    <ele>882.5400000000001</ele>
   </trkpt>
   <trkpt lat="49.51578000000001" lon="-119.14825">
    <ele>881.5600000000001</ele>
   </trkpt>
   <trkpt lat="49.515460006941744" lon="-119.14735332163455">
    <ele>881.0600000000001</ele>
   </trkpt>
   <trkpt lat="49.515140006954034" lon="-119.1464566550025">
    <ele>880.11</ele>
   </trkpt>
   <trkpt lat="49.51482000000001" lon="-119.14556">
    <ele>879.58</ele>
   </trkpt>
   <trkpt lat="49.514351288521745" lon="-119.14442992420082">
    <ele>878.5</ele>
   </trkpt>
   <trkpt lat="49.51388256603721" lon="-119.14329987006084">
    <ele>877.7800000000001</ele>
   </trkpt>
   <trkpt lat="49.513413832546824" lon="-119.14216983757986">
    <ele>876.47</ele>
   </trkpt>
   <trkpt lat="49.51294508805096" lon="-119.14103982675753">
    <ele>875.92</ele>
   </trkpt>
   <trkpt lat="49.51247633255002" lon="-119.13990983759365">
    <ele>874.9000000000001</ele>
   </trkpt>
   <trkpt lat="49.51200756604441" lon="-119.13877987008794">
    <ele>874.1000000000001</ele>
   </trkpt>
   <trkpt lat="49.51153878853451" lon="-119.13764992424008">
    <ele>873.33</ele>
   </trkpt>
   <trkpt lat="49.511070000000004" lon="-119.13652">
    <ele>872.3400000000001</ele>
   </trkpt>
   <trkpt lat="49.51061000000001" lon="-119.13576">
    <ele>871.5500000000001</ele>
   </trkpt>
   <trkpt lat="49.510160000000006" lon="-119.13514">
    <ele>870.6700000000001</ele>
   </trkpt>
   <trkpt lat="49.50940000000001" lon="-119.13443000000001">
    <ele>869.96</ele>
   </trkpt>
   <trkpt lat="49.50875400477134" lon="-119.13390397221816">
    <ele>869.1500000000001</ele>
   </trkpt>
   <trkpt lat="49.50810800715788" lon="-119.13337795832867">
    <ele>868.36</ele>
   </trkpt>
   <trkpt lat="49.50746200715971" lon="-119.13285195833092">
    <ele>867.6100000000001</ele>
   </trkpt>
   <trkpt lat="49.50681600477701" lon="-119.13232597222424">
    <ele>866.74</ele>
   </trkpt>
   <trkpt lat="49.506170000000004" lon="-119.13180000000001">
    <ele>865.65</ele>
   </trkpt>
   <trkpt lat="49.50546834020744" lon="-119.13123495948233">
    <ele>864.83</ele>
   </trkpt>
   <trkpt lat="49.50476667766317" lon="-119.1306699351713">
    <ele>863.8800000000001</ele>
   </trkpt>
   <trkpt lat="49.50406501236736" lon="-119.1301049270661">
    <ele>862.99</ele>
   </trkpt>
   <trkpt lat="49.503363344320135" lon="-119.12953993516592">
    <ele>862.2</ele>
   </trkpt>
   <trkpt lat="49.502661673521665" lon="-119.12897495947003">
    <ele>861.1800000000001</ele>
   </trkpt>
   <trkpt lat="49.501960000000004" lon="-119.12841000000002">
    <ele>860.62</ele>
   </trkpt>
   <trkpt lat="49.50153000046202" lon="-119.12807499703933">
    <ele>859.7500000000001</ele>
   </trkpt>
   <trkpt lat="49.5011" lon="-119.12774">
    <ele>859.1500000000001</ele>
   </trkpt>
   <trkpt lat="49.500530000000005" lon="-119.12752">
    <ele>858.47</ele>
   </trkpt>
   <trkpt lat="49.49978000054894" lon="-119.12726332545942">
    <ele>857.7900000000001</ele>
   </trkpt>
   <trkpt lat="49.49903000053005" lon="-119.12700665878644">
    <ele>856.86</ele>
   </trkpt>
   <trkpt lat="49.49828" lon="-119.12675000000002">
    <ele>856.34</ele>
   </trkpt>
   <trkpt lat="49.497512500823404" lon="-119.12649748812022">
    <ele>855.11</ele>
   </trkpt>
   <trkpt lat="49.496745001097246" lon="-119.12624498416038">
    <ele>854.1700000000001</ele>
   </trkpt>
   <trkpt lat="49.49597750082156" lon="-119.12599248812009">
    <ele>853.2400000000001</ele>
   </trkpt>
   <trkpt lat="49.49521000000001" lon="-119.12574000000001">
    <ele>852.33</ele>
   </trkpt>
   <trkpt lat="49.494495000143814" lon="-119.12550999661302">
    <ele>851.52</ele>
   </trkpt>
   <trkpt lat="49.49378" lon="-119.12528">
    <ele>850.7300000000001</ele>
   </trkpt>
   <trkpt lat="49.49295500017802" lon="-119.1250349958466">
    <ele>849.1700000000001</ele>
   </trkpt>
   <trkpt lat="49.49213" lon="-119.12479">
    <ele>848.62</ele>
   </trkpt>
   <trkpt lat="49.49177" lon="-119.12461">
    <ele>848.3100000000001</ele>
   </trkpt>
   <trkpt lat="49.49143" lon="-119.12434">
    <ele>847.9100000000001</ele>
   </trkpt>
   <trkpt lat="49.49114" lon="-119.12403">
    <ele>847.74</ele>
   </trkpt>
   <trkpt lat="49.490557510894206" lon="-119.12311246726247">
    <ele>847.01</ele>
   </trkpt>
   <trkpt lat="49.48997501453198" lon="-119.1221949563608">
    <ele>845.9300000000001</ele>
   </trkpt>
   <trkpt lat="49.48939251091366" lon="-119.1212774672943">
    <ele>845.0300000000001</ele>
   </trkpt>
   <trkpt lat="49.48881" lon="-119.12036">
    <ele>844.0900000000001</ele>
   </trkpt>
   <trkpt lat="49.48820500299676" lon="-119.11952998978074">
    <ele>843.23</ele>
   </trkpt>
   <trkpt lat="49.48760000000001" lon="-119.1187">
    <ele>842.5600000000001</ele>
   </trkpt>
   <trkpt lat="49.48687" lon="-119.11794">
    <ele>841.84</ele>
   </trkpt>
   <trkpt lat="49.48625000457087" lon="-119.11720664801682">
    <ele>840.77</ele>
   </trkpt>
   <trkpt lat="49.48563000450607" lon="-119.11647331460716">
    <ele>839.98</ele>
   </trkpt>
   <trkpt lat="49.48501" lon="-119.11574000000002">
    <ele>839.3100000000001</ele>
   </trkpt>
   <trkpt lat="49.48452" lon="-119.11525">
    <ele>838.3600000000001</ele>
   </trkpt>
   <trkpt lat="49.484" lon="-119.11462000000002">
    <ele>838.0400000000001</ele>
   </trkpt>
   <trkpt lat="49.483760000000004" lon="-119.11422">
    <ele>837.6300000000001</ele>
   </trkpt>
   <trkpt lat="49.48348000000001" lon="-119.11369">
    <ele>837.2900000000001</ele>
   </trkpt>
   <trkpt lat="49.48302" lon="-119.11275">
    <ele>836.6300000000001</ele>
   </trkpt>
   <trkpt lat="49.482730000000004" lon="-119.11221">
    <ele>835.9900000000001</ele>
   </trkpt>
   <trkpt lat="49.48237" lon="-119.11172">
    <ele>835.9900000000001</ele>
   </trkpt>
   <trkpt lat="49.481910000000006" lon="-119.11118">
    <ele>834.8100000000001</ele>
   </trkpt>
   <trkpt lat="49.48126000163667" lon="-119.11054999156563">
    <ele>834.07</ele>
   </trkpt>
   <trkpt lat="49.480610000000006" lon="-119.10992000000002">
    <ele>833.49</ele>
   </trkpt>
   <trkpt lat="49.480230000000006" lon="-119.10961">
    <ele>833.1600000000001</ele>
   </trkpt>
   <trkpt lat="49.479820000000004" lon="-119.10943">
    <ele>832.7500000000001</ele>
   </trkpt>
   <trkpt lat="49.479510000000005" lon="-119.10935">
    <ele>832.4200000000001</ele>
   </trkpt>
   <trkpt lat="49.47892" lon="-119.10935">
    <ele>831.9900000000001</ele>
   </trkpt>
   <trkpt lat="49.478320000000004" lon="-119.10943">
    <ele>831.08</ele>
   </trkpt>
   <trkpt lat="49.477880000000006" lon="-119.10939">
    <ele>830.84</ele>
   </trkpt>
   <trkpt lat="49.47721000000001" lon="-119.10922000000001">
    <ele>830.07</ele>
   </trkpt>
   <trkpt lat="49.476555000214006" lon="-119.10892499598214">
    <ele>829.32</ele>
   </trkpt>
   <trkpt lat="49.4759" lon="-119.10863">
    <ele>828.45</ele>
   </trkpt>
   <trkpt lat="49.47532500038384" lon="-119.10831499627791">
    <ele>827.7500000000001</ele>
   </trkpt>
   <trkpt lat="49.47475000000001" lon="-119.108">
    <ele>827.2100000000002</ele>
   </trkpt>
   <trkpt lat="49.47430500044741" lon="-119.10772999762773">
    <ele>826.58</ele>
   </trkpt>
   <trkpt lat="49.47386" lon="-119.10746">
    <ele>826.2400000000001</ele>
   </trkpt>
   <trkpt lat="49.47320500340605" lon="-119.10694747944768">
    <ele>825.12</ele>
   </trkpt>
   <trkpt lat="49.472550004547756" lon="-119.10643497260237">
    <ele>824.5500000000001</ele>
   </trkpt>
   <trkpt lat="49.47189500342524" lon="-119.10592247946342">
    <ele>823.7200000000001</ele>
   </trkpt>
   <trkpt lat="49.47124" lon="-119.10541">
    <ele>823.4</ele>
   </trkpt>
   <trkpt lat="49.470760000000006" lon="-119.10518">
    <ele>822.4200000000001</ele>
   </trkpt>
   <trkpt lat="49.47012" lon="-119.10496">
    <ele>821.74</ele>
   </trkpt>
   <trkpt lat="49.46969000000001" lon="-119.10474">
    <ele>821.2600000000001</ele>
   </trkpt>
   <trkpt lat="49.468907501285685" lon="-119.1044249849067">
    <ele>820.2900000000001</ele>
   </trkpt>
   <trkpt lat="49.46812500171593" lon="-119.1041099798767">
    <ele>819.27</ele>
   </trkpt>
   <trkpt lat="49.46734250129077" lon="-119.10379498490938">
    <ele>818.24</ele>
   </trkpt>
   <trkpt lat="49.46656" lon="-119.10348">
    <ele>817.4500000000002</ele>
   </trkpt>
   <trkpt lat="49.46576000192897" lon="-119.10320711612694">
    <ele>816.6700000000001</ele>
   </trkpt>
   <trkpt lat="49.464960003216014" lon="-119.10293424116524">
    <ele>815.6000000000001</ele>
   </trkpt>
   <trkpt lat="49.46416000386115" lon="-119.10266137511435">
    <ele>814.39</ele>
   </trkpt>
   <trkpt lat="49.46336000386443" lon="-119.10238851797371">
    <ele>812.94</ele>
   </trkpt>
   <trkpt lat="49.4625600032259" lon="-119.1021156697428">
    <ele>812.09</ele>
   </trkpt>
   <trkpt lat="49.461760001945585" lon="-119.10184283042108">
    <ele>810.15</ele>
   </trkpt>
   <trkpt lat="49.46096000000001" lon="-119.10157000000001">
    <ele>809.37</ele>
   </trkpt>
   <trkpt lat="49.46010000208899" lon="-119.10128568435151">
    <ele>807.8900000000001</ele>
   </trkpt>
   <trkpt lat="49.45924000348111" lon="-119.10100137868201">
    <ele>806.45</ele>
   </trkpt>
   <trkpt lat="49.45838000417642" lon="-119.10071708299085">
    <ele>805.6500000000001</ele>
   </trkpt>
   <trkpt lat="49.457520004174945" lon="-119.10043279727739">
    <ele>804.64</ele>
   </trkpt>
   <trkpt lat="49.45666000347674" lon="-119.10014852154102">
    <ele>804.1100000000001</ele>
   </trkpt>
   <trkpt lat="49.45580000208186" lon="-119.09986425578104">
    <ele>803.7200000000001</ele>
   </trkpt>
   <trkpt lat="49.45494" lon="-119.09958">
    <ele>803.52</ele>
   </trkpt>
   <trkpt lat="49.45415333392374" lon="-119.09930999132013">
    <ele>803.19</ele>
   </trkpt>
   <trkpt lat="49.45336666721899" lon="-119.09903999130724">
    <ele>803.0400000000001</ele>
   </trkpt>
   <trkpt lat="49.452580000000005" lon="-119.09877000000002">
    <ele>802.83</ele>
   </trkpt>
   <trkpt lat="49.451794001198465" lon="-119.09850198279736">
    <ele>802.19</ele>
   </trkpt>
   <trkpt lat="49.451008001777645" lon="-119.09823397418971">
    <ele>801.7</ele>
   </trkpt>
   <trkpt lat="49.45022200173755" lon="-119.09796597417656">
    <ele>800.63</ele>
   </trkpt>
   <trkpt lat="49.44943600107827" lon="-119.09769798275741">
    <ele>799.9600000000002</ele>
   </trkpt>
   <trkpt lat="49.44865" lon="-119.09743">
    <ele>799.2900000000001</ele>
   </trkpt>
   <trkpt lat="49.44803333364732" lon="-119.09722666153738">
    <ele>798.73</ele>
   </trkpt>
   <trkpt lat="49.44741666693817" lon="-119.09702332819012">
    <ele>798.2300000000001</ele>
   </trkpt>
   <trkpt lat="49.4468" lon="-119.09682000000001">
    <ele>797.6899999999999</ele>
   </trkpt>
   <trkpt lat="49.44596000000001" lon="-119.09659">
    <ele>797.1600000000001</ele>
   </trkpt>
   <trkpt lat="49.44538000000001" lon="-119.09654">
    <ele>796.49</ele>
   </trkpt>
   <trkpt lat="49.44467" lon="-119.09654">
    <ele>795.83</ele>
   </trkpt>
   <trkpt lat="49.44379000000001" lon="-119.09662000000002">
    <ele>794.66</ele>
   </trkpt>
   <trkpt lat="49.44364" lon="-119.09654">
    <ele>794.76</ele>
   </trkpt>
   <trkpt lat="49.443450000000006" lon="-119.09627">
    <ele>795.19</ele>
   </trkpt>
   <trkpt lat="49.443290000000005" lon="-119.09596">
    <ele>794.86</ele>
   </trkpt>
   <trkpt lat="49.443165001918004" lon="-119.09528499802984">
    <ele>795.0100000000001</ele>
   </trkpt>
   <trkpt lat="49.44304" lon="-119.09461">
    <ele>794.1800000000001</ele>
   </trkpt>
   <trkpt lat="49.44297" lon="-119.09440000000001">
    <ele>793.9200000000001</ele>
   </trkpt>
   <trkpt lat="49.442840000000004" lon="-119.0943">
    <ele>793.9300000000001</ele>
   </trkpt>
   <trkpt lat="49.44212" lon="-119.09417">
    <ele>793.82</ele>
   </trkpt>
   <trkpt lat="49.44171000000001" lon="-119.09435">
    <ele>792.97</ele>
   </trkpt>
   <trkpt lat="49.44116" lon="-119.09452">
    <ele>790.69</ele>
   </trkpt>
   <trkpt lat="49.4408" lon="-119.09454000000001">
    <ele>789.69</ele>
   </trkpt>
   <trkpt lat="49.44059000000001" lon="-119.09462">
    <ele>789.2800000000001</ele>
   </trkpt>
   <trkpt lat="49.44037" lon="-119.0948">
    <ele>789.21</ele>
   </trkpt>
   <trkpt lat="49.43994000000001" lon="-119.09493">
    <ele>788.09</ele>
   </trkpt>
   <trkpt lat="49.439730000000004" lon="-119.09493">
    <ele>786.93</ele>
   </trkpt>
   <trkpt lat="49.439400000000006" lon="-119.09479">
    <ele>786.1600000000001</ele>
   </trkpt>
   <trkpt lat="49.43916" lon="-119.09483000000002">
    <ele>785.8900000000001</ele>
   </trkpt>
   <trkpt lat="49.439040000000006" lon="-119.09498">
    <ele>785.0300000000001</ele>
   </trkpt>
   <trkpt lat="49.43891000000001" lon="-119.09512000000001">
    <ele>784.49</ele>
   </trkpt>
   <trkpt lat="49.43863" lon="-119.09504000000001">
    <ele>785.51</ele>
   </trkpt>
   <trkpt lat="49.43856" lon="-119.09503000000001">
    <ele>785.51</ele>
   </trkpt>
   <trkpt lat="49.43856" lon="-119.0952">
    <ele>785.51</ele>
   </trkpt>
   <trkpt lat="49.43853000000001" lon="-119.09527000000001">
    <ele>784.21</ele>
   </trkpt>
   <trkpt lat="49.43867" lon="-119.09548000000001">
    <ele>784.7</ele>
   </trkpt>
   <trkpt lat="49.438810000000004" lon="-119.09592">
    <ele>787.45</ele>
   </trkpt>
   <trkpt lat="49.438840000000006" lon="-119.09623">
    <ele>788.1100000000001</ele>
   </trkpt>
   <trkpt lat="49.438855003499505" lon="-119.09713000017857">
    <ele>791.88</ele>
   </trkpt>
   <trkpt lat="49.43887" lon="-119.09803000000001">
    <ele>793.54</ele>
   </trkpt>
   <trkpt lat="49.4388" lon="-119.09868000000002">
    <ele>793.6</ele>
   </trkpt>
   <trkpt lat="49.438700000000004" lon="-119.09896">
    <ele>793.2800000000001</ele>
   </trkpt>
   <trkpt lat="49.438610000000004" lon="-119.0991">
    <ele>792.82</ele>
   </trkpt>
   <trkpt lat="49.438460000000006" lon="-119.09927">
    <ele>792.82</ele>
   </trkpt>
   <trkpt lat="49.438210000000005" lon="-119.0995">
    <ele>791.8900000000001</ele>
   </trkpt>
   <trkpt lat="49.437426680111166" lon="-119.10003259355571">
    <ele>791.8900000000001</ele>
   </trkpt>
   <trkpt lat="49.43664335777668" lon="-119.10056517009855">
    <ele>791.8900000000001</ele>
   </trkpt>
   <trkpt lat="49.43586003299669" lon="-119.10109772962953">
    <ele>791.8900000000001</ele>
   </trkpt>
   <trkpt lat="49.435076705771344" lon="-119.10163027214956">
    <ele>791.8900000000001</ele>
   </trkpt>
   <trkpt lat="49.43429337610079" lon="-119.10216279765966">
    <ele>791.8900000000001</ele>
   </trkpt>
   <trkpt lat="49.433510043985144" lon="-119.10269530616071">
    <ele>784.76</ele>
   </trkpt>
   <trkpt lat="49.4327267094246" lon="-119.10322779765376">
    <ele>784.76</ele>
   </trkpt>
   <trkpt lat="49.43194337241927" lon="-119.1037602721397">
    <ele>784.76</ele>
   </trkpt>
   <trkpt lat="49.4311600329693" lon="-119.10429272961952">
    <ele>784.76</ele>
   </trkpt>
   <trkpt lat="49.43037669107486" lon="-119.1048251700942">
    <ele>784.76</ele>
   </trkpt>
   <trkpt lat="49.429593346736084" lon="-119.10535759356466">
    <ele>784.76</ele>
   </trkpt>
   <trkpt lat="49.428810000000006" lon="-119.10589000000002">
    <ele>784.76</ele>
   </trkpt>
   <trkpt lat="49.428360000000005" lon="-119.10616">
    <ele>784.39</ele>
   </trkpt>
   <trkpt lat="49.4279" lon="-119.1063">
    <ele>783.6400000000001</ele>
   </trkpt>
   <trkpt lat="49.42757" lon="-119.10635">
    <ele>783.05</ele>
   </trkpt>
   <trkpt lat="49.42697000006706" lon="-119.10637000024242">
    <ele>782.69</ele>
   </trkpt>
   <trkpt lat="49.426370000000006" lon="-119.10639">
    <ele>782.1600000000001</ele>
   </trkpt>
   <trkpt lat="49.42549999998487" lon="-119.10637666619355">
    <ele>780.9</ele>
   </trkpt>
   <trkpt lat="49.4246299999682" lon="-119.10636333285998">
    <ele>780.32</ele>
   </trkpt>
   <trkpt lat="49.42376" lon="-119.10635">
    <ele>780.44</ele>
   </trkpt>
   <trkpt lat="49.4234" lon="-119.10631000000001">
    <ele>780.93</ele>
   </trkpt>
   <trkpt lat="49.42254312499888" lon="-119.10631000000001">
    <ele>781.2600000000001</ele>
   </trkpt>
   <trkpt lat="49.42168624999776" lon="-119.10631000000001">
    <ele>781.19</ele>
   </trkpt>
   <trkpt lat="49.420829374996664" lon="-119.10631000000001">
    <ele>779.78</ele>
   </trkpt>
   <trkpt lat="49.41997249999555" lon="-119.10631000000001">
    <ele>779.51</ele>
   </trkpt>
   <trkpt lat="49.41911562499443" lon="-119.10631000000001">
    <ele>779.46</ele>
   </trkpt>
   <trkpt lat="49.418258749993306" lon="-119.10631000000001">
    <ele>779.4100000000001</ele>
   </trkpt>
   <trkpt lat="49.4174018749922" lon="-119.10631000000001">
    <ele>779.21</ele>
   </trkpt>
   <trkpt lat="49.416544999991096" lon="-119.10631000000001">
    <ele>778.6</ele>
   </trkpt>
   <trkpt lat="49.41568812498998" lon="-119.10631000000001">
    <ele>778.2900000000001</ele>
   </trkpt>
   <trkpt lat="49.414831249988865" lon="-119.10631000000001">
    <ele>777.3000000000001</ele>
   </trkpt>
   <trkpt lat="49.41397437498775" lon="-119.10631000000001">
    <ele>776.69</ele>
   </trkpt>
   <trkpt lat="49.41311749998665" lon="-119.10631000000001">
    <ele>775.6800000000001</ele>
   </trkpt>
   <trkpt lat="49.41226062498554" lon="-119.10631000000001">
    <ele>775.08</ele>
   </trkpt>
   <trkpt lat="49.411403749984416" lon="-119.10631000000001">
    <ele>774.17</ele>
   </trkpt>
   <trkpt lat="49.410546874983304" lon="-119.10631000000001">
    <ele>773.4300000000001</ele>
   </trkpt>
   <trkpt lat="49.409690000000005" lon="-119.10631000000001">
    <ele>772.8100000000001</ele>
   </trkpt>
   <trkpt lat="49.40881250000144" lon="-119.10629249906157">
    <ele>773.0400000000001</ele>
   </trkpt>
   <trkpt lat="49.40793500000021" lon="-119.10627499874877">
    <ele>772.2</ele>
   </trkpt>
   <trkpt lat="49.40705749999637" lon="-119.10625749906154">
    <ele>772.0300000000001</ele>
   </trkpt>
   <trkpt lat="49.406180000000006" lon="-119.10624000000001">
    <ele>771.72</ele>
   </trkpt>
   <trkpt lat="49.40572999988853" lon="-119.10625500014123">
    <ele>771.82</ele>
   </trkpt>
   <trkpt lat="49.405280000000005" lon="-119.10627000000001">
    <ele>771.6700000000001</ele>
   </trkpt>
   <trkpt lat="49.404880000000006" lon="-119.10631000000001">
    <ele>771.7600000000001</ele>
   </trkpt>
   <trkpt lat="49.40441000009553" lon="-119.10644000123811">
    <ele>771.4000000000001</ele>
   </trkpt>
   <trkpt lat="49.403940000000006" lon="-119.10657">
    <ele>771.1800000000001</ele>
   </trkpt>
   <trkpt lat="49.40323" lon="-119.10692000000002">
    <ele>771.2800000000001</ele>
   </trkpt>
   <trkpt lat="49.40249500190146" lon="-119.10730251717129">
    <ele>771.11</ele>
   </trkpt>
   <trkpt lat="49.40176000254113" lon="-119.10768502289156">
    <ele>770.7900000000001</ele>
   </trkpt>
   <trkpt lat="49.40102500191907" lon="-119.10806751716147">
    <ele>770.61</ele>
   </trkpt>
   <trkpt lat="49.400290000000005" lon="-119.10845">
    <ele>771.0600000000001</ele>
   </trkpt>
   <trkpt lat="49.399450001678325" lon="-119.1088933485082">
    <ele>769.8900000000001</ele>
   </trkpt>
   <trkpt lat="49.398610001661616" lon="-119.10933668185005">
    <ele>769.24</ele>
   </trkpt>
   <trkpt lat="49.39777" lon="-119.10978000000001">
    <ele>768.7</ele>
   </trkpt>
   <trkpt lat="49.39697000073944" lon="-119.11021000703526">
    <ele>768.14</ele>
   </trkpt>
   <trkpt lat="49.396170000000005" lon="-119.11064">
    <ele>767.83</ele>
   </trkpt>
   <trkpt lat="49.395390000000006" lon="-119.111">
    <ele>767.5300000000001</ele>
   </trkpt>
   <trkpt lat="49.39482" lon="-119.11114">
    <ele>767.27</ele>
   </trkpt>
   <trkpt lat="49.39414000000001" lon="-119.11122">
    <ele>766.85</ele>
   </trkpt>
   <trkpt lat="49.39334" lon="-119.11106000000001">
    <ele>766.2500000000001</ele>
   </trkpt>
   <trkpt lat="49.392700000000005" lon="-119.11082">
    <ele>765.9</ele>
   </trkpt>
   <trkpt lat="49.39222000032684" lon="-119.11050499685564">
    <ele>765.48</ele>
   </trkpt>
   <trkpt lat="49.391740000000006" lon="-119.11019">
    <ele>765.0</ele>
   </trkpt>
   <trkpt lat="49.39103" lon="-119.10949000000001">
    <ele>764.4900000000001</ele>
   </trkpt>
   <trkpt lat="49.390575001071284" lon="-119.10900999563623">
    <ele>763.9200000000001</ele>
   </trkpt>
   <trkpt lat="49.39012" lon="-119.10853000000002">
    <ele>763.73</ele>
   </trkpt>
   <trkpt lat="49.3894133379345" lon="-119.107799979004">
    <ele>763.07</ele>
   </trkpt>
   <trkpt lat="49.388706671272935" lon="-119.10706997900968">
    <ele>763.12</ele>
   </trkpt>
   <trkpt lat="49.388000000000005" lon="-119.10634">
    <ele>762.9800000000001</ele>
   </trkpt>
   <trkpt lat="49.38732" lon="-119.10559">
    <ele>763.07</ele>
   </trkpt>
   <trkpt lat="49.38691500068382" lon="-119.10513499601463">
    <ele>763.08</ele>
   </trkpt>
   <trkpt lat="49.38651" lon="-119.10468000000002">
    <ele>763.22</ele>
   </trkpt>
   <trkpt lat="49.38578750765466" lon="-119.10390996601504">
    <ele>763.35</ele>
   </trkpt>
   <trkpt lat="49.38506501019552" lon="-119.10313995467627">
    <ele>763.5200000000001</ele>
   </trkpt>
   <trkpt lat="49.38434250762284" lon="-119.10236996598253">
    <ele>763.78</ele>
   </trkpt>
   <trkpt lat="49.38362" lon="-119.1016">
    <ele>764.24</ele>
   </trkpt>
   <trkpt lat="49.38318" lon="-119.1012">
    <ele>764.0600000000001</ele>
   </trkpt>
   <trkpt lat="49.382650000000005" lon="-119.10088">
    <ele>764.21</ele>
   </trkpt>
   <trkpt lat="49.382380000000005" lon="-119.10075">
    <ele>763.5500000000001</ele>
   </trkpt>
   <trkpt lat="49.38181" lon="-119.10058000000001">
    <ele>763.02</ele>
   </trkpt>
   <trkpt lat="49.38113666666958" lon="-119.10050333122695">
    <ele>762.47</ele>
   </trkpt>
   <trkpt lat="49.38046333328849" lon="-119.10042666455485">
    <ele>761.62</ele>
   </trkpt>
   <trkpt lat="49.37979000000001" lon="-119.10035">
    <ele>761.35</ele>
   </trkpt>
   <trkpt lat="49.37898333334316" lon="-119.10028666458564">
    <ele>759.8000000000001</ele>
   </trkpt>
   <trkpt lat="49.378176666651704" lon="-119.10022333125039">
    <ele>759.2200000000001</ele>
   </trkpt>
   <trkpt lat="49.377370000000006" lon="-119.10016000000002">
    <ele>758.63</ele>
   </trkpt>
   <trkpt lat="49.37652750010821" lon="-119.1000624949844">
    <ele>758.38</ele>
   </trkpt>
   <trkpt lat="49.375685000134396" lon="-119.09996499331153">
    <ele>758.2500000000001</ele>
   </trkpt>
   <trkpt lat="49.374842500078586" lon="-119.09986749498118">
    <ele>757.6600000000001</ele>
   </trkpt>
   <trkpt lat="49.374" lon="-119.09977">
    <ele>757.45</ele>
   </trkpt>
   <trkpt lat="49.373186666686365" lon="-119.09970666456967">
    <ele>757.0500000000001</ele>
   </trkpt>
   <trkpt lat="49.37237333333814" lon="-119.09964333123519">
    <ele>756.57</ele>
   </trkpt>
   <trkpt lat="49.37156" lon="-119.09958">
    <ele>756.14</ele>
   </trkpt>
   <trkpt lat="49.371010000233554" lon="-119.09948999902555">
    <ele>755.9200000000001</ele>
   </trkpt>
   <trkpt lat="49.37046" lon="-119.0994">
    <ele>755.63</ele>
   </trkpt>
   <trkpt lat="49.369835000043" lon="-119.09933999923985">
    <ele>755.23</ele>
   </trkpt>
   <trkpt lat="49.36921" lon="-119.09928000000001">
    <ele>755.0600000000001</ele>
   </trkpt>
   <trkpt lat="49.368330000017636" lon="-119.09918499829723">
    <ele>754.6</ele>
   </trkpt>
   <trkpt lat="49.367450000000005" lon="-119.09909">
    <ele>754.26</ele>
   </trkpt>
   <trkpt lat="49.3667350001926" lon="-119.09904499935713">
    <ele>754.0400000000001</ele>
   </trkpt>
   <trkpt lat="49.366020000000006" lon="-119.099">
    <ele>753.87</ele>
   </trkpt>
   <trkpt lat="49.36549" lon="-119.09888000000001">
    <ele>753.6400000000001</ele>
   </trkpt>
   <trkpt lat="49.36483499984726" lon="-119.09882999932148">
    <ele>753.35</ele>
   </trkpt>
   <trkpt lat="49.364180000000005" lon="-119.09878">
    <ele>752.9100000000001</ele>
   </trkpt>
   <trkpt lat="49.363820000000004" lon="-119.09878">
    <ele>752.7800000000001</ele>
   </trkpt>
   <trkpt lat="49.36297000007698" lon="-119.09867666309239">
    <ele>752.6700000000001</ele>
   </trkpt>
   <trkpt lat="49.36212000006185" lon="-119.09857332975733">
    <ele>752.3900000000001</ele>
   </trkpt>
   <trkpt lat="49.361270000000005" lon="-119.09847">
    <ele>751.9300000000001</ele>
   </trkpt>
   <trkpt lat="49.36077" lon="-119.09846">
    <ele>751.77</ele>
   </trkpt>
   <trkpt lat="49.36031000012937" lon="-119.09841499959089">
    <ele>751.51</ele>
   </trkpt>
   <trkpt lat="49.35985" lon="-119.09837">
    <ele>751.32</ele>
   </trkpt>
   <trkpt lat="49.35942000000001" lon="-119.09829">
    <ele>751.1700000000001</ele>
   </trkpt>
   <trkpt lat="49.35857000000001" lon="-119.0982">
    <ele>750.9800000000001</ele>
   </trkpt>
   <trkpt lat="49.3577" lon="-119.09806">
    <ele>750.6600000000001</ele>
   </trkpt>
   <trkpt lat="49.357510000000005" lon="-119.09794000000001">
    <ele>750.6400000000001</ele>
   </trkpt>
   <trkpt lat="49.35717" lon="-119.09784">
    <ele>750.5500000000001</ele>
   </trkpt>
   <trkpt lat="49.35661" lon="-119.09761">
    <ele>750.3700000000001</ele>
   </trkpt>
   <trkpt lat="49.35617500035685" lon="-119.09731999743127">
    <ele>750.19</ele>
   </trkpt>
   <trkpt lat="49.355740000000004" lon="-119.09703">
    <ele>749.99</ele>
   </trkpt>
   <trkpt lat="49.35533500043439" lon="-119.09671499741127">
    <ele>749.84</ele>
   </trkpt>
   <trkpt lat="49.35493" lon="-119.0964">
    <ele>749.7600000000001</ele>
   </trkpt>
   <trkpt lat="49.354620000000004" lon="-119.09609">
    <ele>749.86</ele>
   </trkpt>
   <trkpt lat="49.35424500091495" lon="-119.09564499667964">
    <ele>749.87</ele>
   </trkpt>
   <trkpt lat="49.35387" lon="-119.0952">
    <ele>749.7600000000001</ele>
   </trkpt>
   <trkpt lat="49.353480000000005" lon="-119.09467000000001">
    <ele>749.8</ele>
   </trkpt>
   <trkpt lat="49.35307000107944" lon="-119.09416999583391">
    <ele>749.7800000000001</ele>
   </trkpt>
   <trkpt lat="49.35266000000001" lon="-119.09367">
    <ele>749.82</ele>
   </trkpt>
   <trkpt lat="49.35225000090017" lon="-119.09319999602238">
    <ele>749.96</ele>
   </trkpt>
   <trkpt lat="49.35184" lon="-119.09273">
    <ele>750.1300000000001</ele>
   </trkpt>
   <trkpt lat="49.3514450010661" lon="-119.09222999596979">
    <ele>750.58</ele>
   </trkpt>
   <trkpt lat="49.35105" lon="-119.09173000000001">
    <ele>751.3100000000001</ele>
   </trkpt>
   <trkpt lat="49.35057666953166" lon="-119.09115332223192">
    <ele>751.1000000000001</ele>
   </trkpt>
   <trkpt lat="49.350103336194685" lon="-119.09057665556095">
    <ele>751.48</ele>
   </trkpt>
   <trkpt lat="49.349630000000005" lon="-119.09">
    <ele>751.6</ele>
   </trkpt>
   <trkpt lat="49.34897" lon="-119.08929">
    <ele>751.58</ele>
   </trkpt>
   <trkpt lat="49.34864" lon="-119.08906">
    <ele>751.34</ele>
   </trkpt>
   <trkpt lat="49.348290000000006" lon="-119.08894000000001">
    <ele>751.36</ele>
   </trkpt>
   <trkpt lat="49.348060000000004" lon="-119.08889">
    <ele>751.4900000000001</ele>
   </trkpt>
   <trkpt lat="49.34772" lon="-119.08888">
    <ele>751.48</ele>
   </trkpt>
   <trkpt lat="49.34690500012931" lon="-119.08908500340887">
    <ele>751.35</ele>
   </trkpt>
   <trkpt lat="49.346090000000004" lon="-119.08929">
    <ele>750.6400000000001</ele>
   </trkpt>
   <trkpt lat="49.34554000000001" lon="-119.08947">
    <ele>750.53</ele>
   </trkpt>
   <trkpt lat="49.344710000000006" lon="-119.08947">
    <ele>749.9</ele>
   </trkpt>
   <trkpt lat="49.343970000000006" lon="-119.08922000000001">
    <ele>749.24</ele>
   </trkpt>
   <trkpt lat="49.34364" lon="-119.08902">
    <ele>748.87</ele>
   </trkpt>
   <trkpt lat="49.34322" lon="-119.0887">
    <ele>748.73</ele>
   </trkpt>
   <trkpt lat="49.342670000000005" lon="-119.08803">
    <ele>747.99</ele>
   </trkpt>
   <trkpt lat="49.342290000000006" lon="-119.08741">
    <ele>747.3400000000001</ele>
   </trkpt>
   <trkpt lat="49.34204500190853" lon="-119.08675999699241">
    <ele>747.1500000000001</ele>
   </trkpt>
   <trkpt lat="49.341800000000006" lon="-119.08611">
    <ele>746.3700000000001</ele>
   </trkpt>
   <trkpt lat="49.34143431851204" lon="-119.08498423552322">
    <ele>745.97</ele>
   </trkpt>
   <trkpt lat="49.34106862609128" lon="-119.08385848777772">
    <ele>745.26</ele>
   </trkpt>
   <trkpt lat="49.34070292273807" lon="-119.08273275676353">
    <ele>744.8100000000001</ele>
   </trkpt>
   <trkpt lat="49.34033720845272" lon="-119.0816070424807">
    <ele>743.99</ele>
   </trkpt>
   <trkpt lat="49.33997148323551" lon="-119.08048134492928">
    <ele>743.7600000000001</ele>
   </trkpt>
   <trkpt lat="49.339605747086765" lon="-119.07935566410931">
    <ele>743.8</ele>
   </trkpt>
   <trkpt lat="49.339240000000004" lon="-119.07823">
    <ele>743.7600000000001</ele>
   </trkpt>
   <trkpt lat="49.338995002104404" lon="-119.07753499659955">
    <ele>743.72</ele>
   </trkpt>
   <trkpt lat="49.338750000000005" lon="-119.07684">
    <ele>743.7300000000001</ele>
   </trkpt>
   <trkpt lat="49.3383475189378" lon="-119.07562997028873">
    <ele>743.7600000000001</ele>
   </trkpt>
   <trkpt lat="49.33794502524474" lon="-119.07441996036867">
    <ele>743.8</ele>
   </trkpt>
   <trkpt lat="49.33754251892117" lon="-119.0732099702399">
    <ele>743.59</ele>
   </trkpt>
   <trkpt lat="49.337140000000005" lon="-119.072">
    <ele>743.02</ele>
   </trkpt>
   <trkpt lat="49.336940000000006" lon="-119.07138">
    <ele>742.75</ele>
   </trkpt>
   <trkpt lat="49.336780000000005" lon="-119.07057">
    <ele>742.69</ele>
   </trkpt>
   <trkpt lat="49.336780000000005" lon="-119.06977">
    <ele>742.32</ele>
   </trkpt>
   <trkpt lat="49.3368400031504" lon="-119.06891500108257">
    <ele>741.77</ele>
   </trkpt>
   <trkpt lat="49.33690000000001" lon="-119.06806">
    <ele>741.36</ele>
   </trkpt>
   <trkpt lat="49.33697" lon="-119.06748">
    <ele>741.0300000000001</ele>
   </trkpt>
   <trkpt lat="49.337140000000005" lon="-119.06669000000001">
    <ele>740.48</ele>
   </trkpt>
   <trkpt lat="49.33740000282016" lon="-119.06587500444618">
    <ele>740.3000000000001</ele>
   </trkpt>
   <trkpt lat="49.33766000000001" lon="-119.06506000000002">
    <ele>740.44</ele>
   </trkpt>
   <trkpt lat="49.33778" lon="-119.06432000000001">
    <ele>740.3100000000001</ele>
   </trkpt>
   <trkpt lat="49.337830000000004" lon="-119.06368">
    <ele>740.0600000000001</ele>
   </trkpt>
   <trkpt lat="49.3378" lon="-119.0631">
    <ele>739.85</ele>
   </trkpt>
   <trkpt lat="49.33767" lon="-119.06226000000001">
    <ele>739.36</ele>
   </trkpt>
   <trkpt lat="49.33751" lon="-119.06175">
    <ele>739.13</ele>
   </trkpt>
   <trkpt lat="49.33729" lon="-119.06121">
    <ele>739.13</ele>
   </trkpt>
   <trkpt lat="49.33678000456016" lon="-119.06018498943597">
    <ele>739.0300000000001</ele>
   </trkpt>
   <trkpt lat="49.336270000000006" lon="-119.05916">
    <ele>738.83</ele>
   </trkpt>
   <trkpt lat="49.33581" lon="-119.05821000000002">
    <ele>738.63</ele>
   </trkpt>
   <trkpt lat="49.335660000000004" lon="-119.05777">
    <ele>738.6</ele>
   </trkpt>
   <trkpt lat="49.335550000000005" lon="-119.05683">
    <ele>738.6700000000001</ele>
   </trkpt>
   <trkpt lat="49.335620000000006" lon="-119.05616">
    <ele>738.4000000000001</ele>
   </trkpt>
   <trkpt lat="49.335750000000004" lon="-119.05535">
    <ele>738.33</ele>
   </trkpt>
   <trkpt lat="49.33581" lon="-119.05464">
    <ele>738.5400000000001</ele>
   </trkpt>
   <trkpt lat="49.335770000000004" lon="-119.0541">
    <ele>738.4900000000001</ele>
   </trkpt>
   <trkpt lat="49.335620000000006" lon="-119.05351">
    <ele>738.3900000000001</ele>
   </trkpt>
   <trkpt lat="49.33519667444933" lon="-119.05255998365168">
    <ele>738.3900000000001</ele>
   </trkpt>
   <trkpt lat="49.33477334111273" lon="-119.0516099836446">
    <ele>737.98</ele>
   </trkpt>
   <trkpt lat="49.33435" lon="-119.05066000000001">
    <ele>737.1</ele>
   </trkpt>
   <trkpt lat="49.33405000155451" lon="-119.05004999617947">
    <ele>736.8100000000001</ele>
   </trkpt>
   <trkpt lat="49.33375" lon="-119.04944">
    <ele>736.4200000000001</ele>
   </trkpt>
   <trkpt lat="49.333450000000006" lon="-119.04896000000001">
    <ele>736.36</ele>
   </trkpt>
   <trkpt lat="49.33317" lon="-119.04865000000001">
    <ele>736.1800000000001</ele>
   </trkpt>
   <trkpt lat="49.33283" lon="-119.04837">
    <ele>736.02</ele>
   </trkpt>
   <trkpt lat="49.332550000000005" lon="-119.04819">
    <ele>735.2900000000001</ele>
   </trkpt>
   <trkpt lat="49.33214" lon="-119.04800000000002">
    <ele>735.1500000000001</ele>
   </trkpt>
   <trkpt lat="49.331403334120786" lon="-119.04768665726361">
    <ele>734.6</ele>
   </trkpt>
   <trkpt lat="49.330666667394574" lon="-119.04737332390513">
    <ele>734.1899999999999</ele>
   </trkpt>
   <trkpt lat="49.329930000000004" lon="-119.04706000000002">
    <ele>733.48</ele>
   </trkpt>
   <trkpt lat="49.32947500012607" lon="-119.04679499744782">
    <ele>733.04</ele>
   </trkpt>
   <trkpt lat="49.32902000000001" lon="-119.04653">
    <ele>732.72</ele>
   </trkpt>
   <trkpt lat="49.32876" lon="-119.04629000000001">
    <ele>732.6100000000001</ele>
   </trkpt>
   <trkpt lat="49.32853" lon="-119.04612000000002">
    <ele>732.3000000000001</ele>
   </trkpt>
   <trkpt lat="49.32822" lon="-119.04581">
    <ele>731.8500000000001</ele>
   </trkpt>
   <trkpt lat="49.32782" lon="-119.04528">
    <ele>731.28</ele>
   </trkpt>
   <trkpt lat="49.32722000355153" lon="-119.04435998863578">
    <ele>730.58</ele>
   </trkpt>
   <trkpt lat="49.326620000000005" lon="-119.04344">
    <ele>730.6700000000001</ele>
   </trkpt>
   <trkpt lat="49.326280000000004" lon="-119.04299">
    <ele>730.01</ele>
   </trkpt>
   <trkpt lat="49.32584000000001" lon="-119.04259">
    <ele>729.82</ele>
   </trkpt>
   <trkpt lat="49.32546000000001" lon="-119.04237">
    <ele>729.8</ele>
   </trkpt>
   <trkpt lat="49.32526000000001" lon="-119.04228">
    <ele>729.9300000000001</ele>
   </trkpt>
   <trkpt lat="49.32495" lon="-119.04223">
    <ele>729.94</ele>
   </trkpt>
   <trkpt lat="49.32462" lon="-119.04220000000001">
    <ele>729.6100000000001</ele>
   </trkpt>
   <trkpt lat="49.32424" lon="-119.04227000000002">
    <ele>729.5200000000001</ele>
   </trkpt>
   <trkpt lat="49.32385000000001" lon="-119.04237">
    <ele>729.46</ele>
   </trkpt>
   <trkpt lat="49.32347000000001" lon="-119.04254000000002">
    <ele>729.34</ele>
   </trkpt>
   <trkpt lat="49.323170000000005" lon="-119.04255">
    <ele>729.01</ele>
   </trkpt>
   <trkpt lat="49.32284000000001" lon="-119.0425">
    <ele>728.8800000000001</ele>
   </trkpt>
   <trkpt lat="49.32226500027924" lon="-119.04220999657161">
    <ele>728.5400000000001</ele>
   </trkpt>
   <trkpt lat="49.321690000000004" lon="-119.04192">
    <ele>728.2900000000001</ele>
   </trkpt>
   <trkpt lat="49.32092" lon="-119.04176000000001">
    <ele>727.6800000000001</ele>
   </trkpt>
   <trkpt lat="49.32018800006545" lon="-119.04169599619445">
    <ele>727.47</ele>
   </trkpt>
   <trkpt lat="49.31945600009557" lon="-119.04163199429155">
    <ele>726.98</ele>
   </trkpt>
   <trkpt lat="49.31872400009033" lon="-119.04156799429121">
    <ele>726.5800000000002</ele>
   </trkpt>
   <trkpt lat="49.31799200004975" lon="-119.0415039961933">
    <ele>726.22</ele>
   </trkpt>
   <trkpt lat="49.317260000000005" lon="-119.04144000000001">
    <ele>725.92</ele>
   </trkpt>
   <trkpt lat="49.31683" lon="-119.04153000000001">
    <ele>725.7</ele>
   </trkpt>
   <trkpt lat="49.31604500144424" lon="-119.0417883539177">
    <ele>725.0200000000001</ele>
   </trkpt>
   <trkpt lat="49.315260002312584" lon="-119.04204669960035">
    <ele>724.71</ele>
   </trkpt>
   <trkpt lat="49.314475002605114" lon="-119.04230503704852">
    <ele>724.2400000000001</ele>
   </trkpt>
   <trkpt lat="49.31369000232188" lon="-119.04256336626266">
    <ele>723.7900000000001</ele>
   </trkpt>
   <trkpt lat="49.312905001462866" lon="-119.04282168724325">
    <ele>723.04</ele>
   </trkpt>
   <trkpt lat="49.31212000000001" lon="-119.04308">
    <ele>722.45</ele>
   </trkpt>
   <trkpt lat="49.31183" lon="-119.04317">
    <ele>722.53</ele>
   </trkpt>
   <trkpt lat="49.31148" lon="-119.04317">
    <ele>722.8100000000001</ele>
   </trkpt>
   <trkpt lat="49.31114" lon="-119.04313">
    <ele>722.4200000000001</ele>
   </trkpt>
   <trkpt lat="49.31064000000001" lon="-119.04303000000002">
    <ele>721.95</ele>
   </trkpt>
   <trkpt lat="49.309946666951774" lon="-119.04284332807505">
    <ele>721.25</ele>
   </trkpt>
   <trkpt lat="49.30925333360291" lon="-119.04265666140428">
    <ele>721.13</ele>
   </trkpt>
   <trkpt lat="49.30856000000001" lon="-119.04247000000001">
    <ele>720.8100000000001</ele>
   </trkpt>
   <trkpt lat="49.30771400069586" lon="-119.0422699862646">
    <ele>720.26</ele>
   </trkpt>
   <trkpt lat="49.306868001046546" lon="-119.042069979398">
    <ele>719.84</ele>
   </trkpt>
   <trkpt lat="49.3060220010521" lon="-119.04186997939973">
    <ele>719.2900000000001</ele>
   </trkpt>
   <trkpt lat="49.30517600071253" lon="-119.04166998626943">
    <ele>718.89</ele>
   </trkpt>
   <trkpt lat="49.30433000000001" lon="-119.04147">
    <ele>718.64</ele>
   </trkpt>
   <trkpt lat="49.30364" lon="-119.04127000000001">
    <ele>717.9100000000001</ele>
   </trkpt>
   <trkpt lat="49.302960000000006" lon="-119.04111">
    <ele>717.7</ele>
   </trkpt>
   <trkpt lat="49.3022700001568" lon="-119.04096332921992">
    <ele>717.2900000000001</ele>
   </trkpt>
   <trkpt lat="49.301580000128" lon="-119.0408166625472">
    <ele>716.82</ele>
   </trkpt>
   <trkpt lat="49.30089" lon="-119.04067">
    <ele>716.32</ele>
   </trkpt>
   <trkpt lat="49.30037" lon="-119.04049">
    <ele>716.33</ele>
   </trkpt>
   <trkpt lat="49.30008" lon="-119.04031">
    <ele>716.5</ele>
   </trkpt>
   <trkpt lat="49.29975" lon="-119.03995">
    <ele>716.5</ele>
   </trkpt>
   <trkpt lat="49.299440000000004" lon="-119.0395">
    <ele>716.32</ele>
   </trkpt>
   <trkpt lat="49.29914" lon="-119.0387">
    <ele>716.23</ele>
   </trkpt>
   <trkpt lat="49.299040000000005" lon="-119.03816">
    <ele>716.28</ele>
   </trkpt>
   <trkpt lat="49.29896" lon="-119.0369">
    <ele>716.16</ele>
   </trkpt>
   <trkpt lat="49.29889000000001" lon="-119.03637">
    <ele>715.9000000000001</ele>
   </trkpt>
   <trkpt lat="49.29874" lon="-119.03579">
    <ele>715.69</ele>
   </trkpt>
   <trkpt lat="49.29856" lon="-119.03542000000002">
    <ele>715.16</ele>
   </trkpt>
   <trkpt lat="49.29825" lon="-119.03502">
    <ele>714.9300000000001</ele>
   </trkpt>
   <trkpt lat="49.29793" lon="-119.03476">
    <ele>714.9000000000001</ele>
   </trkpt>
   <trkpt lat="49.29746" lon="-119.03457000000002">
    <ele>714.7800000000001</ele>
   </trkpt>
   <trkpt lat="49.296593333729675" lon="-119.03435665916525">
    <ele>714.2700000000001</ele>
   </trkpt>
   <trkpt lat="49.295726667066624" lon="-119.03414332583296">
    <ele>714.37</ele>
   </trkpt>
   <trkpt lat="49.29486000000001" lon="-119.03393000000001">
    <ele>714.38</ele>
   </trkpt>
   <trkpt lat="49.294230000000006" lon="-119.0339">
    <ele>714.13</ele>
   </trkpt>
   <trkpt lat="49.293940000000006" lon="-119.03396000000001">
    <ele>713.96</ele>
   </trkpt>
   <trkpt lat="49.293580000000006" lon="-119.03413">
    <ele>713.9100000000001</ele>
   </trkpt>
   <trkpt lat="49.29276750355958" lon="-119.03465502596487">
    <ele>713.9100000000001</ele>
   </trkpt>
   <trkpt lat="49.29195500474065" lon="-119.0351800346226">
    <ele>713.9300000000001</ele>
   </trkpt>
   <trkpt lat="49.2911425035434" lon="-119.03570502597421">
    <ele>713.73</ele>
   </trkpt>
   <trkpt lat="49.290330000000004" lon="-119.03623">
    <ele>713.01</ele>
   </trkpt>
   <trkpt lat="49.29014" lon="-119.03632">
    <ele>712.76</ele>
   </trkpt>
   <trkpt lat="49.28980000000001" lon="-119.03641">
    <ele>712.4100000000001</ele>
   </trkpt>
   <trkpt lat="49.289300000000004" lon="-119.03638000000001">
    <ele>712.04</ele>
   </trkpt>
   <trkpt lat="49.28867" lon="-119.03623">
    <ele>711.58</ele>
   </trkpt>
   <trkpt lat="49.28815" lon="-119.03620000000001">
    <ele>711.35</ele>
   </trkpt>
   <trkpt lat="49.28748" lon="-119.03602000000001">
    <ele>710.8100000000001</ele>
   </trkpt>
   <trkpt lat="49.287290000000006" lon="-119.03589000000001">
    <ele>710.79</ele>
   </trkpt>
   <trkpt lat="49.28705" lon="-119.03566000000001">
    <ele>711.04</ele>
   </trkpt>
   <trkpt lat="49.286840000000005" lon="-119.0353">
    <ele>711.22</ele>
   </trkpt>
   <trkpt lat="49.2867" lon="-119.03488000000002">
    <ele>710.77</ele>
   </trkpt>
   <trkpt lat="49.286590000000004" lon="-119.03426">
    <ele>710.38</ele>
   </trkpt>
   <trkpt lat="49.286620000000006" lon="-119.03378000000001">
    <ele>710.38</ele>
   </trkpt>
   <trkpt lat="49.28678000000001" lon="-119.03261">
    <ele>709.69</ele>
   </trkpt>
   <trkpt lat="49.28669000000001" lon="-119.03186000000001">
    <ele>709.44</ele>
   </trkpt>
   <trkpt lat="49.28649" lon="-119.03135">
    <ele>709.1800000000001</ele>
   </trkpt>
   <trkpt lat="49.28633000000001" lon="-119.03110000000001">
    <ele>708.72</ele>
   </trkpt>
   <trkpt lat="49.28611" lon="-119.03090000000002">
    <ele>708.33</ele>
   </trkpt>
   <trkpt lat="49.28585" lon="-119.03077">
    <ele>708.33</ele>
   </trkpt>
   <trkpt lat="49.28562" lon="-119.03068">
    <ele>708.0900000000001</ele>
   </trkpt>
   <trkpt lat="49.28499" lon="-119.03068">
    <ele>707.88</ele>
   </trkpt>
   <trkpt lat="49.284690000000005" lon="-119.03059">
    <ele>707.69</ele>
   </trkpt>
   <trkpt lat="49.284200000000006" lon="-119.03028">
    <ele>707.4800000000001</ele>
   </trkpt>
   <trkpt lat="49.283730000816796" lon="-119.02981999552138">
    <ele>706.76</ele>
   </trkpt>
   <trkpt lat="49.283260000000006" lon="-119.02936000000001">
    <ele>706.34</ele>
   </trkpt>
   <trkpt lat="49.282970000000006" lon="-119.0292">
    <ele>705.9200000000001</ele>
   </trkpt>
   <trkpt lat="49.282650000000004" lon="-119.02907">
    <ele>705.72</ele>
   </trkpt>
   <trkpt lat="49.28239000000001" lon="-119.02904000000001">
    <ele>705.57</ele>
   </trkpt>
   <trkpt lat="49.28163000000001" lon="-119.02925">
    <ele>704.8700000000001</ele>
   </trkpt>
   <trkpt lat="49.281330000000004" lon="-119.02938">
    <ele>704.5</ele>
   </trkpt>
   <trkpt lat="49.28069000000001" lon="-119.02947">
    <ele>704.1500000000001</ele>
   </trkpt>
   <trkpt lat="49.28041" lon="-119.02938">
    <ele>704.33</ele>
   </trkpt>
   <trkpt lat="49.28009" lon="-119.0292">
    <ele>703.9300000000001</ele>
   </trkpt>
   <trkpt lat="49.27969" lon="-119.02875000000002">
    <ele>703.44</ele>
   </trkpt>
   <trkpt lat="49.279520000000005" lon="-119.02844">
    <ele>702.61</ele>
   </trkpt>
   <trkpt lat="49.27919000000001" lon="-119.02759">
    <ele>702.3600000000001</ele>
   </trkpt>
   <trkpt lat="49.27888" lon="-119.02701">
    <ele>701.6800000000001</ele>
   </trkpt>
   <trkpt lat="49.278620000000004" lon="-119.0267">
    <ele>701.4800000000001</ele>
   </trkpt>
   <trkpt lat="49.27805000000001" lon="-119.02617000000001">
    <ele>700.9399999999999</ele>
   </trkpt>
   <trkpt lat="49.277460000000005" lon="-119.02571">
    <ele>700.69</ele>
   </trkpt>
   <trkpt lat="49.276920000000004" lon="-119.02496000000001">
    <ele>699.5100000000001</ele>
   </trkpt>
   <trkpt lat="49.27649" lon="-119.02415">
    <ele>698.97</ele>
   </trkpt>
   <trkpt lat="49.27613000479332" lon="-119.023094992273">
    <ele>697.9200000000001</ele>
   </trkpt>
   <trkpt lat="49.27577" lon="-119.02204">
    <ele>697.1800000000001</ele>
   </trkpt>
   <trkpt lat="49.27554000000001" lon="-119.02163000000002">
    <ele>697.0</ele>
   </trkpt>
   <trkpt lat="49.275290000000005" lon="-119.02125000000001">
    <ele>696.95</ele>
   </trkpt>
   <trkpt lat="49.275040000000004" lon="-119.02106">
    <ele>696.6500000000001</ele>
   </trkpt>
   <trkpt lat="49.274270000550196" lon="-119.02067999403218">
    <ele>695.46</ele>
   </trkpt>
   <trkpt lat="49.273500000000006" lon="-119.0203">
    <ele>694.84</ele>
   </trkpt>
   <trkpt lat="49.27309" lon="-119.0202">
    <ele>694.35</ele>
   </trkpt>
   <trkpt lat="49.272510000000004" lon="-119.0202">
    <ele>693.98</ele>
   </trkpt>
   <trkpt lat="49.271980000000006" lon="-119.0203">
    <ele>693.3600000000001</ele>
   </trkpt>
   <trkpt lat="49.27156" lon="-119.02052">
    <ele>693.06</ele>
   </trkpt>
   <trkpt lat="49.270970000000005" lon="-119.02084">
    <ele>692.72</ele>
   </trkpt>
   <trkpt lat="49.270610000000005" lon="-119.02096000000002">
    <ele>692.49</ele>
   </trkpt>
   <trkpt lat="49.270160000000004" lon="-119.02092">
    <ele>692.4300000000001</ele>
   </trkpt>
   <trkpt lat="49.26973" lon="-119.0207">
    <ele>691.74</ele>
   </trkpt>
   <trkpt lat="49.26908" lon="-119.02007">
    <ele>690.6800000000001</ele>
   </trkpt>
   <trkpt lat="49.268620000000006" lon="-119.01972">
    <ele>690.2900000000001</ele>
   </trkpt>
   <trkpt lat="49.26815500015692" lon="-119.01960499894085">
    <ele>689.9200000000001</ele>
   </trkpt>
   <trkpt lat="49.26769" lon="-119.01949">
    <ele>689.32</ele>
   </trkpt>
   <trkpt lat="49.266920000000006" lon="-119.01922">
    <ele>688.62</ele>
   </trkpt>
   <trkpt lat="49.26641" lon="-119.01892000000001">
    <ele>688.15</ele>
   </trkpt>
   <trkpt lat="49.26586" lon="-119.01868">
    <ele>687.28</ele>
   </trkpt>
   <trkpt lat="49.26549000000001" lon="-119.01832">
    <ele>686.9000000000001</ele>
   </trkpt>
   <trkpt lat="49.26518" lon="-119.01820000000001">
    <ele>686.6300000000001</ele>
   </trkpt>
   <trkpt lat="49.26485" lon="-119.01797">
    <ele>686.13</ele>
   </trkpt>
   <trkpt lat="49.26440500088402" lon="-119.01753999620539">
    <ele>685.76</ele>
   </trkpt>
   <trkpt lat="49.263960000000004" lon="-119.01711000000002">
    <ele>685.22</ele>
   </trkpt>
   <trkpt lat="49.26384" lon="-119.01702000000002">
    <ele>684.88</ele>
   </trkpt>
   <trkpt lat="49.263740000000006" lon="-119.01683000000001">
    <ele>684.21</ele>
   </trkpt>
   <trkpt lat="49.26325000069366" lon="-119.01643499609415">
    <ele>681.57</ele>
   </trkpt>
   <trkpt lat="49.26276000000001" lon="-119.01604">
    <ele>680.22</ele>
   </trkpt>
   <trkpt lat="49.262040000000006" lon="-119.01568">
    <ele>677.1</ele>
   </trkpt>
   <trkpt lat="49.261790000000005" lon="-119.01541">
    <ele>676.4300000000001</ele>
   </trkpt>
   <trkpt lat="49.26133667029724" lon="-119.01475998803541">
    <ele>676.39</ele>
   </trkpt>
   <trkpt lat="49.260883336948126" lon="-119.01410998801296">
    <ele>676.3800000000001</ele>
   </trkpt>
   <trkpt lat="49.26043000000001" lon="-119.01346000000001">
    <ele>676.22</ele>
   </trkpt>
   <trkpt lat="49.25983" lon="-119.01268">
    <ele>676.07</ele>
   </trkpt>
   <trkpt lat="49.25920500382561" lon="-119.01213497927772">
    <ele>675.6700000000001</ele>
   </trkpt>
   <trkpt lat="49.25858000508766" lon="-119.01158997235925">
    <ele>671.7</ele>
   </trkpt>
   <trkpt lat="49.257955003786265" lon="-119.01104497924409">
    <ele>670.5500000000001</ele>
   </trkpt>
   <trkpt lat="49.25733" lon="-119.01050000000001">
    <ele>670.98</ele>
   </trkpt>
   <trkpt lat="49.2571" lon="-119.01041000000001">
    <ele>671.59</ele>
   </trkpt>
   <trkpt lat="49.25685000000001" lon="-119.01049">
    <ele>672.85</ele>
   </trkpt>
   <trkpt lat="49.256640000000004" lon="-119.01071">
    <ele>672.98</ele>
   </trkpt>
   <trkpt lat="49.25636" lon="-119.01120000000002">
    <ele>672.2600000000001</ele>
   </trkpt>
   <trkpt lat="49.256170000000004" lon="-119.01126000000001">
    <ele>671.8900000000001</ele>
   </trkpt>
   <trkpt lat="49.255930000000006" lon="-119.01120000000002">
    <ele>671.2300000000001</ele>
   </trkpt>
   <trkpt lat="49.25585" lon="-119.01121">
    <ele>671.09</ele>
   </trkpt>
   <trkpt lat="49.25555000000001" lon="-119.01104000000001">
    <ele>670.83</ele>
   </trkpt>
   <trkpt lat="49.255210000000005" lon="-119.01071">
    <ele>670.73</ele>
   </trkpt>
   <trkpt lat="49.2548" lon="-119.01010000000001">
    <ele>670.78</ele>
   </trkpt>
   <trkpt lat="49.25455" lon="-119.00977">
    <ele>670.76</ele>
   </trkpt>
   <trkpt lat="49.254200000000004" lon="-119.00937">
    <ele>670.7</ele>
   </trkpt>
   <trkpt lat="49.25381" lon="-119.00911">
    <ele>671.0600000000001</ele>
   </trkpt>
   <trkpt lat="49.253330000000005" lon="-119.00906">
    <ele>671.98</ele>
   </trkpt>
   <trkpt lat="49.25249" lon="-119.00892">
    <ele>674.18</ele>
   </trkpt>
   <trkpt lat="49.25202499990285" lon="-119.0088599994203">
    <ele>673.5699999999999</ele>
   </trkpt>
   <trkpt lat="49.251560000000005" lon="-119.00880000000001">
    <ele>672.5000000000001</ele>
   </trkpt>
   <trkpt lat="49.251090000000005" lon="-119.00892">
    <ele>672.1</ele>
   </trkpt>
   <trkpt lat="49.25052" lon="-119.00915">
    <ele>672.1100000000001</ele>
   </trkpt>
   <trkpt lat="49.25006500017952" lon="-119.00939500230082">
    <ele>672.35</ele>
   </trkpt>
   <trkpt lat="49.249610000000004" lon="-119.00964">
    <ele>672.46</ele>
   </trkpt>
   <trkpt lat="49.24898000046233" lon="-119.00993500372373">
    <ele>672.5500000000001</ele>
   </trkpt>
   <trkpt lat="49.24835" lon="-119.01023">
    <ele>672.2900000000001</ele>
   </trkpt>
   <trkpt lat="49.247710000000005" lon="-119.01062">
    <ele>671.08</ele>
   </trkpt>
   <trkpt lat="49.247095003187994" lon="-119.0111150184842">
    <ele>670.7900000000001</ele>
   </trkpt>
   <trkpt lat="49.24648000426108" lon="-119.01161002463678">
    <ele>670.0400000000001</ele>
   </trkpt>
   <trkpt lat="49.24586500321937" lon="-119.01210501845833">
    <ele>669.63</ele>
   </trkpt>
   <trkpt lat="49.245250000000006" lon="-119.0126">
    <ele>669.19</ele>
   </trkpt>
   <trkpt lat="49.244620000000005" lon="-119.01295">
    <ele>668.84</ele>
   </trkpt>
   <trkpt lat="49.24428" lon="-119.01304">
    <ele>668.34</ele>
   </trkpt>
   <trkpt lat="49.2435640010237" lon="-119.01328201403122">
    <ele>667.5500000000001</ele>
   </trkpt>
   <trkpt lat="49.24284800154189" lon="-119.01352402104429">
    <ele>666.9200000000001</ele>
   </trkpt>
   <trkpt lat="49.24213200155458" lon="-119.01376602103963">
    <ele>666.4300000000001</ele>
   </trkpt>
   <trkpt lat="49.24141600106182" lon="-119.01400801401758">
    <ele>665.63</ele>
   </trkpt>
   <trkpt lat="49.240700000000004" lon="-119.01425">
    <ele>665.1600000000001</ele>
   </trkpt>
   <trkpt lat="49.240070000091805" lon="-119.01443500237639">
    <ele>664.1800000000001</ele>
   </trkpt>
   <trkpt lat="49.23944" lon="-119.01462000000001">
    <ele>663.6500000000001</ele>
   </trkpt>
   <trkpt lat="49.238740000177664" lon="-119.01486000342591">
    <ele>663.4000000000001</ele>
   </trkpt>
   <trkpt lat="49.238040000000005" lon="-119.0151">
    <ele>663.3800000000001</ele>
   </trkpt>
   <trkpt lat="49.237213333997545" lon="-119.01536667557677">
    <ele>663.33</ele>
   </trkpt>
   <trkpt lat="49.23638666738128" lon="-119.015633342227">
    <ele>663.0</ele>
   </trkpt>
   <trkpt lat="49.23556000000001" lon="-119.01590000000002">
    <ele>663.03</ele>
   </trkpt>
   <trkpt lat="49.234720000603666" lon="-119.0161600088366">
    <ele>662.86</ele>
   </trkpt>
   <trkpt lat="49.23388000062382" lon="-119.01642000883015">
    <ele>662.27</ele>
   </trkpt>
   <trkpt lat="49.23304" lon="-119.01668000000001">
    <ele>661.84</ele>
   </trkpt>
   <trkpt lat="49.23225800116277" lon="-119.0169380163318">
    <ele>661.42</ele>
   </trkpt>
   <trkpt lat="49.23147600175091" lon="-119.01719602449495">
    <ele>661.42</ele>
   </trkpt>
   <trkpt lat="49.2306940017645" lon="-119.01745402448998">
    <ele>660.95</ele>
   </trkpt>
   <trkpt lat="49.22991200120353" lon="-119.01771201631735">
    <ele>660.61</ele>
   </trkpt>
   <trkpt lat="49.229130000000005" lon="-119.01797">
    <ele>660.78</ele>
   </trkpt>
   <trkpt lat="49.22826500010405" lon="-119.01814000298039">
    <ele>661.27</ele>
   </trkpt>
   <trkpt lat="49.2274" lon="-119.01831000000001">
    <ele>662.07</ele>
   </trkpt>
   <trkpt lat="49.22689999975305" lon="-119.01836500058518">
    <ele>662.47</ele>
   </trkpt>
   <trkpt lat="49.226400000000005" lon="-119.01842">
    <ele>662.25</ele>
   </trkpt>
   <trkpt lat="49.22594999982104" lon="-119.01855000125673">
    <ele>662.1600000000001</ele>
   </trkpt>
   <trkpt lat="49.225500000000004" lon="-119.01868">
    <ele>662.2800000000001</ele>
   </trkpt>
   <trkpt lat="49.224656666806695" lon="-119.01883000512967">
    <ele>662.0</ele>
   </trkpt>
   <trkpt lat="49.22381333341919" lon="-119.0189800051392">
    <ele>662.22</ele>
   </trkpt>
   <trkpt lat="49.222970000000004" lon="-119.01913">
    <ele>661.44</ele>
   </trkpt>
   <trkpt lat="49.222210000000004" lon="-119.01886">
    <ele>661.72</ele>
   </trkpt>
   <trkpt lat="49.221523333479794" lon="-119.01873999666913">
    <ele>661.2900000000001</ele>
   </trkpt>
   <trkpt lat="49.2208366668353" lon="-119.01861999667305">
    <ele>660.3500000000001</ele>
   </trkpt>
   <trkpt lat="49.220150000000004" lon="-119.0185">
    <ele>659.4000000000001</ele>
   </trkpt>
   <trkpt lat="49.219423333474296" lon="-119.01860333636503">
    <ele>657.96</ele>
   </trkpt>
   <trkpt lat="49.218696666856424" lon="-119.01870666969138">
    <ele>657.8000000000001</ele>
   </trkpt>
   <trkpt lat="49.21797" lon="-119.01881000000002">
    <ele>658.03</ele>
   </trkpt>
   <trkpt lat="49.21733000005156" lon="-119.01878999974258">
    <ele>657.1700000000001</ele>
   </trkpt>
   <trkpt lat="49.21669000000001" lon="-119.01877">
    <ele>653.93</ele>
   </trkpt>
   <trkpt lat="49.21618000019796" lon="-119.01863499863865">
    <ele>652.66</ele>
   </trkpt>
   <trkpt lat="49.21567" lon="-119.0185">
    <ele>652.11</ele>
   </trkpt>
   <trkpt lat="49.21504" lon="-119.01828">
    <ele>652.05</ele>
   </trkpt>
   <trkpt lat="49.21421400103551" lon="-119.01803598369352">
    <ele>651.2500000000001</ele>
   </trkpt>
   <trkpt lat="49.21338800155706" lon="-119.01779197554191">
    <ele>650.23</ele>
   </trkpt>
   <trkpt lat="49.21256200156464" lon="-119.01754797554469">
    <ele>649.96</ele>
   </trkpt>
   <trkpt lat="49.21173600105829" lon="-119.0173039837013">
    <ele>649.51</ele>
   </trkpt>
   <trkpt lat="49.210910000000005" lon="-119.01706000000001">
    <ele>648.54</ele>
   </trkpt>
   <trkpt lat="49.210240000410614" lon="-119.01677999623556">
    <ele>648.3000000000001</ele>
   </trkpt>
   <trkpt lat="49.20957000000001" lon="-119.01650000000001">
    <ele>648.5300000000001</ele>
   </trkpt>
   <trkpt lat="49.209250000000004" lon="-119.01635">
    <ele>648.44</ele>
   </trkpt>
   <trkpt lat="49.209050000000005" lon="-119.01622">
    <ele>648.54</ele>
   </trkpt>
   <trkpt lat="49.20864" lon="-119.01569">
    <ele>649.27</ele>
   </trkpt>
   <trkpt lat="49.20803334026115" lon="-119.01479331130969">
    <ele>651.84</ele>
   </trkpt>
   <trkpt lat="49.20742667358136" lon="-119.01389664462403">
    <ele>652.17</ele>
   </trkpt>
   <trkpt lat="49.20682000000001" lon="-119.013">
    <ele>651.6800000000001</ele>
   </trkpt>
   <trkpt lat="49.206770000000006" lon="-119.01288000000001">
    <ele>651.23</ele>
   </trkpt>
   <trkpt lat="49.206500000000005" lon="-119.0125">
    <ele>650.84</ele>
   </trkpt>
   <trkpt lat="49.20618" lon="-119.01215">
    <ele>650.0100000000001</ele>
   </trkpt>
   <trkpt lat="49.20579000000001" lon="-119.01156">
    <ele>649.5500000000001</ele>
   </trkpt>
   <trkpt lat="49.20553" lon="-119.01076">
    <ele>649.4200000000001</ele>
   </trkpt>
   <trkpt lat="49.205420000000004" lon="-119.01027">
    <ele>649.59</ele>
   </trkpt>
   <trkpt lat="49.20514000000001" lon="-119.01023">
    <ele>649.48</ele>
   </trkpt>
   <trkpt lat="49.2045600052462" lon="-119.00959247754955">
    <ele>648.82</ele>
   </trkpt>
   <trkpt lat="49.20398000698381" lon="-119.0089549700543">
    <ele>648.73</ele>
   </trkpt>
   <trkpt lat="49.20340000521298" lon="-119.00831747751376">
    <ele>648.24</ele>
   </trkpt>
   <trkpt lat="49.20282" lon="-119.00768000000001">
    <ele>648.36</ele>
   </trkpt>
   <trkpt lat="49.202455000453796" lon="-119.00726999666855">
    <ele>648.23</ele>
   </trkpt>
   <trkpt lat="49.202090000000005" lon="-119.00686">
    <ele>648.23</ele>
   </trkpt>
   <trkpt lat="49.20177" lon="-119.00628">
    <ele>648.21</ele>
   </trkpt>
   <trkpt lat="49.20156" lon="-119.00556">
    <ele>648.2800000000001</ele>
   </trkpt>
   <trkpt lat="49.20152" lon="-119.00535">
    <ele>648.46</ele>
   </trkpt>
   <trkpt lat="49.20141500286681" lon="-119.00453999854835">
    <ele>648.5600000000001</ele>
   </trkpt>
   <trkpt lat="49.20131000000001" lon="-119.00373">
    <ele>648.14</ele>
   </trkpt>
   <trkpt lat="49.20116" lon="-119.00308000000001">
    <ele>647.7400000000001</ele>
   </trkpt>
   <trkpt lat="49.20096" lon="-119.00265">
    <ele>647.46</ele>
   </trkpt>
   <trkpt lat="49.200510003285" lon="-119.00177999211824">
    <ele>647.05</ele>
   </trkpt>
   <trkpt lat="49.20006" lon="-119.00091">
    <ele>646.46</ele>
   </trkpt>
   <trkpt lat="49.19948" lon="-118.99992">
    <ele>646.3000000000001</ele>
   </trkpt>
   <trkpt lat="49.19903" lon="-118.9993">
    <ele>645.5300000000001</ele>
   </trkpt>
   <trkpt lat="49.198440000000005" lon="-118.99867">
    <ele>645.57</ele>
   </trkpt>
   <trkpt lat="49.197860000000006" lon="-118.99823">
    <ele>645.23</ele>
   </trkpt>
   <trkpt lat="49.197120000000005" lon="-118.99782">
    <ele>644.87</ele>
   </trkpt>
   <trkpt lat="49.196360000000006" lon="-118.99746">
    <ele>644.51</ele>
   </trkpt>
   <trkpt lat="49.195730000530936" lon="-118.99710499547116">
    <ele>644.0600000000001</ele>
   </trkpt>
   <trkpt lat="49.195100000000004" lon="-118.99675">
    <ele>643.97</ele>
   </trkpt>
   <trkpt lat="49.194630000000004" lon="-118.99643">
    <ele>643.93</ele>
   </trkpt>
   <trkpt lat="49.194140000000004" lon="-118.99589">
    <ele>643.46</ele>
   </trkpt>
   <trkpt lat="49.19366333753897" lon="-118.9951933199299">
    <ele>643.2800000000001</ele>
   </trkpt>
   <trkpt lat="49.193186670887734" lon="-118.99449665328595">
    <ele>643.33</ele>
   </trkpt>
   <trkpt lat="49.192710000000005" lon="-118.99380000000001">
    <ele>643.7400000000001</ele>
   </trkpt>
   <trkpt lat="49.192390000939646" lon="-118.99330499661542">
    <ele>643.78</ele>
   </trkpt>
   <trkpt lat="49.19207" lon="-118.99281">
    <ele>643.94</ele>
   </trkpt>
   <trkpt lat="49.191590000000005" lon="-118.99219000000001">
    <ele>643.76</ele>
   </trkpt>
   <trkpt lat="49.191036669129595" lon="-118.99166332161698">
    <ele>643.6400000000001</ele>
   </trkpt>
   <trkpt lat="49.190483335864414" lon="-118.99113665501537">
    <ele>643.57</ele>
   </trkpt>
   <trkpt lat="49.189930000000004" lon="-118.99061">
    <ele>643.78</ele>
   </trkpt>
   <trkpt lat="49.18922000480275" lon="-118.98986331189204">
    <ele>643.5900000000001</ele>
   </trkpt>
   <trkpt lat="49.18851000479207" lon="-118.98911664521457">
    <ele>643.4300000000001</ele>
   </trkpt>
   <trkpt lat="49.1878" lon="-118.98837">
    <ele>643.17</ele>
   </trkpt>
   <trkpt lat="49.187343336514175" lon="-118.98776332213913">
    <ele>643.19</ele>
   </trkpt>
   <trkpt lat="49.18688666985072" lon="-118.98715665547691">
    <ele>642.87</ele>
   </trkpt>
   <trkpt lat="49.18643" lon="-118.98655000000001">
    <ele>642.7900000000001</ele>
   </trkpt>
   <trkpt lat="49.18594" lon="-118.98605">
    <ele>642.7</ele>
   </trkpt>
   <trkpt lat="49.18571000000001" lon="-118.98587">
    <ele>642.7</ele>
   </trkpt>
   <trkpt lat="49.18507" lon="-118.98542">
    <ele>642.5000000000001</ele>
   </trkpt>
   <trkpt lat="49.18460000039124" lon="-118.9851299972629">
    <ele>642.41</ele>
   </trkpt>
   <trkpt lat="49.18413" lon="-118.98484">
    <ele>642.35</ele>
   </trkpt>
   <trkpt lat="49.1839" lon="-118.98462">
    <ele>642.22</ele>
   </trkpt>
   <trkpt lat="49.18309000095094" lon="-118.98411999173668">
    <ele>641.11</ele>
   </trkpt>
   <trkpt lat="49.182280000000006" lon="-118.98362000000002">
    <ele>640.6800000000001</ele>
   </trkpt>
   <trkpt lat="49.181720000000006" lon="-118.98323">
    <ele>640.22</ele>
   </trkpt>
   <trkpt lat="49.18122" lon="-118.98296">
    <ele>639.8000000000001</ele>
   </trkpt>
   <trkpt lat="49.18085000000001" lon="-118.98283">
    <ele>639.5</ele>
   </trkpt>
   <trkpt lat="49.18065000000001" lon="-118.98282">
    <ele>639.5</ele>
   </trkpt>
   <trkpt lat="49.18038000000001" lon="-118.98283">
    <ele>639.29</ele>
   </trkpt>
   <trkpt lat="49.18009000000001" lon="-118.98291">
    <ele>639.0</ele>
   </trkpt>
   <trkpt lat="49.17972" lon="-118.98309">
    <ele>638.5</ele>
   </trkpt>
   <trkpt lat="49.17944000000001" lon="-118.98318">
    <ele>638.29</ele>
   </trkpt>
   <trkpt lat="49.17906000000001" lon="-118.98327">
    <ele>638.07</ele>
   </trkpt>
   <trkpt lat="49.178760000000004" lon="-118.98322">
    <ele>637.59</ele>
   </trkpt>
   <trkpt lat="49.17844" lon="-118.98309">
    <ele>637.5</ele>
   </trkpt>
   <trkpt lat="49.17766" lon="-118.98246">
    <ele>636.6400000000001</ele>
   </trkpt>
   <trkpt lat="49.17743" lon="-118.98230000000001">
    <ele>636.53</ele>
   </trkpt>
   <trkpt lat="49.17709000000001" lon="-118.98216000000001">
    <ele>636.3700000000001</ele>
   </trkpt>
   <trkpt lat="49.17671000000001" lon="-118.9821">
    <ele>636.11</ele>
   </trkpt>
   <trkpt lat="49.17638" lon="-118.98206">
    <ele>635.78</ele>
   </trkpt>
   <trkpt lat="49.17575" lon="-118.9821">
    <ele>635.02</ele>
   </trkpt>
   <trkpt lat="49.175000000000004" lon="-118.98212000000001">
    <ele>634.9200000000001</ele>
   </trkpt>
   <trkpt lat="49.174710000000005" lon="-118.9821">
    <ele>634.75</ele>
   </trkpt>
   <trkpt lat="49.17394" lon="-118.98189">
    <ele>634.59</ele>
   </trkpt>
   <trkpt lat="49.17342000000001" lon="-118.98165000000002">
    <ele>634.46</ele>
   </trkpt>
   <trkpt lat="49.17302" lon="-118.9813">
    <ele>633.97</ele>
   </trkpt>
   <trkpt lat="49.17264" lon="-118.98072">
    <ele>633.7100000000002</ele>
   </trkpt>
   <trkpt lat="49.17228" lon="-118.98009">
    <ele>633.24</ele>
   </trkpt>
   <trkpt lat="49.17192000000001" lon="-118.97922000000001">
    <ele>632.5400000000001</ele>
   </trkpt>
   <trkpt lat="49.17161500122916" lon="-118.97869499683311">
    <ele>632.09</ele>
   </trkpt>
   <trkpt lat="49.171310000000005" lon="-118.97817">
    <ele>631.4399999999999</ele>
   </trkpt>
   <trkpt lat="49.170970000000004" lon="-118.97767">
    <ele>631.3700000000001</ele>
   </trkpt>
   <trkpt lat="49.17049500154049" lon="-118.97708999454294">
    <ele>631.4300000000001</ele>
   </trkpt>
   <trkpt lat="49.17002" lon="-118.97651">
    <ele>631.85</ele>
   </trkpt>
   <trkpt lat="49.169700000000006" lon="-118.97622000000001">
    <ele>631.5500000000001</ele>
   </trkpt>
   <trkpt lat="49.169250000000005" lon="-118.97563000000001">
    <ele>631.09</ele>
   </trkpt>
   <trkpt lat="49.16899" lon="-118.97539">
    <ele>630.88</ele>
   </trkpt>
   <trkpt lat="49.168670000000006" lon="-118.97525000000002">
    <ele>630.96</ele>
   </trkpt>
   <trkpt lat="49.168380000000006" lon="-118.97513000000001">
    <ele>630.87</ele>
   </trkpt>
   <trkpt lat="49.16812" lon="-118.97512">
    <ele>630.94</ele>
   </trkpt>
   <trkpt lat="49.167820000000006" lon="-118.97512">
    <ele>630.94</ele>
   </trkpt>
   <trkpt lat="49.167500000000004" lon="-118.97521">
    <ele>630.9300000000001</ele>
   </trkpt>
   <trkpt lat="49.1672" lon="-118.97539">
    <ele>630.85</ele>
   </trkpt>
   <trkpt lat="49.166576670559884" lon="-118.97606001685057">
    <ele>630.61</ele>
   </trkpt>
   <trkpt lat="49.16595333724363" lon="-118.9767300168319">
    <ele>630.35</ele>
   </trkpt>
   <trkpt lat="49.165330000000004" lon="-118.9774">
    <ele>630.7900000000001</ele>
   </trkpt>
   <trkpt lat="49.16516000000001" lon="-118.97754">
    <ele>630.46</ele>
   </trkpt>
   <trkpt lat="49.165060000000004" lon="-118.97769000000001">
    <ele>630.34</ele>
   </trkpt>
   <trkpt lat="49.16434750766748" lon="-118.97846003325003">
    <ele>630.4000000000001</ele>
   </trkpt>
   <trkpt lat="49.16363501021519" lon="-118.97923004434121">
    <ele>630.14</ele>
   </trkpt>
   <trkpt lat="49.16292250764343" lon="-118.98000003327466">
    <ele>629.22</ele>
   </trkpt>
   <trkpt lat="49.16221" lon="-118.98077">
    <ele>628.9200000000001</ele>
   </trkpt>
   <trkpt lat="49.16198000000001" lon="-118.98099">
    <ele>628.85</ele>
   </trkpt>
   <trkpt lat="49.16134" lon="-118.98135">
    <ele>628.5400000000001</ele>
   </trkpt>
   <trkpt lat="49.16084000000001" lon="-118.98143">
    <ele>628.5400000000001</ele>
   </trkpt>
   <trkpt lat="49.160590000000006" lon="-118.98144">
    <ele>628.6</ele>
   </trkpt>
   <trkpt lat="49.160340000000005" lon="-118.98143">
    <ele>628.6</ele>
   </trkpt>
   <trkpt lat="49.16008" lon="-118.98134">
    <ele>628.71</ele>
   </trkpt>
   <trkpt lat="49.15981000000001" lon="-118.98121">
    <ele>629.1300000000001</ele>
   </trkpt>
   <trkpt lat="49.15945000000001" lon="-118.98094">
    <ele>629.07</ele>
   </trkpt>
   <trkpt lat="49.15873000203456" lon="-118.98024998994933">
    <ele>629.71</ele>
   </trkpt>
   <trkpt lat="49.158010000000004" lon="-118.97956">
    <ele>629.95</ele>
   </trkpt>
   <trkpt lat="49.157650000000004" lon="-118.97934000000001">
    <ele>630.0</ele>
   </trkpt>
   <trkpt lat="49.157360000000004" lon="-118.97928">
    <ele>629.9100000000001</ele>
   </trkpt>
   <trkpt lat="49.15706" lon="-118.97928">
    <ele>629.9100000000001</ele>
   </trkpt>
   <trkpt lat="49.156760000000006" lon="-118.97937">
    <ele>629.8900000000001</ele>
   </trkpt>
   <trkpt lat="49.15612" lon="-118.9796">
    <ele>629.7700000000001</ele>
   </trkpt>
   <trkpt lat="49.155272501978025" lon="-118.97999002001406">
    <ele>629.75</ele>
   </trkpt>
   <trkpt lat="49.154425002642576" lon="-118.98038002668241">
    <ele>629.94</ele>
   </trkpt>
   <trkpt lat="49.15357750199373" lon="-118.98077002000596">
    <ele>629.72</ele>
   </trkpt>
   <trkpt lat="49.152730000000005" lon="-118.98116">
    <ele>629.62</ele>
   </trkpt>
   <trkpt lat="49.15191500167983" lon="-118.98152001776668">
    <ele>629.68</ele>
   </trkpt>
   <trkpt lat="49.15110000224048" lon="-118.9818800236881">
    <ele>629.83</ele>
   </trkpt>
   <trkpt lat="49.15028500168202" lon="-118.98224001776498">
    <ele>630.26</ele>
   </trkpt>
   <trkpt lat="49.14947" lon="-118.9826">
    <ele>630.38</ele>
   </trkpt>
   <trkpt lat="49.14909" lon="-118.98268000000002">
    <ele>630.07</ele>
   </trkpt>
   <trkpt lat="49.14893000000001" lon="-118.98264">
    <ele>630.07</ele>
   </trkpt>
   <trkpt lat="49.148900000000005" lon="-118.98277000000002">
    <ele>629.95</ele>
   </trkpt>
   <trkpt lat="49.14882" lon="-118.98286000000002">
    <ele>629.9200000000001</ele>
   </trkpt>
   <trkpt lat="49.148145001297216" lon="-118.98317501286851">
    <ele>629.83</ele>
   </trkpt>
   <trkpt lat="49.14747000173754" lon="-118.98349001715398">
    <ele>629.85</ele>
   </trkpt>
   <trkpt lat="49.14679500132103" lon="-118.98380501285693">
    <ele>629.71</ele>
   </trkpt>
   <trkpt lat="49.14612" lon="-118.98412">
    <ele>629.39</ele>
   </trkpt>
   <trkpt lat="49.14534500153239" lon="-118.98446501619165">
    <ele>628.87</ele>
   </trkpt>
   <trkpt lat="49.14457000203689" lon="-118.98481002159124">
    <ele>628.14</ele>
   </trkpt>
   <trkpt lat="49.143795001513546" lon="-118.98515501619941">
    <ele>627.8600000000001</ele>
   </trkpt>
   <trkpt lat="49.14302000000001" lon="-118.98550000000002">
    <ele>627.9100000000001</ele>
   </trkpt>
   <trkpt lat="49.142250001027826" lon="-118.98585001088993">
    <ele>627.96</ele>
   </trkpt>
   <trkpt lat="49.14148000099775" lon="-118.9862000109034">
    <ele>628.0600000000001</ele>
   </trkpt>
   <trkpt lat="49.140710000000006" lon="-118.98655000000001">
    <ele>627.97</ele>
   </trkpt>
   <trkpt lat="49.13999400170334" lon="-118.98686401814479">
    <ele>627.97</ele>
   </trkpt>
   <trkpt lat="49.139278002555166" lon="-118.9871780272166">
    <ele>627.9</ele>
   </trkpt>
   <trkpt lat="49.13856200255551" lon="-118.98749202721595">
    <ele>627.56</ele>
   </trkpt>
   <trkpt lat="49.13784600170444" lon="-118.98780601814332">
    <ele>627.19</ele>
   </trkpt>
   <trkpt lat="49.137130000000006" lon="-118.98812000000001">
    <ele>626.6</ele>
   </trkpt>
   <trkpt lat="49.136590000000005" lon="-118.98832000000002">
    <ele>626.0400000000001</ele>
   </trkpt>
   <trkpt lat="49.136140000000005" lon="-118.98833">
    <ele>625.87</ele>
   </trkpt>
   <trkpt lat="49.135760000000005" lon="-118.98825000000001">
    <ele>625.6</ele>
   </trkpt>
   <trkpt lat="49.13552000000001" lon="-118.98815">
    <ele>625.6</ele>
   </trkpt>
   <trkpt lat="49.135220000000004" lon="-118.98797">
    <ele>625.53</ele>
   </trkpt>
   <trkpt lat="49.13472" lon="-118.98754000000001">
    <ele>625.77</ele>
   </trkpt>
   <trkpt lat="49.13423" lon="-118.98713000000001">
    <ele>625.5200000000001</ele>
   </trkpt>
   <trkpt lat="49.133970000000005" lon="-118.98695000000001">
    <ele>625.14</ele>
   </trkpt>
   <trkpt lat="49.13369" lon="-118.98681">
    <ele>624.85</ele>
   </trkpt>
   <trkpt lat="49.133280000000006" lon="-118.98668">
    <ele>624.62</ele>
   </trkpt>
   <trkpt lat="49.13302" lon="-118.98667">
    <ele>624.48</ele>
   </trkpt>
   <trkpt lat="49.13266" lon="-118.98668">
    <ele>624.1600000000001</ele>
   </trkpt>
   <trkpt lat="49.13214000000001" lon="-118.98689000000002">
    <ele>624.0300000000001</ele>
   </trkpt>
   <trkpt lat="49.131530000000005" lon="-118.98716">
    <ele>624.0</ele>
   </trkpt>
   <trkpt lat="49.13072833723493" lon="-118.98758503435975">
    <ele>624.0100000000001</ele>
   </trkpt>
   <trkpt lat="49.12992667290976" lon="-118.98801005497421">
    <ele>624.24</ele>
   </trkpt>
   <trkpt lat="49.129125007024584" lon="-118.9884350618441">
    <ele>624.7600000000001</ele>
   </trkpt>
   <trkpt lat="49.12832333957952" lon="-118.9888600549703">
    <ele>624.9200000000001</ele>
   </trkpt>
   <trkpt lat="49.12752167057462" lon="-118.98928503435356">
    <ele>624.97</ele>
   </trkpt>
   <trkpt lat="49.126720000000006" lon="-118.98971000000002">
    <ele>625.11</ele>
   </trkpt>
   <trkpt lat="49.12626500037118" lon="-118.99000000265599">
    <ele>625.1300000000001</ele>
   </trkpt>
   <trkpt lat="49.12581" lon="-118.99029000000002">
    <ele>625.09</ele>
   </trkpt>
   <trkpt lat="49.12516" lon="-118.99080000000001">
    <ele>624.9800000000001</ele>
   </trkpt>
   <trkpt lat="49.124515009505856" lon="-118.99146337646745">
    <ele>624.57</ele>
   </trkpt>
   <trkpt lat="49.12387001521121" lon="-118.99212673567813">
    <ele>623.86</ele>
   </trkpt>
   <trkpt lat="49.12322501711627" lon="-118.99279007763275">
    <ele>623.1600000000001</ele>
   </trkpt>
   <trkpt lat="49.122580015221196" lon="-118.99345340233205">
    <ele>622.59</ele>
   </trkpt>
   <trkpt lat="49.121935009526204" lon="-118.99411670977678">
    <ele>622.0600000000001</ele>
   </trkpt>
   <trkpt lat="49.12129" lon="-118.99478">
    <ele>621.53</ele>
   </trkpt>
   <trkpt lat="49.12053500233241" lon="-118.99551501118951">
    <ele>620.5500000000001</ele>
   </trkpt>
   <trkpt lat="49.119780000000006" lon="-118.99625">
    <ele>619.96</ele>
   </trkpt>
   <trkpt lat="49.11948" lon="-118.99648">
    <ele>619.73</ele>
   </trkpt>
   <trkpt lat="49.11903" lon="-118.99667000000001">
    <ele>619.46</ele>
   </trkpt>
   <trkpt lat="49.118750000000006" lon="-118.99674000000002">
    <ele>619.38</ele>
   </trkpt>
   <trkpt lat="49.11806000000001" lon="-118.99665000000002">
    <ele>619.4900000000001</ele>
   </trkpt>
   <trkpt lat="49.11751" lon="-118.99639">
    <ele>619.87</ele>
   </trkpt>
   <trkpt lat="49.116805000767705" lon="-118.99598499427776">
    <ele>620.17</ele>
   </trkpt>
   <trkpt lat="49.1161" lon="-118.99558">
    <ele>620.19</ele>
   </trkpt>
   <trkpt lat="49.1157050003886" lon="-118.99524499725092">
    <ele>620.0400000000001</ele>
   </trkpt>
   <trkpt lat="49.11531" lon="-118.99491">
    <ele>619.5200000000001</ele>
   </trkpt>
   <trkpt lat="49.115100000000005" lon="-118.9946">
    <ele>619.4300000000001</ele>
   </trkpt>
   <trkpt lat="49.11487" lon="-118.99419">
    <ele>619.45</ele>
   </trkpt>
   <trkpt lat="49.11471" lon="-118.99379">
    <ele>619.5400000000001</ele>
   </trkpt>
   <trkpt lat="49.114560000000004" lon="-118.99322000000001">
    <ele>619.5400000000001</ele>
   </trkpt>
   <trkpt lat="49.11453" lon="-118.99291000000001">
    <ele>619.34</ele>
   </trkpt>
   <trkpt lat="49.11453500239535" lon="-118.99216500029438">
    <ele>619.3000000000001</ele>
   </trkpt>
   <trkpt lat="49.114540000000005" lon="-118.99142">
    <ele>618.87</ele>
   </trkpt>
   <trkpt lat="49.11457" lon="-118.99111">
    <ele>618.87</ele>
   </trkpt>
   <trkpt lat="49.114585002363334" lon="-118.99037000029448">
    <ele>618.7900000000001</ele>
   </trkpt>
   <trkpt lat="49.1146" lon="-118.98963">
    <ele>618.48</ele>
   </trkpt>
   <trkpt lat="49.11459000000001" lon="-118.98914">
    <ele>618.07</ele>
   </trkpt>
   <trkpt lat="49.11453" lon="-118.98861000000001">
    <ele>617.87</ele>
   </trkpt>
   <trkpt lat="49.11442" lon="-118.98788">
    <ele>617.74</ele>
   </trkpt>
   <trkpt lat="49.114220001533745" lon="-118.98725499700164">
    <ele>617.6700000000001</ele>
   </trkpt>
   <trkpt lat="49.114020000000004" lon="-118.98663">
    <ele>617.4900000000001</ele>
   </trkpt>
   <trkpt lat="49.11349859801208" lon="-118.9856170789843">
    <ele>617.0600000000001</ele>
   </trkpt>
   <trkpt lat="49.11297718716286" lon="-118.98460417926121">
    <ele>617.0000000000001</ele>
   </trkpt>
   <trkpt lat="49.11245576745272" lon="-118.9835913008303">
    <ele>616.69</ele>
   </trkpt>
   <trkpt lat="49.11193433888197" lon="-118.98257844369111">
    <ele>616.7800000000001</ele>
   </trkpt>
   <trkpt lat="49.111412901451" lon="-118.98156560784312">
    <ele>616.69</ele>
   </trkpt>
   <trkpt lat="49.110891455160136" lon="-118.98055279328587">
    <ele>616.87</ele>
   </trkpt>
   <trkpt lat="49.11037" lon="-118.97954000000001">
    <ele>617.5200000000001</ele>
   </trkpt>
   <trkpt lat="49.109910000000006" lon="-118.97858000000001">
    <ele>616.9300000000001</ele>
   </trkpt>
   <trkpt lat="49.10969" lon="-118.97827000000001">
    <ele>616.94</ele>
   </trkpt>
   <trkpt lat="49.109460000000006" lon="-118.97800000000001">
    <ele>616.9100000000001</ele>
   </trkpt>
   <trkpt lat="49.109170000000006" lon="-118.97776">
    <ele>616.8800000000001</ele>
   </trkpt>
   <trkpt lat="49.10875" lon="-118.97758">
    <ele>616.73</ele>
   </trkpt>
   <trkpt lat="49.108540000000005" lon="-118.97753000000002">
    <ele>616.6100000000001</ele>
   </trkpt>
   <trkpt lat="49.10830000000001" lon="-118.97749">
    <ele>616.6100000000001</ele>
   </trkpt>
   <trkpt lat="49.107980000000005" lon="-118.9775">
    <ele>616.6</ele>
   </trkpt>
   <trkpt lat="49.10722166683431" lon="-118.97759000687824">
    <ele>616.4200000000001</ele>
   </trkpt>
   <trkpt lat="49.10646333359866" lon="-118.97768001100532">
    <ele>616.36</ele>
   </trkpt>
   <trkpt lat="49.10570500029306" lon="-118.97777001238138">
    <ele>616.41</ele>
   </trkpt>
   <trkpt lat="49.10494666691748" lon="-118.97786001100661">
    <ele>616.5400000000001</ele>
   </trkpt>
   <trkpt lat="49.10418833347194" lon="-118.97795000688116">
    <ele>616.8</ele>
   </trkpt>
   <trkpt lat="49.10343" lon="-118.97804000000001">
    <ele>616.9</ele>
   </trkpt>
   <trkpt lat="49.102560000000004" lon="-118.97811000000002">
    <ele>616.84</ele>
   </trkpt>
   <trkpt lat="49.10186" lon="-118.97825">
    <ele>616.48</ele>
   </trkpt>
   <trkpt lat="49.101440000000004" lon="-118.97843">
    <ele>616.17</ele>
   </trkpt>
   <trkpt lat="49.10101" lon="-118.97865000000002">
    <ele>615.9499999999999</ele>
   </trkpt>
   <trkpt lat="49.100620000000006" lon="-118.97893">
    <ele>615.83</ele>
   </trkpt>
   <trkpt lat="49.100260000000006" lon="-118.97921000000001">
    <ele>615.5200000000001</ele>
   </trkpt>
   <trkpt lat="49.09962" lon="-118.97988000000001">
    <ele>615.1600000000001</ele>
   </trkpt>
   <trkpt lat="49.09905000169965" lon="-118.98052000742781">
    <ele>614.8100000000001</ele>
   </trkpt>
   <trkpt lat="49.09848" lon="-118.98116">
    <ele>614.44</ele>
   </trkpt>
   <trkpt lat="49.09783" lon="-118.98184">
    <ele>614.12</ele>
   </trkpt>
   <trkpt lat="49.09723" lon="-118.98242">
    <ele>613.84</ele>
   </trkpt>
   <trkpt lat="49.096500000000006" lon="-118.98309">
    <ele>613.57</ele>
   </trkpt>
   <trkpt lat="49.09603500069486" lon="-118.98345000326778">
    <ele>613.2200000000001</ele>
   </trkpt>
   <trkpt lat="49.09557" lon="-118.98381">
    <ele>613.1500000000001</ele>
   </trkpt>
   <trkpt lat="49.094770000000004" lon="-118.98438000000002">
    <ele>612.7600000000001</ele>
   </trkpt>
   <trkpt lat="49.09399112094173" lon="-118.9849134002748">
    <ele>612.5500000000001</ele>
   </trkpt>
   <trkpt lat="49.093212239425974" lon="-118.98544678381171">
    <ele>612.44</ele>
   </trkpt>
   <trkpt lat="49.09243335545288" lon="-118.98598015061167">
    <ele>612.83</ele>
   </trkpt>
   <trkpt lat="49.0916544690226" lon="-118.98651350067557">
    <ele>613.38</ele>
   </trkpt>
   <trkpt lat="49.09087558013527" lon="-118.9870468340044">
    <ele>613.6</ele>
   </trkpt>
   <trkpt lat="49.090096688791036" lon="-118.98758015059909">
    <ele>614.09</ele>
   </trkpt>
   <trkpt lat="49.08931779499004" lon="-118.98811345046053">
    <ele>614.24</ele>
   </trkpt>
   <trkpt lat="49.08853889873242" lon="-118.98864673358966">
    <ele>613.9499999999999</ele>
   </trkpt>
   <trkpt lat="49.08776" lon="-118.98918">
    <ele>613.7600000000001</ele>
   </trkpt>
   <trkpt lat="49.08746000000001" lon="-118.98944000000002">
    <ele>613.69</ele>
   </trkpt>
   <trkpt lat="49.08717000000001" lon="-118.98977000000001">
    <ele>613.5400000000001</ele>
   </trkpt>
   <trkpt lat="49.086980000000004" lon="-118.99012">
    <ele>613.26</ele>
   </trkpt>
   <trkpt lat="49.08675500183373" lon="-118.99077000291955">
    <ele>612.7800000000001</ele>
   </trkpt>
   <trkpt lat="49.08653" lon="-118.99142">
    <ele>612.71</ele>
   </trkpt>
   <trkpt lat="49.08635" lon="-118.99183000000001">
    <ele>612.59</ele>
   </trkpt>
   <trkpt lat="49.08601" lon="-118.99249">
    <ele>612.08</ele>
   </trkpt>
   <trkpt lat="49.08561" lon="-118.99294">
    <ele>611.3700000000001</ele>
   </trkpt>
   <trkpt lat="49.085300000000004" lon="-118.99322000000001">
    <ele>611.13</ele>
   </trkpt>
   <trkpt lat="49.08458" lon="-118.99380000000001">
    <ele>610.84</ele>
   </trkpt>
   <trkpt lat="49.08409" lon="-118.99415">
    <ele>610.6</ele>
   </trkpt>
   <trkpt lat="49.083570000723604" lon="-118.99457500449647">
    <ele>610.4000000000001</ele>
   </trkpt>
   <trkpt lat="49.08305000000001" lon="-118.995">
    <ele>610.36</ele>
   </trkpt>
   <trkpt lat="49.08244500072472" lon="-118.99545500567041">
    <ele>610.4000000000001</ele>
   </trkpt>
   <trkpt lat="49.08184000000001" lon="-118.99591000000001">
    <ele>610.53</ele>
   </trkpt>
   <trkpt lat="49.08120000089258" lon="-118.99641500667258">
    <ele>610.7600000000001</ele>
   </trkpt>
   <trkpt lat="49.080560000000006" lon="-118.99692">
    <ele>611.0600000000001</ele>
   </trkpt>
   <trkpt lat="49.08023000000001" lon="-118.99716000000001">
    <ele>611.19</ele>
   </trkpt>
   <trkpt lat="49.079630001999334" lon="-118.99763334471903">
    <ele>611.3700000000001</ele>
   </trkpt>
   <trkpt lat="49.079030002063256" lon="-118.99810667800176">
    <ele>611.5600000000001</ele>
   </trkpt>
   <trkpt lat="49.078430000000004" lon="-118.99858">
    <ele>612.9499999999999</ele>
   </trkpt>
   <trkpt lat="49.07817000000001" lon="-118.99834000000001">
    <ele>612.9499999999999</ele>
   </trkpt>
   <trkpt lat="49.07806" lon="-118.99845">
    <ele>613.3000000000001</ele>
   </trkpt>
   <trkpt lat="49.07768" lon="-118.99864000000001">
    <ele>613.38</ele>
   </trkpt>
   <trkpt lat="49.07728" lon="-118.99876">
    <ele>613.73</ele>
   </trkpt>
   <trkpt lat="49.076441538461985" lon="-118.99875999999999">
    <ele>615.7600000000001</ele>
   </trkpt>
   <trkpt lat="49.075603076923954" lon="-118.99875999999999">
    <ele>616.23</ele>
   </trkpt>
   <trkpt lat="49.07476461538593" lon="-118.99875999999999">
    <ele>616.4200000000001</ele>
   </trkpt>
   <trkpt lat="49.0739261538479" lon="-118.99875999999999">
    <ele>616.56</ele>
   </trkpt>
   <trkpt lat="49.07308769230987" lon="-118.99875999999999">
    <ele>616.6</ele>
   </trkpt>
   <trkpt lat="49.07224923077183" lon="-118.99875999999999">
    <ele>616.63</ele>
   </trkpt>
   <trkpt lat="49.07141076923381" lon="-118.99875999999999">
    <ele>616.6400000000001</ele>
   </trkpt>
   <trkpt lat="49.07057230769579" lon="-118.99875999999999">
    <ele>616.87</ele>
   </trkpt>
   <trkpt lat="49.06973384615777" lon="-118.99875999999999">
    <ele>617.1500000000001</ele>
   </trkpt>
   <trkpt lat="49.068895384619736" lon="-118.99875999999999">
    <ele>617.11</ele>
   </trkpt>
   <trkpt lat="49.0680569230817" lon="-118.99875999999999">
    <ele>616.53</ele>
   </trkpt>
   <trkpt lat="49.067218461543675" lon="-118.99875999999999">
    <ele>616.23</ele>
   </trkpt>
   <trkpt lat="49.06638" lon="-118.99876">
    <ele>614.24</ele>
   </trkpt>
   <trkpt lat="49.066120000000005" lon="-118.9988">
    <ele>612.5400000000001</ele>
   </trkpt>
   <trkpt lat="49.06595" lon="-118.9989">
    <ele>609.74</ele>
   </trkpt>
   <trkpt lat="49.065200000000004" lon="-118.99952">
    <ele>607.5</ele>
   </trkpt>
   <trkpt lat="49.06467000029026" lon="-118.99976500259874">
    <ele>607.7600000000001</ele>
   </trkpt>
   <trkpt lat="49.06414" lon="-119.00001">
    <ele>608.32</ele>
   </trkpt>
   <trkpt lat="49.06376" lon="-119.00005000000002">
    <ele>608.21</ele>
   </trkpt>
   <trkpt lat="49.06365" lon="-119.00001">
    <ele>608.22</ele>
   </trkpt>
   <trkpt lat="49.0634" lon="-118.99989000000001">
    <ele>608.2700000000001</ele>
   </trkpt>
   <trkpt lat="49.063050000000004" lon="-118.99966">
    <ele>608.5200000000001</ele>
   </trkpt>
   <trkpt lat="49.06241000000001" lon="-118.99904000000001">
    <ele>608.7800000000001</ele>
   </trkpt>
   <trkpt lat="49.06189000201507" lon="-118.99855332312009">
    <ele>608.6</ele>
   </trkpt>
   <trkpt lat="49.061370001983974" lon="-118.99806665642446">
    <ele>608.7600000000001</ele>
   </trkpt>
   <trkpt lat="49.06085" lon="-118.99758000000001">
    <ele>608.7</ele>
   </trkpt>
   <trkpt lat="49.06031000105983" lon="-118.99710999498537">
    <ele>608.57</ele>
   </trkpt>
   <trkpt lat="49.05977000000001" lon="-118.99664000000001">
    <ele>608.46</ele>
   </trkpt>
   <trkpt lat="49.059180002398925" lon="-118.9961099873922">
    <ele>607.87</ele>
   </trkpt>
   <trkpt lat="49.058590002371034" lon="-118.99557998736735">
    <ele>607.6700000000001</ele>
   </trkpt>
   <trkpt lat="49.05800000000001" lon="-118.99505">
    <ele>607.09</ele>
   </trkpt>
   <trkpt lat="49.057430001343874" lon="-118.99450999388738">
    <ele>606.82</ele>
   </trkpt>
   <trkpt lat="49.05686000000001" lon="-118.99397">
    <ele>606.6100000000001</ele>
   </trkpt>
   <trkpt lat="49.05630000000001" lon="-118.99339">
    <ele>606.5200000000001</ele>
   </trkpt>
   <trkpt lat="49.05565000000001" lon="-118.99263">
    <ele>606.45</ele>
   </trkpt>
   <trkpt lat="49.055265001109426" lon="-118.99210999589347">
    <ele>606.34</ele>
   </trkpt>
   <trkpt lat="49.054880000000004" lon="-118.99159000000002">
    <ele>606.3100000000001</ele>
   </trkpt>
   <trkpt lat="49.054370000000006" lon="-118.99084">
    <ele>606.1800000000001</ele>
   </trkpt>
   <trkpt lat="49.05379334022419" lon="-118.98994664593522">
    <ele>606.02</ele>
   </trkpt>
   <trkpt lat="49.05321667355356" lon="-118.98905331259614">
    <ele>606.0300000000001</ele>
   </trkpt>
   <trkpt lat="49.052640000000004" lon="-118.98816000000001">
    <ele>605.98</ele>
   </trkpt>
   <trkpt lat="49.052320001296124" lon="-118.98760999644158">
    <ele>606.02</ele>
   </trkpt>
   <trkpt lat="49.05200000000001" lon="-118.98706000000001">
    <ele>605.94</ele>
   </trkpt>
   <trkpt lat="49.05167500261198" lon="-118.98628499497528">
    <ele>606.01</ele>
   </trkpt>
   <trkpt lat="49.051350000000006" lon="-118.98551">
    <ele>606.0500000000001</ele>
   </trkpt>
   <trkpt lat="49.05115000168928" lon="-118.984889997595">
    <ele>605.96</ele>
   </trkpt>
   <trkpt lat="49.05095000000001" lon="-118.98427000000001">
    <ele>605.95</ele>
   </trkpt>
   <trkpt lat="49.05073" lon="-118.98331">
    <ele>605.8800000000001</ele>
   </trkpt>
   <trkpt lat="49.050560000000004" lon="-118.98243000000001">
    <ele>605.95</ele>
   </trkpt>
   <trkpt lat="49.05042" lon="-118.98125">
    <ele>606.47</ele>
   </trkpt>
   <trkpt lat="49.05037500297249" lon="-118.98041999918584">
    <ele>606.92</ele>
   </trkpt>
   <trkpt lat="49.05033" lon="-118.97959000000002">
    <ele>607.04</ele>
   </trkpt>
   <trkpt lat="49.050360000000005" lon="-118.97853">
    <ele>606.96</ele>
   </trkpt>
   <trkpt lat="49.05049" lon="-118.97731">
    <ele>606.9300000000001</ele>
   </trkpt>
   <trkpt lat="49.050670000000004" lon="-118.9762">
    <ele>607.0000000000001</ele>
   </trkpt>
   <trkpt lat="49.05093" lon="-118.97509000000001">
    <ele>607.0500000000001</ele>
   </trkpt>
   <trkpt lat="49.051260000000006" lon="-118.97406000000001">
    <ele>606.9</ele>
   </trkpt>
   <trkpt lat="49.051612510141545" lon="-118.97317501884592">
    <ele>606.6100000000001</ele>
   </trkpt>
   <trkpt lat="49.05196501351659" lon="-118.97229002514199">
    <ele>606.0500000000001</ele>
   </trkpt>
   <trkpt lat="49.05231751012497" lon="-118.97140501888808">
    <ele>605.75</ele>
   </trkpt>
   <trkpt lat="49.052670000000006" lon="-118.97052000000001">
    <ele>605.87</ele>
   </trkpt>
   <trkpt lat="49.052980000000005" lon="-118.96984">
    <ele>605.85</ele>
   </trkpt>
   <trkpt lat="49.05348000000001" lon="-118.96909000000001">
    <ele>606.3000000000001</ele>
   </trkpt>
   <trkpt lat="49.05405500222233" lon="-118.96836500844668">
    <ele>607.4200000000001</ele>
   </trkpt>
   <trkpt lat="49.05463" lon="-118.96764">
    <ele>608.08</ele>
   </trkpt>
   <trkpt lat="49.055180003542894" lon="-118.9667450097679">
    <ele>609.26</ele>
   </trkpt>
   <trkpt lat="49.055730000000004" lon="-118.96585">
    <ele>610.22</ele>
   </trkpt>
   <trkpt lat="49.05639000000001" lon="-118.96501">
    <ele>611.94</ele>
   </trkpt>
   <trkpt lat="49.05668000000001" lon="-118.96474">
    <ele>612.47</ele>
   </trkpt>
   <trkpt lat="49.05698" lon="-118.96451">
    <ele>612.9300000000001</ele>
   </trkpt>
   <trkpt lat="49.05735000000001" lon="-118.96434">
    <ele>613.12</ele>
   </trkpt>
   <trkpt lat="49.057700000000004" lon="-118.96428000000002">
    <ele>613.6600000000001</ele>
   </trkpt>
   <trkpt lat="49.05807" lon="-118.96429">
    <ele>614.7800000000001</ele>
   </trkpt>
   <trkpt lat="49.05858500021202" lon="-118.96441999868814">
    <ele>616.73</ele>
   </trkpt>
   <trkpt lat="49.0591" lon="-118.96455">
    <ele>618.46</ele>
   </trkpt>
   <trkpt lat="49.05953" lon="-118.96451">
    <ele>617.41</ele>
   </trkpt>
   <trkpt lat="49.05967003763141" lon="-118.96319001859698">
    <ele>614.4000000000001</ele>
   </trkpt>
   <trkpt lat="49.059810060210275" lon="-118.96187002975608">
    <ele>614.84</ele>
   </trkpt>
   <trkpt lat="49.05995006773643" lon="-118.96055003347806">
    <ele>613.5200000000001</ele>
   </trkpt>
   <trkpt lat="49.06009006020969" lon="-118.95923002976359">
    <ele>611.9100000000001</ele>
   </trkpt>
   <trkpt lat="49.060230037629935" lon="-118.95791001861343">
    <ele>612.0300000000001</ele>
   </trkpt>
   <trkpt lat="49.060370000000006" lon="-118.95659">
    <ele>613.73</ele>
   </trkpt>
   <trkpt lat="49.06058" lon="-118.95537000000002">
    <ele>615.24</ele>
   </trkpt>
   <trkpt lat="49.060755002798146" lon="-118.9545700026632">
    <ele>616.0300000000001</ele>
   </trkpt>
   <trkpt lat="49.060930000000006" lon="-118.95377">
    <ele>615.6</ele>
   </trkpt>
   <trkpt lat="49.06096" lon="-118.95353000000001">
    <ele>615.6</ele>
   </trkpt>
   <trkpt lat="49.060970000000005" lon="-118.95291">
    <ele>614.7600000000001</ele>
   </trkpt>
   <trkpt lat="49.06088000297933" lon="-118.95207999853007">
    <ele>613.53</ele>
   </trkpt>
   <trkpt lat="49.060790000000004" lon="-118.95125000000002">
    <ele>613.57</ele>
   </trkpt>
   <trkpt lat="49.06067" lon="-118.95081">
    <ele>613.9300000000001</ele>
   </trkpt>
   <trkpt lat="49.06049" lon="-118.95045">
    <ele>613.97</ele>
   </trkpt>
   <trkpt lat="49.06002000198068" lon="-118.94976499345499">
    <ele>613.08</ele>
   </trkpt>
   <trkpt lat="49.05955" lon="-118.94908000000001">
    <ele>609.4900000000001</ele>
   </trkpt>
   <trkpt lat="49.059090000000005" lon="-118.94827000000001">
    <ele>605.5</ele>
   </trkpt>
   <trkpt lat="49.05861000426839" lon="-118.94727999051099">
    <ele>602.46</ele>
   </trkpt>
   <trkpt lat="49.058130000000006" lon="-118.94629">
    <ele>600.8</ele>
   </trkpt>
   <trkpt lat="49.05801" lon="-118.94593">
    <ele>600.72</ele>
   </trkpt>
   <trkpt lat="49.05796" lon="-118.94557">
    <ele>600.86</ele>
   </trkpt>
   <trkpt lat="49.057970000000005" lon="-118.94454">
    <ele>601.4200000000001</ele>
   </trkpt>
   <trkpt lat="49.05792" lon="-118.94432">
    <ele>601.3900000000001</ele>
   </trkpt>
   <trkpt lat="49.05783" lon="-118.94414">
    <ele>601.3900000000001</ele>
   </trkpt>
   <trkpt lat="49.05802000283098" lon="-118.94333500294263">
    <ele>601.3900000000001</ele>
   </trkpt>
   <trkpt lat="49.05821" lon="-118.94253">
    <ele>601.44</ele>
   </trkpt>
   <trkpt lat="49.05852" lon="-118.94146">
    <ele>601.5</ele>
   </trkpt>
   <trkpt lat="49.0587" lon="-118.94098000000001">
    <ele>601.46</ele>
   </trkpt>
   <trkpt lat="49.05904" lon="-118.93997000000002">
    <ele>601.45</ele>
   </trkpt>
   <trkpt lat="49.05930000000001" lon="-118.93881">
    <ele>601.38</ele>
   </trkpt>
   <trkpt lat="49.05944000201373" lon="-118.93814000152996">
    <ele>601.33</ele>
   </trkpt>
   <trkpt lat="49.059580000000004" lon="-118.93747">
    <ele>601.23</ele>
   </trkpt>
   <trkpt lat="49.05970000000001" lon="-118.93672000000001">
    <ele>601.1700000000001</ele>
   </trkpt>
   <trkpt lat="49.05978" lon="-118.93582">
    <ele>601.13</ele>
   </trkpt>
   <trkpt lat="49.059760000000004" lon="-118.93501">
    <ele>600.9100000000001</ele>
   </trkpt>
   <trkpt lat="49.05966334074942" lon="-118.93408332970498">
    <ele>600.6800000000001</ele>
   </trkpt>
   <trkpt lat="49.05956667408025" lon="-118.93315666301442">
    <ele>600.38</ele>
   </trkpt>
   <trkpt lat="49.059470000000005" lon="-118.93223">
    <ele>600.07</ele>
   </trkpt>
   <trkpt lat="49.059290000000004" lon="-118.93134">
    <ele>599.5</ele>
   </trkpt>
   <trkpt lat="49.0590500021585" lon="-118.93064499685264">
    <ele>599.1800000000001</ele>
   </trkpt>
   <trkpt lat="49.05881" lon="-118.92995">
    <ele>598.98</ele>
   </trkpt>
   <trkpt lat="49.05847500311153" lon="-118.92910499437346">
    <ele>598.89</ele>
   </trkpt>
   <trkpt lat="49.05814" lon="-118.92826000000001">
    <ele>598.6100000000001</ele>
   </trkpt>
   <trkpt lat="49.057700000000004" lon="-118.92708">
    <ele>596.21</ele>
   </trkpt>
   <trkpt lat="49.05745" lon="-118.92681">
    <ele>595.72</ele>
   </trkpt>
   <trkpt lat="49.05726000000001" lon="-118.92681">
    <ele>595.72</ele>
   </trkpt>
   <trkpt lat="49.05677000000001" lon="-118.92593000000001">
    <ele>595.6800000000001</ele>
   </trkpt>
   <trkpt lat="49.056490000000004" lon="-118.92525">
    <ele>595.92</ele>
   </trkpt>
   <trkpt lat="49.05612000000001" lon="-118.92449">
    <ele>595.84</ele>
   </trkpt>
   <trkpt lat="49.05587000143648" lon="-118.92390499696">
    <ele>595.48</ele>
   </trkpt>
   <trkpt lat="49.055620000000005" lon="-118.92332">
    <ele>595.36</ele>
   </trkpt>
   <trkpt lat="49.05539" lon="-118.92256">
    <ele>595.8100000000001</ele>
   </trkpt>
   <trkpt lat="49.05519000365512" lon="-118.92163999629364">
    <ele>596.6800000000001</ele>
   </trkpt>
   <trkpt lat="49.054990000000004" lon="-118.92072">
    <ele>596.62</ele>
   </trkpt>
   <trkpt lat="49.05476001224715" lon="-118.91974748646321">
    <ele>596.5400000000001</ele>
   </trkpt>
   <trkpt lat="49.05453001632342" lon="-118.91877498192531">
    <ele>596.1700000000001</ele>
   </trkpt>
   <trkpt lat="49.0543000122289" lon="-118.91780248638646">
    <ele>596.28</ele>
   </trkpt>
   <trkpt lat="49.05407" lon="-118.91683">
    <ele>596.62</ele>
   </trkpt>
   <trkpt lat="49.05409" lon="-118.91656">
    <ele>596.62</ele>
   </trkpt>
   <trkpt lat="49.05372115878082" lon="-118.91538548584498">
    <ele>596.5100000000001</ele>
   </trkpt>
   <trkpt lat="49.053352305643855" lon="-118.91421098911879">
    <ele>596.5100000000001</ele>
   </trkpt>
   <trkpt lat="49.05298344058947" lon="-118.91303650982152">
    <ele>596.5100000000001</ele>
   </trkpt>
   <trkpt lat="49.05261456361797" lon="-118.91186204795322">
    <ele>596.3900000000001</ele>
   </trkpt>
   <trkpt lat="49.0522456747297" lon="-118.91068760351399">
    <ele>596.0300000000001</ele>
   </trkpt>
   <trkpt lat="49.051876773924974" lon="-118.90951317650394">
    <ele>595.5600000000001</ele>
   </trkpt>
   <trkpt lat="49.051507861204165" lon="-118.90833876692308">
    <ele>595.33</ele>
   </trkpt>
   <trkpt lat="49.05113893656756" lon="-118.90716437477151">
    <ele>594.98</ele>
   </trkpt>
   <trkpt lat="49.05077000000001" lon="-118.90599">
    <ele>594.31</ele>
   </trkpt>
   <trkpt lat="49.05051" lon="-118.90520000000001">
    <ele>594.1899999999999</ele>
   </trkpt>
   <trkpt lat="49.05013501835878" lon="-118.9040099730954">
    <ele>593.74</ele>
   </trkpt>
   <trkpt lat="49.04976002448267" lon="-118.90281996414153">
    <ele>593.59</ele>
   </trkpt>
   <trkpt lat="49.04938501837204" lon="-118.90162997313848">
    <ele>593.47</ele>
   </trkpt>
   <trkpt lat="49.04901" lon="-118.90044">
    <ele>593.45</ele>
   </trkpt>
   <trkpt lat="49.04876" lon="-118.89947000000001">
    <ele>593.6400000000001</ele>
   </trkpt>
   <trkpt lat="49.048610000000004" lon="-118.89879">
    <ele>593.75</ele>
   </trkpt>
   <trkpt lat="49.04851000000001" lon="-118.89802000000002">
    <ele>593.71</ele>
   </trkpt>
   <trkpt lat="49.048480000000005" lon="-118.89758">
    <ele>593.72</ele>
   </trkpt>
   <trkpt lat="49.048455004995965" lon="-118.89650499962562">
    <ele>593.7</ele>
   </trkpt>
   <trkpt lat="49.04843" lon="-118.89543">
    <ele>593.86</ele>
   </trkpt>
   <trkpt lat="49.048370000000006" lon="-118.8944">
    <ele>593.97</ele>
   </trkpt>
   <trkpt lat="49.048260000000006" lon="-118.89325000000001">
    <ele>593.99</ele>
   </trkpt>
   <trkpt lat="49.04809894689628" lon="-118.89195441087224">
    <ele>594.04</ele>
   </trkpt>
   <trkpt lat="49.04793787929053" lon="-118.89065883013781">
    <ele>594.07</ele>
   </trkpt>
   <trkpt lat="49.047776797182905" lon="-118.8893632577974">
    <ele>594.1</ele>
   </trkpt>
   <trkpt lat="49.047615700573616" lon="-118.88806769385162">
    <ele>593.96</ele>
   </trkpt>
   <trkpt lat="49.04745458946282" lon="-118.88677213830118">
    <ele>593.94</ele>
   </trkpt>
   <trkpt lat="49.04729346385071" lon="-118.88547659114667">
    <ele>593.92</ele>
   </trkpt>
   <trkpt lat="49.04713232373743" lon="-118.8841810523888">
    <ele>594.0300000000001</ele>
   </trkpt>
   <trkpt lat="49.04697116912318" lon="-118.8828855220282">
    <ele>594.0500000000001</ele>
   </trkpt>
   <trkpt lat="49.04681" lon="-118.88159">
    <ele>594.09</ele>
   </trkpt>
   <trkpt lat="49.04679" lon="-118.88115">
    <ele>594.0500000000001</ele>
   </trkpt>
   <trkpt lat="49.04659" lon="-118.88029000000002">
    <ele>594.04</ele>
   </trkpt>
   <trkpt lat="49.04639" lon="-118.87973000000001">
    <ele>594.16</ele>
   </trkpt>
   <trkpt lat="49.045995001730326" lon="-118.87909499493726">
    <ele>594.6800000000001</ele>
   </trkpt>
   <trkpt lat="49.04560000000001" lon="-118.87846">
    <ele>594.59</ele>
   </trkpt>
   <trkpt lat="49.04506000000001" lon="-118.87771000000001">
    <ele>594.6700000000001</ele>
   </trkpt>
   <trkpt lat="49.04468000000001" lon="-118.87739">
    <ele>594.3000000000001</ele>
   </trkpt>
   <trkpt lat="49.044070000000005" lon="-118.87704000000001">
    <ele>593.7800000000001</ele>
   </trkpt>
   <trkpt lat="49.043340000389954" lon="-118.87671499519975">
    <ele>593.4</ele>
   </trkpt>
   <trkpt lat="49.04261" lon="-118.87639000000001">
    <ele>593.49</ele>
   </trkpt>
   <trkpt lat="49.04211" lon="-118.87619000000001">
    <ele>592.5400000000001</ele>
   </trkpt>
   <trkpt lat="49.041285000584466" lon="-118.87582499394927">
    <ele>591.59</ele>
   </trkpt>
   <trkpt lat="49.04046" lon="-118.87546">
    <ele>590.9100000000001</ele>
   </trkpt>
   <trkpt lat="49.03961500036342" lon="-118.87512499426045">
    <ele>590.72</ele>
   </trkpt>
   <trkpt lat="49.03877000000001" lon="-118.87479">
    <ele>590.47</ele>
   </trkpt>
   <trkpt lat="49.03795" lon="-118.87457">
    <ele>590.08</ele>
   </trkpt>
   <trkpt lat="49.03717333334274" lon="-118.87452333187547">
    <ele>590.0000000000001</ele>
   </trkpt>
   <trkpt lat="49.03639666666667" lon="-118.87447666520825">
    <ele>589.82</ele>
   </trkpt>
   <trkpt lat="49.03562" lon="-118.87443">
    <ele>589.8100000000001</ele>
   </trkpt>
   <trkpt lat="49.03501000000001" lon="-118.87425">
    <ele>589.4100000000001</ele>
   </trkpt>
   <trkpt lat="49.034200000000006" lon="-118.87389">
    <ele>589.01</ele>
   </trkpt>
   <trkpt lat="49.033770000000004" lon="-118.87355000000001">
    <ele>589.11</ele>
   </trkpt>
   <trkpt lat="49.03338" lon="-118.87322">
    <ele>589.19</ele>
   </trkpt>
   <trkpt lat="49.03264500254544" lon="-118.8724399883882">
    <ele>589.11</ele>
   </trkpt>
   <trkpt lat="49.03191" lon="-118.87166">
    <ele>589.1700000000001</ele>
   </trkpt>
   <trkpt lat="49.031264006768694" lon="-118.8710339674839">
    <ele>589.0200000000001</ele>
   </trkpt>
   <trkpt lat="49.030618010151144" lon="-118.87040795122486">
    <ele>588.47</ele>
   </trkpt>
   <trkpt lat="49.02997201014756" lon="-118.86978195122224">
    <ele>588.5</ele>
   </trkpt>
   <trkpt lat="49.02932600675806" lon="-118.86915596747532">
    <ele>589.65</ele>
   </trkpt>
   <trkpt lat="49.02868" lon="-118.86853">
    <ele>589.35</ele>
   </trkpt>
   <trkpt lat="49.0281150015472" lon="-118.86794499342834">
    <ele>589.53</ele>
   </trkpt>
   <trkpt lat="49.027550000000005" lon="-118.86736">
    <ele>590.5400000000001</ele>
   </trkpt>
   <trkpt lat="49.02718" lon="-118.86692000000001">
    <ele>589.94</ele>
   </trkpt>
   <trkpt lat="49.02685" lon="-118.86637">
    <ele>589.69</ele>
   </trkpt>
   <trkpt lat="49.02671" lon="-118.86601">
    <ele>589.65</ele>
   </trkpt>
   <trkpt lat="49.026590000000006" lon="-118.86561">
    <ele>589.57</ele>
   </trkpt>
   <trkpt lat="49.026450000000004" lon="-118.86494">
    <ele>588.59</ele>
   </trkpt>
   <trkpt lat="49.02631" lon="-118.86364">
    <ele>587.21</ele>
   </trkpt>
   <trkpt lat="49.02626" lon="-118.86259000000001">
    <ele>587.73</ele>
   </trkpt>
   <trkpt lat="49.02617000242546" lon="-118.86183999860428">
    <ele>587.6300000000001</ele>
   </trkpt>
   <trkpt lat="49.02608000000001" lon="-118.86109">
    <ele>587.69</ele>
   </trkpt>
   <trkpt lat="49.025920000000006" lon="-118.86051">
    <ele>587.9000000000001</ele>
   </trkpt>
   <trkpt lat="49.02572000000001" lon="-118.85989000000001">
    <ele>588.7600000000001</ele>
   </trkpt>
   <trkpt lat="49.02548" lon="-118.85934">
    <ele>589.2400000000001</ele>
   </trkpt>
   <trkpt lat="49.025290000000005" lon="-118.85903">
    <ele>588.89</ele>
   </trkpt>
   <trkpt lat="49.02508" lon="-118.85873000000001">
    <ele>588.87</ele>
   </trkpt>
   <trkpt lat="49.02479" lon="-118.85845">
    <ele>588.8000000000001</ele>
   </trkpt>
   <trkpt lat="49.02458000000001" lon="-118.85832">
    <ele>588.77</ele>
   </trkpt>
   <trkpt lat="49.024330000000006" lon="-118.85823">
    <ele>588.7800000000001</ele>
   </trkpt>
   <trkpt lat="49.02396" lon="-118.85806000000001">
    <ele>588.82</ele>
   </trkpt>
   <trkpt lat="49.02384000000001" lon="-118.85819000000001">
    <ele>588.55</ele>
   </trkpt>
   <trkpt lat="49.023450000000004" lon="-118.85810000000001">
    <ele>588.46</ele>
   </trkpt>
   <trkpt lat="49.02272000000001" lon="-118.85773">
    <ele>587.96</ele>
   </trkpt>
   <trkpt lat="49.022420000000004" lon="-118.85769">
    <ele>587.99</ele>
   </trkpt>
   <trkpt lat="49.022040000000004" lon="-118.85769">
    <ele>588.2900000000001</ele>
   </trkpt>
   <trkpt lat="49.02134" lon="-118.85778">
    <ele>588.95</ele>
   </trkpt>
   <trkpt lat="49.020990000000005" lon="-118.85778">
    <ele>588.9100000000001</ele>
   </trkpt>
   <trkpt lat="49.02073000000001" lon="-118.85773">
    <ele>588.4200000000001</ele>
   </trkpt>
   <trkpt lat="49.02049" lon="-118.85759000000002">
    <ele>588.09</ele>
   </trkpt>
   <trkpt lat="49.019760000000005" lon="-118.85688">
    <ele>587.67</ele>
   </trkpt>
   <trkpt lat="49.01917500216678" lon="-118.8561849919263">
    <ele>586.89</ele>
   </trkpt>
   <trkpt lat="49.01859" lon="-118.85549">
    <ele>586.04</ele>
   </trkpt>
   <trkpt lat="49.017952506644875" lon="-118.85477497254861">
    <ele>585.01</ele>
   </trkpt>
   <trkpt lat="49.01731500887204" lon="-118.85405996341251">
    <ele>585.2</ele>
   </trkpt>
   <trkpt lat="49.01667750668174" lon="-118.85334497259095">
    <ele>584.98</ele>
   </trkpt>
   <trkpt lat="49.016040000000004" lon="-118.85263">
    <ele>585.11</ele>
   </trkpt>
   <trkpt lat="49.01538000000001" lon="-118.85179000000001">
    <ele>585.76</ele>
   </trkpt>
   <trkpt lat="49.015130000000006" lon="-118.85133">
    <ele>585.9300000000001</ele>
   </trkpt>
   <trkpt lat="49.015040000000006" lon="-118.85106">
    <ele>586.22</ele>
   </trkpt>
   <trkpt lat="49.01486000334377" lon="-118.85018499701039">
    <ele>586.74</ele>
   </trkpt>
   <trkpt lat="49.014680000000006" lon="-118.84931">
    <ele>586.75</ele>
   </trkpt>
   <trkpt lat="49.014480000000006" lon="-118.84868000000002">
    <ele>586.99</ele>
   </trkpt>
   <trkpt lat="49.01423500221346" lon="-118.84796499649481">
    <ele>587.46</ele>
   </trkpt>
   <trkpt lat="49.01399000000001" lon="-118.84725000000002">
    <ele>588.28</ele>
   </trkpt>
   <trkpt lat="49.013540000000006" lon="-118.84609">
    <ele>588.53</ele>
   </trkpt>
   <trkpt lat="49.01303000459242" lon="-118.84506498960631">
    <ele>588.0000000000001</ele>
   </trkpt>
   <trkpt lat="49.01252" lon="-118.84404">
    <ele>586.8100000000001</ele>
   </trkpt>
   <trkpt lat="49.01212" lon="-118.8431">
    <ele>586.72</ele>
   </trkpt>
   <trkpt lat="49.012100000000004" lon="-118.84298000000001">
    <ele>586.72</ele>
   </trkpt>
   <trkpt lat="49.012100000000004" lon="-118.84299000000001">
    <ele>586.72</ele>
   </trkpt>
   <trkpt lat="49.012080000000005" lon="-118.84282">
    <ele>586.72</ele>
   </trkpt>
   <trkpt lat="49.012080000000005" lon="-118.84153">
    <ele>587.04</ele>
   </trkpt>
   <trkpt lat="49.01214" lon="-118.84108">
    <ele>587.8100000000001</ele>
   </trkpt>
   <trkpt lat="49.012240000000006" lon="-118.84068">
    <ele>589.08</ele>
   </trkpt>
   <trkpt lat="49.01228668164669" lon="-118.83936333581457">
    <ele>590.4</ele>
   </trkpt>
   <trkpt lat="49.01233334831292" lon="-118.83804666916036">
    <ele>591.53</ele>
   </trkpt>
   <trkpt lat="49.01238000000001" lon="-118.83673">
    <ele>592.33</ele>
   </trkpt>
   <trkpt lat="49.01256" lon="-118.83633">
    <ele>592.86</ele>
   </trkpt>
   <trkpt lat="49.01258000000001" lon="-118.8362">
    <ele>592.86</ele>
   </trkpt>
   <trkpt lat="49.012440000000005" lon="-118.83549000000001">
    <ele>592.5600000000001</ele>
   </trkpt>
   <trkpt lat="49.01238000000001" lon="-118.83481">
    <ele>592.28</ele>
   </trkpt>
   <trkpt lat="49.01239500513372" lon="-118.83372000029868">
    <ele>587.7900000000001</ele>
   </trkpt>
   <trkpt lat="49.01241" lon="-118.83263000000001">
    <ele>583.92</ele>
   </trkpt>
   <trkpt lat="49.012440003198165" lon="-118.8317700004423">
    <ele>584.09</ele>
   </trkpt>
   <trkpt lat="49.01247000000001" lon="-118.83091">
    <ele>584.9000000000001</ele>
   </trkpt>
   <trkpt lat="49.01240000000001" lon="-118.83010000000002">
    <ele>584.8000000000001</ele>
   </trkpt>
   <trkpt lat="49.01248000769628" lon="-118.8287650022119">
    <ele>585.2900000000001</ele>
   </trkpt>
   <trkpt lat="49.01256" lon="-118.82743">
    <ele>585.01</ele>
   </trkpt>
   <trkpt lat="49.012600000000006" lon="-118.82622">
    <ele>585.37</ele>
   </trkpt>
   <trkpt lat="49.012570000000004" lon="-118.82544000000001">
    <ele>585.59</ele>
   </trkpt>
   <trkpt lat="49.01247000000001" lon="-118.82469">
    <ele>585.9000000000001</ele>
   </trkpt>
   <trkpt lat="49.01253432233626" lon="-118.82350143778402">
    <ele>584.34</ele>
   </trkpt>
   <trkpt lat="49.01259863246522" lon="-118.82231287249698">
    <ele>584.25</ele>
   </trkpt>
   <trkpt lat="49.01266293038689" lon="-118.82112430413952">
    <ele>584.5100000000001</ele>
   </trkpt>
   <trkpt lat="49.01272721610115" lon="-118.81993573271222">
    <ele>584.4100000000001</ele>
   </trkpt>
   <trkpt lat="49.01279148960798" lon="-118.81874715821564">
    <ele>584.6300000000001</ele>
   </trkpt>
   <trkpt lat="49.01285575090731" lon="-118.81755858065034">
    <ele>584.5100000000001</ele>
   </trkpt>
   <trkpt lat="49.01292" lon="-118.81637">
    <ele>584.6800000000001</ele>
   </trkpt>
   <trkpt lat="49.012976677833166" lon="-118.81523333588056">
    <ele>584.33</ele>
   </trkpt>
   <trkpt lat="49.01303334450187" lon="-118.81409666917324">
    <ele>584.53</ele>
   </trkpt>
   <trkpt lat="49.013090000000005" lon="-118.81296">
    <ele>584.83</ele>
   </trkpt>
   <trkpt lat="49.013040000000004" lon="-118.81264000000002">
    <ele>584.7800000000001</ele>
   </trkpt>
   <trkpt lat="49.01300500389973" lon="-118.81168999934341">
    <ele>584.46</ele>
   </trkpt>
   <trkpt lat="49.01297" lon="-118.81074000000001">
    <ele>584.0200000000001</ele>
   </trkpt>
   <trkpt lat="49.01290117348485" lon="-118.8093966517951">
    <ele>583.49</ele>
   </trkpt>
   <trkpt lat="49.012832331375996" lon="-118.808053307305">
    <ele>583.1800000000001</ele>
   </trkpt>
   <trkpt lat="49.01276347367355" lon="-118.80670996653055">
    <ele>582.86</ele>
   </trkpt>
   <trkpt lat="49.01269460037759" lon="-118.8053666294725">
    <ele>582.48</ele>
   </trkpt>
   <trkpt lat="49.0126257114882" lon="-118.80402329613173">
    <ele>582.3000000000001</ele>
   </trkpt>
   <trkpt lat="49.012556807005424" lon="-118.80267996650902">
    <ele>582.32</ele>
   </trkpt>
   <trkpt lat="49.0124878869294" lon="-118.80133664060521">
    <ele>582.32</ele>
   </trkpt>
   <trkpt lat="49.01241895126018" lon="-118.79999331842117">
    <ele>582.34</ele>
   </trkpt>
   <trkpt lat="49.012350000000005" lon="-118.79865000000001">
    <ele>582.3600000000001</ele>
   </trkpt>
   <trkpt lat="49.01236" lon="-118.79828">
    <ele>582.2700000000001</ele>
   </trkpt>
   <trkpt lat="49.01234" lon="-118.79754000000001">
    <ele>582.47</ele>
   </trkpt>
   <trkpt lat="49.012280005515485" lon="-118.79640999861032">
    <ele>582.07</ele>
   </trkpt>
   <trkpt lat="49.012220000000006" lon="-118.79528">
    <ele>581.89</ele>
   </trkpt>
   <trkpt lat="49.01221" lon="-118.79410000000001">
    <ele>582.89</ele>
   </trkpt>
   <trkpt lat="49.012260000000005" lon="-118.79384">
    <ele>582.5400000000001</ele>
   </trkpt>
   <trkpt lat="49.01216" lon="-118.79354000000001">
    <ele>582.5</ele>
   </trkpt>
   <trkpt lat="49.012090034842764" lon="-118.79226999105681">
    <ele>582.67</ele>
   </trkpt>
   <trkpt lat="49.01202005574797" lon="-118.79099998568357">
    <ele>583.46</ele>
   </trkpt>
   <trkpt lat="49.01195006271569" lon="-118.78972998388095">
    <ele>583.61</ele>
   </trkpt>
   <trkpt lat="49.011880055746005" lon="-118.78845998564962">
    <ele>583.67</ele>
   </trkpt>
   <trkpt lat="49.01181003483897" lon="-118.78718999099033">
    <ele>584.2</ele>
   </trkpt>
   <trkpt lat="49.01174" lon="-118.78592">
    <ele>584.48</ele>
   </trkpt>
   <trkpt lat="49.01166755140857" lon="-118.78461623671446">
    <ele>584.19</ele>
   </trkpt>
   <trkpt lat="49.01159508812884" lon="-118.78331247722375">
    <ele>583.5100000000001</ele>
   </trkpt>
   <trkpt lat="49.01152261016092" lon="-118.78200872152864">
    <ele>583.44</ele>
   </trkpt>
   <trkpt lat="49.011450117504836" lon="-118.7807049696299">
    <ele>583.6999999999999</ele>
   </trkpt>
   <trkpt lat="49.01137761016069" lon="-118.77940122152825">
    <ele>584.08</ele>
   </trkpt>
   <trkpt lat="49.011305088128594" lon="-118.77809747722445">
    <ele>584.59</ele>
   </trkpt>
   <trkpt lat="49.01123255140857" lon="-118.77679373671923">
    <ele>585.2700000000001</ele>
   </trkpt>
   <trkpt lat="49.011160000000004" lon="-118.77549">
    <ele>585.9000000000001</ele>
   </trkpt>
   <trkpt lat="49.011050000000004" lon="-118.77455">
    <ele>586.3900000000001</ele>
   </trkpt>
   <trkpt lat="49.01091" lon="-118.77374">
    <ele>587.0600000000001</ele>
   </trkpt>
   <trkpt lat="49.010695003512" lon="-118.77284499634764">
    <ele>587.9000000000001</ele>
   </trkpt>
   <trkpt lat="49.01048" lon="-118.77195">
    <ele>588.7</ele>
   </trkpt>
   <trkpt lat="49.01018202121666" lon="-118.77084197347064">
    <ele>590.5100000000001</ele>
   </trkpt>
   <trkpt lat="49.009884031824356" lon="-118.7697339602043">
    <ele>592.28</ele>
   </trkpt>
   <trkpt lat="49.0095860318233" lon="-118.76862596020109">
    <ele>593.58</ele>
   </trkpt>
   <trkpt lat="49.00928802121373" lon="-118.76751797346118">
    <ele>595.45</ele>
   </trkpt>
   <trkpt lat="49.008990000000004" lon="-118.76641000000001">
    <ele>597.1</ele>
   </trkpt>
   <trkpt lat="49.008750000000006" lon="-118.76586">
    <ele>597.8100000000001</ele>
   </trkpt>
   <trkpt lat="49.008500000000005" lon="-118.76543000000001">
    <ele>598.5</ele>
   </trkpt>
   <trkpt lat="49.008210000000005" lon="-118.76514000000002">
    <ele>599.0600000000001</ele>
   </trkpt>
   <trkpt lat="49.007920000000006" lon="-118.76488">
    <ele>599.45</ele>
   </trkpt>
   <trkpt lat="49.00713000138111" lon="-118.76431999113392">
    <ele>600.48</ele>
   </trkpt>
   <trkpt lat="49.00634" lon="-118.76376">
    <ele>601.94</ele>
   </trkpt>
   <trkpt lat="49.00589" lon="-118.76335">
    <ele>602.95</ele>
   </trkpt>
   <trkpt lat="49.00562000000001" lon="-118.76295">
    <ele>603.33</ele>
   </trkpt>
   <trkpt lat="49.00549" lon="-118.76263000000002">
    <ele>603.8800000000001</ele>
   </trkpt>
   <trkpt lat="49.005410000000005" lon="-118.76237">
    <ele>604.16</ele>
   </trkpt>
   <trkpt lat="49.005320000000005" lon="-118.76192">
    <ele>604.57</ele>
   </trkpt>
   <trkpt lat="49.00527" lon="-118.76126000000001">
    <ele>605.24</ele>
   </trkpt>
   <trkpt lat="49.00531" lon="-118.76085">
    <ele>605.6700000000001</ele>
   </trkpt>
   <trkpt lat="49.005370000000006" lon="-118.76046000000001">
    <ele>605.89</ele>
   </trkpt>
   <trkpt lat="49.00545" lon="-118.76018">
    <ele>606.44</ele>
   </trkpt>
   <trkpt lat="49.00562000000001" lon="-118.75977">
    <ele>606.8100000000001</ele>
   </trkpt>
   <trkpt lat="49.00591000000001" lon="-118.75924">
    <ele>607.29</ele>
   </trkpt>
   <trkpt lat="49.00633000237238" lon="-118.75850500613252">
    <ele>608.29</ele>
   </trkpt>
   <trkpt lat="49.006750000000004" lon="-118.75777000000001">
    <ele>609.5500000000001</ele>
   </trkpt>
   <trkpt lat="49.00711000139649" lon="-118.75722500376894">
    <ele>610.5400000000001</ele>
   </trkpt>
   <trkpt lat="49.007470000000005" lon="-118.75668">
    <ele>611.4900000000001</ele>
   </trkpt>
   <trkpt lat="49.00791" lon="-118.75619">
    <ele>612.53</ele>
   </trkpt>
   <trkpt lat="49.00845500095114" lon="-118.75570000544093">
    <ele>613.9499999999999</ele>
   </trkpt>
   <trkpt lat="49.00900000000001" lon="-118.75521">
    <ele>614.7600000000001</ele>
   </trkpt>
   <trkpt lat="49.00957500117323" lon="-118.75465000664421">
    <ele>616.57</ele>
   </trkpt>
   <trkpt lat="49.01015" lon="-118.75409">
    <ele>618.0300000000001</ele>
   </trkpt>
   <trkpt lat="49.01059500055395" lon="-118.75371000345615">
    <ele>619.26</ele>
   </trkpt>
   <trkpt lat="49.01104" lon="-118.75333">
    <ele>620.4000000000001</ele>
   </trkpt>
   <trkpt lat="49.01171500168776" lon="-118.75272000819805">
    <ele>621.75</ele>
   </trkpt>
   <trkpt lat="49.01239" lon="-118.75211000000002">
    <ele>623.1500000000001</ele>
   </trkpt>
   <trkpt lat="49.01285000000001" lon="-118.75171">
    <ele>624.33</ele>
   </trkpt>
   <trkpt lat="49.01346" lon="-118.75139000000001">
    <ele>625.39</ele>
   </trkpt>
   <trkpt lat="49.014" lon="-118.75113">
    <ele>626.29</ele>
   </trkpt>
   <trkpt lat="49.01476" lon="-118.75068">
    <ele>627.2700000000001</ele>
   </trkpt>
   <trkpt lat="49.01532" lon="-118.75024">
    <ele>628.65</ele>
   </trkpt>
   <trkpt lat="49.015750000000004" lon="-118.74984">
    <ele>629.53</ele>
   </trkpt>
   <trkpt lat="49.016090000000005" lon="-118.74944">
    <ele>629.96</ele>
   </trkpt>
   <trkpt lat="49.016560000000005" lon="-118.74871">
    <ele>631.14</ele>
   </trkpt>
   <trkpt lat="49.016940000000005" lon="-118.74804">
    <ele>632.1500000000001</ele>
   </trkpt>
   <trkpt lat="49.017570000000006" lon="-118.74719">
    <ele>633.72</ele>
   </trkpt>
   <trkpt lat="49.017700000000005" lon="-118.74694000000001">
    <ele>634.2</ele>
   </trkpt>
   <trkpt lat="49.01782000000001" lon="-118.74666">
    <ele>634.7700000000001</ele>
   </trkpt>
   <trkpt lat="49.018010000000004" lon="-118.74589">
    <ele>635.32</ele>
   </trkpt>
   <trkpt lat="49.01816" lon="-118.74546000000001">
    <ele>636.09</ele>
   </trkpt>
   <trkpt lat="49.018570000000004" lon="-118.74478">
    <ele>637.0300000000001</ele>
   </trkpt>
   <trkpt lat="49.01897" lon="-118.74424">
    <ele>637.84</ele>
   </trkpt>
   <trkpt lat="49.019310000000004" lon="-118.74383">
    <ele>638.83</ele>
   </trkpt>
   <trkpt lat="49.019800000000004" lon="-118.74336000000001">
    <ele>639.8600000000001</ele>
   </trkpt>
   <trkpt lat="49.02026000000001" lon="-118.74299">
    <ele>641.1300000000001</ele>
   </trkpt>
   <trkpt lat="49.020715000386474" lon="-118.7426700029648">
    <ele>642.0300000000001</ele>
   </trkpt>
   <trkpt lat="49.021170000000005" lon="-118.74235000000002">
    <ele>642.93</ele>
   </trkpt>
   <trkpt lat="49.021550000000005" lon="-118.74191">
    <ele>643.8100000000001</ele>
   </trkpt>
   <trkpt lat="49.02209500236073" lon="-118.74117000811063">
    <ele>645.3199999999999</ele>
   </trkpt>
   <trkpt lat="49.02264" lon="-118.74043">
    <ele>646.35</ele>
   </trkpt>
   <trkpt lat="49.02326" lon="-118.73949">
    <ele>648.23</ele>
   </trkpt>
   <trkpt lat="49.023830004390994" lon="-118.73848501146301">
    <ele>649.72</ele>
   </trkpt>
   <trkpt lat="49.02440000000001" lon="-118.73748">
    <ele>651.4300000000001</ele>
   </trkpt>
   <trkpt lat="49.024910000000006" lon="-118.7369">
    <ele>652.44</ele>
   </trkpt>
   <trkpt lat="49.025290000000005" lon="-118.73655000000001">
    <ele>653.08</ele>
   </trkpt>
   <trkpt lat="49.02572000000001" lon="-118.73635000000002">
    <ele>654.03</ele>
   </trkpt>
   <trkpt lat="49.026160000000004" lon="-118.73622">
    <ele>655.25</ele>
   </trkpt>
   <trkpt lat="49.02671499995977" lon="-118.73615500073183">
    <ele>658.34</ele>
   </trkpt>
   <trkpt lat="49.02727" lon="-118.73609">
    <ele>656.57</ele>
   </trkpt>
   <trkpt lat="49.02760000000001" lon="-118.73586000000002">
    <ele>658.0400000000001</ele>
   </trkpt>
   <trkpt lat="49.02783" lon="-118.73559000000002">
    <ele>658.73</ele>
   </trkpt>
   <trkpt lat="49.028335003715874" lon="-118.73465500960263">
    <ele>660.59</ele>
   </trkpt>
   <trkpt lat="49.02884" lon="-118.73372">
    <ele>660.3800000000001</ele>
   </trkpt>
   <trkpt lat="49.029070000000004" lon="-118.73336">
    <ele>661.5200000000001</ele>
   </trkpt>
   <trkpt lat="49.029496671614375" lon="-118.73260001311127">
    <ele>662.33</ele>
   </trkpt>
   <trkpt lat="49.02992333823809" lon="-118.73184001318793">
    <ele>663.94</ele>
   </trkpt>
   <trkpt lat="49.030350000000006" lon="-118.73108">
    <ele>665.8900000000001</ele>
   </trkpt>
   <trkpt lat="49.03092667226317" lon="-118.73027335206936">
    <ele>667.1400000000001</ele>
   </trkpt>
   <trkpt lat="49.03150333890406" lon="-118.7294666854391">
    <ele>667.48</ele>
   </trkpt>
   <trkpt lat="49.03208" lon="-118.72866">
    <ele>668.91</ele>
   </trkpt>
   <trkpt lat="49.03255500175421" lon="-118.72802000613132">
    <ele>670.52</ele>
   </trkpt>
   <trkpt lat="49.033030000000004" lon="-118.72738000000001">
    <ele>672.18</ele>
   </trkpt>
   <trkpt lat="49.03364000333482" lon="-118.72651001057534">
    <ele>673.9900000000001</ele>
   </trkpt>
   <trkpt lat="49.03425000000001" lon="-118.72564000000001">
    <ele>674.61</ele>
   </trkpt>
   <trkpt lat="49.03488" lon="-118.72468">
    <ele>676.1700000000001</ele>
   </trkpt>
   <trkpt lat="49.03531500290291" lon="-118.72387000695569">
    <ele>677.62</ele>
   </trkpt>
   <trkpt lat="49.03575000000001" lon="-118.72306">
    <ele>681.61</ele>
   </trkpt>
   <trkpt lat="49.03606500111213" lon="-118.72255000324827">
    <ele>680.51</ele>
   </trkpt>
   <trkpt lat="49.03638" lon="-118.72204">
    <ele>680.6300000000001</ele>
   </trkpt>
   <trkpt lat="49.03689334074531" lon="-118.72111335247305">
    <ele>682.48</ele>
   </trkpt>
   <trkpt lat="49.037406674071406" lon="-118.72018668581981">
    <ele>684.7800000000001</ele>
   </trkpt>
   <trkpt lat="49.03792000000001" lon="-118.71926">
    <ele>686.5100000000001</ele>
   </trkpt>
   <trkpt lat="49.038320000000006" lon="-118.71845">
    <ele>687.34</ele>
   </trkpt>
   <trkpt lat="49.038610000000006" lon="-118.71782">
    <ele>688.49</ele>
   </trkpt>
   <trkpt lat="49.03889" lon="-118.71707">
    <ele>689.24</ele>
   </trkpt>
   <trkpt lat="49.039190000000005" lon="-118.71609000000001">
    <ele>691.2900000000001</ele>
   </trkpt>
   <trkpt lat="49.039440000000006" lon="-118.71508000000001">
    <ele>692.8700000000001</ele>
   </trkpt>
   <trkpt lat="49.039660000000005" lon="-118.71385000000001">
    <ele>694.07</ele>
   </trkpt>
   <trkpt lat="49.039750000000005" lon="-118.71303">
    <ele>695.15</ele>
   </trkpt>
   <trkpt lat="49.03980000000001" lon="-118.71223">
    <ele>696.1</ele>
   </trkpt>
   <trkpt lat="49.03981000418903" lon="-118.71124500043089">
    <ele>697.45</ele>
   </trkpt>
   <trkpt lat="49.039820000000006" lon="-118.71026">
    <ele>698.1800000000001</ele>
   </trkpt>
   <trkpt lat="49.03981000775816" lon="-118.70891999988517">
    <ele>699.58</ele>
   </trkpt>
   <trkpt lat="49.03980000000001" lon="-118.70758000000001">
    <ele>701.3600000000001</ele>
   </trkpt>
   <trkpt lat="49.03981500787247" lon="-118.7062300004751">
    <ele>702.8000000000001</ele>
   </trkpt>
   <trkpt lat="49.03983" lon="-118.70488">
    <ele>703.98</ele>
   </trkpt>
   <trkpt lat="49.039910000000006" lon="-118.70421">
    <ele>704.5100000000001</ele>
   </trkpt>
   <trkpt lat="49.03999" lon="-118.70376">
    <ele>705.21</ele>
   </trkpt>
   <trkpt lat="49.04014" lon="-118.70322000000002">
    <ele>705.69</ele>
   </trkpt>
   <trkpt lat="49.04048" lon="-118.7026">
    <ele>706.34</ele>
   </trkpt>
   <trkpt lat="49.040580000000006" lon="-118.70206">
    <ele>707.13</ele>
   </trkpt>
   <trkpt lat="49.040800000000004" lon="-118.70163000000001">
    <ele>707.85</ele>
   </trkpt>
   <trkpt lat="49.041290000000004" lon="-118.70094">
    <ele>708.8000000000001</ele>
   </trkpt>
   <trkpt lat="49.04167" lon="-118.70055">
    <ele>709.8000000000001</ele>
   </trkpt>
   <trkpt lat="49.04241143777088" lon="-118.69995433900125">
    <ele>711.1200000000001</ele>
   </trkpt>
   <trkpt lat="49.04315287247613" lon="-118.69935866024123">
    <ele>712.45</ele>
   </trkpt>
   <trkpt lat="49.04389430411558" lon="-118.69876296371908">
    <ele>714.01</ele>
   </trkpt>
   <trkpt lat="49.04463573268904" lon="-118.69816724943382">
    <ele>714.5400000000001</ele>
   </trkpt>
   <trkpt lat="49.04537715819635" lon="-118.6975715173846">
    <ele>714.76</ele>
   </trkpt>
   <trkpt lat="49.04611858063735" lon="-118.69697576757045">
    <ele>715.11</ele>
   </trkpt>
   <trkpt lat="49.04686" lon="-118.69638">
    <ele>715.0500000000001</ele>
   </trkpt>
   <trkpt lat="49.04739000000001" lon="-118.69607">
    <ele>715.1800000000001</ele>
   </trkpt>
   <trkpt lat="49.047920000000005" lon="-118.69589">
    <ele>715.2400000000001</ele>
   </trkpt>
   <trkpt lat="49.04843" lon="-118.69575">
    <ele>715.26</ele>
   </trkpt>
   <trkpt lat="49.049315000019895" lon="-118.69570500240332">
    <ele>715.2700000000001</ele>
   </trkpt>
   <trkpt lat="49.05020000002228" lon="-118.69566000320471">
    <ele>715.4200000000001</ele>
   </trkpt>
   <trkpt lat="49.05108500000717" lon="-118.69561500240408">
    <ele>715.69</ele>
   </trkpt>
   <trkpt lat="49.051970000000004" lon="-118.69557">
    <ele>715.84</ele>
   </trkpt>
   <trkpt lat="49.052350000000004" lon="-118.69561000000002">
    <ele>715.82</ele>
   </trkpt>
   <trkpt lat="49.052580000000006" lon="-118.69566">
    <ele>715.9300000000001</ele>
   </trkpt>
   <trkpt lat="49.05288" lon="-118.69585000000001">
    <ele>715.9000000000001</ele>
   </trkpt>
   <trkpt lat="49.05341500088634" lon="-118.69626999557764">
    <ele>716.07</ele>
   </trkpt>
   <trkpt lat="49.05395000000001" lon="-118.69669">
    <ele>716.32</ele>
   </trkpt>
   <trkpt lat="49.0546" lon="-118.69696">
    <ele>716.44</ele>
   </trkpt>
   <trkpt lat="49.05487" lon="-118.69701">
    <ele>716.5</ele>
   </trkpt>
   <trkpt lat="49.055170000000004" lon="-118.69705">
    <ele>716.57</ele>
   </trkpt>
   <trkpt lat="49.05565000000001" lon="-118.69696">
    <ele>717.38</ele>
   </trkpt>
   <trkpt lat="49.05617" lon="-118.69683">
    <ele>717.5100000000001</ele>
   </trkpt>
   <trkpt lat="49.05669" lon="-118.69673000000002">
    <ele>717.9300000000001</ele>
   </trkpt>
   <trkpt lat="49.057230000000004" lon="-118.69669">
    <ele>718.2900000000001</ele>
   </trkpt>
   <trkpt lat="49.057854999815795" lon="-118.69671499967819">
    <ele>718.98</ele>
   </trkpt>
   <trkpt lat="49.05848" lon="-118.69674">
    <ele>719.57</ele>
   </trkpt>
   <trkpt lat="49.05865000000001" lon="-118.69669">
    <ele>719.57</ele>
   </trkpt>
   <trkpt lat="49.058870000000006" lon="-118.69652">
    <ele>719.99</ele>
   </trkpt>
   <trkpt lat="49.05924" lon="-118.69615">
    <ele>720.21</ele>
   </trkpt>
   <trkpt lat="49.059340000000006" lon="-118.69599000000001">
    <ele>720.21</ele>
   </trkpt>
   <trkpt lat="49.05989500456015" lon="-118.69496001154346">
    <ele>721.07</ele>
   </trkpt>
   <trkpt lat="49.06045" lon="-118.69393000000001">
    <ele>721.6600000000001</ele>
   </trkpt>
   <trkpt lat="49.06083" lon="-118.69330000000001">
    <ele>721.82</ele>
   </trkpt>
   <trkpt lat="49.06143" lon="-118.69257">
    <ele>722.45</ele>
   </trkpt>
   <trkpt lat="49.061840000000004" lon="-118.69227000000001">
    <ele>722.8500000000001</ele>
   </trkpt>
   <trkpt lat="49.06228" lon="-118.69203000000002">
    <ele>723.58</ele>
   </trkpt>
   <trkpt lat="49.062740000000005" lon="-118.69185000000002">
    <ele>724.25</ele>
   </trkpt>
   <trkpt lat="49.063570000000006" lon="-118.69166000000001">
    <ele>725.36</ele>
   </trkpt>
   <trkpt lat="49.06439" lon="-118.6915">
    <ele>726.47</ele>
   </trkpt>
   <trkpt lat="49.06505000037334" lon="-118.69132000475598">
    <ele>727.09</ele>
   </trkpt>
   <trkpt lat="49.06571000046676" lon="-118.69114000473058">
    <ele>727.58</ele>
   </trkpt>
   <trkpt lat="49.066370000000006" lon="-118.69096">
    <ele>728.0500000000001</ele>
   </trkpt>
   <trkpt lat="49.06717000098341" lon="-118.69076573305314">
    <ele>728.38</ele>
   </trkpt>
   <trkpt lat="49.06797000164079" lon="-118.69057145985067">
    <ele>729.1200000000001</ele>
   </trkpt>
   <trkpt lat="49.068770001972105" lon="-118.69037718039222">
    <ele>729.4200000000001</ele>
   </trkpt>
   <trkpt lat="49.06957000197735" lon="-118.69018289467745">
    <ele>730.0600000000001</ele>
   </trkpt>
   <trkpt lat="49.07037000165649" lon="-118.6899886027059">
    <ele>731.0000000000001</ele>
   </trkpt>
   <trkpt lat="49.07117000100952" lon="-118.68979430447726">
    <ele>731.5200000000001</ele>
   </trkpt>
   <trkpt lat="49.07197000000001" lon="-118.68960000000001">
    <ele>732.2400000000001</ele>
   </trkpt>
   <trkpt lat="49.072120000000005" lon="-118.68954000000001">
    <ele>731.84</ele>
   </trkpt>
   <trkpt lat="49.072852000578564" lon="-118.68935801072541">
    <ele>731.6</ele>
   </trkpt>
   <trkpt lat="49.07358400087098" lon="-118.68917601608766">
    <ele>732.25</ele>
   </trkpt>
   <trkpt lat="49.07431600087728" lon="-118.68899401608637">
    <ele>733.5</ele>
   </trkpt>
   <trkpt lat="49.075048000597434" lon="-118.68881201072132">
    <ele>734.77</ele>
   </trkpt>
   <trkpt lat="49.07578" lon="-118.68863">
    <ele>737.01</ele>
   </trkpt>
   <trkpt lat="49.076620000000005" lon="-118.68845">
    <ele>738.3100000000001</ele>
   </trkpt>
   <trkpt lat="49.07748" lon="-118.68815000000001">
    <ele>739.6600000000001</ele>
   </trkpt>
   <trkpt lat="49.0778" lon="-118.68801">
    <ele>739.8100000000001</ele>
   </trkpt>
   <trkpt lat="49.07826000000001" lon="-118.6877">
    <ele>739.7800000000001</ele>
   </trkpt>
   <trkpt lat="49.078680000000006" lon="-118.68738">
    <ele>739.87</ele>
   </trkpt>
   <trkpt lat="49.079080000000005" lon="-118.68697000000002">
    <ele>740.2</ele>
   </trkpt>
   <trkpt lat="49.07947" lon="-118.68653">
    <ele>740.3400000000001</ele>
   </trkpt>
   <trkpt lat="49.079840000000004" lon="-118.68599">
    <ele>740.72</ele>
   </trkpt>
   <trkpt lat="49.080125001194126" lon="-118.68543000352858">
    <ele>740.7600000000001</ele>
   </trkpt>
   <trkpt lat="49.08041" lon="-118.68487">
    <ele>741.11</ele>
   </trkpt>
   <trkpt lat="49.08053" lon="-118.68457000000001">
    <ele>741.0000000000001</ele>
   </trkpt>
   <trkpt lat="49.08085500403103" lon="-118.68360500628832">
    <ele>741.45</ele>
   </trkpt>
   <trkpt lat="49.08118" lon="-118.68264">
    <ele>741.7300000000001</ele>
   </trkpt>
   <trkpt lat="49.08138" lon="-118.68214">
    <ele>741.57</ele>
   </trkpt>
   <trkpt lat="49.08162" lon="-118.68165">
    <ele>741.8100000000001</ele>
   </trkpt>
   <trkpt lat="49.08196" lon="-118.68129">
    <ele>742.1500000000001</ele>
   </trkpt>
   <trkpt lat="49.08229000000001" lon="-118.68108000000001">
    <ele>742.35</ele>
   </trkpt>
   <trkpt lat="49.08254" lon="-118.68098">
    <ele>742.35</ele>
   </trkpt>
   <trkpt lat="49.08281" lon="-118.68098">
    <ele>742.36</ele>
   </trkpt>
   <trkpt lat="49.08366" lon="-118.6812">
    <ele>742.7900000000001</ele>
   </trkpt>
   <trkpt lat="49.08426000000001" lon="-118.68129">
    <ele>742.8800000000001</ele>
   </trkpt>
   <trkpt lat="49.084740000000004" lon="-118.68121000000001">
    <ele>743.2500000000001</ele>
   </trkpt>
   <trkpt lat="49.0855000003368" lon="-118.68100000317368">
    <ele>744.26</ele>
   </trkpt>
   <trkpt lat="49.08626" lon="-118.68079000000002">
    <ele>745.14</ele>
   </trkpt>
   <trkpt lat="49.086900000262936" lon="-118.68063000411411">
    <ele>745.77</ele>
   </trkpt>
   <trkpt lat="49.087540000304735" lon="-118.68047000410374">
    <ele>746.2700000000001</ele>
   </trkpt>
   <trkpt lat="49.08818" lon="-118.68031">
    <ele>746.87</ele>
   </trkpt>
   <trkpt lat="49.089040000000004" lon="-118.68005000000001">
    <ele>747.8</ele>
   </trkpt>
   <trkpt lat="49.089920000000006" lon="-118.67986">
    <ele>748.8</ele>
   </trkpt>
   <trkpt lat="49.09047" lon="-118.67977">
    <ele>749.1800000000001</ele>
   </trkpt>
   <trkpt lat="49.09129" lon="-118.67985000000002">
    <ele>749.9300000000001</ele>
   </trkpt>
   <trkpt lat="49.0920720001843" lon="-118.67994999370066">
    <ele>750.6100000000001</ele>
   </trkpt>
   <trkpt lat="49.09285400028224" lon="-118.68004999055158">
    <ele>751.2700000000001</ele>
   </trkpt>
   <trkpt lat="49.09363600029378" lon="-118.68014999055288">
    <ele>751.4900000000001</ele>
   </trkpt>
   <trkpt lat="49.09441800021896" lon="-118.68024999370473">
    <ele>751.99</ele>
   </trkpt>
   <trkpt lat="49.095200000000006" lon="-118.68035">
    <ele>752.6100000000001</ele>
   </trkpt>
   <trkpt lat="49.095580000000005" lon="-118.68035">
    <ele>752.9</ele>
   </trkpt>
   <trkpt lat="49.09633" lon="-118.68026">
    <ele>753.72</ele>
   </trkpt>
   <trkpt lat="49.09686000000001" lon="-118.68008">
    <ele>754.0600000000001</ele>
   </trkpt>
   <trkpt lat="49.09743500044648" lon="-118.67981000306598">
    <ele>754.6400000000001</ele>
   </trkpt>
   <trkpt lat="49.09801" lon="-118.67954">
    <ele>755.17</ele>
   </trkpt>
   <trkpt lat="49.09879" lon="-118.67919">
    <ele>756.2700000000001</ele>
   </trkpt>
   <trkpt lat="49.09930000000001" lon="-118.6791">
    <ele>756.69</ele>
   </trkpt>
   <trkpt lat="49.09969" lon="-118.6791">
    <ele>756.84</ele>
   </trkpt>
   <trkpt lat="49.10009" lon="-118.67914">
    <ele>757.1300000000001</ele>
   </trkpt>
   <trkpt lat="49.10043" lon="-118.67928">
    <ele>757.8100000000001</ele>
   </trkpt>
   <trkpt lat="49.10110000073531" lon="-118.6795666589375">
    <ele>758.4300000000001</ele>
   </trkpt>
   <trkpt lat="49.10177000076085" lon="-118.67985332561496">
    <ele>759.0100000000001</ele>
   </trkpt>
   <trkpt lat="49.10244" lon="-118.68014000000001">
    <ele>759.7400000000001</ele>
   </trkpt>
   <trkpt lat="49.10289500010935" lon="-118.6802349991437">
    <ele>759.9100000000001</ele>
   </trkpt>
   <trkpt lat="49.103350000000006" lon="-118.68033000000001">
    <ele>759.96</ele>
   </trkpt>
   <trkpt lat="49.10399" lon="-118.68039">
    <ele>759.9100000000001</ele>
   </trkpt>
   <trkpt lat="49.10464999987238" lon="-118.68035000054014">
    <ele>759.9100000000001</ele>
   </trkpt>
   <trkpt lat="49.10531" lon="-118.68031">
    <ele>760.1600000000001</ele>
   </trkpt>
   <trkpt lat="49.105970000178445" lon="-118.68028500032587">
    <ele>760.11</ele>
   </trkpt>
   <trkpt lat="49.10663" lon="-118.68026">
    <ele>760.4000000000001</ele>
   </trkpt>
   <trkpt lat="49.106880000000004" lon="-118.68032000000001">
    <ele>760.44</ele>
   </trkpt>
   <trkpt lat="49.107110000000006" lon="-118.68044">
    <ele>760.5</ele>
   </trkpt>
   <trkpt lat="49.10754000000001" lon="-118.68079000000002">
    <ele>760.5</ele>
   </trkpt>
   <trkpt lat="49.10808" lon="-118.68112">
    <ele>760.6700000000001</ele>
   </trkpt>
   <trkpt lat="49.1086" lon="-118.68134">
    <ele>760.75</ele>
   </trkpt>
   <trkpt lat="49.109080000000006" lon="-118.68134">
    <ele>761.07</ele>
   </trkpt>
   <trkpt lat="49.109700000000004" lon="-118.6812">
    <ele>761.44</ele>
   </trkpt>
   <trkpt lat="49.110150000000004" lon="-118.68093">
    <ele>761.44</ele>
   </trkpt>
   <trkpt lat="49.1105" lon="-118.68061000000002">
    <ele>761.56</ele>
   </trkpt>
   <trkpt lat="49.110850000000006" lon="-118.68009">
    <ele>761.63</ele>
   </trkpt>
   <trkpt lat="49.111090000000004" lon="-118.67959">
    <ele>761.36</ele>
   </trkpt>
   <trkpt lat="49.111200000000004" lon="-118.67923">
    <ele>761.19</ele>
   </trkpt>
   <trkpt lat="49.111270000000005" lon="-118.67879">
    <ele>761.46</ele>
   </trkpt>
   <trkpt lat="49.111290000000004" lon="-118.67855000000002">
    <ele>762.36</ele>
   </trkpt>
   <trkpt lat="49.11133" lon="-118.67739000000002">
    <ele>762.8600000000001</ele>
   </trkpt>
   <trkpt lat="49.111320000000006" lon="-118.67694000000002">
    <ele>762.59</ele>
   </trkpt>
   <trkpt lat="49.11182" lon="-118.67644000000001">
    <ele>762.35</ele>
   </trkpt>
   <trkpt lat="49.111250000000005" lon="-118.67626000000001">
    <ele>774.8100000000001</ele>
   </trkpt>
   <trkpt lat="49.11124" lon="-118.67616000000001">
    <ele>773.0</ele>
   </trkpt>
   <trkpt lat="49.11130000000001" lon="-118.67569">
    <ele>776.33</ele>
   </trkpt>
   <trkpt lat="49.11139000000001" lon="-118.67530000000001">
    <ele>777.5200000000001</ele>
   </trkpt>
   <trkpt lat="49.111560000000004" lon="-118.67491000000001">
    <ele>777.84</ele>
   </trkpt>
   <trkpt lat="49.11197000000001" lon="-118.6744">
    <ele>778.78</ele>
   </trkpt>
   <trkpt lat="49.11256667006901" lon="-118.67377334839658">
    <ele>780.46</ele>
   </trkpt>
   <trkpt lat="49.113163336746304" lon="-118.67314668171899">
    <ele>781.66</ele>
   </trkpt>
   <trkpt lat="49.113760000000006" lon="-118.67252">
    <ele>783.49</ele>
   </trkpt>
   <trkpt lat="49.11437" lon="-118.67185">
    <ele>784.8600000000001</ele>
   </trkpt>
   <trkpt lat="49.115010000000005" lon="-118.67131">
    <ele>786.1600000000001</ele>
   </trkpt>
   <trkpt lat="49.11543" lon="-118.67103000000002">
    <ele>787.0400000000001</ele>
   </trkpt>
   <trkpt lat="49.11612" lon="-118.67078000000001">
    <ele>788.49</ele>
   </trkpt>
   <trkpt lat="49.116910000000004" lon="-118.67059">
    <ele>790.36</ele>
   </trkpt>
   <trkpt lat="49.117405000081426" lon="-118.67034500253303">
    <ele>791.0800000000002</ele>
   </trkpt>
   <trkpt lat="49.117900000000006" lon="-118.6701">
    <ele>792.21</ele>
   </trkpt>
   <trkpt lat="49.11849" lon="-118.66961">
    <ele>793.3500000000001</ele>
   </trkpt>
   <trkpt lat="49.11900000000001" lon="-118.66906000000002">
    <ele>794.2600000000001</ele>
   </trkpt>
   <trkpt lat="49.11932000099506" lon="-118.66857000322544">
    <ele>795.63</ele>
   </trkpt>
   <trkpt lat="49.119640000000004" lon="-118.66808">
    <ele>796.6800000000001</ele>
   </trkpt>
   <trkpt lat="49.12006" lon="-118.66736000000002">
    <ele>797.33</ele>
   </trkpt>
   <trkpt lat="49.120590008881685" lon="-118.66634668829926">
    <ele>799.0</ele>
   </trkpt>
   <trkpt lat="49.12112000889518" lon="-118.6653333549405">
    <ele>800.7700000000001</ele>
   </trkpt>
   <trkpt lat="49.12165" lon="-118.66432">
    <ele>802.5500000000001</ele>
   </trkpt>
   <trkpt lat="49.122060000000005" lon="-118.66366000000001">
    <ele>803.5300000000001</ele>
   </trkpt>
   <trkpt lat="49.122440000660916" lon="-118.66327500292896">
    <ele>804.0200000000001</ele>
   </trkpt>
   <trkpt lat="49.122820000000004" lon="-118.66289">
    <ele>805.48</ele>
   </trkpt>
   <trkpt lat="49.123407504028236" lon="-118.66233001993592">
    <ele>806.71</ele>
   </trkpt>
   <trkpt lat="49.12399500534821" lon="-118.66177002660335">
    <ele>807.7</ele>
   </trkpt>
   <trkpt lat="49.124582503959836" lon="-118.66121002000177">
    <ele>809.08</ele>
   </trkpt>
   <trkpt lat="49.125170000000004" lon="-118.66065">
    <ele>810.51</ele>
   </trkpt>
   <trkpt lat="49.12548" lon="-118.66025">
    <ele>811.07</ele>
   </trkpt>
   <trkpt lat="49.12565000000001" lon="-118.65999000000001">
    <ele>811.07</ele>
   </trkpt>
   <trkpt lat="49.12595" lon="-118.6594">
    <ele>812.32</ele>
   </trkpt>
   <trkpt lat="49.12614000000001" lon="-118.65877">
    <ele>813.0400000000001</ele>
   </trkpt>
   <trkpt lat="49.12626" lon="-118.65805">
    <ele>814.2</ele>
   </trkpt>
   <trkpt lat="49.12632000000001" lon="-118.65752">
    <ele>814.82</ele>
   </trkpt>
   <trkpt lat="49.12635" lon="-118.65693">
    <ele>815.4800000000001</ele>
   </trkpt>
   <trkpt lat="49.12641000000001" lon="-118.6564">
    <ele>816.49</ele>
   </trkpt>
   <trkpt lat="49.12652603082937" lon="-118.65506401250464">
    <ele>817.2600000000001</ele>
   </trkpt>
   <trkpt lat="49.12664204624409" lon="-118.65372801875712">
    <ele>819.1</ele>
   </trkpt>
   <trkpt lat="49.126758046244085" lon="-118.65239201875822">
    <ele>820.2900000000001</ele>
   </trkpt>
   <trkpt lat="49.12687403082916" lon="-118.6510560125087">
    <ele>821.3800000000001</ele>
   </trkpt>
   <trkpt lat="49.126990000000006" lon="-118.64972000000002">
    <ele>822.5500000000001</ele>
   </trkpt>
   <trkpt lat="49.127060003767106" lon="-118.64878500142576">
    <ele>822.79</ele>
   </trkpt>
   <trkpt lat="49.12713" lon="-118.64785">
    <ele>823.9300000000001</ele>
   </trkpt>
   <trkpt lat="49.12715500280436" lon="-118.64704500020906">
    <ele>824.1400000000001</ele>
   </trkpt>
   <trkpt lat="49.12718" lon="-118.64624">
    <ele>824.79</ele>
   </trkpt>
   <trkpt lat="49.12717500707491" lon="-118.6449599998952">
    <ele>826.08</ele>
   </trkpt>
   <trkpt lat="49.12717000000001" lon="-118.64368">
    <ele>827.9900000000001</ele>
   </trkpt>
   <trkpt lat="49.12713501496967" lon="-118.64260499770126">
    <ele>828.0500000000001</ele>
   </trkpt>
   <trkpt lat="49.12710001995906" lon="-118.64152999691974">
    <ele>828.83</ele>
   </trkpt>
   <trkpt lat="49.12706501496819" lon="-118.64045499765585">
    <ele>829.6300000000001</ele>
   </trkpt>
   <trkpt lat="49.127030000000005" lon="-118.63938">
    <ele>830.62</ele>
   </trkpt>
   <trkpt lat="49.127050000000004" lon="-118.63858">
    <ele>831.76</ele>
   </trkpt>
   <trkpt lat="49.127140000000004" lon="-118.63773">
    <ele>832.6600000000001</ele>
   </trkpt>
   <trkpt lat="49.127320000000005" lon="-118.63652">
    <ele>833.32</ele>
   </trkpt>
   <trkpt lat="49.127570000000006" lon="-118.63536">
    <ele>833.33</ele>
   </trkpt>
   <trkpt lat="49.12792276132007" lon="-118.63410879128654">
    <ele>833.22</ele>
   </trkpt>
   <trkpt lat="49.128275509119774" lon="-118.63285756476944">
    <ele>833.1500000000001</ele>
   </trkpt>
   <trkpt lat="49.12862824339871" lon="-118.63160632044888">
    <ele>832.64</ele>
   </trkpt>
   <trkpt lat="49.128980964156554" lon="-118.63035505832512">
    <ele>832.5600000000001</ele>
   </trkpt>
   <trkpt lat="49.12933367139293" lon="-118.62910377839835">
    <ele>832.52</ele>
   </trkpt>
   <trkpt lat="49.1296863651075" lon="-118.62785248066874">
    <ele>832.6500000000001</ele>
   </trkpt>
   <trkpt lat="49.130039045299874" lon="-118.62660116513656">
    <ele>832.62</ele>
   </trkpt>
   <trkpt lat="49.13039171196971" lon="-118.62534983180197">
    <ele>832.6600000000001</ele>
   </trkpt>
   <trkpt lat="49.13074436511665" lon="-118.62409848066521">
    <ele>832.9399999999999</ele>
   </trkpt>
   <trkpt lat="49.131097004740326" lon="-118.62284711172646">
    <ele>833.33</ele>
   </trkpt>
   <trkpt lat="49.131449630840365" lon="-118.62159572498597">
    <ele>833.67</ele>
   </trkpt>
   <trkpt lat="49.131802243416416" lon="-118.6203443204439">
    <ele>834.34</ele>
   </trkpt>
   <trkpt lat="49.13215484246814" lon="-118.61909289810048">
    <ele>835.3800000000001</ele>
   </trkpt>
   <trkpt lat="49.132507427995144" lon="-118.61784145795593">
    <ele>836.4300000000001</ele>
   </trkpt>
   <trkpt lat="49.13286" lon="-118.61659000000002">
    <ele>837.01</ele>
   </trkpt>
   <trkpt lat="49.13314501275576" lon="-118.61559751713386">
    <ele>837.8700000000001</ele>
   </trkpt>
   <trkpt lat="49.133430017004784" lon="-118.61460502285559">
    <ele>839.28</ele>
   </trkpt>
   <trkpt lat="49.13371501274688" lon="-118.61361251716527">
    <ele>840.44</ele>
   </trkpt>
   <trkpt lat="49.13400000000001" lon="-118.61262">
    <ele>842.37</ele>
   </trkpt>
   <trkpt lat="49.1341350023649" lon="-118.61188500182618">
    <ele>843.32</ele>
   </trkpt>
   <trkpt lat="49.13427" lon="-118.61115000000001">
    <ele>844.4800000000001</ele>
   </trkpt>
   <trkpt lat="49.134385002108104" lon="-118.6104550014769">
    <ele>845.4</ele>
   </trkpt>
   <trkpt lat="49.1345" lon="-118.60976000000001">
    <ele>846.4200000000001</ele>
   </trkpt>
   <trkpt lat="49.134550000000004" lon="-118.60917">
    <ele>846.6700000000001</ele>
   </trkpt>
   <trkpt lat="49.13456000000001" lon="-118.60837000000001">
    <ele>847.8700000000001</ele>
   </trkpt>
   <trkpt lat="49.13452669950737" lon="-118.60713666252595">
    <ele>849.2400000000001</ele>
   </trkpt>
   <trkpt lat="49.13449338587846" lon="-118.60590332670928">
    <ele>851.0300000000001</ele>
   </trkpt>
   <trkpt lat="49.1344600591133" lon="-118.60466999255067">
    <ele>852.38</ele>
   </trkpt>
   <trkpt lat="49.13442671921195" lon="-118.60343666005072">
    <ele>854.21</ele>
   </trkpt>
   <trkpt lat="49.13439336617445" lon="-118.6022033292101">
    <ele>855.44</ele>
   </trkpt>
   <trkpt lat="49.13436" lon="-118.60097">
    <ele>857.1</ele>
   </trkpt>
   <trkpt lat="49.13436" lon="-118.59971000000002">
    <ele>858.7300000000001</ele>
   </trkpt>
   <trkpt lat="49.134420000000006" lon="-118.59869">
    <ele>859.8500000000001</ele>
   </trkpt>
   <trkpt lat="49.13448" lon="-118.59816000000001">
    <ele>860.28</ele>
   </trkpt>
   <trkpt lat="49.134620000000005" lon="-118.59736000000001">
    <ele>861.1700000000001</ele>
   </trkpt>
   <trkpt lat="49.134800000000006" lon="-118.59672">
    <ele>861.89</ele>
   </trkpt>
   <trkpt lat="49.13505000000001" lon="-118.59592">
    <ele>863.4000000000001</ele>
   </trkpt>
   <trkpt lat="49.13535500227335" lon="-118.59520000434772">
    <ele>864.32</ele>
   </trkpt>
   <trkpt lat="49.13566" lon="-118.59448">
    <ele>865.45</ele>
   </trkpt>
   <trkpt lat="49.13603500312218" lon="-118.59362500654666">
    <ele>866.47</ele>
   </trkpt>
   <trkpt lat="49.136410000000005" lon="-118.59277000000002">
    <ele>868.0300000000001</ele>
   </trkpt>
   <trkpt lat="49.136860000000006" lon="-118.59163000000001">
    <ele>869.53</ele>
   </trkpt>
   <trkpt lat="49.137240000000006" lon="-118.59086">
    <ele>870.92</ele>
   </trkpt>
   <trkpt lat="49.13756" lon="-118.59045">
    <ele>871.09</ele>
   </trkpt>
   <trkpt lat="49.138206671703564" lon="-118.58968668657923">
    <ele>872.3400000000001</ele>
   </trkpt>
   <trkpt lat="49.1388533383754" lon="-118.58892335324016">
    <ele>874.1700000000001</ele>
   </trkpt>
   <trkpt lat="49.139500000000005" lon="-118.58816000000002">
    <ele>875.38</ele>
   </trkpt>
   <trkpt lat="49.139680000000006" lon="-118.58777">
    <ele>875.84</ele>
   </trkpt>
   <trkpt lat="49.13989" lon="-118.58697000000001">
    <ele>877.14</ele>
   </trkpt>
   <trkpt lat="49.14008752072522" lon="-118.58570501514401">
    <ele>878.48</ele>
   </trkpt>
   <trkpt lat="49.1402850276316" lon="-118.58444002020538">
    <ele>880.2200000000001</ele>
   </trkpt>
   <trkpt lat="49.140482520718976" lon="-118.58317501518465">
    <ele>882.3000000000001</ele>
   </trkpt>
   <trkpt lat="49.14068" lon="-118.58191000000001">
    <ele>883.77</ele>
   </trkpt>
   <trkpt lat="49.140930000000004" lon="-118.58114">
    <ele>884.7900000000001</ele>
   </trkpt>
   <trkpt lat="49.141290000000005" lon="-118.58024">
    <ele>886.6400000000001</ele>
   </trkpt>
   <trkpt lat="49.141420000000004" lon="-118.57988">
    <ele>886.82</ele>
   </trkpt>
   <trkpt lat="49.14162" lon="-118.57912">
    <ele>887.96</ele>
   </trkpt>
   <trkpt lat="49.141670000000005" lon="-118.57885">
    <ele>888.5200000000001</ele>
   </trkpt>
   <trkpt lat="49.14175" lon="-118.57792">
    <ele>889.12</ele>
   </trkpt>
   <trkpt lat="49.141805004623734" lon="-118.57688500117897">
    <ele>890.51</ele>
   </trkpt>
   <trkpt lat="49.14186" lon="-118.57585">
    <ele>891.85</ele>
   </trkpt>
   <trkpt lat="49.141920000000006" lon="-118.575">
    <ele>892.58</ele>
   </trkpt>
   <trkpt lat="49.14191" lon="-118.57451">
    <ele>893.2800000000001</ele>
   </trkpt>
   <trkpt lat="49.141780000000004" lon="-118.5733">
    <ele>894.4000000000001</ele>
   </trkpt>
   <trkpt lat="49.141760000000005" lon="-118.57258000000002">
    <ele>895.1600000000001</ele>
   </trkpt>
   <trkpt lat="49.14177" lon="-118.57208000000001">
    <ele>895.72</ele>
   </trkpt>
   <trkpt lat="49.14184" lon="-118.57148000000001">
    <ele>896.34</ele>
   </trkpt>
   <trkpt lat="49.141940000000005" lon="-118.57106">
    <ele>896.82</ele>
   </trkpt>
   <trkpt lat="49.14211" lon="-118.57053">
    <ele>897.6</ele>
   </trkpt>
   <trkpt lat="49.14251" lon="-118.56982">
    <ele>899.48</ele>
   </trkpt>
   <trkpt lat="49.143130000000006" lon="-118.56896">
    <ele>901.26</ele>
   </trkpt>
   <trkpt lat="49.14358000000001" lon="-118.56824">
    <ele>902.6400000000001</ele>
   </trkpt>
   <trkpt lat="49.143730000000005" lon="-118.56789">
    <ele>902.82</ele>
   </trkpt>
   <trkpt lat="49.14406" lon="-118.56686">
    <ele>904.3700000000001</ele>
   </trkpt>
   <trkpt lat="49.144220000000004" lon="-118.56645">
    <ele>904.7600000000001</ele>
   </trkpt>
   <trkpt lat="49.14452000000001" lon="-118.56601">
    <ele>905.94</ele>
   </trkpt>
   <trkpt lat="49.14521876321704" lon="-118.56534881527105">
    <ele>907.5400000000001</ele>
   </trkpt>
   <trkpt lat="49.14591752265883" lon="-118.56468761189436">
    <ele>909.1</ele>
   </trkpt>
   <trkpt lat="49.14661627832518" lon="-118.56402638986907">
    <ele>911.07</ele>
   </trkpt>
   <trkpt lat="49.14731503021593" lon="-118.56336514919428">
    <ele>912.97</ele>
   </trkpt>
   <trkpt lat="49.14801377833084" lon="-118.56270388986907">
    <ele>914.1600000000001</ele>
   </trkpt>
   <trkpt lat="49.14871252266975" lon="-118.56204261189262">
    <ele>915.5300000000001</ele>
   </trkpt>
   <trkpt lat="49.14941126323242" lon="-118.561381315264">
    <ele>917.1700000000001</ele>
   </trkpt>
   <trkpt lat="49.150110000000005" lon="-118.56072">
    <ele>919.1800000000001</ele>
   </trkpt>
   <trkpt lat="49.1506400009419" lon="-118.56025000503851">
    <ele>920.0100000000001</ele>
   </trkpt>
   <trkpt lat="49.15117" lon="-118.55978">
    <ele>921.15</ele>
   </trkpt>
   <trkpt lat="49.15155000000001" lon="-118.55948000000001">
    <ele>922.0300000000001</ele>
   </trkpt>
   <trkpt lat="49.15227" lon="-118.55911">
    <ele>923.83</ele>
   </trkpt>
   <trkpt lat="49.15292" lon="-118.55884">
    <ele>924.95</ele>
   </trkpt>
   <trkpt lat="49.153330000000004" lon="-118.55858">
    <ele>925.6400000000001</ele>
   </trkpt>
   <trkpt lat="49.15368" lon="-118.55835">
    <ele>926.1700000000001</ele>
   </trkpt>
   <trkpt lat="49.153940000000006" lon="-118.55808">
    <ele>926.94</ele>
   </trkpt>
   <trkpt lat="49.15435" lon="-118.55764">
    <ele>927.9900000000001</ele>
   </trkpt>
   <trkpt lat="49.154900000000005" lon="-118.55683">
    <ele>929.48</ele>
   </trkpt>
   <trkpt lat="49.15538" lon="-118.55595000000001">
    <ele>931.0500000000001</ele>
   </trkpt>
   <trkpt lat="49.155750000000005" lon="-118.55503000000002">
    <ele>932.2900000000001</ele>
   </trkpt>
   <trkpt lat="49.15605000000001" lon="-118.55391000000002">
    <ele>933.8000000000001</ele>
   </trkpt>
   <trkpt lat="49.15621000214011" lon="-118.5532200018642">
    <ele>934.7500000000001</ele>
   </trkpt>
   <trkpt lat="49.15637" lon="-118.55253">
    <ele>935.19</ele>
   </trkpt>
   <trkpt lat="49.15655" lon="-118.55123">
    <ele>937.5400000000001</ele>
   </trkpt>
   <trkpt lat="49.156600000000005" lon="-118.55075000000001">
    <ele>937.86</ele>
   </trkpt>
   <trkpt lat="49.156620000000004" lon="-118.55030000000001">
    <ele>937.94</ele>
   </trkpt>
   <trkpt lat="49.15659" lon="-118.54966">
    <ele>938.7500000000001</ele>
   </trkpt>
   <trkpt lat="49.156470000000006" lon="-118.54859">
    <ele>939.7700000000001</ele>
   </trkpt>
   <trkpt lat="49.156330000000004" lon="-118.54774">
    <ele>940.95</ele>
   </trkpt>
   <trkpt lat="49.15608" lon="-118.54677000000001">
    <ele>941.8900000000001</ele>
   </trkpt>
   <trkpt lat="49.155820000000006" lon="-118.5459">
    <ele>942.52</ele>
   </trkpt>
   <trkpt lat="49.15550000333642" lon="-118.54501999429569">
    <ele>943.2900000000001</ele>
   </trkpt>
   <trkpt lat="49.15518" lon="-118.54414000000001">
    <ele>944.12</ele>
   </trkpt>
   <trkpt lat="49.154970000000006" lon="-118.54345">
    <ele>944.4000000000001</ele>
   </trkpt>
   <trkpt lat="49.15456334599384" lon="-118.54223998018615">
    <ele>944.4000000000001</ele>
   </trkpt>
   <trkpt lat="49.154156679344894" lon="-118.54102998023924">
    <ele>944.5700000000002</ele>
   </trkpt>
   <trkpt lat="49.15375" lon="-118.53982">
    <ele>944.49</ele>
   </trkpt>
   <trkpt lat="49.15343000000001" lon="-118.53879">
    <ele>944.15</ele>
   </trkpt>
   <trkpt lat="49.153310000000005" lon="-118.53815000000002">
    <ele>943.0600000000001</ele>
   </trkpt>
   <trkpt lat="49.153240000000004" lon="-118.53748000000002">
    <ele>942.7</ele>
   </trkpt>
   <trkpt lat="49.153220000000005" lon="-118.53698000000001">
    <ele>942.5400000000001</ele>
   </trkpt>
   <trkpt lat="49.15325000000001" lon="-118.53566000000001">
    <ele>941.03</ele>
   </trkpt>
   <trkpt lat="49.153330000000004" lon="-118.53499000000001">
    <ele>939.83</ele>
   </trkpt>
   <trkpt lat="49.153470000000006" lon="-118.53427">
    <ele>938.48</ele>
   </trkpt>
   <trkpt lat="49.15375" lon="-118.53343000000001">
    <ele>937.1600000000001</ele>
   </trkpt>
   <trkpt lat="49.154180000000004" lon="-118.5323">
    <ele>935.6800000000001</ele>
   </trkpt>
   <trkpt lat="49.15439000000001" lon="-118.53153">
    <ele>934.21</ele>
   </trkpt>
   <trkpt lat="49.154560000000004" lon="-118.5305">
    <ele>932.2900000000001</ele>
   </trkpt>
   <trkpt lat="49.15462" lon="-118.52947">
    <ele>930.9000000000001</ele>
   </trkpt>
   <trkpt lat="49.15458" lon="-118.52858">
    <ele>930.1</ele>
   </trkpt>
   <trkpt lat="49.15439000000001" lon="-118.52755">
    <ele>928.2</ele>
   </trkpt>
   <trkpt lat="49.15402001330485" lon="-118.5263099815686">
    <ele>925.8700000000001</ele>
   </trkpt>
   <trkpt lat="49.15365001333222" lon="-118.5250699816607">
    <ele>924.07</ele>
   </trkpt>
   <trkpt lat="49.15328" lon="-118.52383">
    <ele>921.44</ele>
   </trkpt>
   <trkpt lat="49.1531" lon="-118.52289">
    <ele>920.49</ele>
   </trkpt>
   <trkpt lat="49.15296000000001" lon="-118.522">
    <ele>919.51</ele>
   </trkpt>
   <trkpt lat="49.1529" lon="-118.52112000000001">
    <ele>917.9200000000001</ele>
   </trkpt>
   <trkpt lat="49.152890000000006" lon="-118.52025">
    <ele>916.75</ele>
   </trkpt>
   <trkpt lat="49.15306000310475" lon="-118.519405002791">
    <ele>915.2300000000001</ele>
   </trkpt>
   <trkpt lat="49.15323" lon="-118.51856000000001">
    <ele>914.2000000000002</ele>
   </trkpt>
   <trkpt lat="49.15343500210215" lon="-118.51786000294274">
    <ele>912.82</ele>
   </trkpt>
   <trkpt lat="49.15364" lon="-118.51716">
    <ele>911.97</ele>
   </trkpt>
   <trkpt lat="49.15397667979676" lon="-118.51592668344834">
    <ele>909.3500000000001</ele>
   </trkpt>
   <trkpt lat="49.1543133464588" lon="-118.5146933501323">
    <ele>907.0100000000001</ele>
   </trkpt>
   <trkpt lat="49.154650000000004" lon="-118.51346000000001">
    <ele>905.22</ele>
   </trkpt>
   <trkpt lat="49.154810000000005" lon="-118.51277">
    <ele>903.5900000000001</ele>
   </trkpt>
   <trkpt lat="49.154920000000004" lon="-118.51216000000001">
    <ele>903.5900000000001</ele>
   </trkpt>
   <trkpt lat="49.154970000000006" lon="-118.51174">
    <ele>902.09</ele>
   </trkpt>
   <trkpt lat="49.154970000000006" lon="-118.51116">
    <ele>901.34</ele>
   </trkpt>
   <trkpt lat="49.15495000000001" lon="-118.51085">
    <ele>900.85</ele>
   </trkpt>
   <trkpt lat="49.15489" lon="-118.51049">
    <ele>900.44</ele>
   </trkpt>
   <trkpt lat="49.154635006019454" lon="-118.50930999396144">
    <ele>898.6400000000001</ele>
   </trkpt>
   <trkpt lat="49.15438" lon="-118.50813000000001">
    <ele>896.73</ele>
   </trkpt>
   <trkpt lat="49.15411751441958" lon="-118.50707498324026">
    <ele>894.7700000000001</ele>
   </trkpt>
   <trkpt lat="49.153855019227926" lon="-118.50601997766137">
    <ele>893.2200000000001</ele>
   </trkpt>
   <trkpt lat="49.15359251442523" lon="-118.50496498326352">
    <ele>891.6</ele>
   </trkpt>
   <trkpt lat="49.153330000000004" lon="-118.50391">
    <ele>889.9100000000001</ele>
   </trkpt>
   <trkpt lat="49.15322000780981" lon="-118.50256499700417">
    <ele>887.9</ele>
   </trkpt>
   <trkpt lat="49.153110000000005" lon="-118.50122">
    <ele>885.96</ele>
   </trkpt>
   <trkpt lat="49.152940002923756" lon="-118.50039499709666">
    <ele>884.82</ele>
   </trkpt>
   <trkpt lat="49.152770000000004" lon="-118.49957">
    <ele>883.07</ele>
   </trkpt>
   <trkpt lat="49.1527" lon="-118.49907">
    <ele>879.86</ele>
   </trkpt>
   <trkpt lat="49.15269000000001" lon="-118.49868000000001">
    <ele>879.07</ele>
   </trkpt>
   <trkpt lat="49.152730000000005" lon="-118.4984">
    <ele>879.8800000000001</ele>
   </trkpt>
   <trkpt lat="49.152860000000004" lon="-118.498">
    <ele>882.41</ele>
   </trkpt>
   <trkpt lat="49.15301" lon="-118.49773">
    <ele>882.2800000000001</ele>
   </trkpt>
   <trkpt lat="49.15321" lon="-118.49751">
    <ele>881.65</ele>
   </trkpt>
   <trkpt lat="49.153510000000004" lon="-118.49725000000001">
    <ele>881.1200000000001</ele>
   </trkpt>
   <trkpt lat="49.15434500067418" lon="-118.49684500684333">
    <ele>878.97</ele>
   </trkpt>
   <trkpt lat="49.15518" lon="-118.49644">
    <ele>876.8</ele>
   </trkpt>
   <trkpt lat="49.155440000000006" lon="-118.49625">
    <ele>876.02</ele>
   </trkpt>
   <trkpt lat="49.155660000000005" lon="-118.49598">
    <ele>875.38</ele>
   </trkpt>
   <trkpt lat="49.155910000000006" lon="-118.49554">
    <ele>875.38</ele>
   </trkpt>
   <trkpt lat="49.1563050028491" lon="-118.49473500631504">
    <ele>873.48</ele>
   </trkpt>
   <trkpt lat="49.1567" lon="-118.49393">
    <ele>872.21</ele>
   </trkpt>
   <trkpt lat="49.15691" lon="-118.49357">
    <ele>870.6700000000001</ele>
   </trkpt>
   <trkpt lat="49.1572" lon="-118.49320000000002">
    <ele>870.09</ele>
   </trkpt>
   <trkpt lat="49.157630000000005" lon="-118.49272">
    <ele>869.59</ele>
   </trkpt>
   <trkpt lat="49.15789" lon="-118.49219000000001">
    <ele>867.99</ele>
   </trkpt>
   <trkpt lat="49.158120000000004" lon="-118.49128">
    <ele>867.1200000000001</ele>
   </trkpt>
   <trkpt lat="49.1582650038149" lon="-118.49034000275189">
    <ele>865.14</ele>
   </trkpt>
   <trkpt lat="49.15841" lon="-118.4894">
    <ele>863.0300000000001</ele>
   </trkpt>
   <trkpt lat="49.15865" lon="-118.48815">
    <ele>862.0600000000001</ele>
   </trkpt>
   <trkpt lat="49.158710000000006" lon="-118.48763000000001">
    <ele>861.16</ele>
   </trkpt>
   <trkpt lat="49.158710000000006" lon="-118.48762">
    <ele>861.16</ele>
   </trkpt>
   <trkpt lat="49.158730000000006" lon="-118.48749000000001">
    <ele>860.8500000000001</ele>
   </trkpt>
   <trkpt lat="49.15869000000001" lon="-118.48662000000002">
    <ele>859.19</ele>
   </trkpt>
   <trkpt lat="49.158620000000006" lon="-118.48613">
    <ele>858.53</ele>
   </trkpt>
   <trkpt lat="49.158530000000006" lon="-118.48578">
    <ele>858.1</ele>
   </trkpt>
   <trkpt lat="49.158240000000006" lon="-118.4851">
    <ele>857.33</ele>
   </trkpt>
   <trkpt lat="49.157720000000005" lon="-118.48434">
    <ele>855.4100000000001</ele>
   </trkpt>
   <trkpt lat="49.157360000000004" lon="-118.48403">
    <ele>855.4100000000001</ele>
   </trkpt>
   <trkpt lat="49.157000000000004" lon="-118.48383000000001">
    <ele>853.9700000000001</ele>
   </trkpt>
   <trkpt lat="49.156530000000004" lon="-118.48367">
    <ele>852.8800000000001</ele>
   </trkpt>
   <trkpt lat="49.156150000000004" lon="-118.48349">
    <ele>852.08</ele>
   </trkpt>
   <trkpt lat="49.15588" lon="-118.48331">
    <ele>851.0300000000001</ele>
   </trkpt>
   <trkpt lat="49.155680000000004" lon="-118.48309">
    <ele>850.3600000000001</ele>
   </trkpt>
   <trkpt lat="49.15547" lon="-118.48282">
    <ele>850.0900000000001</ele>
   </trkpt>
   <trkpt lat="49.15513000000001" lon="-118.48212000000001">
    <ele>849.0300000000001</ele>
   </trkpt>
   <trkpt lat="49.15491" lon="-118.48144">
    <ele>847.9200000000001</ele>
   </trkpt>
   <trkpt lat="49.154830000000004" lon="-118.4809">
    <ele>846.7800000000001</ele>
   </trkpt>
   <trkpt lat="49.15477000658768" lon="-118.47966499855536">
    <ele>844.94</ele>
   </trkpt>
   <trkpt lat="49.15471" lon="-118.47843">
    <ele>842.8100000000001</ele>
   </trkpt>
   <trkpt lat="49.15466000000001" lon="-118.4779">
    <ele>842.8100000000001</ele>
   </trkpt>
   <trkpt lat="49.1546" lon="-118.47749">
    <ele>842.08</ele>
   </trkpt>
   <trkpt lat="49.154350002275606" lon="-118.47677499658708">
    <ele>840.4</ele>
   </trkpt>
   <trkpt lat="49.15410000000001" lon="-118.47606">
    <ele>839.46</ele>
   </trkpt>
   <trkpt lat="49.153980000000004" lon="-118.47548">
    <ele>839.0000000000001</ele>
   </trkpt>
   <trkpt lat="49.153960000000005" lon="-118.47494">
    <ele>837.82</ele>
   </trkpt>
   <trkpt lat="49.154030000000006" lon="-118.4744">
    <ele>836.95</ele>
   </trkpt>
   <trkpt lat="49.15426" lon="-118.4736">
    <ele>835.57</ele>
   </trkpt>
   <trkpt lat="49.15437000000001" lon="-118.47312000000001">
    <ele>835.16</ele>
   </trkpt>
   <trkpt lat="49.15444" lon="-118.47265000000002">
    <ele>834.7800000000001</ele>
   </trkpt>
   <trkpt lat="49.15444" lon="-118.47243">
    <ele>834.76</ele>
   </trkpt>
   <trkpt lat="49.15431" lon="-118.4719">
    <ele>834.79</ele>
   </trkpt>
   <trkpt lat="49.15419000000001" lon="-118.47158">
    <ele>834.2100000000002</ele>
   </trkpt>
   <trkpt lat="49.153760000000005" lon="-118.47082">
    <ele>832.9300000000001</ele>
   </trkpt>
   <trkpt lat="49.15346" lon="-118.47047">
    <ele>831.98</ele>
   </trkpt>
   <trkpt lat="49.15295500045975" lon="-118.47006999573935">
    <ele>830.5600000000001</ele>
   </trkpt>
   <trkpt lat="49.15245" lon="-118.46967000000001">
    <ele>829.19</ele>
   </trkpt>
   <trkpt lat="49.15190500067958" lon="-118.4692899958587">
    <ele>827.91</ele>
   </trkpt>
   <trkpt lat="49.151360000000004" lon="-118.46891000000001">
    <ele>826.3600000000001</ele>
   </trkpt>
   <trkpt lat="49.150690000000004" lon="-118.46863">
    <ele>824.58</ele>
   </trkpt>
   <trkpt lat="49.15044" lon="-118.46858">
    <ele>823.3800000000001</ele>
   </trkpt>
   <trkpt lat="49.1501" lon="-118.46858">
    <ele>823.13</ele>
   </trkpt>
   <trkpt lat="49.149800000000006" lon="-118.46859">
    <ele>823.13</ele>
   </trkpt>
   <trkpt lat="49.149480000000004" lon="-118.46868">
    <ele>820.8900000000001</ele>
   </trkpt>
   <trkpt lat="49.149210000000004" lon="-118.46881">
    <ele>820.59</ele>
   </trkpt>
   <trkpt lat="49.14889" lon="-118.46903">
    <ele>819.9900000000001</ele>
   </trkpt>
   <trkpt lat="49.148590000000006" lon="-118.46932000000001">
    <ele>819.15</ele>
   </trkpt>
   <trkpt lat="49.14829" lon="-118.4697">
    <ele>818.46</ele>
   </trkpt>
   <trkpt lat="49.14793500133264" lon="-118.4702800043514">
    <ele>817.15</ele>
   </trkpt>
   <trkpt lat="49.147580000000005" lon="-118.47086000000002">
    <ele>815.9200000000001</ele>
   </trkpt>
   <trkpt lat="49.14732" lon="-118.47109">
    <ele>815.32</ele>
   </trkpt>
   <trkpt lat="49.1469" lon="-118.47136">
    <ele>813.83</ele>
   </trkpt>
   <trkpt lat="49.146420000000006" lon="-118.47164000000001">
    <ele>813.15</ele>
   </trkpt>
   <trkpt lat="49.146100000000004" lon="-118.47199">
    <ele>812.2800000000001</ele>
   </trkpt>
   <trkpt lat="49.14546000000001" lon="-118.47285000000001">
    <ele>810.24</ele>
   </trkpt>
   <trkpt lat="49.145250000000004" lon="-118.47311">
    <ele>809.48</ele>
   </trkpt>
   <trkpt lat="49.14493" lon="-118.47343000000001">
    <ele>808.82</ele>
   </trkpt>
   <trkpt lat="49.144540000000006" lon="-118.47373">
    <ele>808.0400000000001</ele>
   </trkpt>
   <trkpt lat="49.14424" lon="-118.47388000000001">
    <ele>807.27</ele>
   </trkpt>
   <trkpt lat="49.14376000000001" lon="-118.47405">
    <ele>806.07</ele>
   </trkpt>
   <trkpt lat="49.14349000000001" lon="-118.47409">
    <ele>805.7700000000001</ele>
   </trkpt>
   <trkpt lat="49.14325" lon="-118.47405">
    <ele>805.46</ele>
   </trkpt>
   <trkpt lat="49.14294" lon="-118.47391">
    <ele>804.2600000000001</ele>
   </trkpt>
   <trkpt lat="49.14264000000001" lon="-118.47374">
    <ele>803.7</ele>
   </trkpt>
   <trkpt lat="49.142390000000006" lon="-118.47351">
    <ele>803.07</ele>
   </trkpt>
   <trkpt lat="49.142140000000005" lon="-118.47319000000002">
    <ele>802.3800000000001</ele>
   </trkpt>
   <trkpt lat="49.14175500262983" lon="-118.47240499383858">
    <ele>800.95</ele>
   </trkpt>
   <trkpt lat="49.14137" lon="-118.47162000000002">
    <ele>799.45</ele>
   </trkpt>
   <trkpt lat="49.140980000000006" lon="-118.47086000000002">
    <ele>798.2600000000001</ele>
   </trkpt>
   <trkpt lat="49.14081" lon="-118.47064">
    <ele>797.6</ele>
   </trkpt>
   <trkpt lat="49.140420000000006" lon="-118.47034000000001">
    <ele>796.64</ele>
   </trkpt>
   <trkpt lat="49.140260000000005" lon="-118.47029">
    <ele>796.64</ele>
   </trkpt>
   <trkpt lat="49.140080000000005" lon="-118.47029">
    <ele>796.24</ele>
   </trkpt>
   <trkpt lat="49.13987" lon="-118.47030000000001">
    <ele>795.87</ele>
   </trkpt>
   <trkpt lat="49.13924333398838" lon="-118.47056333996885">
    <ele>793.83</ele>
   </trkpt>
   <trkpt lat="49.13861666737792" lon="-118.47082667327847">
    <ele>792.37</ele>
   </trkpt>
   <trkpt lat="49.13799" lon="-118.47109">
    <ele>791.09</ele>
   </trkpt>
   <trkpt lat="49.13734" lon="-118.47122000000002">
    <ele>789.66</ele>
   </trkpt>
   <trkpt lat="49.13707" lon="-118.47119">
    <ele>789.0400000000001</ele>
   </trkpt>
   <trkpt lat="49.13673000000001" lon="-118.47109">
    <ele>788.0100000000001</ele>
   </trkpt>
   <trkpt lat="49.1366" lon="-118.471">
    <ele>787.7</ele>
   </trkpt>
   <trkpt lat="49.13618" lon="-118.4706">
    <ele>786.36</ele>
   </trkpt>
   <trkpt lat="49.13597000000001" lon="-118.47046">
    <ele>786.36</ele>
   </trkpt>
   <trkpt lat="49.1358" lon="-118.47038">
    <ele>786.36</ele>
   </trkpt>
   <trkpt lat="49.13557" lon="-118.47038">
    <ele>785.78</ele>
   </trkpt>
   <trkpt lat="49.13539" lon="-118.47043000000001">
    <ele>785.2</ele>
   </trkpt>
   <trkpt lat="49.13523000000001" lon="-118.47051">
    <ele>784.7700000000001</ele>
   </trkpt>
   <trkpt lat="49.13472500070187" lon="-118.47089000381231">
    <ele>783.6700000000001</ele>
   </trkpt>
   <trkpt lat="49.134220000000006" lon="-118.47127">
    <ele>781.54</ele>
   </trkpt>
   <trkpt lat="49.13402000000001" lon="-118.47136">
    <ele>781.54</ele>
   </trkpt>
   <trkpt lat="49.1338" lon="-118.47136">
    <ele>781.14</ele>
   </trkpt>
   <trkpt lat="49.13356" lon="-118.47132">
    <ele>780.17</ele>
   </trkpt>
   <trkpt lat="49.13302" lon="-118.47104000000002">
    <ele>779.6500000000001</ele>
   </trkpt>
   <trkpt lat="49.13268" lon="-118.47088000000001">
    <ele>778.5200000000001</ele>
   </trkpt>
   <trkpt lat="49.13253" lon="-118.47087">
    <ele>778.5200000000001</ele>
   </trkpt>
   <trkpt lat="49.13233" lon="-118.47087">
    <ele>778.2800000000001</ele>
   </trkpt>
   <trkpt lat="49.132130000000004" lon="-118.47092">
    <ele>777.9</ele>
   </trkpt>
   <trkpt lat="49.13152" lon="-118.47127">
    <ele>776.1300000000001</ele>
   </trkpt>
   <trkpt lat="49.131150000000005" lon="-118.47133000000001">
    <ele>775.66</ele>
   </trkpt>
   <trkpt lat="49.130950000000006" lon="-118.47128000000001">
    <ele>775.21</ele>
   </trkpt>
   <trkpt lat="49.130720000000004" lon="-118.47118">
    <ele>774.9</ele>
   </trkpt>
   <trkpt lat="49.13017000000001" lon="-118.47083">
    <ele>772.84</ele>
   </trkpt>
   <trkpt lat="49.12950000000001" lon="-118.47029">
    <ele>771.51</ele>
   </trkpt>
   <trkpt lat="49.12897" lon="-118.46975">
    <ele>770.3100000000001</ele>
   </trkpt>
   <trkpt lat="49.12848" lon="-118.46917">
    <ele>768.8900000000001</ele>
   </trkpt>
   <trkpt lat="49.128190000000004" lon="-118.46863">
    <ele>767.6800000000001</ele>
   </trkpt>
   <trkpt lat="49.127790000000005" lon="-118.46773">
    <ele>766.4000000000001</ele>
   </trkpt>
   <trkpt lat="49.12758" lon="-118.46737000000002">
    <ele>765.82</ele>
   </trkpt>
   <trkpt lat="49.12735000000001" lon="-118.46712000000001">
    <ele>764.59</ele>
   </trkpt>
   <trkpt lat="49.12711" lon="-118.46693">
    <ele>764.59</ele>
   </trkpt>
   <trkpt lat="49.126540000000006" lon="-118.46654000000001">
    <ele>763.12</ele>
   </trkpt>
   <trkpt lat="49.12633" lon="-118.46631000000001">
    <ele>762.09</ele>
   </trkpt>
   <trkpt lat="49.12613" lon="-118.46599">
    <ele>761.5200000000001</ele>
   </trkpt>
   <trkpt lat="49.125910000000005" lon="-118.46557000000001">
    <ele>760.8300000000002</ele>
   </trkpt>
   <trkpt lat="49.125730000000004" lon="-118.46528">
    <ele>760.4000000000001</ele>
   </trkpt>
   <trkpt lat="49.12548" lon="-118.46509">
    <ele>760.2</ele>
   </trkpt>
   <trkpt lat="49.12519" lon="-118.46496">
    <ele>759.09</ele>
   </trkpt>
   <trkpt lat="49.12487" lon="-118.46492">
    <ele>758.4200000000001</ele>
   </trkpt>
   <trkpt lat="49.12456" lon="-118.46492">
    <ele>758.19</ele>
   </trkpt>
   <trkpt lat="49.124210000000005" lon="-118.465">
    <ele>756.38</ele>
   </trkpt>
   <trkpt lat="49.123760000000004" lon="-118.46514">
    <ele>755.4900000000001</ele>
   </trkpt>
   <trkpt lat="49.123380000000004" lon="-118.46532">
    <ele>755.0500000000001</ele>
   </trkpt>
   <trkpt lat="49.1229" lon="-118.46567">
    <ele>753.12</ele>
   </trkpt>
   <trkpt lat="49.12247000000001" lon="-118.46608">
    <ele>752.19</ele>
   </trkpt>
   <trkpt lat="49.12229000000001" lon="-118.46639">
    <ele>751.3700000000001</ele>
   </trkpt>
   <trkpt lat="49.12219" lon="-118.46667000000001">
    <ele>751.0300000000001</ele>
   </trkpt>
   <trkpt lat="49.122080002468174" lon="-118.46742500162894">
    <ele>749.74</ele>
   </trkpt>
   <trkpt lat="49.121970000000005" lon="-118.46818">
    <ele>748.96</ele>
   </trkpt>
   <trkpt lat="49.121770000000005" lon="-118.46872">
    <ele>748.0000000000001</ele>
   </trkpt>
   <trkpt lat="49.121590000000005" lon="-118.46908">
    <ele>747.26</ele>
   </trkpt>
   <trkpt lat="49.12136" lon="-118.46939">
    <ele>746.77</ele>
   </trkpt>
   <trkpt lat="49.121050000000004" lon="-118.46962">
    <ele>746.01</ele>
   </trkpt>
   <trkpt lat="49.12066" lon="-118.4698">
    <ele>746.01</ele>
   </trkpt>
   <trkpt lat="49.12042" lon="-118.46984">
    <ele>744.48</ele>
   </trkpt>
   <trkpt lat="49.12008" lon="-118.46975">
    <ele>743.9300000000001</ele>
   </trkpt>
   <trkpt lat="49.11977" lon="-118.4697">
    <ele>742.69</ele>
   </trkpt>
   <trkpt lat="49.119110000000006" lon="-118.46966">
    <ele>741.5600000000001</ele>
   </trkpt>
   <trkpt lat="49.11882000000001" lon="-118.46969000000001">
    <ele>742.1200000000001</ele>
   </trkpt>
   <trkpt lat="49.118570000000005" lon="-118.46983000000002">
    <ele>744.4000000000001</ele>
   </trkpt>
   <trkpt lat="49.118230000000004" lon="-118.47011">
    <ele>747.95</ele>
   </trkpt>
   <trkpt lat="49.11795000000001" lon="-118.47051">
    <ele>743.94</ele>
   </trkpt>
   <trkpt lat="49.117740000000005" lon="-118.47092">
    <ele>740.4300000000001</ele>
   </trkpt>
   <trkpt lat="49.11750000000001" lon="-118.47171000000002">
    <ele>741.01</ele>
   </trkpt>
   <trkpt lat="49.117180000000005" lon="-118.47253">
    <ele>738.5200000000001</ele>
   </trkpt>
   <trkpt lat="49.117020000000004" lon="-118.47275">
    <ele>737.89</ele>
   </trkpt>
   <trkpt lat="49.116670000000006" lon="-118.47306">
    <ele>737.07</ele>
   </trkpt>
   <trkpt lat="49.116420000000005" lon="-118.47315">
    <ele>736.58</ele>
   </trkpt>
   <trkpt lat="49.116200000000006" lon="-118.4732">
    <ele>735.7800000000001</ele>
   </trkpt>
   <trkpt lat="49.115640000000006" lon="-118.4732">
    <ele>734.08</ele>
   </trkpt>
   <trkpt lat="49.115080000000006" lon="-118.47324">
    <ele>732.9000000000001</ele>
   </trkpt>
   <trkpt lat="49.11451000007687" lon="-118.47335000125922">
    <ele>730.98</ele>
   </trkpt>
   <trkpt lat="49.11394000000001" lon="-118.47346">
    <ele>729.32</ele>
   </trkpt>
   <trkpt lat="49.11352" lon="-118.47351">
    <ele>728.0000000000001</ele>
   </trkpt>
   <trkpt lat="49.11312" lon="-118.47342">
    <ele>727.44</ele>
   </trkpt>
   <trkpt lat="49.112840000000006" lon="-118.47328">
    <ele>726.2400000000001</ele>
   </trkpt>
   <trkpt lat="49.112550000000006" lon="-118.47307">
    <ele>725.4200000000001</ele>
   </trkpt>
   <trkpt lat="49.112280000000005" lon="-118.47284">
    <ele>725.0200000000001</ele>
   </trkpt>
   <trkpt lat="49.112010000000005" lon="-118.47271">
    <ele>724.26</ele>
   </trkpt>
   <trkpt lat="49.11175" lon="-118.47266">
    <ele>724.26</ele>
   </trkpt>
   <trkpt lat="49.11149" lon="-118.47274000000002">
    <ele>722.7500000000001</ele>
   </trkpt>
   <trkpt lat="49.11117" lon="-118.47284">
    <ele>721.7300000000001</ele>
   </trkpt>
   <trkpt lat="49.11086" lon="-118.47299000000001">
    <ele>721.25</ele>
   </trkpt>
   <trkpt lat="49.11057" lon="-118.47328">
    <ele>720.1400000000001</ele>
   </trkpt>
   <trkpt lat="49.110200000000006" lon="-118.47369">
    <ele>719.23</ele>
   </trkpt>
   <trkpt lat="49.10994" lon="-118.47391">
    <ele>718.5600000000001</ele>
   </trkpt>
   <trkpt lat="49.10972" lon="-118.474">
    <ele>718.1800000000001</ele>
   </trkpt>
   <trkpt lat="49.10956" lon="-118.47401">
    <ele>717.99</ele>
   </trkpt>
   <trkpt lat="49.109350000000006" lon="-118.474">
    <ele>717.72</ele>
   </trkpt>
   <trkpt lat="49.109140000000004" lon="-118.47396">
    <ele>717.3000000000001</ele>
   </trkpt>
   <trkpt lat="49.108880000000006" lon="-118.47387">
    <ele>716.7600000000001</ele>
   </trkpt>
   <trkpt lat="49.10806" lon="-118.47342">
    <ele>714.61</ele>
   </trkpt>
   <trkpt lat="49.10788" lon="-118.47337">
    <ele>714.3100000000001</ele>
   </trkpt>
   <trkpt lat="49.1077" lon="-118.47337">
    <ele>713.7</ele>
   </trkpt>
   <trkpt lat="49.10745000000001" lon="-118.47342">
    <ele>713.22</ele>
   </trkpt>
   <trkpt lat="49.10727000000001" lon="-118.47351">
    <ele>713.22</ele>
   </trkpt>
   <trkpt lat="49.107040000000005" lon="-118.47377000000002">
    <ele>712.33</ele>
   </trkpt>
   <trkpt lat="49.106880000000004" lon="-118.47397000000001">
    <ele>711.8800000000001</ele>
   </trkpt>
   <trkpt lat="49.10678" lon="-118.47418">
    <ele>711.8800000000001</ele>
   </trkpt>
   <trkpt lat="49.106680000000004" lon="-118.4745">
    <ele>711.3000000000001</ele>
   </trkpt>
   <trkpt lat="49.106640000000006" lon="-118.47481">
    <ele>710.9700000000001</ele>
   </trkpt>
   <trkpt lat="49.10660000000001" lon="-118.47548">
    <ele>709.8000000000001</ele>
   </trkpt>
   <trkpt lat="49.106550000000006" lon="-118.47592000000002">
    <ele>709.2700000000001</ele>
   </trkpt>
   <trkpt lat="49.106480000000005" lon="-118.47624">
    <ele>708.37</ele>
   </trkpt>
   <trkpt lat="49.106170000000006" lon="-118.47713000000002">
    <ele>706.67</ele>
   </trkpt>
   <trkpt lat="49.1058" lon="-118.47803">
    <ele>705.2</ele>
   </trkpt>
   <trkpt lat="49.105540000000005" lon="-118.47858000000001">
    <ele>704.5400000000001</ele>
   </trkpt>
   <trkpt lat="49.10526" lon="-118.47901000000002">
    <ele>703.84</ele>
   </trkpt>
   <trkpt lat="49.10481" lon="-118.47946">
    <ele>702.9399999999999</ele>
   </trkpt>
   <trkpt lat="49.1045" lon="-118.47973">
    <ele>701.9200000000001</ele>
   </trkpt>
   <trkpt lat="49.104200000000006" lon="-118.47987">
    <ele>701.3900000000001</ele>
   </trkpt>
   <trkpt lat="49.104000000000006" lon="-118.47988000000001">
    <ele>700.99</ele>
   </trkpt>
   <trkpt lat="49.103770000000004" lon="-118.47989000000001">
    <ele>700.6300000000001</ele>
   </trkpt>
   <trkpt lat="49.103640000000006" lon="-118.47987">
    <ele>700.2</ele>
   </trkpt>
   <trkpt lat="49.103165000052016" lon="-118.47968999824377">
    <ele>698.77</ele>
   </trkpt>
   <trkpt lat="49.10269" lon="-118.47951">
    <ele>697.9300000000001</ele>
   </trkpt>
   <trkpt lat="49.10221000000001" lon="-118.47946">
    <ele>697.07</ele>
   </trkpt>
   <trkpt lat="49.101980000000005" lon="-118.47950000000002">
    <ele>696.8000000000001</ele>
   </trkpt>
   <trkpt lat="49.10172000000001" lon="-118.47956">
    <ele>695.85</ele>
   </trkpt>
   <trkpt lat="49.10120000057677" lon="-118.47993500395118">
    <ele>694.5300000000001</ele>
   </trkpt>
   <trkpt lat="49.100680000000004" lon="-118.48031">
    <ele>693.0200000000001</ele>
   </trkpt>
   <trkpt lat="49.10009" lon="-118.48067">
    <ele>691.5100000000001</ele>
   </trkpt>
   <trkpt lat="49.09977000000001" lon="-118.48081">
    <ele>691.1400000000001</ele>
   </trkpt>
   <trkpt lat="49.09951" lon="-118.4809">
    <ele>690.49</ele>
   </trkpt>
   <trkpt lat="49.0989650000178" lon="-118.48099000099108">
    <ele>689.18</ele>
   </trkpt>
   <trkpt lat="49.098420000000004" lon="-118.48108">
    <ele>687.5500000000001</ele>
   </trkpt>
   <trkpt lat="49.09799" lon="-118.48118000000001">
    <ele>686.62</ele>
   </trkpt>
   <trkpt lat="49.097590000000004" lon="-118.48134">
    <ele>685.85</ele>
   </trkpt>
   <trkpt lat="49.096970000000006" lon="-118.48171">
    <ele>683.88</ele>
   </trkpt>
   <trkpt lat="49.09667" lon="-118.48193">
    <ele>683.15</ele>
   </trkpt>
   <trkpt lat="49.096165000897756" lon="-118.48242000512018">
    <ele>682.0500000000001</ele>
   </trkpt>
   <trkpt lat="49.09566" lon="-118.48291">
    <ele>680.5300000000001</ele>
   </trkpt>
   <trkpt lat="49.095330000000004" lon="-118.48318">
    <ele>679.22</ele>
   </trkpt>
   <trkpt lat="49.095000000000006" lon="-118.48341">
    <ele>678.62</ele>
   </trkpt>
   <trkpt lat="49.09463" lon="-118.48358">
    <ele>677.5699999999999</ele>
   </trkpt>
   <trkpt lat="49.094390000000004" lon="-118.48363">
    <ele>677.36</ele>
   </trkpt>
   <trkpt lat="49.09358" lon="-118.48367">
    <ele>675.6200000000001</ele>
   </trkpt>
   <trkpt lat="49.09335" lon="-118.48377">
    <ele>674.95</ele>
   </trkpt>
   <trkpt lat="49.092560000000006" lon="-118.48425">
    <ele>673.2600000000001</ele>
   </trkpt>
   <trkpt lat="49.09226" lon="-118.48434">
    <ele>672.3</ele>
   </trkpt>
   <trkpt lat="49.09187000000001" lon="-118.48438000000002">
    <ele>671.49</ele>
   </trkpt>
   <trkpt lat="49.091099999999905" lon="-118.48436499976737">
    <ele>669.7700000000001</ele>
   </trkpt>
   <trkpt lat="49.09033" lon="-118.48435">
    <ele>667.6200000000001</ele>
   </trkpt>
   <trkpt lat="49.08977" lon="-118.48442000000001">
    <ele>666.75</ele>
   </trkpt>
   <trkpt lat="49.089510000000004" lon="-118.48457">
    <ele>666.57</ele>
   </trkpt>
   <trkpt lat="49.089110000000005" lon="-118.48489000000001">
    <ele>664.88</ele>
   </trkpt>
   <trkpt lat="49.08883" lon="-118.48519">
    <ele>664.0400000000001</ele>
   </trkpt>
   <trkpt lat="49.088530000000006" lon="-118.48547">
    <ele>663.12</ele>
   </trkpt>
   <trkpt lat="49.088260000000005" lon="-118.48564">
    <ele>662.81</ele>
   </trkpt>
   <trkpt lat="49.08809" lon="-118.48570000000001">
    <ele>662.6500000000001</ele>
   </trkpt>
   <trkpt lat="49.0878" lon="-118.48569">
    <ele>661.57</ele>
   </trkpt>
   <trkpt lat="49.08751" lon="-118.48555">
    <ele>661.57</ele>
   </trkpt>
   <trkpt lat="49.087120000000006" lon="-118.4852">
    <ele>660.4000000000001</ele>
   </trkpt>
   <trkpt lat="49.08662" lon="-118.48462">
    <ele>658.72</ele>
   </trkpt>
   <trkpt lat="49.086200001489615" lon="-118.48403999514488">
    <ele>657.0</ele>
   </trkpt>
   <trkpt lat="49.08578000000001" lon="-118.48346000000001">
    <ele>655.96</ele>
   </trkpt>
   <trkpt lat="49.085440000000006" lon="-118.48287">
    <ele>654.66</ele>
   </trkpt>
   <trkpt lat="49.08512" lon="-118.48238">
    <ele>653.5000000000001</ele>
   </trkpt>
   <trkpt lat="49.08448500194253" lon="-118.4817049913416">
    <ele>651.99</ele>
   </trkpt>
   <trkpt lat="49.083850000000005" lon="-118.48103">
    <ele>649.1300000000001</ele>
   </trkpt>
   <trkpt lat="49.08363000000001" lon="-118.48076">
    <ele>649.1300000000001</ele>
   </trkpt>
   <trkpt lat="49.0832950021894" lon="-118.480029994831">
    <ele>648.0300000000001</ele>
   </trkpt>
   <trkpt lat="49.08296000000001" lon="-118.47930000000001">
    <ele>646.1</ele>
   </trkpt>
   <trkpt lat="49.082730000000005" lon="-118.47892000000002">
    <ele>645.23</ele>
   </trkpt>
   <trkpt lat="49.082510000000006" lon="-118.47866">
    <ele>644.84</ele>
   </trkpt>
   <trkpt lat="49.082280000000004" lon="-118.47848">
    <ele>644.45</ele>
   </trkpt>
   <trkpt lat="49.08178" lon="-118.47821">
    <ele>643.49</ele>
   </trkpt>
   <trkpt lat="49.081390000000006" lon="-118.47786">
    <ele>642.2</ele>
   </trkpt>
   <trkpt lat="49.08106" lon="-118.47742000000001">
    <ele>641.6400000000001</ele>
   </trkpt>
   <trkpt lat="49.08072000154505" lon="-118.4768099957126">
    <ele>640.21</ele>
   </trkpt>
   <trkpt lat="49.080380000000005" lon="-118.4762">
    <ele>639.22</ele>
   </trkpt>
   <trkpt lat="49.080040000000004" lon="-118.47567000000001">
    <ele>638.08</ele>
   </trkpt>
   <trkpt lat="49.07978000000001" lon="-118.47535">
    <ele>636.8100000000001</ele>
   </trkpt>
   <trkpt lat="49.07941" lon="-118.47503">
    <ele>636.5</ele>
   </trkpt>
   <trkpt lat="49.07907" lon="-118.47480000000002">
    <ele>635.26</ele>
   </trkpt>
   <trkpt lat="49.078630000000004" lon="-118.47458">
    <ele>633.9200000000001</ele>
   </trkpt>
   <trkpt lat="49.078100000000006" lon="-118.47442000000001">
    <ele>632.6800000000001</ele>
   </trkpt>
   <trkpt lat="49.077360000000006" lon="-118.47433000000001">
    <ele>631.2</ele>
   </trkpt>
   <trkpt lat="49.076620000000005" lon="-118.47427">
    <ele>629.0600000000001</ele>
   </trkpt>
   <trkpt lat="49.07584500009918" lon="-118.47419499883709">
    <ele>627.5400000000001</ele>
   </trkpt>
   <trkpt lat="49.075070000000004" lon="-118.47412000000001">
    <ele>625.4399999999999</ele>
   </trkpt>
   <trkpt lat="49.074594999957505" lon="-118.47408499966181">
    <ele>624.4900000000001</ele>
   </trkpt>
   <trkpt lat="49.07412" lon="-118.47405">
    <ele>623.51</ele>
   </trkpt>
   <trkpt lat="49.073660000000004" lon="-118.47395000000002">
    <ele>622.1300000000001</ele>
   </trkpt>
   <trkpt lat="49.073100000000004" lon="-118.47365">
    <ele>620.2500000000001</ele>
   </trkpt>
   <trkpt lat="49.072366669481575" lon="-118.47307664972115">
    <ele>618.23</ele>
   </trkpt>
   <trkpt lat="49.071633336123426" lon="-118.47250331636876">
    <ele>616.62</ele>
   </trkpt>
   <trkpt lat="49.0709" lon="-118.47193000000001">
    <ele>615.0600000000001</ele>
   </trkpt>
   <trkpt lat="49.070660000000004" lon="-118.47178000000001">
    <ele>614.86</ele>
   </trkpt>
   <trkpt lat="49.070420000000006" lon="-118.47172">
    <ele>614.6</ele>
   </trkpt>
   <trkpt lat="49.07020000000001" lon="-118.47180000000002">
    <ele>614.2500000000001</ele>
   </trkpt>
   <trkpt lat="49.069430000000004" lon="-118.47212">
    <ele>611.0500000000001</ele>
   </trkpt>
   <trkpt lat="49.06924" lon="-118.47225000000002">
    <ele>611.0500000000001</ele>
   </trkpt>
   <trkpt lat="49.069010000000006" lon="-118.47248">
    <ele>610.59</ele>
   </trkpt>
   <trkpt lat="49.06882" lon="-118.47279">
    <ele>610.04</ele>
   </trkpt>
   <trkpt lat="49.068560000000005" lon="-118.47356">
    <ele>608.3700000000001</ele>
   </trkpt>
   <trkpt lat="49.06833" lon="-118.47458">
    <ele>606.2700000000001</ele>
   </trkpt>
   <trkpt lat="49.068115003249545" lon="-118.47544000350163">
    <ele>604.5500000000001</ele>
   </trkpt>
   <trkpt lat="49.0679" lon="-118.47630000000001">
    <ele>602.83</ele>
   </trkpt>
   <trkpt lat="49.06774" lon="-118.47674">
    <ele>602.83</ele>
   </trkpt>
   <trkpt lat="49.06758000000001" lon="-118.47706000000001">
    <ele>602.1800000000001</ele>
   </trkpt>
   <trkpt lat="49.067350000000005" lon="-118.4774">
    <ele>601.21</ele>
   </trkpt>
   <trkpt lat="49.06698" lon="-118.47776">
    <ele>600.5600000000001</ele>
   </trkpt>
   <trkpt lat="49.066660000000006" lon="-118.47799">
    <ele>599.6800000000001</ele>
   </trkpt>
   <trkpt lat="49.066370000000006" lon="-118.47817">
    <ele>598.75</ele>
   </trkpt>
   <trkpt lat="49.065670000000004" lon="-118.47836000000001">
    <ele>597.63</ele>
   </trkpt>
   <trkpt lat="49.06528" lon="-118.47843">
    <ele>596.34</ele>
   </trkpt>
   <trkpt lat="49.06499" lon="-118.47852">
    <ele>595.33</ele>
   </trkpt>
   <trkpt lat="49.06457" lon="-118.47875">
    <ele>594.8</ele>
   </trkpt>
   <trkpt lat="49.06400500054193" lon="-118.47911000410441">
    <ele>593.4200000000001</ele>
   </trkpt>
   <trkpt lat="49.06344000000001" lon="-118.47947">
    <ele>592.1200000000001</ele>
   </trkpt>
   <trkpt lat="49.062895000397575" lon="-118.47976000316208">
    <ele>590.72</ele>
   </trkpt>
   <trkpt lat="49.06235" lon="-118.48005">
    <ele>589.4200000000001</ele>
   </trkpt>
   <trkpt lat="49.06201" lon="-118.48019000000001">
    <ele>588.1200000000001</ele>
   </trkpt>
   <trkpt lat="49.06157" lon="-118.48028000000001">
    <ele>587.2700000000001</ele>
   </trkpt>
   <trkpt lat="49.0613" lon="-118.48027">
    <ele>587.2700000000001</ele>
   </trkpt>
   <trkpt lat="49.06056" lon="-118.48009">
    <ele>585.64</ele>
   </trkpt>
   <trkpt lat="49.06031" lon="-118.48013">
    <ele>585.0200000000001</ele>
   </trkpt>
   <trkpt lat="49.06004" lon="-118.48024000000001">
    <ele>584.32</ele>
   </trkpt>
   <trkpt lat="49.059870000000004" lon="-118.48041">
    <ele>583.82</ele>
   </trkpt>
   <trkpt lat="49.05921000000001" lon="-118.48125">
    <ele>581.96</ele>
   </trkpt>
   <trkpt lat="49.059020000000004" lon="-118.48139">
    <ele>581.77</ele>
   </trkpt>
   <trkpt lat="49.058780000000006" lon="-118.48152">
    <ele>581.1</ele>
   </trkpt>
   <trkpt lat="49.058460000000004" lon="-118.48161">
    <ele>580.0300000000001</ele>
   </trkpt>
   <trkpt lat="49.05774" lon="-118.48167000000001">
    <ele>578.49</ele>
   </trkpt>
   <trkpt lat="49.05747" lon="-118.48161">
    <ele>578.0600000000001</ele>
   </trkpt>
   <trkpt lat="49.057190000000006" lon="-118.48148">
    <ele>577.1500000000001</ele>
   </trkpt>
   <trkpt lat="49.056540000000005" lon="-118.48081">
    <ele>575.6600000000001</ele>
   </trkpt>
   <trkpt lat="49.05635" lon="-118.48067">
    <ele>574.7800000000001</ele>
   </trkpt>
   <trkpt lat="49.056050000000006" lon="-118.4805">
    <ele>573.91</ele>
   </trkpt>
   <trkpt lat="49.05584" lon="-118.48049">
    <ele>573.91</ele>
   </trkpt>
   <trkpt lat="49.055400000000006" lon="-118.4805">
    <ele>572.69</ele>
   </trkpt>
   <trkpt lat="49.054640000000006" lon="-118.48067">
    <ele>570.2400000000001</ele>
   </trkpt>
   <trkpt lat="49.05418" lon="-118.48067">
    <ele>569.3600000000001</ele>
   </trkpt>
   <trkpt lat="49.053340000000006" lon="-118.48046000000001">
    <ele>567.9300000000001</ele>
   </trkpt>
   <trkpt lat="49.05265500026522" lon="-118.48027499748261">
    <ele>565.88</ele>
   </trkpt>
   <trkpt lat="49.051970000000004" lon="-118.48009">
    <ele>564.0</ele>
   </trkpt>
   <trkpt lat="49.05165" lon="-118.47996">
    <ele>563.6800000000001</ele>
   </trkpt>
   <trkpt lat="49.05149" lon="-118.47996">
    <ele>562.76</ele>
   </trkpt>
   <trkpt lat="49.05095000000001" lon="-118.47982">
    <ele>560.8700000000001</ele>
   </trkpt>
   <trkpt lat="49.05068000000001" lon="-118.47969">
    <ele>560.5300000000001</ele>
   </trkpt>
   <trkpt lat="49.050290000000004" lon="-118.47939000000001">
    <ele>559.3800000000001</ele>
   </trkpt>
   <trkpt lat="49.04999" lon="-118.47915">
    <ele>558.59</ele>
   </trkpt>
   <trkpt lat="49.049690000000005" lon="-118.47879">
    <ele>558.07</ele>
   </trkpt>
   <trkpt lat="49.0495" lon="-118.47848">
    <ele>557.62</ele>
   </trkpt>
   <trkpt lat="49.049080000000004" lon="-118.47767">
    <ele>556.19</ele>
   </trkpt>
   <trkpt lat="49.048840000000006" lon="-118.47727">
    <ele>555.48</ele>
   </trkpt>
   <trkpt lat="49.04865" lon="-118.477">
    <ele>554.37</ele>
   </trkpt>
   <trkpt lat="49.04844000000001" lon="-118.47679000000001">
    <ele>554.18</ele>
   </trkpt>
   <trkpt lat="49.04816" lon="-118.4766">
    <ele>553.32</ele>
   </trkpt>
   <trkpt lat="49.0478" lon="-118.47630000000001">
    <ele>552.79</ele>
   </trkpt>
   <trkpt lat="49.04757000000001" lon="-118.47606">
    <ele>551.89</ele>
   </trkpt>
   <trkpt lat="49.04712000000001" lon="-118.47543">
    <ele>550.74</ele>
   </trkpt>
   <trkpt lat="49.046890000000005" lon="-118.47518000000001">
    <ele>550.03</ele>
   </trkpt>
   <trkpt lat="49.04668" lon="-118.47507000000002">
    <ele>549.6600000000001</ele>
   </trkpt>
   <trkpt lat="49.04641" lon="-118.47499">
    <ele>548.6600000000001</ele>
   </trkpt>
   <trkpt lat="49.046170000000004" lon="-118.47499">
    <ele>548.18</ele>
   </trkpt>
   <trkpt lat="49.04598000000001" lon="-118.47503">
    <ele>547.73</ele>
   </trkpt>
   <trkpt lat="49.04581" lon="-118.47512">
    <ele>547.4</ele>
   </trkpt>
   <trkpt lat="49.04569000000001" lon="-118.47521">
    <ele>547.4</ele>
   </trkpt>
   <trkpt lat="49.04549" lon="-118.47543">
    <ele>546.66</ele>
   </trkpt>
   <trkpt lat="49.045190000000005" lon="-118.47592000000002">
    <ele>545.44</ele>
   </trkpt>
   <trkpt lat="49.04478500260171" lon="-118.4766850060914">
    <ele>544.09</ele>
   </trkpt>
   <trkpt lat="49.044380000000004" lon="-118.47745">
    <ele>542.12</ele>
   </trkpt>
   <trkpt lat="49.04406" lon="-118.47799">
    <ele>540.9300000000001</ele>
   </trkpt>
   <trkpt lat="49.043730000000004" lon="-118.47840000000001">
    <ele>540.18</ele>
   </trkpt>
   <trkpt lat="49.04325000000001" lon="-118.47888">
    <ele>538.81</ele>
   </trkpt>
   <trkpt lat="49.04301" lon="-118.47903000000001">
    <ele>538.59</ele>
   </trkpt>
   <trkpt lat="49.04274" lon="-118.47925000000001">
    <ele>537.61</ele>
   </trkpt>
   <trkpt lat="49.042190000000005" lon="-118.47951">
    <ele>536.48</ele>
   </trkpt>
   <trkpt lat="49.04195000000001" lon="-118.47955">
    <ele>535.86</ele>
   </trkpt>
   <trkpt lat="49.04162" lon="-118.47955">
    <ele>535.46</ele>
   </trkpt>
   <trkpt lat="49.04139000000001" lon="-118.47951">
    <ele>535.0600000000001</ele>
   </trkpt>
   <trkpt lat="49.04115" lon="-118.47942">
    <ele>534.96</ele>
   </trkpt>
   <trkpt lat="49.04088" lon="-118.47928">
    <ele>534.64</ele>
   </trkpt>
   <trkpt lat="49.040580000000006" lon="-118.47906">
    <ele>534.52</ele>
   </trkpt>
   <trkpt lat="49.040380000000006" lon="-118.47884">
    <ele>534.37</ele>
   </trkpt>
   <trkpt lat="49.04019" lon="-118.47857">
    <ele>534.1800000000001</ele>
   </trkpt>
   <trkpt lat="49.03982500155948" lon="-118.47798499583682">
    <ele>533.91</ele>
   </trkpt>
   <trkpt lat="49.039460000000005" lon="-118.4774">
    <ele>533.76</ele>
   </trkpt>
   <trkpt lat="49.038880004388986" lon="-118.47639498832507">
    <ele>533.5300000000001</ele>
   </trkpt>
   <trkpt lat="49.03830000000001" lon="-118.47539">
    <ele>533.7</ele>
   </trkpt>
   <trkpt lat="49.038160000000005" lon="-118.47521">
    <ele>533.7</ele>
   </trkpt>
   <trkpt lat="49.03762667396865" lon="-118.47428998025191">
    <ele>532.81</ele>
   </trkpt>
   <trkpt lat="49.03709334062413" lon="-118.47336998023297">
    <ele>532.5500000000001</ele>
   </trkpt>
   <trkpt lat="49.03656" lon="-118.47245000000001">
    <ele>532.88</ele>
   </trkpt>
   <trkpt lat="49.03655000262834" lon="-118.47323000015659">
    <ele>532.93</ele>
   </trkpt>
   <trkpt lat="49.03654" lon="-118.47401">
    <ele>532.5600000000001</ele>
   </trkpt>
   <trkpt lat="49.03599287873853" lon="-118.47309708260535">
    <ele>532.0</ele>
   </trkpt>
   <trkpt lat="49.035445750276324" lon="-118.4721841852928">
    <ele>531.39</ele>
   </trkpt>
   <trkpt lat="49.03489861461368" lon="-118.47127130806173">
    <ele>532.0400000000001</ele>
   </trkpt>
   <trkpt lat="49.03435147175092" lon="-118.47035845091162">
    <ele>533.13</ele>
   </trkpt>
   <trkpt lat="49.0338043216883" lon="-118.46944561384186">
    <ele>533.2600000000001</ele>
   </trkpt>
   <trkpt lat="49.03325716442616" lon="-118.46853279685193">
    <ele>533.71</ele>
   </trkpt>
   <trkpt lat="49.03271" lon="-118.46762000000001">
    <ele>533.78</ele>
   </trkpt>
   <trkpt lat="49.03224500279206" lon="-118.46682499267465">
    <ele>534.1100000000001</ele>
   </trkpt>
   <trkpt lat="49.031780000000005" lon="-118.46603">
    <ele>533.48</ele>
   </trkpt>
   <trkpt lat="49.03166" lon="-118.46575000000001">
    <ele>533.42</ele>
   </trkpt>
   <trkpt lat="49.031380000000006" lon="-118.46497000000001">
    <ele>532.87</ele>
   </trkpt>
   <trkpt lat="49.03101500178861" lon="-118.46430499489921">
    <ele>532.25</ele>
   </trkpt>
   <trkpt lat="49.03065" lon="-118.46364000000001">
    <ele>531.6500000000001</ele>
   </trkpt>
   <trkpt lat="49.0307" lon="-118.46344">
    <ele>531.6500000000001</ele>
   </trkpt>
   <trkpt lat="49.03092" lon="-118.46286">
    <ele>531.59</ele>
   </trkpt>
   <trkpt lat="49.030930000000005" lon="-118.46285">
    <ele>529.97</ele>
   </trkpt>
   <trkpt lat="49.030460000000005" lon="-118.46217000000001">
    <ele>530.09</ele>
   </trkpt>
   <trkpt lat="49.030130001201634" lon="-118.46161999617664">
    <ele>529.03</ele>
   </trkpt>
   <trkpt lat="49.0298" lon="-118.46107">
    <ele>529.1400000000001</ele>
   </trkpt>
   <trkpt lat="49.029740000000004" lon="-118.46095000000001">
    <ele>529.0100000000001</ele>
   </trkpt>
   <trkpt lat="49.02967" lon="-118.46073000000001">
    <ele>528.51</ele>
   </trkpt>
   <trkpt lat="49.029740000000004" lon="-118.46057">
    <ele>527.21</ele>
   </trkpt>
   <trkpt lat="49.02976" lon="-118.46054000000001">
    <ele>528.93</ele>
   </trkpt>
   <trkpt lat="49.02955000000001" lon="-118.4603">
    <ele>528.6899999999999</ele>
   </trkpt>
   <trkpt lat="49.029090000000004" lon="-118.45953000000002">
    <ele>527.73</ele>
   </trkpt>
   <trkpt lat="49.028940000000006" lon="-118.45902000000001">
    <ele>526.1800000000001</ele>
   </trkpt>
   <trkpt lat="49.02873" lon="-118.45884000000001">
    <ele>526.42</ele>
   </trkpt>
   <trkpt lat="49.028600000000004" lon="-118.45857000000001">
    <ele>526.42</ele>
   </trkpt>
   <trkpt lat="49.0282900109104" lon="-118.45744665269505">
    <ele>526.3</ele>
   </trkpt>
   <trkpt lat="49.02798001091741" lon="-118.45632331938734">
    <ele>524.81</ele>
   </trkpt>
   <trkpt lat="49.02767" lon="-118.4552">
    <ele>523.7400000000001</ele>
   </trkpt>
   <trkpt lat="49.027480000000004" lon="-118.45444">
    <ele>522.6899999999999</ele>
   </trkpt>
   <trkpt lat="49.02738" lon="-118.4539">
    <ele>522.2900000000001</ele>
   </trkpt>
   <trkpt lat="49.02731000000001" lon="-118.45336">
    <ele>522.0799999999999</ele>
   </trkpt>
   <trkpt lat="49.02721500724506" lon="-118.4520649975252">
    <ele>521.6200000000001</ele>
   </trkpt>
   <trkpt lat="49.027120000000004" lon="-118.45077">
    <ele>521.05</ele>
   </trkpt>
   <trkpt lat="49.02707" lon="-118.45040000000002">
    <ele>520.87</ele>
   </trkpt>
   <trkpt lat="49.026990000000005" lon="-118.45">
    <ele>520.87</ele>
   </trkpt>
   <trkpt lat="49.026830000000004" lon="-118.44939000000001">
    <ele>520.69</ele>
   </trkpt>
   <trkpt lat="49.02664000000001" lon="-118.44893">
    <ele>520.59</ele>
   </trkpt>
   <trkpt lat="49.02687" lon="-118.44869000000001">
    <ele>520.12</ele>
   </trkpt>
   <trkpt lat="49.02713000000001" lon="-118.44824000000001">
    <ele>519.93</ele>
   </trkpt>
   <trkpt lat="49.027300000000004" lon="-118.44786">
    <ele>519.86</ele>
   </trkpt>
   <trkpt lat="49.02761" lon="-118.44705">
    <ele>519.94</ele>
   </trkpt>
   <trkpt lat="49.027800000000006" lon="-118.44642">
    <ele>520.5200000000001</ele>
   </trkpt>
   <trkpt lat="49.02806000413737" lon="-118.44544500498067">
    <ele>520.5600000000001</ele>
   </trkpt>
   <trkpt lat="49.02832" lon="-118.44447000000001">
    <ele>520.5200000000001</ele>
   </trkpt>
   <trkpt lat="49.02845000000001" lon="-118.44405">
    <ele>520.2800000000001</ele>
   </trkpt>
   <trkpt lat="49.02857" lon="-118.44381000000001">
    <ele>520.2800000000001</ele>
   </trkpt>
   <trkpt lat="49.02873" lon="-118.44363000000001">
    <ele>520.1</ele>
   </trkpt>
   <trkpt lat="49.028890000000004" lon="-118.44352">
    <ele>520.02</ele>
   </trkpt>
   <trkpt lat="49.029360000000004" lon="-118.44358000000001">
    <ele>518.84</ele>
   </trkpt>
   <trkpt lat="49.029790000000006" lon="-118.44368000000001">
    <ele>519.03</ele>
   </trkpt>
   <trkpt lat="49.03010669811997" lon="-118.44247337172827">
    <ele>520.45</ele>
   </trkpt>
   <trkpt lat="49.03042338365973" lon="-118.44126672809553">
    <ele>523.14</ele>
   </trkpt>
   <trkpt lat="49.03074005661896" lon="-118.44006006910209">
    <ele>520.59</ele>
   </trkpt>
   <trkpt lat="49.03105671699737" lon="-118.43885339474818">
    <ele>516.57</ele>
   </trkpt>
   <trkpt lat="49.03137336479465" lon="-118.43764670503406">
    <ele>516.19</ele>
   </trkpt>
   <trkpt lat="49.031690000000005" lon="-118.43644">
    <ele>515.9200000000001</ele>
   </trkpt>
   <trkpt lat="49.031175000479045" lon="-118.43611999671033">
    <ele>515.63</ele>
   </trkpt>
   <trkpt lat="49.030660000000005" lon="-118.43580000000001">
    <ele>516.97</ele>
   </trkpt>
   <trkpt lat="49.03004000000001" lon="-118.43535000000001">
    <ele>517.02</ele>
   </trkpt>
   <trkpt lat="49.029236671506816" lon="-118.43487662845598">
    <ele>513.87</ele>
   </trkpt>
   <trkpt lat="49.02843334107753" lon="-118.43440327219746">
    <ele>513.73</ele>
   </trkpt>
   <trkpt lat="49.02763000871226" lon="-118.43392993122362">
    <ele>514.48</ele>
   </trkpt>
   <trkpt lat="49.026826674411126" lon="-118.43345660553351">
    <ele>515.1300000000001</ele>
   </trkpt>
   <trkpt lat="49.02602333817424" lon="-118.4329832951263">
    <ele>515.9100000000001</ele>
   </trkpt>
   <trkpt lat="49.025220000000004" lon="-118.43251000000001">
    <ele>516.5600000000001</ele>
   </trkpt>
   <trkpt lat="49.024765000290074" lon="-118.43222499735604">
    <ele>516.88</ele>
   </trkpt>
   <trkpt lat="49.02431000000001" lon="-118.43194000000001">
    <ele>516.98</ele>
   </trkpt>
   <trkpt lat="49.02347500092414" lon="-118.43145999190523">
    <ele>516.87</ele>
   </trkpt>
   <trkpt lat="49.02264" lon="-118.43098">
    <ele>516.71</ele>
   </trkpt>
   <trkpt lat="49.02203" lon="-118.43071">
    <ele>517.2800000000001</ele>
   </trkpt>
   <trkpt lat="49.02143" lon="-118.43057">
    <ele>519.82</ele>
   </trkpt>
   <trkpt lat="49.020920000000004" lon="-118.43058">
    <ele>523.4100000000001</ele>
   </trkpt>
   <trkpt lat="49.02090667718517" lon="-118.42947666604452">
    <ele>523.76</ele>
   </trkpt>
   <trkpt lat="49.02089334385145" lon="-118.42837333267994">
    <ele>524.5200000000001</ele>
   </trkpt>
   <trkpt lat="49.020880000000005" lon="-118.42727000000001">
    <ele>524.3</ele>
   </trkpt>
   <trkpt lat="49.02087501897679" lon="-118.42605999968815">
    <ele>523.44</ele>
   </trkpt>
   <trkpt lat="49.02087002530253" lon="-118.42484999961883">
    <ele>522.87</ele>
   </trkpt>
   <trkpt lat="49.02086501897722" lon="-118.42363999979261">
    <ele>522.02</ele>
   </trkpt>
   <trkpt lat="49.020860000000006" lon="-118.42243">
    <ele>521.0</ele>
   </trkpt>
   <trkpt lat="49.0208450063272" lon="-118.42121999977054">
    <ele>517.97</ele>
   </trkpt>
   <trkpt lat="49.020830000000004" lon="-118.42001">
    <ele>516.02</ele>
   </trkpt>
   <trkpt lat="49.0208" lon="-118.41984000000001">
    <ele>516.0</ele>
   </trkpt>
   <trkpt lat="49.020700000000005" lon="-118.41973000000002">
    <ele>515.85</ele>
   </trkpt>
   <trkpt lat="49.020570000000006" lon="-118.41969">
    <ele>515.85</ele>
   </trkpt>
   <trkpt lat="49.01972600001654" lon="-118.41969400027124">
    <ele>515.5000000000001</ele>
   </trkpt>
   <trkpt lat="49.01888200003294" lon="-118.41969800040681">
    <ele>515.17</ele>
   </trkpt>
   <trkpt lat="49.01803800004918" lon="-118.41970200040673">
    <ele>514.6400000000001</ele>
   </trkpt>
   <trkpt lat="49.0171940000653" lon="-118.41970600027099">
    <ele>514.59</ele>
   </trkpt>
   <trkpt lat="49.01635" lon="-118.41971000000001">
    <ele>514.21</ele>
   </trkpt>
   <trkpt lat="49.015509999973844" lon="-118.41969999983095">
    <ele>513.6700000000001</ele>
   </trkpt>
   <trkpt lat="49.01467" lon="-118.41969">
    <ele>513.63</ele>
   </trkpt>
   <trkpt lat="49.014670021236356" lon="-118.41841000000403">
    <ele>514.1</ele>
   </trkpt>
   <trkpt lat="49.01467002831514" lon="-118.41713000000735">
    <ele>513.6</ele>
   </trkpt>
   <trkpt lat="49.01467002123635" lon="-118.41585000001062">
    <ele>514.29</ele>
   </trkpt>
   <trkpt lat="49.01467" lon="-118.41457000000001">
    <ele>514.24</ele>
   </trkpt>
   <trkpt lat="49.015536250004104" lon="-118.41455625167501">
    <ele>514.1999999999999</ele>
   </trkpt>
   <trkpt lat="49.01640250000657" lon="-118.4145425028715">
    <ele>513.81</ele>
   </trkpt>
   <trkpt lat="49.01726875000741" lon="-118.4145287535895">
    <ele>514.46</ele>
   </trkpt>
   <trkpt lat="49.01813500000659" lon="-118.41451500382888">
    <ele>514.69</ele>
   </trkpt>
   <trkpt lat="49.01900125000417" lon="-118.41450125358966">
    <ele>512.6700000000001</ele>
   </trkpt>
   <trkpt lat="49.0198675000001" lon="-118.41448750287188">
    <ele>513.1300000000001</ele>
   </trkpt>
   <trkpt lat="49.020733749994406" lon="-118.4144737516754">
    <ele>513.37</ele>
   </trkpt>
   <trkpt lat="49.02160000000001" lon="-118.41446">
    <ele>513.4300000000001</ele>
   </trkpt>
   <trkpt lat="49.021820000000005" lon="-118.41449000000001">
    <ele>513.69</ele>
   </trkpt>
   <trkpt lat="49.02182000752786" lon="-118.41316999996874">
    <ele>517.21</ele>
   </trkpt>
   <trkpt lat="49.021820000000005" lon="-118.41185000000002">
    <ele>518.21</ele>
   </trkpt>
   <trkpt lat="49.021770000000004" lon="-118.4111">
    <ele>518.46</ele>
   </trkpt>
   <trkpt lat="49.021640000000005" lon="-118.41074">
    <ele>518.5000000000001</ele>
   </trkpt>
   <trkpt lat="49.02160000000001" lon="-118.41047">
    <ele>518.5000000000001</ele>
   </trkpt>
   <trkpt lat="49.021610016918544" lon="-118.40932750066531">
    <ele>519.3800000000001</ele>
   </trkpt>
   <trkpt lat="49.02162002255819" lon="-118.40818500087094">
    <ele>519.64</ele>
   </trkpt>
   <trkpt lat="49.02163001691897" lon="-118.4070425006175">
    <ele>520.1999999999999</ele>
   </trkpt>
   <trkpt lat="49.021640000000005" lon="-118.4059">
    <ele>521.66</ele>
   </trkpt>
   <trkpt lat="49.02162251929105" lon="-118.40467999868444">
    <ele>520.7900000000001</ele>
   </trkpt>
   <trkpt lat="49.02160502572111" lon="-118.4034599982262">
    <ele>521.27</ele>
   </trkpt>
   <trkpt lat="49.0215875192902" lon="-118.40223999862594">
    <ele>521.27</ele>
   </trkpt>
   <trkpt lat="49.021570000000004" lon="-118.40102">
    <ele>521.27</ele>
   </trkpt>
   <trkpt lat="49.02160000000001" lon="-118.4004">
    <ele>521.27</ele>
   </trkpt>
   <trkpt lat="49.021660000000004" lon="-118.39977">
    <ele>524.91</ele>
   </trkpt>
   <trkpt lat="49.021770000000004" lon="-118.3991">
    <ele>524.91</ele>
   </trkpt>
   <trkpt lat="49.021950000000004" lon="-118.39844000000001">
    <ele>524.91</ele>
   </trkpt>
   <trkpt lat="49.022180002088795" lon="-118.39775500298232">
    <ele>524.91</ele>
   </trkpt>
   <trkpt lat="49.02241" lon="-118.39707000000001">
    <ele>524.91</ele>
   </trkpt>
   <trkpt lat="49.022450000000006" lon="-118.39694000000001">
    <ele>525.0100000000001</ele>
   </trkpt>
   <trkpt lat="49.022890000000004" lon="-118.39605000000002">
    <ele>525.57</ele>
   </trkpt>
   <trkpt lat="49.02328505222882" lon="-118.39489108279726">
    <ele>529.98</ele>
   </trkpt>
   <trkpt lat="49.02368009285219" lon="-118.39373214719505">
    <ele>530.51</ele>
   </trkpt>
   <trkpt lat="49.024075121869764" lon="-118.39257319319337">
    <ele>530.36</ele>
   </trkpt>
   <trkpt lat="49.02447013928117" lon="-118.39141422079224">
    <ele>531.02</ele>
   </trkpt>
   <trkpt lat="49.024865145086096" lon="-118.39025522999161">
    <ele>532.6</ele>
   </trkpt>
   <trkpt lat="49.0252601392842" lon="-118.38909622079154">
    <ele>533.9</ele>
   </trkpt>
   <trkpt lat="49.02565512187511" lon="-118.38793719319196">
    <ele>535.07</ele>
   </trkpt>
   <trkpt lat="49.02605009285848" lon="-118.38677814719289">
    <ele>537.24</ele>
   </trkpt>
   <trkpt lat="49.026445052233996" lon="-118.38561908279435">
    <ele>538.2900000000001</ele>
   </trkpt>
   <trkpt lat="49.02684000000001" lon="-118.38446">
    <ele>537.78</ele>
   </trkpt>
   <trkpt lat="49.02709500275792" lon="-118.38365500425718">
    <ele>536.15</ele>
   </trkpt>
   <trkpt lat="49.027350000000006" lon="-118.38285">
    <ele>537.22</ele>
   </trkpt>
   <trkpt lat="49.02769000000001" lon="-118.38159">
    <ele>539.59</ele>
   </trkpt>
   <trkpt lat="49.02776" lon="-118.38128">
    <ele>540.1</ele>
   </trkpt>
   <trkpt lat="49.027905003295174" lon="-118.38040500262547">
    <ele>540.59</ele>
   </trkpt>
   <trkpt lat="49.02805000000001" lon="-118.37953">
    <ele>540.36</ele>
   </trkpt>
   <trkpt lat="49.02814" lon="-118.37868">
    <ele>539.9200000000001</ele>
   </trkpt>
   <trkpt lat="49.02821" lon="-118.37779">
    <ele>538.95</ele>
   </trkpt>
   <trkpt lat="49.028230004576656" lon="-118.37676000075926">
    <ele>538.12</ele>
   </trkpt>
   <trkpt lat="49.02825000000001" lon="-118.37573">
    <ele>537.5000000000001</ele>
   </trkpt>
   <trkpt lat="49.02820000254325" lon="-118.37496499945951">
    <ele>537.5600000000001</ele>
   </trkpt>
   <trkpt lat="49.028150000000004" lon="-118.37420000000002">
    <ele>537.4300000000001</ele>
   </trkpt>
   <trkpt lat="49.028000000000006" lon="-118.37335000000002">
    <ele>536.03</ele>
   </trkpt>
   <trkpt lat="49.02776" lon="-118.37272000000002">
    <ele>536.6800000000001</ele>
   </trkpt>
   <trkpt lat="49.027440000000006" lon="-118.37215">
    <ele>537.83</ele>
   </trkpt>
   <trkpt lat="49.02707" lon="-118.37161">
    <ele>537.5699999999999</ele>
   </trkpt>
   <trkpt lat="49.02657000000001" lon="-118.37104000000001">
    <ele>537.78</ele>
   </trkpt>
   <trkpt lat="49.025860003957284" lon="-118.370489976486">
    <ele>538.2800000000001</ele>
   </trkpt>
   <trkpt lat="49.02515000530062" lon="-118.36993996866738">
    <ele>537.6</ele>
   </trkpt>
   <trkpt lat="49.02444000403016" lon="-118.36938997654333">
    <ele>536.9900000000001</ele>
   </trkpt>
   <trkpt lat="49.02373" lon="-118.36884">
    <ele>534.73</ele>
   </trkpt>
   <trkpt lat="49.022980000000004" lon="-118.36825">
    <ele>531.93</ele>
   </trkpt>
   <trkpt lat="49.02262" lon="-118.36782000000001">
    <ele>531.6899999999999</ele>
   </trkpt>
   <trkpt lat="49.022360000000006" lon="-118.36735000000002">
    <ele>530.81</ele>
   </trkpt>
   <trkpt lat="49.02201" lon="-118.36642">
    <ele>530.93</ele>
   </trkpt>
   <trkpt lat="49.02178802471737" lon="-118.365223978646">
    <ele>530.09</ele>
   </trkpt>
   <trkpt lat="49.02156603707446" lon="-118.36402796796118">
    <ele>529.3500000000001</ele>
   </trkpt>
   <trkpt lat="49.02134403707151" lon="-118.36283196794595">
    <ele>527.48</ele>
   </trkpt>
   <trkpt lat="49.021122024708696" lon="-118.36163597860077">
    <ele>525.78</ele>
   </trkpt>
   <trkpt lat="49.020900000000005" lon="-118.36044000000001">
    <ele>523.6</ele>
   </trkpt>
   <trkpt lat="49.02065000634849" lon="-118.35922499375393">
    <ele>522.4100000000001</ele>
   </trkpt>
   <trkpt lat="49.0204" lon="-118.35801000000001">
    <ele>521.66</ele>
   </trkpt>
   <trkpt lat="49.01999000000001" lon="-118.35711">
    <ele>520.1999999999999</ele>
   </trkpt>
   <trkpt lat="49.01944" lon="-118.35635">
    <ele>519.12</ele>
   </trkpt>
   <trkpt lat="49.01876000000001" lon="-118.35559">
    <ele>518.51</ele>
   </trkpt>
   <trkpt lat="49.01822000212281" lon="-118.35488999241325">
    <ele>518.84</ele>
   </trkpt>
   <trkpt lat="49.017680000000006" lon="-118.35419">
    <ele>518.12</ele>
   </trkpt>
   <trkpt lat="49.017070000000004" lon="-118.35347000000002">
    <ele>518.26</ele>
   </trkpt>
   <trkpt lat="49.016760000000005" lon="-118.35262000000002">
    <ele>519.15</ele>
   </trkpt>
   <trkpt lat="49.016690000000004" lon="-118.35182">
    <ele>521.09</ele>
   </trkpt>
   <trkpt lat="49.01684000233728" lon="-118.35108500219907">
    <ele>521.34</ele>
   </trkpt>
   <trkpt lat="49.01699000000001" lon="-118.35035">
    <ele>522.44</ele>
   </trkpt>
   <trkpt lat="49.017070000000004" lon="-118.34976">
    <ele>522.7</ele>
   </trkpt>
   <trkpt lat="49.01704" lon="-118.34941">
    <ele>523.15</ele>
   </trkpt>
   <trkpt lat="49.01681000000001" lon="-118.34855">
    <ele>524.02</ele>
   </trkpt>
   <trkpt lat="49.016560000000005" lon="-118.34788">
    <ele>524.03</ele>
   </trkpt>
   <trkpt lat="49.016290000000005" lon="-118.34743">
    <ele>522.98</ele>
   </trkpt>
   <trkpt lat="49.015805000579746" lon="-118.34700999574996">
    <ele>523.4100000000001</ele>
   </trkpt>
   <trkpt lat="49.01532" lon="-118.34659">
    <ele>525.59</ele>
   </trkpt>
   <trkpt lat="49.01464000000001" lon="-118.34632">
    <ele>527.52</ele>
   </trkpt>
   <trkpt lat="49.014190000000006" lon="-118.34596">
    <ele>527.24</ele>
   </trkpt>
   <trkpt lat="49.01373" lon="-118.34546">
    <ele>526.95</ele>
   </trkpt>
   <trkpt lat="49.01339" lon="-118.34498">
    <ele>526.14</ele>
   </trkpt>
   <trkpt lat="49.01319" lon="-118.34454000000001">
    <ele>525.83</ele>
   </trkpt>
   <trkpt lat="49.013090000000005" lon="-118.34403">
    <ele>525.25</ele>
   </trkpt>
   <trkpt lat="49.013040000000004" lon="-118.34341">
    <ele>524.8000000000001</ele>
   </trkpt>
   <trkpt lat="49.01303" lon="-118.34242">
    <ele>523.78</ele>
   </trkpt>
   <trkpt lat="49.01307500206962" lon="-118.34173000043063">
    <ele>523.3500000000001</ele>
   </trkpt>
   <trkpt lat="49.01312" lon="-118.34104">
    <ele>522.78</ele>
   </trkpt>
   <trkpt lat="49.01323000000001" lon="-118.34009">
    <ele>522.0400000000001</ele>
   </trkpt>
   <trkpt lat="49.01336000214775" lon="-118.33938000201925">
    <ele>520.7700000000001</ele>
   </trkpt>
   <trkpt lat="49.013490000000004" lon="-118.33867000000001">
    <ele>520.11</ele>
   </trkpt>
   <trkpt lat="49.01362" lon="-118.33785">
    <ele>519.3000000000001</ele>
   </trkpt>
   <trkpt lat="49.013650000000005" lon="-118.33727">
    <ele>518.85</ele>
   </trkpt>
   <trkpt lat="49.013600000000004" lon="-118.33675000000001">
    <ele>518.64</ele>
   </trkpt>
   <trkpt lat="49.01341000000001" lon="-118.3358">
    <ele>517.7700000000001</ele>
   </trkpt>
   <trkpt lat="49.013310000000004" lon="-118.33548">
    <ele>517.23</ele>
   </trkpt>
   <trkpt lat="49.01303000190048" lon="-118.33481499623565">
    <ele>516.6</ele>
   </trkpt>
   <trkpt lat="49.012750000000004" lon="-118.33415000000001">
    <ele>516.2500000000001</ele>
   </trkpt>
   <trkpt lat="49.012460000000004" lon="-118.33302">
    <ele>514.83</ele>
   </trkpt>
   <trkpt lat="49.0123" lon="-118.33212">
    <ele>514.4300000000001</ele>
   </trkpt>
   <trkpt lat="49.01221" lon="-118.33104000000002">
    <ele>514.1800000000001</ele>
   </trkpt>
   <trkpt lat="49.01229000000001" lon="-118.32971">
    <ele>512.1</ele>
   </trkpt>
   <trkpt lat="49.01236" lon="-118.32913">
    <ele>511.6</ele>
   </trkpt>
   <trkpt lat="49.01239334793721" lon="-118.32783000173116">
    <ele>510.02000000000004</ele>
   </trkpt>
   <trkpt lat="49.012426681270796" lon="-118.32653000172107">
    <ele>509.0800000000001</ele>
   </trkpt>
   <trkpt lat="49.012460000000004" lon="-118.32523">
    <ele>507.3500000000001</ele>
   </trkpt>
   <trkpt lat="49.012515008047515" lon="-118.32386500157595">
    <ele>506.70000000000005</ele>
   </trkpt>
   <trkpt lat="49.012570000000004" lon="-118.3225">
    <ele>507.19</ele>
   </trkpt>
   <trkpt lat="49.01249000000001" lon="-118.32179000000001">
    <ele>507.43000000000006</ele>
   </trkpt>
   <trkpt lat="49.01226670326753" lon="-118.32048830412484">
    <ele>508.0300000000001</ele>
   </trkpt>
   <trkpt lat="49.01204339189344" lon="-118.31918661992677">
    <ele>510.2300000000001</ele>
   </trkpt>
   <trkpt lat="49.01182006587798" lon="-118.31788494740644">
    <ele>511.34000000000003</ele>
   </trkpt>
   <trkpt lat="49.01159672522139" lon="-118.3165832865644">
    <ele>511.28000000000003</ele>
   </trkpt>
   <trkpt lat="49.01137336992391" lon="-118.31528163740117">
    <ele>510.77000000000004</ele>
   </trkpt>
   <trkpt lat="49.01115" lon="-118.31398000000002">
    <ele>511.17</ele>
   </trkpt>
   <trkpt lat="49.01095802015514" lon="-118.31289998332194">
    <ele>511.15</ele>
   </trkpt>
   <trkpt lat="49.010766030230876" lon="-118.31181997497316">
    <ele>510.88</ele>
   </trkpt>
   <trkpt lat="49.01057403022738" lon="-118.31073997495393">
    <ele>510.9100000000001</ele>
   </trkpt>
   <trkpt lat="49.01038202014478" lon="-118.30965998326468">
    <ele>510.8400000000001</ele>
   </trkpt>
   <trkpt lat="49.01019" lon="-118.30858">
    <ele>510.89000000000004</ele>
   </trkpt>
   <trkpt lat="49.009890000000006" lon="-118.30729000000001">
    <ele>510.90000000000003</ele>
   </trkpt>
   <trkpt lat="49.00972000171032" lon="-118.30665499771281">
    <ele>510.88</ele>
   </trkpt>
   <trkpt lat="49.009550000000004" lon="-118.30602">
    <ele>511.0</ele>
   </trkpt>
   <trkpt lat="49.00925" lon="-118.30508">
    <ele>511.41</ele>
   </trkpt>
   <trkpt lat="49.0088900466963" lon="-118.30383743712775">
    <ele>511.16</ele>
   </trkpt>
   <trkpt lat="49.00853008005088" lon="-118.30259489222144">
    <ele>511.2300000000001</ele>
   </trkpt>
   <trkpt lat="49.00817010006409" lon="-118.30135236528123">
    <ele>511.13000000000005</ele>
   </trkpt>
   <trkpt lat="49.00781010673635" lon="-118.30010985630732">
    <ele>511.12</ele>
   </trkpt>
   <trkpt lat="49.00745010006795" lon="-118.29886736529988">
    <ele>511.12</ele>
   </trkpt>
   <trkpt lat="49.0070900800593" lon="-118.29762489225908">
    <ele>511.3500000000001</ele>
   </trkpt>
   <trkpt lat="49.00673004671075" lon="-118.29638243718512">
    <ele>511.12</ele>
   </trkpt>
   <trkpt lat="49.006370000000004" lon="-118.29514">
    <ele>511.14000000000004</ele>
   </trkpt>
   <trkpt lat="49.006123339979574" lon="-118.29426332466541">
    <ele>510.9600000000001</ele>
   </trkpt>
   <trkpt lat="49.00587667331772" lon="-118.29338665801598">
    <ele>510.92</ele>
   </trkpt>
   <trkpt lat="49.005630000000004" lon="-118.29251000000001">
    <ele>511.16</ele>
   </trkpt>
   <trkpt lat="49.00547" lon="-118.29129">
    <ele>511.14000000000004</ele>
   </trkpt>
   <trkpt lat="49.005427518201635" lon="-118.29010499695853">
    <ele>511.21000000000004</ele>
   </trkpt>
   <trkpt lat="49.00538502426864" lon="-118.28891999593918">
    <ele>511.25000000000006</ele>
   </trkpt>
   <trkpt lat="49.005342518201054" lon="-118.28773499694258">
    <ele>511.21000000000004</ele>
   </trkpt>
   <trkpt lat="49.005300000000005" lon="-118.28655">
    <ele>511.18000000000006</ele>
   </trkpt>
   <trkpt lat="49.00520500194532" lon="-118.28587999876227">
    <ele>511.36</ele>
   </trkpt>
   <trkpt lat="49.00511" lon="-118.28521">
    <ele>511.4700000000001</ele>
   </trkpt>
   <trkpt lat="49.00495" lon="-118.28462">
    <ele>511.6700000000001</ele>
   </trkpt>
   <trkpt lat="49.00463000969677" lon="-118.28355998633442">
    <ele>512.23</ele>
   </trkpt>
   <trkpt lat="49.0043100096838" lon="-118.28249998629171">
    <ele>512.7</ele>
   </trkpt>
   <trkpt lat="49.00399" lon="-118.28144">
    <ele>513.0100000000001</ele>
   </trkpt>
   <trkpt lat="49.00392" lon="-118.2809">
    <ele>513.2500000000001</ele>
   </trkpt>
   <trkpt lat="49.0038800039823" lon="-118.27993999923572">
    <ele>512.7400000000001</ele>
   </trkpt>
   <trkpt lat="49.003840000000004" lon="-118.27898">
    <ele>513.17</ele>
   </trkpt>
   <trkpt lat="49.00395000190906" lon="-118.27831000166601">
    <ele>513.15</ele>
   </trkpt>
   <trkpt lat="49.00406" lon="-118.27764">
    <ele>513.33</ele>
   </trkpt>
   <trkpt lat="49.00421" lon="-118.2771">
    <ele>513.42</ele>
   </trkpt>
   <trkpt lat="49.00441002065782" lon="-118.27583751522894">
    <ele>513.05</ele>
   </trkpt>
   <trkpt lat="49.00461002754208" lon="-118.27457502031643">
    <ele>512.8000000000001</ele>
   </trkpt>
   <trkpt lat="49.00481002065254" lon="-118.27331251526306">
    <ele>512.19</ele>
   </trkpt>
   <trkpt lat="49.005010000000006" lon="-118.27205000000001">
    <ele>512.09</ele>
   </trkpt>
   <trkpt lat="49.005100000000006" lon="-118.27083">
    <ele>511.56</ele>
   </trkpt>
   <trkpt lat="49.00526000000001" lon="-118.26985">
    <ele>511.50000000000006</ele>
   </trkpt>
   <trkpt lat="49.00538" lon="-118.26895">
    <ele>511.72</ele>
   </trkpt>
   <trkpt lat="49.00549334220022" lon="-118.26793667133795">
    <ele>510.62000000000006</ele>
   </trkpt>
   <trkpt lat="49.00560667552701" lon="-118.26692333806321">
    <ele>510.49</ele>
   </trkpt>
   <trkpt lat="49.005720000000004" lon="-118.26591">
    <ele>509.95</ele>
   </trkpt>
   <trkpt lat="49.005970000000005" lon="-118.26484">
    <ele>509.6400000000001</ele>
   </trkpt>
   <trkpt lat="49.006330000000005" lon="-118.26375000000002">
    <ele>509.92</ele>
   </trkpt>
   <trkpt lat="49.00664500182264" lon="-118.26310500402883">
    <ele>509.76</ele>
   </trkpt>
   <trkpt lat="49.00696000000001" lon="-118.26246">
    <ele>510.6700000000001</ele>
   </trkpt>
   <trkpt lat="49.007480002596004" lon="-118.26168000819474">
    <ele>511.14000000000004</ele>
   </trkpt>
   <trkpt lat="49.008" lon="-118.2609">
    <ele>510.65000000000003</ele>
   </trkpt>
   <trkpt lat="49.008370000000006" lon="-118.26031">
    <ele>510.88</ele>
   </trkpt>
   <trkpt lat="49.008810000000004" lon="-118.25924">
    <ele>511.46000000000004</ele>
   </trkpt>
   <trkpt lat="49.00912000451524" lon="-118.25821500646167">
    <ele>513.0400000000001</ele>
   </trkpt>
   <trkpt lat="49.00943" lon="-118.25719000000001">
    <ele>513.0600000000001</ele>
   </trkpt>
   <trkpt lat="49.00971500195578" lon="-118.25651500389415">
    <ele>512.39</ele>
   </trkpt>
   <trkpt lat="49.010000000000005" lon="-118.25584">
    <ele>510.70000000000005</ele>
   </trkpt>
   <trkpt lat="49.01048" lon="-118.25498">
    <ele>510.57000000000005</ele>
   </trkpt>
   <trkpt lat="49.01109501253509" lon="-118.25421838037362">
    <ele>511.75</ele>
   </trkpt>
   <trkpt lat="49.011710020057585" lon="-118.2534567419307">
    <ele>512.2800000000001</ele>
   </trkpt>
   <trkpt lat="49.012325022567225" lon="-118.2526950846705">
    <ele>512.49</ele>
   </trkpt>
   <trkpt lat="49.01294002006379" lon="-118.25193340859236">
    <ele>513.48</ele>
   </trkpt>
   <trkpt lat="49.01355501254707" lon="-118.25117171369547">
    <ele>514.1800000000001</ele>
   </trkpt>
   <trkpt lat="49.01417000000001" lon="-118.25041000000002">
    <ele>510.34000000000003</ele>
   </trkpt>
   <trkpt lat="49.01456" lon="-118.24983">
    <ele>510.86000000000007</ele>
   </trkpt>
   <trkpt lat="49.014950000000006" lon="-118.24898">
    <ele>510.33000000000004</ele>
   </trkpt>
   <trkpt lat="49.01534" lon="-118.24778">
    <ele>511.57000000000005</ele>
   </trkpt>
   <trkpt lat="49.01552500185262" lon="-118.24713000232009">
    <ele>512.0</ele>
   </trkpt>
   <trkpt lat="49.015710000000006" lon="-118.24648">
    <ele>510.7900000000001</ele>
   </trkpt>
   <trkpt lat="49.0160566758381" lon="-118.24545001433387">
    <ele>508.04</ele>
   </trkpt>
   <trkpt lat="49.016403342509065" lon="-118.24442001432135">
    <ele>508.07</ele>
   </trkpt>
   <trkpt lat="49.01675" lon="-118.24339">
    <ele>508.18000000000006</ele>
   </trkpt>
   <trkpt lat="49.016740000000006" lon="-118.24322000000001">
    <ele>506.5900000000001</ele>
   </trkpt>
   <trkpt lat="49.016780000000004" lon="-118.24303">
    <ele>506.25000000000006</ele>
   </trkpt>
   <trkpt lat="49.01711500411718" lon="-118.24206000637753">
    <ele>506.57000000000005</ele>
   </trkpt>
   <trkpt lat="49.017450000000004" lon="-118.24109000000001">
    <ele>506.86000000000007</ele>
   </trkpt>
   <trkpt lat="49.01767" lon="-118.24022000000001">
    <ele>506.72</ele>
   </trkpt>
   <trkpt lat="49.01773000000001" lon="-118.23949">
    <ele>506.21999999999997</ele>
   </trkpt>
   <trkpt lat="49.01774500345892" lon="-118.23859500038229">
    <ele>506.09000000000003</ele>
   </trkpt>
   <trkpt lat="49.01776" lon="-118.2377">
    <ele>505.83</ele>
   </trkpt>
   <trkpt lat="49.01785" lon="-118.23646000000001">
    <ele>505.14000000000004</ele>
   </trkpt>
   <trkpt lat="49.01786000386022" lon="-118.2355150000072">
    <ele>506.09999999999997</ele>
   </trkpt>
   <trkpt lat="49.01787" lon="-118.23457">
    <ele>505.41</ele>
   </trkpt>
   <trkpt lat="49.01784000000001" lon="-118.23418000000001">
    <ele>505.30000000000007</ele>
   </trkpt>
   <trkpt lat="49.01773000000001" lon="-118.23373000000001">
    <ele>504.83</ele>
   </trkpt>
   <trkpt lat="49.01752000243366" lon="-118.23298499698353">
    <ele>504.56</ele>
   </trkpt>
   <trkpt lat="49.01731" lon="-118.23224">
    <ele>504.57000000000005</ele>
   </trkpt>
   <trkpt lat="49.01719000000001" lon="-118.23175">
    <ele>504.88</ele>
   </trkpt>
   <trkpt lat="49.017120000000006" lon="-118.23108">
    <ele>505.31</ele>
   </trkpt>
   <trkpt lat="49.017130007990765" lon="-118.22972000032993">
    <ele>504.41</ele>
   </trkpt>
   <trkpt lat="49.017140000000005" lon="-118.22836000000001">
    <ele>503.7900000000001</ele>
   </trkpt>
   <trkpt lat="49.01711500445788" lon="-118.22734499976605">
    <ele>503.63</ele>
   </trkpt>
   <trkpt lat="49.01709" lon="-118.22633">
    <ele>503.6700000000001</ele>
   </trkpt>
   <trkpt lat="49.0169933435378" lon="-118.2252433291214">
    <ele>502.65999999999997</ele>
   </trkpt>
   <trkpt lat="49.016896676871866" lon="-118.22415666246323">
    <ele>501.87</ele>
   </trkpt>
   <trkpt lat="49.0168" lon="-118.22307">
    <ele>502.34</ele>
   </trkpt>
   <trkpt lat="49.01673" lon="-118.22236000000001">
    <ele>501.97</ele>
   </trkpt>
   <trkpt lat="49.016670000000005" lon="-118.22216000000002">
    <ele>501.85</ele>
   </trkpt>
   <trkpt lat="49.01666" lon="-118.22164000000001">
    <ele>502.27</ele>
   </trkpt>
   <trkpt lat="49.01695" lon="-118.22057000000001">
    <ele>501.83</ele>
   </trkpt>
   <trkpt lat="49.01704500196387" lon="-118.21989000154066">
    <ele>500.7600000000001</ele>
   </trkpt>
   <trkpt lat="49.017140000000005" lon="-118.21921">
    <ele>499.99</ele>
   </trkpt>
   <trkpt lat="49.01715" lon="-118.21787">
    <ele>497.55</ele>
   </trkpt>
   <trkpt lat="49.017250000000004" lon="-118.21742">
    <ele>497.03000000000003</ele>
   </trkpt>
   <trkpt lat="49.017410000000005" lon="-118.21697">
    <ele>496.18000000000006</ele>
   </trkpt>
   <trkpt lat="49.01773000111592" lon="-118.21645500335914">
    <ele>495.02</ele>
   </trkpt>
   <trkpt lat="49.01805" lon="-118.21594">
    <ele>494.36</ele>
   </trkpt>
   <trkpt lat="49.01820000000001" lon="-118.21555000000001">
    <ele>493.84000000000003</ele>
   </trkpt>
   <trkpt lat="49.01838" lon="-118.21478">
    <ele>492.90000000000003</ele>
   </trkpt>
   <trkpt lat="49.018440000000005" lon="-118.21439000000001">
    <ele>492.17</ele>
   </trkpt>
   <trkpt lat="49.018390000000004" lon="-118.21383000000002">
    <ele>491.46000000000004</ele>
   </trkpt>
   <trkpt lat="49.01829000000001" lon="-118.21317">
    <ele>489.62000000000006</ele>
   </trkpt>
   <trkpt lat="49.018130000000006" lon="-118.21289000000002">
    <ele>488.9100000000001</ele>
   </trkpt>
   <trkpt lat="49.017810000000004" lon="-118.21249000000002">
    <ele>488.6</ele>
   </trkpt>
   <trkpt lat="49.01738500174145" lon="-118.21184499440787">
    <ele>486.23</ele>
   </trkpt>
   <trkpt lat="49.016960000000005" lon="-118.2112">
    <ele>485.44000000000005</ele>
   </trkpt>
   <trkpt lat="49.016425002211044" lon="-118.21047999222297">
    <ele>484.15000000000003</ele>
   </trkpt>
   <trkpt lat="49.015890000000006" lon="-118.20976">
    <ele>483.28000000000003</ele>
   </trkpt>
   <trkpt lat="49.015350002759774" lon="-118.20894499099296">
    <ele>483.42</ele>
   </trkpt>
   <trkpt lat="49.014810000000004" lon="-118.20813000000001">
    <ele>483.88</ele>
   </trkpt>
   <trkpt lat="49.01435000399347" lon="-118.20745332088227">
    <ele>480.57000000000005</ele>
   </trkpt>
   <trkpt lat="49.013890004030316" lon="-118.20677665426997">
    <ele>479.21000000000004</ele>
   </trkpt>
   <trkpt lat="49.01343000000001" lon="-118.2061">
    <ele>477.18000000000006</ele>
   </trkpt>
   <trkpt lat="49.01297" lon="-118.20506">
    <ele>473.6</ele>
   </trkpt>
   <trkpt lat="49.01279" lon="-118.2043">
    <ele>471.26</ele>
   </trkpt>
   <trkpt lat="49.012710000000006" lon="-118.20363">
    <ele>468.97</ele>
   </trkpt>
   <trkpt lat="49.01271670141861" lon="-118.20236166752574">
    <ele>463.70000000000005</ele>
   </trkpt>
   <trkpt lat="49.012723388936436" lon="-118.20109333471034">
    <ele>460.34000000000003</ele>
   </trkpt>
   <trkpt lat="49.012730062553466" lon="-118.19982500155457">
    <ele>455.70000000000005</ele>
   </trkpt>
   <trkpt lat="49.0127367222697" lon="-118.19855666805911">
    <ele>451.59000000000003</ele>
   </trkpt>
   <trkpt lat="49.01274336808512" lon="-118.19728833422468">
    <ele>448.96000000000004</ele>
   </trkpt>
   <trkpt lat="49.012750000000004" lon="-118.19602">
    <ele>449.44000000000005</ele>
   </trkpt>
   <trkpt lat="49.012800000000006" lon="-118.19503">
    <ele>453.03000000000003</ele>
   </trkpt>
   <trkpt lat="49.012800000000006" lon="-118.19375000000001">
    <ele>457.5</ele>
   </trkpt>
   <trkpt lat="49.01278000000001" lon="-118.19254000000001">
    <ele>458.08000000000004</ele>
   </trkpt>
   <trkpt lat="49.012890000000006" lon="-118.19186">
    <ele>459.62</ele>
   </trkpt>
   <trkpt lat="49.013040000000004" lon="-118.19143000000001">
    <ele>459.90000000000003</ele>
   </trkpt>
   <trkpt lat="49.013040000000004" lon="-118.19142000000001">
    <ele>459.90000000000003</ele>
   </trkpt>
   <trkpt lat="49.01306" lon="-118.19137">
    <ele>459.90000000000003</ele>
   </trkpt>
   <trkpt lat="49.01334000000001" lon="-118.19096">
    <ele>461.0</ele>
   </trkpt>
   <trkpt lat="49.01409" lon="-118.19051">
    <ele>466.47</ele>
   </trkpt>
   <trkpt lat="49.014590000000005" lon="-118.19051">
    <ele>468.80000000000007</ele>
   </trkpt>
   <trkpt lat="49.015010000000004" lon="-118.19069">
    <ele>471.30000000000007</ele>
   </trkpt>
   <trkpt lat="49.0157" lon="-118.19115000000001">
    <ele>474.71000000000004</ele>
   </trkpt>
   <trkpt lat="49.01597" lon="-118.19127">
    <ele>476.39000000000004</ele>
   </trkpt>
   <trkpt lat="49.016450000000006" lon="-118.19136">
    <ele>477.28000000000003</ele>
   </trkpt>
   <trkpt lat="49.01704" lon="-118.19154">
    <ele>478.74000000000007</ele>
   </trkpt>
   <trkpt lat="49.01772500043037" lon="-118.1918799952867">
    <ele>480.02000000000004</ele>
   </trkpt>
   <trkpt lat="49.01841" lon="-118.19222">
    <ele>482.33000000000004</ele>
   </trkpt>
   <trkpt lat="49.01894" lon="-118.19243000000002">
    <ele>483.2</ele>
   </trkpt>
   <trkpt lat="49.01966" lon="-118.19249">
    <ele>484.98</ele>
   </trkpt>
   <trkpt lat="49.02026000000001" lon="-118.19244">
    <ele>486.35</ele>
   </trkpt>
   <trkpt lat="49.02066000000001" lon="-118.19245000000001">
    <ele>486.76</ele>
   </trkpt>
   <trkpt lat="49.02093000000001" lon="-118.19257">
    <ele>487.74000000000007</ele>
   </trkpt>
   <trkpt lat="49.021350000000005" lon="-118.19284">
    <ele>488.32000000000005</ele>
   </trkpt>
   <trkpt lat="49.021730000000005" lon="-118.19329">
    <ele>489.9100000000001</ele>
   </trkpt>
   <trkpt lat="49.02228" lon="-118.19374">
    <ele>491.50000000000006</ele>
   </trkpt>
   <trkpt lat="49.02307500116957" lon="-118.19425499178837">
    <ele>493.7900000000001</ele>
   </trkpt>
   <trkpt lat="49.02387" lon="-118.19477">
    <ele>495.72</ele>
   </trkpt>
   <trkpt lat="49.024420000000006" lon="-118.19513">
    <ele>496.68000000000006</ele>
   </trkpt>
   <trkpt lat="49.02497" lon="-118.19553">
    <ele>497.82000000000005</ele>
   </trkpt>
   <trkpt lat="49.02549000012131" lon="-118.1957499976639">
    <ele>499.45000000000005</ele>
   </trkpt>
   <trkpt lat="49.02601000000001" lon="-118.19597">
    <ele>501.0300000000001</ele>
   </trkpt>
   <trkpt lat="49.026360000000004" lon="-118.19602">
    <ele>501.3500000000001</ele>
   </trkpt>
   <trkpt lat="49.02647" lon="-118.19615">
    <ele>502.04</ele>
   </trkpt>
   <trkpt lat="49.02698" lon="-118.19633">
    <ele>503.21999999999997</ele>
   </trkpt>
   <trkpt lat="49.02747000022475" lon="-118.19653499799931">
    <ele>504.25000000000006</ele>
   </trkpt>
   <trkpt lat="49.02796000000001" lon="-118.19674">
    <ele>505.82000000000005</ele>
   </trkpt>
   <trkpt lat="49.02873000086103" lon="-118.19718499311658">
    <ele>507.55000000000007</ele>
   </trkpt>
   <trkpt lat="49.029500000000006" lon="-118.19763">
    <ele>509.53000000000003</ele>
   </trkpt>
   <trkpt lat="49.030100000000004" lon="-118.19794">
    <ele>510.73</ele>
   </trkpt>
   <trkpt lat="49.030680000091905" lon="-118.19802999895965">
    <ele>512.11</ele>
   </trkpt>
   <trkpt lat="49.03126" lon="-118.19812">
    <ele>513.7900000000001</ele>
   </trkpt>
   <trkpt lat="49.03172000021648" lon="-118.19823499897655">
    <ele>514.7900000000001</ele>
   </trkpt>
   <trkpt lat="49.032180000000004" lon="-118.19835">
    <ele>516.14</ele>
   </trkpt>
   <trkpt lat="49.03271" lon="-118.19825000000002">
    <ele>517.51</ele>
   </trkpt>
   <trkpt lat="49.032770000000006" lon="-118.1983">
    <ele>517.51</ele>
   </trkpt>
   <trkpt lat="49.032920000000004" lon="-118.19867">
    <ele>517.84</ele>
   </trkpt>
   <trkpt lat="49.033" lon="-118.19875">
    <ele>517.72</ele>
   </trkpt>
   <trkpt lat="49.03311" lon="-118.1988">
    <ele>517.7900000000001</ele>
   </trkpt>
   <trkpt lat="49.033280000000005" lon="-118.1988">
    <ele>518.1800000000001</ele>
   </trkpt>
   <trkpt lat="49.033390000000004" lon="-118.19875">
    <ele>518.35</ele>
   </trkpt>
   <trkpt lat="49.033500000000004" lon="-118.19862">
    <ele>518.51</ele>
   </trkpt>
   <trkpt lat="49.03381" lon="-118.19835">
    <ele>518.37</ele>
   </trkpt>
   <trkpt lat="49.03380000000001" lon="-118.19826">
    <ele>518.37</ele>
   </trkpt>
   <trkpt lat="49.0337" lon="-118.19813">
    <ele>519.25</ele>
   </trkpt>
   <trkpt lat="49.03369000000001" lon="-118.19804">
    <ele>519.6</ele>
   </trkpt>
   <trkpt lat="49.03374" lon="-118.19786">
    <ele>519.9100000000001</ele>
   </trkpt>
   <trkpt lat="49.0341" lon="-118.19772">
    <ele>520.32</ele>
   </trkpt>
   <trkpt lat="49.034580000000005" lon="-118.19759">
    <ele>522.1300000000001</ele>
   </trkpt>
   <trkpt lat="49.034850000000006" lon="-118.19755">
    <ele>522.51</ele>
   </trkpt>
   <trkpt lat="49.035360000000004" lon="-118.19754">
    <ele>523.58</ele>
   </trkpt>
   <trkpt lat="49.035920000000004" lon="-118.19759">
    <ele>525.57</ele>
   </trkpt>
   <trkpt lat="49.036635000147534" lon="-118.19769249558156">
    <ele>526.6500000000001</ele>
   </trkpt>
   <trkpt lat="49.037350000204285" lon="-118.19779499410973">
    <ele>528.78</ele>
   </trkpt>
   <trkpt lat="49.03806500017027" lon="-118.19789749558467">
    <ele>530.7</ele>
   </trkpt>
   <trkpt lat="49.03878" lon="-118.19800000000001">
    <ele>532.8000000000001</ele>
   </trkpt>
   <trkpt lat="49.039604999959394" lon="-118.19803999933421">
    <ele>535.13</ele>
   </trkpt>
   <trkpt lat="49.04043" lon="-118.19808">
    <ele>536.91</ele>
   </trkpt>
   <trkpt lat="49.0407" lon="-118.19812">
    <ele>537.32</ele>
   </trkpt>
   <trkpt lat="49.04102" lon="-118.1983">
    <ele>537.97</ele>
   </trkpt>
   <trkpt lat="49.04178" lon="-118.1988">
    <ele>539.58</ele>
   </trkpt>
   <trkpt lat="49.042390000000005" lon="-118.19908000000001">
    <ele>541.49</ele>
   </trkpt>
   <trkpt lat="49.042910000000006" lon="-118.19927000000001">
    <ele>542.58</ele>
   </trkpt>
   <trkpt lat="49.04341000019091" lon="-118.1995299973333">
    <ele>543.39</ele>
   </trkpt>
   <trkpt lat="49.043910000000004" lon="-118.19979000000001">
    <ele>545.3800000000001</ele>
   </trkpt>
   <trkpt lat="49.04433500064354" lon="-118.20014499704884">
    <ele>546.63</ele>
   </trkpt>
   <trkpt lat="49.044760000000004" lon="-118.2005">
    <ele>547.79</ele>
   </trkpt>
   <trkpt lat="49.04505" lon="-118.20068">
    <ele>548.1700000000001</ele>
   </trkpt>
   <trkpt lat="49.04569500025027" lon="-118.2008799974298">
    <ele>549.95</ele>
   </trkpt>
   <trkpt lat="49.04634" lon="-118.20108">
    <ele>550.97</ele>
   </trkpt>
   <trkpt lat="49.04678500017628" lon="-118.20132499776172">
    <ele>552.28</ele>
   </trkpt>
   <trkpt lat="49.047230000000006" lon="-118.20157">
    <ele>553.49</ele>
   </trkpt>
   <trkpt lat="49.04784" lon="-118.20179">
    <ele>555.06</ele>
   </trkpt>
   <trkpt lat="49.04831" lon="-118.20207">
    <ele>556.0400000000001</ele>
   </trkpt>
   <trkpt lat="49.04907000000001" lon="-118.20275000000001">
    <ele>557.67</ele>
   </trkpt>
   <trkpt lat="49.049870000000006" lon="-118.20327">
    <ele>558.88</ele>
   </trkpt>
   <trkpt lat="49.05013" lon="-118.20351000000001">
    <ele>560.4800000000001</ele>
   </trkpt>
   <trkpt lat="49.05033" lon="-118.20381">
    <ele>561.24</ele>
   </trkpt>
   <trkpt lat="49.05091" lon="-118.20485000000001">
    <ele>562.7800000000001</ele>
   </trkpt>
   <trkpt lat="49.0514" lon="-118.20529">
    <ele>564.12</ele>
   </trkpt>
   <trkpt lat="49.05200500096202" lon="-118.20575999428648">
    <ele>564.88</ele>
   </trkpt>
   <trkpt lat="49.05261" lon="-118.20623">
    <ele>567.64</ele>
   </trkpt>
   <trkpt lat="49.052980000000005" lon="-118.20641">
    <ele>568.57</ele>
   </trkpt>
   <trkpt lat="49.05317" lon="-118.20649000000002">
    <ele>568.9300000000001</ele>
   </trkpt>
   <trkpt lat="49.053540000000005" lon="-118.20649000000002">
    <ele>569.6300000000001</ele>
   </trkpt>
   <trkpt lat="49.05418" lon="-118.20637">
    <ele>570.86</ele>
   </trkpt>
   <trkpt lat="49.054610000000004" lon="-118.20622000000002">
    <ele>572.21</ele>
   </trkpt>
   <trkpt lat="49.054860000000005" lon="-118.20593000000001">
    <ele>572.37</ele>
   </trkpt>
   <trkpt lat="49.0551" lon="-118.20557000000001">
    <ele>573.3100000000001</ele>
   </trkpt>
   <trkpt lat="49.05539" lon="-118.20497">
    <ele>574.5400000000001</ele>
   </trkpt>
   <trkpt lat="49.05561" lon="-118.20466">
    <ele>575.22</ele>
   </trkpt>
   <trkpt lat="49.055980000000005" lon="-118.20434000000002">
    <ele>575.89</ele>
   </trkpt>
   <trkpt lat="49.056580000000004" lon="-118.2039">
    <ele>578.6300000000001</ele>
   </trkpt>
   <trkpt lat="49.057010000000005" lon="-118.20345">
    <ele>579.3100000000001</ele>
   </trkpt>
   <trkpt lat="49.057610003385825" lon="-118.20256001079633">
    <ele>580.85</ele>
   </trkpt>
   <trkpt lat="49.05821" lon="-118.20167000000001">
    <ele>583.0600000000001</ele>
   </trkpt>
   <trkpt lat="49.058690000000006" lon="-118.20085">
    <ele>585.2900000000001</ele>
   </trkpt>
   <trkpt lat="49.05911500395007" lon="-118.19989000827853">
    <ele>586.82</ele>
   </trkpt>
   <trkpt lat="49.059540000000005" lon="-118.19893">
    <ele>588.84</ele>
   </trkpt>
   <trkpt lat="49.05988000000001" lon="-118.19844">
    <ele>589.2900000000001</ele>
   </trkpt>
   <trkpt lat="49.06016" lon="-118.19826">
    <ele>589.5600000000001</ele>
   </trkpt>
   <trkpt lat="49.0604" lon="-118.19821">
    <ele>590.45</ele>
   </trkpt>
   <trkpt lat="49.06064000000001" lon="-118.19825000000002">
    <ele>590.45</ele>
   </trkpt>
   <trkpt lat="49.06091000000001" lon="-118.19835">
    <ele>590.82</ele>
   </trkpt>
   <trkpt lat="49.061330000000005" lon="-118.19866">
    <ele>591.6800000000001</ele>
   </trkpt>
   <trkpt lat="49.061550000000004" lon="-118.19911">
    <ele>592.0200000000001</ele>
   </trkpt>
   <trkpt lat="49.061690000000006" lon="-118.19957000000001">
    <ele>592.61</ele>
   </trkpt>
   <trkpt lat="49.06174000000001" lon="-118.20005">
    <ele>593.5100000000001</ele>
   </trkpt>
   <trkpt lat="49.061710000000005" lon="-118.20049000000002">
    <ele>593.7600000000001</ele>
   </trkpt>
   <trkpt lat="49.06159" lon="-118.20144">
    <ele>595.37</ele>
   </trkpt>
   <trkpt lat="49.06163" lon="-118.20190000000001">
    <ele>595.71</ele>
   </trkpt>
   <trkpt lat="49.06174000000001" lon="-118.20238">
    <ele>596.48</ele>
   </trkpt>
   <trkpt lat="49.06186" lon="-118.20269">
    <ele>596.9100000000001</ele>
   </trkpt>
   <trkpt lat="49.06212000000001" lon="-118.20309">
    <ele>597.3900000000001</ele>
   </trkpt>
   <trkpt lat="49.06273500077734" lon="-118.20351499473858">
    <ele>599.09</ele>
   </trkpt>
   <trkpt lat="49.06335000000001" lon="-118.20394">
    <ele>600.53</ele>
   </trkpt>
   <trkpt lat="49.063973334512575" lon="-118.20431665718925">
    <ele>601.35</ele>
   </trkpt>
   <trkpt lat="49.0645966677995" lon="-118.20469332382773">
    <ele>603.62</ele>
   </trkpt>
   <trkpt lat="49.065220000000004" lon="-118.20507">
    <ele>605.32</ele>
   </trkpt>
   <trkpt lat="49.065760000000004" lon="-118.20529">
    <ele>606.26</ele>
   </trkpt>
   <trkpt lat="49.06632500023184" lon="-118.20539999878422">
    <ele>608.14</ele>
   </trkpt>
   <trkpt lat="49.06689" lon="-118.20551">
    <ele>609.6</ele>
   </trkpt>
   <trkpt lat="49.06729000000001" lon="-118.20565">
    <ele>610.16</ele>
   </trkpt>
   <trkpt lat="49.06754" lon="-118.20578">
    <ele>610.8800000000001</ele>
   </trkpt>
   <trkpt lat="49.067730000000005" lon="-118.20596">
    <ele>611.8100000000001</ele>
   </trkpt>
   <trkpt lat="49.06841333852793" lon="-118.20673331209409">
    <ele>614.2200000000001</ele>
   </trkpt>
   <trkpt lat="49.069096671889625" lon="-118.20750664545909">
    <ele>616.02</ele>
   </trkpt>
   <trkpt lat="49.06978" lon="-118.20828000000002">
    <ele>618.6700000000001</ele>
   </trkpt>
   <trkpt lat="49.07032" lon="-118.20871000000001">
    <ele>619.75</ele>
   </trkpt>
   <trkpt lat="49.07056000000001" lon="-118.20882">
    <ele>620.86</ele>
   </trkpt>
   <trkpt lat="49.070890000000006" lon="-118.20891">
    <ele>621.24</ele>
   </trkpt>
   <trkpt lat="49.071450000000006" lon="-118.20882">
    <ele>622.7</ele>
   </trkpt>
   <trkpt lat="49.07224" lon="-118.20855000000002">
    <ele>624.23</ele>
   </trkpt>
   <trkpt lat="49.07268000020854" lon="-118.20833000194878">
    <ele>625.33</ele>
   </trkpt>
   <trkpt lat="49.07312" lon="-118.20811">
    <ele>626.68</ele>
   </trkpt>
   <trkpt lat="49.073625000531536" lon="-118.20775000367976">
    <ele>628.1600000000001</ele>
   </trkpt>
   <trkpt lat="49.074130000000004" lon="-118.20739">
    <ele>629.72</ele>
   </trkpt>
   <trkpt lat="49.07428" lon="-118.20731">
    <ele>629.72</ele>
   </trkpt>
   <trkpt lat="49.07453" lon="-118.2073">
    <ele>630.23</ele>
   </trkpt>
   <trkpt lat="49.07481000000001" lon="-118.20735">
    <ele>630.78</ele>
   </trkpt>
   <trkpt lat="49.075" lon="-118.20748">
    <ele>631.56</ele>
   </trkpt>
   <trkpt lat="49.07547" lon="-118.20771">
    <ele>633.39</ele>
   </trkpt>
   <trkpt lat="49.07573000000001" lon="-118.20771">
    <ele>633.39</ele>
   </trkpt>
   <trkpt lat="49.07603" lon="-118.20762">
    <ele>634.0300000000001</ele>
   </trkpt>
   <trkpt lat="49.07627" lon="-118.20744">
    <ele>634.0300000000001</ele>
   </trkpt>
   <trkpt lat="49.07674" lon="-118.2069">
    <ele>636.0</ele>
   </trkpt>
   <trkpt lat="49.07743000000001" lon="-118.20627">
    <ele>637.29</ele>
   </trkpt>
   <trkpt lat="49.07802666715042" lon="-118.20603333901941">
    <ele>638.6700000000001</ele>
   </trkpt>
   <trkpt lat="49.07862333381701" lon="-118.20579667235288">
    <ele>640.5900000000001</ele>
   </trkpt>
   <trkpt lat="49.07922000000001" lon="-118.20556">
    <ele>642.0100000000001</ele>
   </trkpt>
   <trkpt lat="49.08005499985989" lon="-118.20551500076458">
    <ele>644.05</ele>
   </trkpt>
   <trkpt lat="49.080890000000004" lon="-118.20547">
    <ele>646.3000000000001</ele>
   </trkpt>
   <trkpt lat="49.08162" lon="-118.20547">
    <ele>648.0300000000001</ele>
   </trkpt>
   <trkpt lat="49.08216" lon="-118.20556">
    <ele>648.9200000000001</ele>
   </trkpt>
   <trkpt lat="49.08268000016094" lon="-118.20569499860778">
    <ele>650.19</ele>
   </trkpt>
   <trkpt lat="49.083200000000005" lon="-118.20583">
    <ele>651.9</ele>
   </trkpt>
   <trkpt lat="49.083830000000006" lon="-118.20596">
    <ele>652.72</ele>
   </trkpt>
   <trkpt lat="49.084140000000005" lon="-118.20596">
    <ele>653.83</ele>
   </trkpt>
   <trkpt lat="49.08487" lon="-118.20565">
    <ele>655.33</ele>
   </trkpt>
   <trkpt lat="49.08513000000001" lon="-118.20567000000001">
    <ele>655.69</ele>
   </trkpt>
   <trkpt lat="49.08527" lon="-118.20569">
    <ele>655.69</ele>
   </trkpt>
   <trkpt lat="49.085640000000005" lon="-118.20587">
    <ele>656.63</ele>
   </trkpt>
   <trkpt lat="49.085860000000004" lon="-118.20605">
    <ele>656.63</ele>
   </trkpt>
   <trkpt lat="49.086090000000006" lon="-118.20636">
    <ele>657.57</ele>
   </trkpt>
   <trkpt lat="49.0863" lon="-118.20681">
    <ele>658.25</ele>
   </trkpt>
   <trkpt lat="49.08641" lon="-118.20739">
    <ele>659.32</ele>
   </trkpt>
   <trkpt lat="49.08643000000001" lon="-118.20785000000001">
    <ele>659.32</ele>
   </trkpt>
   <trkpt lat="49.08638500341917" lon="-118.20874000084468">
    <ele>660.85</ele>
   </trkpt>
   <trkpt lat="49.08634000000001" lon="-118.20963">
    <ele>662.1600000000001</ele>
   </trkpt>
   <trkpt lat="49.086400000000005" lon="-118.21008">
    <ele>662.6800000000001</ele>
   </trkpt>
   <trkpt lat="49.0865" lon="-118.21049000000001">
    <ele>663.2600000000001</ele>
   </trkpt>
   <trkpt lat="49.08662" lon="-118.21079">
    <ele>663.87</ele>
   </trkpt>
   <trkpt lat="49.086850000000005" lon="-118.21111">
    <ele>664.2</ele>
   </trkpt>
   <trkpt lat="49.087160000000004" lon="-118.21142">
    <ele>664.75</ele>
   </trkpt>
   <trkpt lat="49.0874" lon="-118.21151">
    <ele>665.2800000000001</ele>
   </trkpt>
   <trkpt lat="49.08775000000001" lon="-118.21155">
    <ele>666.2300000000001</ele>
   </trkpt>
   <trkpt lat="49.088300000000004" lon="-118.21147">
    <ele>667.27</ele>
   </trkpt>
   <trkpt lat="49.08891333378666" lon="-118.21123667243789">
    <ele>668.82</ele>
   </trkpt>
   <trkpt lat="49.08952666710305" lon="-118.21100333911109">
    <ele>670.83</ele>
   </trkpt>
   <trkpt lat="49.090140000000005" lon="-118.21077000000001">
    <ele>672.2</ele>
   </trkpt>
   <trkpt lat="49.090680000000006" lon="-118.21071">
    <ele>673.72</ele>
   </trkpt>
   <trkpt lat="49.09140200023731" lon="-118.2108239933704">
    <ele>675.7200000000001</ele>
   </trkpt>
   <trkpt lat="49.092124000362375" lon="-118.21093799005641">
    <ele>677.1</ele>
   </trkpt>
   <trkpt lat="49.092846000375175" lon="-118.21105199005825">
    <ele>678.4300000000001</ele>
   </trkpt>
   <trkpt lat="49.09356800027572" lon="-118.2111659933761">
    <ele>680.88</ele>
   </trkpt>
   <trkpt lat="49.09429" lon="-118.21128000000002">
    <ele>682.2600000000001</ele>
   </trkpt>
   <trkpt lat="49.09454" lon="-118.21137000000002">
    <ele>682.8900000000001</ele>
   </trkpt>
   <trkpt lat="49.09505" lon="-118.21186000000002">
    <ele>683.6700000000001</ele>
   </trkpt>
   <trkpt lat="49.09534000000001" lon="-118.21254">
    <ele>685.07</ele>
   </trkpt>
   <trkpt lat="49.09573" lon="-118.21375">
    <ele>686.4100000000001</ele>
   </trkpt>
   <trkpt lat="49.096090000000004" lon="-118.21424">
    <ele>687.36</ele>
   </trkpt>
   <trkpt lat="49.09652500019175" lon="-118.21444999816028">
    <ele>688.08</ele>
   </trkpt>
   <trkpt lat="49.09696" lon="-118.21466000000001">
    <ele>689.7800000000001</ele>
   </trkpt>
   <trkpt lat="49.09732" lon="-118.21492">
    <ele>690.37</ele>
   </trkpt>
   <trkpt lat="49.09772" lon="-118.21531000000002">
    <ele>691.5300000000001</ele>
   </trkpt>
   <trkpt lat="49.09823000071512" lon="-118.21566999641067">
    <ele>693.4800000000001</ele>
   </trkpt>
   <trkpt lat="49.09874000000001" lon="-118.21603">
    <ele>694.37</ele>
   </trkpt>
   <trkpt lat="49.09892000000001" lon="-118.21608">
    <ele>694.7</ele>
   </trkpt>
   <trkpt lat="49.099090000000004" lon="-118.21609000000001">
    <ele>695.11</ele>
   </trkpt>
   <trkpt lat="49.09931" lon="-118.21603">
    <ele>695.55</ele>
   </trkpt>
   <trkpt lat="49.099560000000004" lon="-118.21582000000001">
    <ele>696.1600000000001</ele>
   </trkpt>
   <trkpt lat="49.09995000102517" lon="-118.21534500367073">
    <ele>696.89</ele>
   </trkpt>
   <trkpt lat="49.10034" lon="-118.21487">
    <ele>697.6500000000001</ele>
   </trkpt>
   <trkpt lat="49.10076" lon="-118.21464">
    <ele>699.3000000000001</ele>
   </trkpt>
   <trkpt lat="49.10157" lon="-118.21433">
    <ele>702.19</ele>
   </trkpt>
   <trkpt lat="49.10229" lon="-118.21403000000001">
    <ele>703.28</ele>
   </trkpt>
   <trkpt lat="49.10262" lon="-118.21384">
    <ele>704.35</ele>
   </trkpt>
   <trkpt lat="49.10295000000001" lon="-118.21352">
    <ele>705.08</ele>
   </trkpt>
   <trkpt lat="49.10345" lon="-118.21313">
    <ele>706.71</ele>
   </trkpt>
   <trkpt lat="49.104000000000006" lon="-118.21291000000001">
    <ele>707.8100000000001</ele>
   </trkpt>
   <trkpt lat="49.104290000000006" lon="-118.2129">
    <ele>709.08</ele>
   </trkpt>
   <trkpt lat="49.10459" lon="-118.21298000000002">
    <ele>709.5400000000001</ele>
   </trkpt>
   <trkpt lat="49.10484" lon="-118.21309000000001">
    <ele>710.2700000000001</ele>
   </trkpt>
   <trkpt lat="49.1052" lon="-118.21313">
    <ele>710.95</ele>
   </trkpt>
   <trkpt lat="49.105764999894994" lon="-118.21308000057957">
    <ele>712.4100000000001</ele>
   </trkpt>
   <trkpt lat="49.10633000000001" lon="-118.21303">
    <ele>713.8800000000001</ele>
   </trkpt>
   <trkpt lat="49.10709000000001" lon="-118.21299">
    <ele>716.22</ele>
   </trkpt>
   <trkpt lat="49.10774999984234" lon="-118.21290000122343">
    <ele>717.32</ele>
   </trkpt>
   <trkpt lat="49.108410000000006" lon="-118.21281">
    <ele>718.8100000000001</ele>
   </trkpt>
   <trkpt lat="49.108990000000006" lon="-118.21278000000001">
    <ele>720.87</ele>
   </trkpt>
   <trkpt lat="49.109480000000005" lon="-118.21282000000001">
    <ele>721.5600000000001</ele>
   </trkpt>
   <trkpt lat="49.11025" lon="-118.21303">
    <ele>723.9000000000001</ele>
   </trkpt>
   <trkpt lat="49.11052" lon="-118.21321">
    <ele>724.28</ele>
   </trkpt>
   <trkpt lat="49.11094000000001" lon="-118.21372000000001">
    <ele>725.46</ele>
   </trkpt>
   <trkpt lat="49.11150000000001" lon="-118.21473">
    <ele>727.6100000000001</ele>
   </trkpt>
   <trkpt lat="49.11171" lon="-118.215">
    <ele>728.4100000000001</ele>
   </trkpt>
   <trkpt lat="49.112" lon="-118.21522000000002">
    <ele>728.4100000000001</ele>
   </trkpt>
   <trkpt lat="49.1122" lon="-118.21528">
    <ele>729.5600000000001</ele>
   </trkpt>
   <trkpt lat="49.112550000000006" lon="-118.21531000000002">
    <ele>730.2400000000001</ele>
   </trkpt>
   <trkpt lat="49.11292" lon="-118.21523">
    <ele>730.71</ele>
   </trkpt>
   <trkpt lat="49.113420000000005" lon="-118.21496">
    <ele>731.1899999999999</ele>
   </trkpt>
   <trkpt lat="49.11401000000001" lon="-118.21456">
    <ele>733.7900000000001</ele>
   </trkpt>
   <trkpt lat="49.1148" lon="-118.21392000000002">
    <ele>736.25</ele>
   </trkpt>
   <trkpt lat="49.115370004345415" lon="-118.21334002000725">
    <ele>737.89</ele>
   </trkpt>
   <trkpt lat="49.115940005785575" lon="-118.2127600266852">
    <ele>739.23</ele>
   </trkpt>
   <trkpt lat="49.11651000432033" lon="-118.21218002003343">
    <ele>741.3900000000001</ele>
   </trkpt>
   <trkpt lat="49.11708" lon="-118.2116">
    <ele>743.92</ele>
   </trkpt>
   <trkpt lat="49.117505001157284" lon="-118.21108500439827">
    <ele>744.41</ele>
   </trkpt>
   <trkpt lat="49.11793" lon="-118.21057">
    <ele>746.86</ele>
   </trkpt>
   <trkpt lat="49.118520000000004" lon="-118.20967">
    <ele>749.45</ele>
   </trkpt>
   <trkpt lat="49.11892" lon="-118.20922000000002">
    <ele>750.87</ele>
   </trkpt>
   <trkpt lat="49.119670000000006" lon="-118.20878">
    <ele>750.48</ele>
   </trkpt>
   <trkpt lat="49.11984" lon="-118.20855000000002">
    <ele>750.7800000000001</ele>
   </trkpt>
   <trkpt lat="49.12058500241773" lon="-118.20780501117015">
    <ele>752.5200000000001</ele>
   </trkpt>
   <trkpt lat="49.12133000000001" lon="-118.20706000000001">
    <ele>754.97</ele>
   </trkpt>
   <trkpt lat="49.12185" lon="-118.20672">
    <ele>756.14</ele>
   </trkpt>
   <trkpt lat="49.12259" lon="-118.20655000000001">
    <ele>757.9100000000001</ele>
   </trkpt>
   <trkpt lat="49.12301" lon="-118.20641">
    <ele>758.71</ele>
   </trkpt>
   <trkpt lat="49.12375000189622" lon="-118.20594334725132">
    <ele>760.1000000000001</ele>
   </trkpt>
   <trkpt lat="49.12449000191168" lon="-118.20547668057517">
    <ele>762.72</ele>
   </trkpt>
   <trkpt lat="49.12523" lon="-118.20501000000002">
    <ele>764.53</ele>
   </trkpt>
   <trkpt lat="49.12561" lon="-118.20466">
    <ele>765.4000000000001</ele>
   </trkpt>
   <trkpt lat="49.12577" lon="-118.2043">
    <ele>765.96</ele>
   </trkpt>
   <trkpt lat="49.12597000183593" lon="-118.2036500025843">
    <ele>767.19</ele>
   </trkpt>
   <trkpt lat="49.12617" lon="-118.203">
    <ele>767.84</ele>
   </trkpt>
   <trkpt lat="49.12662" lon="-118.20224">
    <ele>769.6400000000001</ele>
   </trkpt>
   <trkpt lat="49.12708000000001" lon="-118.20135">
    <ele>771.66</ele>
   </trkpt>
   <trkpt lat="49.127490011421486" lon="-118.20020001901833">
    <ele>773.36</ele>
   </trkpt>
   <trkpt lat="49.127900011421744" lon="-118.19905001901797">
    <ele>775.08</ele>
   </trkpt>
   <trkpt lat="49.128310000000006" lon="-118.1979">
    <ele>777.34</ele>
   </trkpt>
   <trkpt lat="49.12868000239553" lon="-118.1971600054604">
    <ele>778.9200000000001</ele>
   </trkpt>
   <trkpt lat="49.12905000000001" lon="-118.19642">
    <ele>780.2800000000001</ele>
   </trkpt>
   <trkpt lat="49.12935" lon="-118.19602">
    <ele>781.0</ele>
   </trkpt>
   <trkpt lat="49.12994000086209" lon="-118.19557500529031">
    <ele>782.66</ele>
   </trkpt>
   <trkpt lat="49.13053000000001" lon="-118.19513">
    <ele>783.97</ele>
   </trkpt>
   <trkpt lat="49.13092" lon="-118.19481">
    <ele>784.76</ele>
   </trkpt>
   <trkpt lat="49.13111000000001" lon="-118.19454">
    <ele>785.69</ele>
   </trkpt>
   <trkpt lat="49.131280000000004" lon="-118.19418">
    <ele>786.2800000000001</ele>
   </trkpt>
   <trkpt lat="49.13136" lon="-118.1937">
    <ele>786.7700000000001</ele>
   </trkpt>
   <trkpt lat="49.131330000000005" lon="-118.1932">
    <ele>787.36</ele>
   </trkpt>
   <trkpt lat="49.13109000000001" lon="-118.19191000000001">
    <ele>789.42</ele>
   </trkpt>
   <trkpt lat="49.130786677024155" lon="-118.19081331980888">
    <ele>790.9100000000001</ele>
   </trkpt>
   <trkpt lat="49.13048334366173" lon="-118.18971665303731">
    <ele>792.88</ele>
   </trkpt>
   <trkpt lat="49.13018" lon="-118.18862000000001">
    <ele>794.54</ele>
   </trkpt>
   <trkpt lat="49.13018500769525" lon="-118.18728500026543">
    <ele>796.75</ele>
   </trkpt>
   <trkpt lat="49.130190000000006" lon="-118.18595">
    <ele>798.8400000000001</ele>
   </trkpt>
   <trkpt lat="49.13026500606257" lon="-118.1847650018074">
    <ele>800.3500000000001</ele>
   </trkpt>
   <trkpt lat="49.130340000000004" lon="-118.18358">
    <ele>802.1800000000001</ele>
   </trkpt>
   <trkpt lat="49.13047000300111" lon="-118.18274500225078">
    <ele>803.3100000000001</ele>
   </trkpt>
   <trkpt lat="49.1306" lon="-118.18191000000002">
    <ele>804.63</ele>
   </trkpt>
   <trkpt lat="49.13074" lon="-118.18121000000001">
    <ele>805.46</ele>
   </trkpt>
   <trkpt lat="49.130990002341" lon="-118.18048500344912">
    <ele>806.7800000000001</ele>
   </trkpt>
   <trkpt lat="49.131240000000005" lon="-118.17976000000002">
    <ele>808.5300000000001</ele>
   </trkpt>
   <trkpt lat="49.13134" lon="-118.17918000000002">
    <ele>808.82</ele>
   </trkpt>
   <trkpt lat="49.13138000000001" lon="-118.17835000000001">
    <ele>810.1</ele>
   </trkpt>
   <trkpt lat="49.131350000000005" lon="-118.17771">
    <ele>810.73</ele>
   </trkpt>
   <trkpt lat="49.13145" lon="-118.17723000000001">
    <ele>811.5300000000001</ele>
   </trkpt>
   <trkpt lat="49.13171500137192" lon="-118.17664500336065">
    <ele>812.3100000000001</ele>
   </trkpt>
   <trkpt lat="49.131980000000006" lon="-118.17606">
    <ele>812.6000000000001</ele>
   </trkpt>
   <trkpt lat="49.13244" lon="-118.17489">
    <ele>815.9200000000001</ele>
   </trkpt>
   <trkpt lat="49.1325950018413" lon="-118.1742400019613">
    <ele>816.96</ele>
   </trkpt>
   <trkpt lat="49.13275" lon="-118.17359">
    <ele>818.0</ele>
   </trkpt>
   <trkpt lat="49.132830000000006" lon="-118.17287">
    <ele>818.74</ele>
   </trkpt>
   <trkpt lat="49.133030000000005" lon="-118.17184">
    <ele>820.47</ele>
   </trkpt>
   <trkpt lat="49.133340000000004" lon="-118.17086">
    <ele>822.1400000000001</ele>
   </trkpt>
   <trkpt lat="49.133660000000006" lon="-118.17023">
    <ele>823.01</ele>
   </trkpt>
   <trkpt lat="49.13385" lon="-118.16974">
    <ele>823.61</ele>
   </trkpt>
   <trkpt lat="49.133900000000004" lon="-118.16933000000002">
    <ele>824.21</ele>
   </trkpt>
   <trkpt lat="49.13382000000001" lon="-118.16848000000002">
    <ele>825.4300000000001</ele>
   </trkpt>
   <trkpt lat="49.13356001186976" lon="-118.1675224849101">
    <ele>827.2700000000001</ele>
   </trkpt>
   <trkpt lat="49.13330001582185" lon="-118.16656497986386">
    <ele>828.1600000000001</ele>
   </trkpt>
   <trkpt lat="49.13304001185642" lon="-118.16560748486143">
    <ele>830.67</ele>
   </trkpt>
   <trkpt lat="49.132780000000004" lon="-118.16465000000001">
    <ele>831.7</ele>
   </trkpt>
   <trkpt lat="49.132670000000005" lon="-118.16397">
    <ele>832.76</ele>
   </trkpt>
   <trkpt lat="49.132690000000004" lon="-118.16289">
    <ele>834.82</ele>
   </trkpt>
   <trkpt lat="49.13268000381687" lon="-118.16194999994998">
    <ele>836.16</ele>
   </trkpt>
   <trkpt lat="49.132670000000005" lon="-118.16101">
    <ele>837.2700000000001</ele>
   </trkpt>
   <trkpt lat="49.132525002500074" lon="-118.16025499799325">
    <ele>838.3900000000001</ele>
   </trkpt>
   <trkpt lat="49.132380000000005" lon="-118.15950000000001">
    <ele>840.25</ele>
   </trkpt>
   <trkpt lat="49.132000000000005" lon="-118.15836000000002">
    <ele>841.6600000000001</ele>
   </trkpt>
   <trkpt lat="49.13199" lon="-118.15798000000001">
    <ele>842.0900000000001</ele>
   </trkpt>
   <trkpt lat="49.132130000000004" lon="-118.15734">
    <ele>843.4200000000001</ele>
   </trkpt>
   <trkpt lat="49.13249000226926" lon="-118.1566200051669">
    <ele>844.9100000000001</ele>
   </trkpt>
   <trkpt lat="49.132850000000005" lon="-118.1559">
    <ele>846.4</ele>
   </trkpt>
   <trkpt lat="49.13306000000001" lon="-118.15492">
    <ele>847.8500000000001</ele>
   </trkpt>
   <trkpt lat="49.13318500195162" lon="-118.15425000161834">
    <ele>848.4100000000001</ele>
   </trkpt>
   <trkpt lat="49.13331" lon="-118.15358">
    <ele>849.6800000000001</ele>
   </trkpt>
   <trkpt lat="49.13340000522263" lon="-118.15248000202313">
    <ele>851.1500000000001</ele>
   </trkpt>
   <trkpt lat="49.13349" lon="-118.15138">
    <ele>853.11</ele>
   </trkpt>
   <trkpt lat="49.13350500297815" lon="-118.15055000005827">
    <ele>854.8000000000001</ele>
   </trkpt>
   <trkpt lat="49.133520000000004" lon="-118.14972000000002">
    <ele>856.1200000000001</ele>
   </trkpt>
   <trkpt lat="49.133590004635664" lon="-118.14868500131188">
    <ele>857.44</ele>
   </trkpt>
   <trkpt lat="49.133660000000006" lon="-118.14765000000001">
    <ele>859.5600000000001</ele>
   </trkpt>
   <trkpt lat="49.133790006902736" lon="-118.1463850033856">
    <ele>861.0300000000001</ele>
   </trkpt>
   <trkpt lat="49.13392" lon="-118.14512">
    <ele>863.0500000000001</ele>
   </trkpt>
   <trkpt lat="49.134170005365355" lon="-118.14400500563592">
    <ele>864.82</ele>
   </trkpt>
   <trkpt lat="49.134420000000006" lon="-118.14289000000001">
    <ele>867.01</ele>
   </trkpt>
   <trkpt lat="49.134683346053016" lon="-118.14167667952967">
    <ele>868.8100000000001</ele>
   </trkpt>
   <trkpt lat="49.13494667939259" lon="-118.14046334616793">
    <ele>870.7600000000001</ele>
   </trkpt>
   <trkpt lat="49.13521" lon="-118.13925">
    <ele>872.0300000000001</ele>
   </trkpt>
   <trkpt lat="49.135480005637895" lon="-118.1381100060985">
    <ele>873.2800000000001</ele>
   </trkpt>
   <trkpt lat="49.13575" lon="-118.13697">
    <ele>874.47</ele>
   </trkpt>
   <trkpt lat="49.13601667475519" lon="-118.1360033436661">
    <ele>875.7</ele>
   </trkpt>
   <trkpt lat="49.13628334144073" lon="-118.13503667693116">
    <ele>876.65</ele>
   </trkpt>
   <trkpt lat="49.13655000000001" lon="-118.13407000000001">
    <ele>877.7900000000001</ele>
   </trkpt>
   <trkpt lat="49.13678000746854" lon="-118.13314000863315">
    <ele>878.53</ele>
   </trkpt>
   <trkpt lat="49.13701000746801" lon="-118.1322100086354">
    <ele>879.5200000000001</ele>
   </trkpt>
   <trkpt lat="49.137240000000006" lon="-118.13128">
    <ele>880.86</ele>
   </trkpt>
   <trkpt lat="49.13740000370232" lon="-118.13036000269577">
    <ele>881.45</ele>
   </trkpt>
   <trkpt lat="49.13756" lon="-118.12944000000002">
    <ele>882.7900000000001</ele>
   </trkpt>
   <trkpt lat="49.13767000349712" lon="-118.1285400020004">
    <ele>883.58</ele>
   </trkpt>
   <trkpt lat="49.13778000000001" lon="-118.12764000000001">
    <ele>893.0600000000001</ele>
   </trkpt>
   <trkpt lat="49.137690000000006" lon="-118.12739">
    <ele>897.0</ele>
   </trkpt>
   <trkpt lat="49.13752" lon="-118.12714000000001">
    <ele>899.41</ele>
   </trkpt>
   <trkpt lat="49.13752" lon="-118.12703">
    <ele>899.41</ele>
   </trkpt>
   <trkpt lat="49.13765" lon="-118.12698">
    <ele>894.0600000000001</ele>
   </trkpt>
   <trkpt lat="49.13785000000001" lon="-118.12698">
    <ele>895.0600000000001</ele>
   </trkpt>
   <trkpt lat="49.137980000000006" lon="-118.12655000000001">
    <ele>895.5600000000001</ele>
   </trkpt>
   <trkpt lat="49.13841000000001" lon="-118.12565000000001">
    <ele>895.63</ele>
   </trkpt>
   <trkpt lat="49.13879000232118" lon="-118.12493000536334">
    <ele>896.1500000000001</ele>
   </trkpt>
   <trkpt lat="49.13917000000001" lon="-118.12421">
    <ele>897.5900000000001</ele>
   </trkpt>
   <trkpt lat="49.13967000705848" lon="-118.12347252230154">
    <ele>898.69</ele>
   </trkpt>
   <trkpt lat="49.14017000942012" lon="-118.12273502972283">
    <ele>900.3000000000001</ele>
   </trkpt>
   <trkpt lat="49.1406700070848" lon="-118.12199752226343">
    <ele>902.1300000000001</ele>
   </trkpt>
   <trkpt lat="49.14117" lon="-118.12126">
    <ele>903.75</ele>
   </trkpt>
   <trkpt lat="49.14153" lon="-118.12063">
    <ele>905.1600000000001</ele>
   </trkpt>
   <trkpt lat="49.14194500303857" lon="-118.11978500716661">
    <ele>906.4300000000001</ele>
   </trkpt>
   <trkpt lat="49.142360000000004" lon="-118.11894000000001">
    <ele>908.23</ele>
   </trkpt>
   <trkpt lat="49.142825004322255" lon="-118.11794500923463">
    <ele>910.4300000000001</ele>
   </trkpt>
   <trkpt lat="49.14329000000001" lon="-118.11695">
    <ele>912.09</ele>
   </trkpt>
   <trkpt lat="49.14367500149339" lon="-118.1163500047566">
    <ele>913.48</ele>
   </trkpt>
   <trkpt lat="49.14406" lon="-118.11575">
    <ele>914.85</ele>
   </trkpt>
   <trkpt lat="49.144477509588974" lon="-118.11489002171906">
    <ele>916.3500000000001</ele>
   </trkpt>
   <trkpt lat="49.14489501279136" lon="-118.11403002894676">
    <ele>918.12</ele>
   </trkpt>
   <trkpt lat="49.14531250960693" lon="-118.11317002168273">
    <ele>920.21</ele>
   </trkpt>
   <trkpt lat="49.14573000000001" lon="-118.11231000000001">
    <ele>921.19</ele>
   </trkpt>
   <trkpt lat="49.14612500129062" lon="-118.1117900039832">
    <ele>922.4100000000001</ele>
   </trkpt>
   <trkpt lat="49.14652" lon="-118.11127">
    <ele>923.7400000000001</ele>
   </trkpt>
   <trkpt lat="49.146770000000004" lon="-118.11077000000002">
    <ele>924.71</ele>
   </trkpt>
   <trkpt lat="49.14699" lon="-118.10997">
    <ele>925.95</ele>
   </trkpt>
   <trkpt lat="49.14734000000001" lon="-118.10918000000001">
    <ele>927.3000000000001</ele>
   </trkpt>
   <trkpt lat="49.14784" lon="-118.10813">
    <ele>929.5200000000001</ele>
   </trkpt>
   <trkpt lat="49.14809" lon="-118.10737">
    <ele>930.83</ele>
   </trkpt>
   <trkpt lat="49.148410000000005" lon="-118.10625">
    <ele>932.0800000000002</ele>
   </trkpt>
   <trkpt lat="49.14873" lon="-118.10558">
    <ele>933.36</ele>
   </trkpt>
   <trkpt lat="49.14929" lon="-118.10458000000001">
    <ele>935.6800000000001</ele>
   </trkpt>
   <trkpt lat="49.14965" lon="-118.10388">
    <ele>937.4300000000001</ele>
   </trkpt>
   <trkpt lat="49.1499" lon="-118.10317">
    <ele>937.9200000000001</ele>
   </trkpt>
   <trkpt lat="49.15040502418322" lon="-118.10211172059871">
    <ele>940.33</ele>
   </trkpt>
   <trkpt lat="49.15091003869518" lon="-118.10105341962193">
    <ele>942.22</ele>
   </trkpt>
   <trkpt lat="49.15141504353553" lon="-118.09999509706924">
    <ele>944.47</ele>
   </trkpt>
   <trkpt lat="49.15192003870384" lon="-118.09893675294028">
    <ele>946.1</ele>
   </trkpt>
   <trkpt lat="49.152425024199815" lon="-118.09787838723459">
    <ele>948.8700000000001</ele>
   </trkpt>
   <trkpt lat="49.152930000000005" lon="-118.09682000000001">
    <ele>951.08</ele>
   </trkpt>
   <trkpt lat="49.153470000000006" lon="-118.09583">
    <ele>952.74</ele>
   </trkpt>
   <trkpt lat="49.15372000000001" lon="-118.0956">
    <ele>953.44</ele>
   </trkpt>
   <trkpt lat="49.15408000000001" lon="-118.09538">
    <ele>953.9300000000001</ele>
   </trkpt>
   <trkpt lat="49.15447" lon="-118.09529">
    <ele>955.12</ele>
   </trkpt>
   <trkpt lat="49.1552" lon="-118.09495000000001">
    <ele>956.76</ele>
   </trkpt>
   <trkpt lat="49.15579000104539" lon="-118.09447500560042">
    <ele>958.1800000000001</ele>
   </trkpt>
   <trkpt lat="49.156380000000006" lon="-118.09400000000001">
    <ele>959.59</ele>
   </trkpt>
   <trkpt lat="49.15691" lon="-118.09385">
    <ele>961.1700000000001</ele>
   </trkpt>
   <trkpt lat="49.15751" lon="-118.09382000000001">
    <ele>962.57</ele>
   </trkpt>
   <trkpt lat="49.15821500020022" lon="-118.09370500490607">
    <ele>964.19</ele>
   </trkpt>
   <trkpt lat="49.15892000028622" lon="-118.09359000653839">
    <ele>965.9700000000001</ele>
   </trkpt>
   <trkpt lat="49.15962500025805" lon="-118.09347500489682">
    <ele>967.96</ele>
   </trkpt>
   <trkpt lat="49.16033" lon="-118.09336">
    <ele>969.9000000000001</ele>
   </trkpt>
   <trkpt lat="49.160963333452024" lon="-118.09327000229497">
    <ele>971.96</ele>
   </trkpt>
   <trkpt lat="49.16159666683409" lon="-118.09318000228807">
    <ele>972.83</ele>
   </trkpt>
   <trkpt lat="49.16223" lon="-118.09309">
    <ele>974.37</ele>
   </trkpt>
   <trkpt lat="49.1625" lon="-118.09315000000001">
    <ele>974.9000000000001</ele>
   </trkpt>
   <trkpt lat="49.1627" lon="-118.09323">
    <ele>975.7900000000001</ele>
   </trkpt>
   <trkpt lat="49.16336000095434" lon="-118.09369999373638">
    <ele>977.2100000000002</ele>
   </trkpt>
   <trkpt lat="49.16402" lon="-118.09417">
    <ele>978.84</ele>
   </trkpt>
   <trkpt lat="49.16454" lon="-118.09432000000001">
    <ele>979.86</ele>
   </trkpt>
   <trkpt lat="49.16505" lon="-118.09448">
    <ele>981.5100000000001</ele>
   </trkpt>
   <trkpt lat="49.165685000083656" lon="-118.09463499800738">
    <ele>982.99</ele>
   </trkpt>
   <trkpt lat="49.166320000000006" lon="-118.09479">
    <ele>983.72</ele>
   </trkpt>
   <trkpt lat="49.16716500059017" lon="-118.0951549937774">
    <ele>986.33</ele>
   </trkpt>
   <trkpt lat="49.16801" lon="-118.09552000000001">
    <ele>988.2700000000001</ele>
   </trkpt>
   <trkpt lat="49.16884500081445" lon="-118.09598499209146">
    <ele>990.87</ele>
   </trkpt>
   <trkpt lat="49.16968000000001" lon="-118.09645">
    <ele>992.9200000000001</ele>
   </trkpt>
   <trkpt lat="49.17045250277549" lon="-118.0969149782179">
    <ele>994.9100000000001</ele>
   </trkpt>
   <trkpt lat="49.171225003684114" lon="-118.09737997094665">
    <ele>996.9300000000001</ele>
   </trkpt>
   <trkpt lat="49.1719975027258" lon="-118.0978449781871">
    <ele>999.38</ele>
   </trkpt>
   <trkpt lat="49.17277000000001" lon="-118.09831000000001">
    <ele>1001.3199999999999</ele>
   </trkpt>
   <trkpt lat="49.17354" lon="-118.09878">
    <ele>1003.1300000000001</ele>
   </trkpt>
   <trkpt lat="49.17378" lon="-118.09882">
    <ele>1003.6400000000001</ele>
   </trkpt>
   <trkpt lat="49.17399" lon="-118.09878">
    <ele>1004.1200000000001</ele>
   </trkpt>
   <trkpt lat="49.174290000000006" lon="-118.09869">
    <ele>1004.99</ele>
   </trkpt>
   <trkpt lat="49.174710000000005" lon="-118.09865">
    <ele>1005.5100000000001</ele>
   </trkpt>
   <trkpt lat="49.175160000000005" lon="-118.09873">
    <ele>1007.09</ele>
   </trkpt>
   <trkpt lat="49.17539000000001" lon="-118.09887">
    <ele>1007.09</ele>
   </trkpt>
   <trkpt lat="49.17611" lon="-118.09927">
    <ele>1009.2100000000002</ele>
   </trkpt>
   <trkpt lat="49.17669000121555" lon="-118.09978999394994">
    <ele>1010.54</ele>
   </trkpt>
   <trkpt lat="49.17727000000001" lon="-118.10031000000001">
    <ele>1012.51</ele>
   </trkpt>
   <trkpt lat="49.17787500277758" lon="-118.10110999024067">
    <ele>1014.1500000000001</ele>
   </trkpt>
   <trkpt lat="49.17848000000001" lon="-118.10191">
    <ele>1016.38</ele>
   </trkpt>
   <trkpt lat="49.17910333810477" lon="-118.10265331461055">
    <ele>1017.8500000000001</ele>
   </trkpt>
   <trkpt lat="49.179726671439" lon="-118.10339664794465">
    <ele>1020.0500000000001</ele>
   </trkpt>
   <trkpt lat="49.180350000000004" lon="-118.10414000000002">
    <ele>1021.5</ele>
   </trkpt>
   <trkpt lat="49.18101333918358" lon="-118.10496331125913">
    <ele>1023.4100000000001</ele>
   </trkpt>
   <trkpt lat="49.1816766725146" lon="-118.10578664458916">
    <ele>1026.0200000000002</ele>
   </trkpt>
   <trkpt lat="49.18234" lon="-118.10661">
    <ele>1028.3</ele>
   </trkpt>
   <trkpt lat="49.182770000000005" lon="-118.10697">
    <ele>1028.84</ele>
   </trkpt>
   <trkpt lat="49.18309000000001" lon="-118.10703000000001">
    <ele>1029.5700000000002</ele>
   </trkpt>
   <trkpt lat="49.18383000000001" lon="-118.10706">
    <ele>1030.6699999999998</ele>
   </trkpt>
   <trkpt lat="49.18426" lon="-118.1071">
    <ele>1032.3200000000002</ele>
   </trkpt>
   <trkpt lat="49.185010000000005" lon="-118.10728">
    <ele>1034.14</ele>
   </trkpt>
   <trkpt lat="49.185550000000006" lon="-118.10751">
    <ele>1035.56</ele>
   </trkpt>
   <trkpt lat="49.185990000000004" lon="-118.10796">
    <ele>1036.54</ele>
   </trkpt>
   <trkpt lat="49.186240000000005" lon="-118.10837000000001">
    <ele>1037.16</ele>
   </trkpt>
   <trkpt lat="49.18648" lon="-118.10889000000002">
    <ele>1038.15</ele>
   </trkpt>
   <trkpt lat="49.186580000000006" lon="-118.10921">
    <ele>1038.92</ele>
   </trkpt>
   <trkpt lat="49.18667000000001" lon="-118.11001">
    <ele>1039.8200000000002</ele>
   </trkpt>
   <trkpt lat="49.186800000000005" lon="-118.11036000000001">
    <ele>1042.8700000000001</ele>
   </trkpt>
   <trkpt lat="49.18704" lon="-118.11065">
    <ele>1049.97</ele>
   </trkpt>
   <trkpt lat="49.187540000000006" lon="-118.11101000000001">
    <ele>1042.1</ele>
   </trkpt>
   <trkpt lat="49.18782" lon="-118.11111000000001">
    <ele>1043.16</ele>
   </trkpt>
   <trkpt lat="49.188010000000006" lon="-118.11104">
    <ele>1043.7500000000002</ele>
   </trkpt>
   <trkpt lat="49.18849" lon="-118.11070000000001">
    <ele>1044.78</ele>
   </trkpt>
   <trkpt lat="49.18877500125892" lon="-118.11015500318389">
    <ele>1046.0800000000002</ele>
   </trkpt>
   <trkpt lat="49.189060000000005" lon="-118.10961">
    <ele>1046.8500000000001</ele>
   </trkpt>
   <trkpt lat="49.18939" lon="-118.1093">
    <ele>1047.29</ele>
   </trkpt>
   <trkpt lat="49.18976000000001" lon="-118.10921">
    <ele>1048.0900000000001</ele>
   </trkpt>
   <trkpt lat="49.19005000000001" lon="-118.1093">
    <ele>1048.94</ele>
   </trkpt>
   <trkpt lat="49.190670000000004" lon="-118.10966">
    <ele>1050.5300000000002</ele>
   </trkpt>
   <trkpt lat="49.191250000000004" lon="-118.11014000000002">
    <ele>1052.14</ele>
   </trkpt>
   <trkpt lat="49.191610000000004" lon="-118.11038">
    <ele>1052.41</ele>
   </trkpt>
   <trkpt lat="49.19218500005079" lon="-118.11053499818415">
    <ele>1053.92</ele>
   </trkpt>
   <trkpt lat="49.19276000000001" lon="-118.11069">
    <ele>1055.49</ele>
   </trkpt>
   <trkpt lat="49.19350000361161" lon="-118.11114797258799">
    <ele>1057.68</ele>
   </trkpt>
   <trkpt lat="49.19424000541241" lon="-118.11160595887813">
    <ele>1059.3799999999999</ele>
   </trkpt>
   <trkpt lat="49.19498000540231" lon="-118.11206395887106">
    <ele>1061.0900000000001</ele>
   </trkpt>
   <trkpt lat="49.1957200035812" lon="-118.11252197256759">
    <ele>1062.94</ele>
   </trkpt>
   <trkpt lat="49.19646" lon="-118.11298000000001">
    <ele>1064.4900000000002</ele>
   </trkpt>
   <trkpt lat="49.19696000123837" lon="-118.11348999496242">
    <ele>1066.67</ele>
   </trkpt>
   <trkpt lat="49.19746000000001" lon="-118.114">
    <ele>1067.9</ele>
   </trkpt>
   <trkpt lat="49.19814000088371" lon="-118.11431665796758">
    <ele>1069.45</ele>
   </trkpt>
   <trkpt lat="49.19882000090173" lon="-118.1146333246425">
    <ele>1070.41</ele>
   </trkpt>
   <trkpt lat="49.19950000000001" lon="-118.11495000000001">
    <ele>1073.2</ele>
   </trkpt>
   <trkpt lat="49.200190000000006" lon="-118.11529000000002">
    <ele>1074.68</ele>
   </trkpt>
   <trkpt lat="49.200790000000005" lon="-118.11576000000001">
    <ele>1076.65</ele>
   </trkpt>
   <trkpt lat="49.201480000000004" lon="-118.11624">
    <ele>1078.1100000000001</ele>
   </trkpt>
   <trkpt lat="49.202040000000004" lon="-118.11646">
    <ele>1079.45</ele>
   </trkpt>
   <trkpt lat="49.202716666791886" lon="-118.11653666457698">
    <ele>1080.3200000000002</ele>
   </trkpt>
   <trkpt lat="49.203393333533064" lon="-118.11661333125205">
    <ele>1081.39</ele>
   </trkpt>
   <trkpt lat="49.20407" lon="-118.11669">
    <ele>1082.7600000000002</ele>
   </trkpt>
   <trkpt lat="49.204715000064105" lon="-118.11684499796867">
    <ele>1084.3500000000001</ele>
   </trkpt>
   <trkpt lat="49.205360000000006" lon="-118.117">
    <ele>1085.47</ele>
   </trkpt>
   <trkpt lat="49.206030000000005" lon="-118.11727">
    <ele>1087.8300000000002</ele>
   </trkpt>
   <trkpt lat="49.206615000508684" lon="-118.11757999638203">
    <ele>1088.98</ele>
   </trkpt>
   <trkpt lat="49.20720000000001" lon="-118.11789">
    <ele>1090.3</ele>
   </trkpt>
   <trkpt lat="49.207950000000004" lon="-118.11841000000001">
    <ele>1092.7900000000002</ele>
   </trkpt>
   <trkpt lat="49.208676668972586" lon="-118.11892331826577">
    <ele>1094.29</ele>
   </trkpt>
   <trkpt lat="49.20940333567045" lon="-118.11943665162083">
    <ele>1095.42</ele>
   </trkpt>
   <trkpt lat="49.21013000000001" lon="-118.11995">
    <ele>1097.52</ele>
   </trkpt>
   <trkpt lat="49.21068666883843" lon="-118.12045665521624">
    <ele>1098.8300000000002</ele>
   </trkpt>
   <trkpt lat="49.21124333546084" lon="-118.12096332184244">
    <ele>1100.36</ele>
   </trkpt>
   <trkpt lat="49.211800000000004" lon="-118.12147000000002">
    <ele>1102.29</ele>
   </trkpt>
   <trkpt lat="49.212410000000006" lon="-118.12197">
    <ele>1103.0600000000002</ele>
   </trkpt>
   <trkpt lat="49.213000000938074" lon="-118.1224249946038">
    <ele>1104.6200000000001</ele>
   </trkpt>
   <trkpt lat="49.21359" lon="-118.12288000000001">
    <ele>1106.33</ele>
   </trkpt>
   <trkpt lat="49.21427666997183" lon="-118.12349664955424">
    <ele>1107.92</ele>
   </trkpt>
   <trkpt lat="49.21496333666105" lon="-118.12411331624084">
    <ele>1109.45</ele>
   </trkpt>
   <trkpt lat="49.215650000000004" lon="-118.12473000000001">
    <ele>1111.8400000000001</ele>
   </trkpt>
   <trkpt lat="49.21578" lon="-118.12489000000001">
    <ele>1112.21</ele>
   </trkpt>
   <trkpt lat="49.21645000184322" lon="-118.12553499130274">
    <ele>1113.75</ele>
   </trkpt>
   <trkpt lat="49.21712" lon="-118.12618">
    <ele>1115.8000000000002</ele>
   </trkpt>
   <trkpt lat="49.21775" lon="-118.12681">
    <ele>1117.44</ele>
   </trkpt>
   <trkpt lat="49.21831" lon="-118.12756">
    <ele>1119.4</ele>
   </trkpt>
   <trkpt lat="49.21882" lon="-118.12801">
    <ele>1121.2300000000002</ele>
   </trkpt>
   <trkpt lat="49.219300000000004" lon="-118.12828">
    <ele>1121.92</ele>
   </trkpt>
   <trkpt lat="49.21977499990468" lon="-118.12836999911032">
    <ele>1122.8200000000002</ele>
   </trkpt>
   <trkpt lat="49.22025000000001" lon="-118.12846">
    <ele>1123.8799999999999</ele>
   </trkpt>
   <trkpt lat="49.220710000000004" lon="-118.1286">
    <ele>1124.7900000000002</ele>
   </trkpt>
   <trkpt lat="49.221270000000004" lon="-118.12895">
    <ele>1126.45</ele>
   </trkpt>
   <trkpt lat="49.22164" lon="-118.12927">
    <ele>1127.39</ele>
   </trkpt>
   <trkpt lat="49.221940000000004" lon="-118.12964000000001">
    <ele>1128.23</ele>
   </trkpt>
   <trkpt lat="49.22241" lon="-118.1303">
    <ele>1129.67</ele>
   </trkpt>
   <trkpt lat="49.222970000000004" lon="-118.13102">
    <ele>1131.5900000000001</ele>
   </trkpt>
   <trkpt lat="49.223510000000005" lon="-118.13155">
    <ele>1132.97</ele>
   </trkpt>
   <trkpt lat="49.22379" lon="-118.13173">
    <ele>1133.27</ele>
   </trkpt>
   <trkpt lat="49.22417" lon="-118.13191">
    <ele>1134.21</ele>
   </trkpt>
   <trkpt lat="49.22495500020033" lon="-118.13208499723505">
    <ele>1136.16</ele>
   </trkpt>
   <trkpt lat="49.22574" lon="-118.13226000000002">
    <ele>1137.43</ele>
   </trkpt>
   <trkpt lat="49.22652200056783" lon="-118.1324399886066">
    <ele>1140.2800000000002</ele>
   </trkpt>
   <trkpt lat="49.227304000856016" lon="-118.13261998291053">
    <ele>1141.63</ele>
   </trkpt>
   <trkpt lat="49.22808600086453" lon="-118.13279998291213">
    <ele>1142.98</ele>
   </trkpt>
   <trkpt lat="49.22886800059337" lon="-118.1329799886118">
    <ele>1145.78</ele>
   </trkpt>
   <trkpt lat="49.22965000000001" lon="-118.13316">
    <ele>1146.7800000000002</ele>
   </trkpt>
   <trkpt lat="49.23008" lon="-118.13316">
    <ele>1147.81</ele>
   </trkpt>
   <trkpt lat="49.23064500012581" lon="-118.13296000230389">
    <ele>1148.76</ele>
   </trkpt>
   <trkpt lat="49.231210000000004" lon="-118.13276">
    <ele>1149.81</ele>
   </trkpt>
   <trkpt lat="49.23180000000001" lon="-118.1328">
    <ele>1151.6200000000001</ele>
   </trkpt>
   <trkpt lat="49.23227000000001" lon="-118.13303">
    <ele>1152.73</ele>
   </trkpt>
   <trkpt lat="49.2329733347942" lon="-118.13344665477943">
    <ele>1154.67</ele>
   </trkpt>
   <trkpt lat="49.233676668089906" lon="-118.13386332142362">
    <ele>1156.7500000000002</ele>
   </trkpt>
   <trkpt lat="49.23438" lon="-118.13428">
    <ele>1158.8700000000001</ele>
   </trkpt>
   <trkpt lat="49.23481" lon="-118.13437">
    <ele>1159.48</ele>
   </trkpt>
   <trkpt lat="49.23565000001497" lon="-118.13441999829902">
    <ele>1161.3300000000002</ele>
   </trkpt>
   <trkpt lat="49.236490000008374" lon="-118.13446999829857">
    <ele>1162.6000000000001</ele>
   </trkpt>
   <trkpt lat="49.23733000000001" lon="-118.13452000000001">
    <ele>1164.5700000000002</ele>
   </trkpt>
   <trkpt lat="49.23787" lon="-118.13441">
    <ele>1165.98</ele>
   </trkpt>
   <trkpt lat="49.23842000011584" lon="-118.13421500218867">
    <ele>1166.62</ele>
   </trkpt>
   <trkpt lat="49.23897" lon="-118.13402">
    <ele>1168.08</ele>
   </trkpt>
   <trkpt lat="49.23950999994321" lon="-118.13390500128168">
    <ele>1169.1100000000001</ele>
   </trkpt>
   <trkpt lat="49.240050000000004" lon="-118.13379">
    <ele>1169.8000000000002</ele>
   </trkpt>
   <trkpt lat="49.240745000134915" lon="-118.13368500443421">
    <ele>1171.1200000000001</ele>
   </trkpt>
   <trkpt lat="49.24144000017469" lon="-118.13358000591317">
    <ele>1172.86</ele>
   </trkpt>
   <trkpt lat="49.24213500011929" lon="-118.13347500443673">
    <ele>1174.26</ele>
   </trkpt>
   <trkpt lat="49.242830000000005" lon="-118.13337000000001">
    <ele>1175.34</ele>
   </trkpt>
   <trkpt lat="49.24329" lon="-118.13334">
    <ele>1175.66</ele>
   </trkpt>
   <trkpt lat="49.243590000000005" lon="-118.13338000000002">
    <ele>1176.79</ele>
   </trkpt>
   <trkpt lat="49.2442850002923" lon="-118.1335799972195">
    <ele>1177.7000000000003</ele>
   </trkpt>
   <trkpt lat="49.244980000000005" lon="-118.13378000000002">
    <ele>1179.28</ele>
   </trkpt>
   <trkpt lat="49.245600000079435" lon="-118.13380499968919">
    <ele>1180.55</ele>
   </trkpt>
   <trkpt lat="49.24622" lon="-118.13383">
    <ele>1181.65</ele>
   </trkpt>
   <trkpt lat="49.24665" lon="-118.13397">
    <ele>1183.0500000000002</ele>
   </trkpt>
   <trkpt lat="49.24729666710488" lon="-118.13419666072737">
    <ele>1183.6100000000001</ele>
   </trkpt>
   <trkpt lat="49.247943333766315" lon="-118.1344233273921">
    <ele>1185.01</ele>
   </trkpt>
   <trkpt lat="49.24859000000001" lon="-118.13465000000001">
    <ele>1185.7900000000002</ele>
   </trkpt>
   <trkpt lat="49.24911" lon="-118.13481000000002">
    <ele>1187.8600000000001</ele>
   </trkpt>
   <trkpt lat="49.24964000000001" lon="-118.13486">
    <ele>1188.71</ele>
   </trkpt>
   <trkpt lat="49.25043" lon="-118.13499000000002">
    <ele>1189.64</ele>
   </trkpt>
   <trkpt lat="49.25117" lon="-118.13517000000002">
    <ele>1191.74</ele>
   </trkpt>
   <trkpt lat="49.25195000036934" lon="-118.13539499648843">
    <ele>1193.5300000000002</ele>
   </trkpt>
   <trkpt lat="49.25273000000001" lon="-118.13562">
    <ele>1194.5800000000002</ele>
   </trkpt>
   <trkpt lat="49.25343" lon="-118.13571">
    <ele>1195.64</ele>
   </trkpt>
   <trkpt lat="49.254283333348674" lon="-118.13573333131653">
    <ele>1198.04</ele>
   </trkpt>
   <trkpt lat="49.255136666692636" lon="-118.13575666343976">
    <ele>1199.2900000000002</ele>
   </trkpt>
   <trkpt lat="49.25599000003192" lon="-118.13577999636972">
    <ele>1200.88</ele>
   </trkpt>
   <trkpt lat="49.2568433333665" lon="-118.1358033301065">
    <ele>1202.77</ele>
   </trkpt>
   <trkpt lat="49.257696666696376" lon="-118.1358266646501">
    <ele>1204.16</ele>
   </trkpt>
   <trkpt lat="49.25855000000001" lon="-118.13585">
    <ele>1206.0900000000001</ele>
   </trkpt>
   <trkpt lat="49.25939" lon="-118.13604000000001">
    <ele>1207.4</ele>
   </trkpt>
   <trkpt lat="49.26023000000001" lon="-118.13625">
    <ele>1209.33</ele>
   </trkpt>
   <trkpt lat="49.26102" lon="-118.13616">
    <ele>1210.64</ele>
   </trkpt>
   <trkpt lat="49.26145" lon="-118.13607">
    <ele>1211.5600000000002</ele>
   </trkpt>
   <trkpt lat="49.2621400008795" lon="-118.13575667541434">
    <ele>1212.7</ele>
   </trkpt>
   <trkpt lat="49.262830000911705" lon="-118.13544334206654">
    <ele>1214.4</ele>
   </trkpt>
   <trkpt lat="49.26352000000001" lon="-118.13513">
    <ele>1215.5800000000002</ele>
   </trkpt>
   <trkpt lat="49.26410000048078" lon="-118.13489333889802">
    <ele>1216.96</ele>
   </trkpt>
   <trkpt lat="49.26468000047819" lon="-118.13465667223248">
    <ele>1217.33</ele>
   </trkpt>
   <trkpt lat="49.265260000000005" lon="-118.13442">
    <ele>1217.24</ele>
   </trkpt>
   <trkpt lat="49.26581" lon="-118.13407000000001">
    <ele>1217.2500000000002</ele>
   </trkpt>
   <trkpt lat="49.26629000042222" lon="-118.13379500262035">
    <ele>1217.2800000000002</ele>
   </trkpt>
   <trkpt lat="49.26677" lon="-118.13352">
    <ele>1217.0500000000002</ele>
   </trkpt>
   <trkpt lat="49.26747" lon="-118.13320000000002">
    <ele>1216.93</ele>
   </trkpt>
   <trkpt lat="49.26787" lon="-118.13295000000001">
    <ele>1216.6000000000001</ele>
   </trkpt>
   <trkpt lat="49.2683050001579" lon="-118.13274000186719">
    <ele>1216.43</ele>
   </trkpt>
   <trkpt lat="49.26874" lon="-118.13253">
    <ele>1216.05</ele>
   </trkpt>
   <trkpt lat="49.269220000000004" lon="-118.13241000000001">
    <ele>1215.36</ele>
   </trkpt>
   <trkpt lat="49.27006" lon="-118.13237000000001">
    <ele>1212.82</ele>
   </trkpt>
   <trkpt lat="49.27046000000001" lon="-118.13231">
    <ele>1212.15</ele>
   </trkpt>
   <trkpt lat="49.27094" lon="-118.13217000000002">
    <ele>1211.43</ele>
   </trkpt>
   <trkpt lat="49.27163000022592" lon="-118.13190500373616">
    <ele>1209.74</ele>
   </trkpt>
   <trkpt lat="49.27232" lon="-118.13164">
    <ele>1208.05</ele>
   </trkpt>
   <trkpt lat="49.272830000000006" lon="-118.13137">
    <ele>1207.27</ele>
   </trkpt>
   <trkpt lat="49.273430000000005" lon="-118.1312">
    <ele>1205.67</ele>
   </trkpt>
   <trkpt lat="49.27391" lon="-118.13111">
    <ele>1204.63</ele>
   </trkpt>
   <trkpt lat="49.274570000000004" lon="-118.13107000000001">
    <ele>1203.06</ele>
   </trkpt>
   <trkpt lat="49.27507000031302" lon="-118.13081500256833">
    <ele>1201.93</ele>
   </trkpt>
   <trkpt lat="49.27557" lon="-118.13056">
    <ele>1200.8700000000001</ele>
   </trkpt>
   <trkpt lat="49.27604" lon="-118.13039">
    <ele>1199.88</ele>
   </trkpt>
   <trkpt lat="49.276700000000005" lon="-118.13004000000001">
    <ele>1197.8500000000001</ele>
   </trkpt>
   <trkpt lat="49.277060000000006" lon="-118.12976">
    <ele>1197.3400000000001</ele>
   </trkpt>
   <trkpt lat="49.277440000000006" lon="-118.12927">
    <ele>1196.4</ele>
   </trkpt>
   <trkpt lat="49.27779" lon="-118.12890000000002">
    <ele>1195.1900000000003</ele>
   </trkpt>
   <trkpt lat="49.278330000000004" lon="-118.12842">
    <ele>1193.89</ele>
   </trkpt>
   <trkpt lat="49.278940000000006" lon="-118.12798000000001">
    <ele>1192.18</ele>
   </trkpt>
   <trkpt lat="49.27941000080653" lon="-118.12757000383644">
    <ele>1191.5600000000002</ele>
   </trkpt>
   <trkpt lat="49.279880000000006" lon="-118.12716">
    <ele>1190.1200000000001</ele>
   </trkpt>
   <trkpt lat="49.280496671376376" lon="-118.12642001852544">
    <ele>1188.29</ele>
   </trkpt>
   <trkpt lat="49.28111333802738" lon="-118.12568001854454">
    <ele>1186.3400000000001</ele>
   </trkpt>
   <trkpt lat="49.28173" lon="-118.12494000000001">
    <ele>1184.3799999999999</ele>
   </trkpt>
   <trkpt lat="49.28249" lon="-118.12435">
    <ele>1182.66</ele>
   </trkpt>
   <trkpt lat="49.28314" lon="-118.12403">
    <ele>1179.8600000000001</ele>
   </trkpt>
   <trkpt lat="49.283440000000006" lon="-118.1238">
    <ele>1179.8600000000001</ele>
   </trkpt>
   <trkpt lat="49.283970000000004" lon="-118.12349">
    <ele>1178.67</ele>
   </trkpt>
   <trkpt lat="49.28455" lon="-118.12318">
    <ele>1177.1</ele>
   </trkpt>
   <trkpt lat="49.284940000000006" lon="-118.12305">
    <ele>1176.0300000000002</ele>
   </trkpt>
   <trkpt lat="49.28535" lon="-118.123">
    <ele>1174.49</ele>
   </trkpt>
   <trkpt lat="49.286070000008" lon="-118.12296500153366">
    <ele>1172.86</ele>
   </trkpt>
   <trkpt lat="49.28679000000544" lon="-118.1229300020452">
    <ele>1171.7000000000003</ele>
   </trkpt>
   <trkpt lat="49.28750999999232" lon="-118.12289500153449">
    <ele>1169.91</ele>
   </trkpt>
   <trkpt lat="49.288230000000006" lon="-118.12286">
    <ele>1167.63</ele>
   </trkpt>
   <trkpt lat="49.28894750012991" lon="-118.12276000436597">
    <ele>1166.8500000000001</ele>
   </trkpt>
   <trkpt lat="49.289665000173514" lon="-118.12266000582134">
    <ele>1164.98</ele>
   </trkpt>
   <trkpt lat="49.290382500130846" lon="-118.12256000436598">
    <ele>1162.42</ele>
   </trkpt>
   <trkpt lat="49.29110000000001" lon="-118.12246">
    <ele>1161.8000000000002</ele>
   </trkpt>
   <trkpt lat="49.291380000000004" lon="-118.12237">
    <ele>1160.67</ele>
   </trkpt>
   <trkpt lat="49.291760000000004" lon="-118.1221">
    <ele>1159.9700000000003</ele>
   </trkpt>
   <trkpt lat="49.29222000089757" lon="-118.12161500464941">
    <ele>1158.79</ele>
   </trkpt>
   <trkpt lat="49.292680000000004" lon="-118.12113000000001">
    <ele>1157.34</ele>
   </trkpt>
   <trkpt lat="49.29296" lon="-118.12094">
    <ele>1156.7500000000002</ele>
   </trkpt>
   <trkpt lat="49.29364" lon="-118.12067">
    <ele>1155.22</ele>
   </trkpt>
   <trkpt lat="49.294290000000004" lon="-118.12037000000001">
    <ele>1153.0200000000002</ele>
   </trkpt>
   <trkpt lat="49.29495000000001" lon="-118.11997000000001">
    <ele>1151.3600000000001</ele>
   </trkpt>
   <trkpt lat="49.29556" lon="-118.11937">
    <ele>1150.19</ele>
   </trkpt>
   <trkpt lat="49.29608" lon="-118.11876000000001">
    <ele>1148.73</ele>
   </trkpt>
   <trkpt lat="49.296220000000005" lon="-118.11867000000001">
    <ele>1148.44</ele>
   </trkpt>
   <trkpt lat="49.2965" lon="-118.11861">
    <ele>1148.1000000000001</ele>
   </trkpt>
   <trkpt lat="49.296870000000006" lon="-118.11856000000002">
    <ele>1146.93</ele>
   </trkpt>
   <trkpt lat="49.297160000000005" lon="-118.11843">
    <ele>1146.16</ele>
   </trkpt>
   <trkpt lat="49.29737" lon="-118.11829000000002">
    <ele>1145.85</ele>
   </trkpt>
   <trkpt lat="49.297850000000004" lon="-118.11759">
    <ele>1144.77</ele>
   </trkpt>
   <trkpt lat="49.29824000000001" lon="-118.11735000000002">
    <ele>1143.82</ele>
   </trkpt>
   <trkpt lat="49.29905" lon="-118.11727">
    <ele>1141.55</ele>
   </trkpt>
   <trkpt lat="49.29945000000001" lon="-118.11718">
    <ele>1140.5200000000002</ele>
   </trkpt>
   <trkpt lat="49.29989000014615" lon="-118.11693500225023">
    <ele>1139.7</ele>
   </trkpt>
   <trkpt lat="49.30033" lon="-118.11669">
    <ele>1138.16</ele>
   </trkpt>
   <trkpt lat="49.30095000000001" lon="-118.11611">
    <ele>1136.9900000000002</ele>
   </trkpt>
   <trkpt lat="49.301230000000004" lon="-118.11592">
    <ele>1136.39</ele>
   </trkpt>
   <trkpt lat="49.301460000000006" lon="-118.11585000000001">
    <ele>1135.8300000000002</ele>
   </trkpt>
   <trkpt lat="49.301700000000004" lon="-118.11584">
    <ele>1134.89</ele>
   </trkpt>
   <trkpt lat="49.30248" lon="-118.11601">
    <ele>1133.34</ele>
   </trkpt>
   <trkpt lat="49.30285000000001" lon="-118.11601">
    <ele>1132.41</ele>
   </trkpt>
   <trkpt lat="49.30313" lon="-118.11589000000001">
    <ele>1131.93</ele>
   </trkpt>
   <trkpt lat="49.30356500064771" lon="-118.11555500283139">
    <ele>1130.6900000000003</ele>
   </trkpt>
   <trkpt lat="49.304" lon="-118.11522000000001">
    <ele>1129.82</ele>
   </trkpt>
   <trkpt lat="49.30431" lon="-118.11516">
    <ele>1129.13</ele>
   </trkpt>
   <trkpt lat="49.3046" lon="-118.11512">
    <ele>1128.6200000000001</ele>
   </trkpt>
   <trkpt lat="49.30537400021178" lon="-118.11522799321536">
    <ele>1126.44</ele>
   </trkpt>
   <trkpt lat="49.30614800032291" lon="-118.11533598982356">
    <ele>1124.1000000000001</ele>
   </trkpt>
   <trkpt lat="49.30692200033342" lon="-118.11544398982483">
    <ele>1121.99</ele>
   </trkpt>
   <trkpt lat="49.30769600024327" lon="-118.11555199321934">
    <ele>1120.8400000000001</ele>
   </trkpt>
   <trkpt lat="49.30847000000001" lon="-118.11566">
    <ele>1118.7900000000002</ele>
   </trkpt>
   <trkpt lat="49.30895" lon="-118.11558000000001">
    <ele>1117.55</ele>
   </trkpt>
   <trkpt lat="49.309380000000004" lon="-118.11544">
    <ele>1116.6</ele>
   </trkpt>
   <trkpt lat="49.30977000000001" lon="-118.11525">
    <ele>1115.75</ele>
   </trkpt>
   <trkpt lat="49.31007" lon="-118.11498">
    <ele>1115.21</ele>
   </trkpt>
   <trkpt lat="49.31036" lon="-118.11458">
    <ele>1114.88</ele>
   </trkpt>
   <trkpt lat="49.31051" lon="-118.11409">
    <ele>1114.6299999999999</ele>
   </trkpt>
   <trkpt lat="49.31058" lon="-118.11373">
    <ele>1113.94</ele>
   </trkpt>
   <trkpt lat="49.31053000000001" lon="-118.11325000000001">
    <ele>1113.39</ele>
   </trkpt>
   <trkpt lat="49.31065" lon="-118.11240000000001">
    <ele>1111.49</ele>
   </trkpt>
   <trkpt lat="49.31076" lon="-118.11208">
    <ele>1110.97</ele>
   </trkpt>
   <trkpt lat="49.31087" lon="-118.11182000000001">
    <ele>1110.97</ele>
   </trkpt>
   <trkpt lat="49.31105" lon="-118.11163">
    <ele>1110.54</ele>
   </trkpt>
   <trkpt lat="49.31127000000001" lon="-118.11144000000002">
    <ele>1110.3899999999999</ele>
   </trkpt>
   <trkpt lat="49.311490000000006" lon="-118.11135000000002">
    <ele>1110.18</ele>
   </trkpt>
   <trkpt lat="49.31168" lon="-118.11131">
    <ele>1110.09</ele>
   </trkpt>
   <trkpt lat="49.31194000000001" lon="-118.11136">
    <ele>1109.82</ele>
   </trkpt>
   <trkpt lat="49.31214000000001" lon="-118.11149">
    <ele>1109.01</ele>
   </trkpt>
   <trkpt lat="49.3126" lon="-118.11191000000001">
    <ele>1108.24</ele>
   </trkpt>
   <trkpt lat="49.31295" lon="-118.11242000000001">
    <ele>1107.24</ele>
   </trkpt>
   <trkpt lat="49.3132" lon="-118.11292">
    <ele>1106.73</ele>
   </trkpt>
   <trkpt lat="49.3134000019995" lon="-118.11359499737398">
    <ele>1105.63</ele>
   </trkpt>
   <trkpt lat="49.3136" lon="-118.11427">
    <ele>1104.92</ele>
   </trkpt>
   <trkpt lat="49.3138" lon="-118.11463">
    <ele>1104.0400000000002</ele>
   </trkpt>
   <trkpt lat="49.314060000000005" lon="-118.11489">
    <ele>1103.2600000000002</ele>
   </trkpt>
   <trkpt lat="49.31456000000001" lon="-118.11531000000001">
    <ele>1101.75</ele>
   </trkpt>
   <trkpt lat="49.3147" lon="-118.11557">
    <ele>1101.49</ele>
   </trkpt>
   <trkpt lat="49.31514000000001" lon="-118.11673">
    <ele>1100.3500000000001</ele>
   </trkpt>
   <trkpt lat="49.31539" lon="-118.11701000000001">
    <ele>1099.6200000000001</ele>
   </trkpt>
   <trkpt lat="49.315690000000004" lon="-118.11722">
    <ele>1098.56</ele>
   </trkpt>
   <trkpt lat="49.31609" lon="-118.11727">
    <ele>1097.8400000000001</ele>
   </trkpt>
   <trkpt lat="49.316714999928976" lon="-118.11723000051258">
    <ele>1096.02</ele>
   </trkpt>
   <trkpt lat="49.31734" lon="-118.11719000000001">
    <ele>1094.65</ele>
   </trkpt>
   <trkpt lat="49.317979999982" lon="-118.1171850000651">
    <ele>1093.5000000000002</ele>
   </trkpt>
   <trkpt lat="49.31862" lon="-118.11718">
    <ele>1091.85</ele>
   </trkpt>
   <trkpt lat="49.31906000000001" lon="-118.11722">
    <ele>1090.84</ele>
   </trkpt>
   <trkpt lat="49.31985" lon="-118.11718">
    <ele>1089.21</ele>
   </trkpt>
   <trkpt lat="49.32018" lon="-118.11718">
    <ele>1088.02</ele>
   </trkpt>
   <trkpt lat="49.320870000000006" lon="-118.1174">
    <ele>1086.98</ele>
   </trkpt>
   <trkpt lat="49.32153666663439" lon="-118.11737000081409">
    <ele>1085.21</ele>
   </trkpt>
   <trkpt lat="49.322203333261015" lon="-118.1173400008159">
    <ele>1083.8000000000002</ele>
   </trkpt>
   <trkpt lat="49.32287" lon="-118.11731">
    <ele>1082.2200000000003</ele>
   </trkpt>
   <trkpt lat="49.32336" lon="-118.11722">
    <ele>1081.04</ele>
   </trkpt>
   <trkpt lat="49.324000000000005" lon="-118.11686">
    <ele>1079.5400000000002</ele>
   </trkpt>
   <trkpt lat="49.32424" lon="-118.11683000000001">
    <ele>1079.3799999999999</ele>
   </trkpt>
   <trkpt lat="49.32448" lon="-118.11686">
    <ele>1078.93</ele>
   </trkpt>
   <trkpt lat="49.325030000000005" lon="-118.11705">
    <ele>1077.5700000000002</ele>
   </trkpt>
   <trkpt lat="49.32549" lon="-118.11714">
    <ele>1076.5200000000002</ele>
   </trkpt>
   <trkpt lat="49.32583" lon="-118.11714">
    <ele>1075.39</ele>
   </trkpt>
   <trkpt lat="49.32638000000001" lon="-118.11723">
    <ele>1073.8700000000001</ele>
   </trkpt>
   <trkpt lat="49.326950000000004" lon="-118.11719000000001">
    <ele>1072.63</ele>
   </trkpt>
   <trkpt lat="49.32754499996771" lon="-118.1170500017194">
    <ele>1071.35</ele>
   </trkpt>
   <trkpt lat="49.328140000000005" lon="-118.11691">
    <ele>1070.1900000000003</ele>
   </trkpt>
   <trkpt lat="49.32882000000001" lon="-118.11668000000002">
    <ele>1067.8</ele>
   </trkpt>
   <trkpt lat="49.329260000000005" lon="-118.11673">
    <ele>1067.3600000000001</ele>
   </trkpt>
   <trkpt lat="49.32979000002501" lon="-118.11667000064487">
    <ele>1066.06</ele>
   </trkpt>
   <trkpt lat="49.33032000000001" lon="-118.11661000000001">
    <ele>1065.2700000000002</ele>
   </trkpt>
   <trkpt lat="49.33077999984142" lon="-118.11666999941666">
    <ele>1063.72</ele>
   </trkpt>
   <trkpt lat="49.33124" lon="-118.11673">
    <ele>1062.5500000000002</ele>
   </trkpt>
   <trkpt lat="49.3317750000645" lon="-118.11686499852927">
    <ele>1061.53</ele>
   </trkpt>
   <trkpt lat="49.33231000000001" lon="-118.117">
    <ele>1060.04</ele>
   </trkpt>
   <trkpt lat="49.332570000000004" lon="-118.11713">
    <ele>1059.56</ele>
   </trkpt>
   <trkpt lat="49.33285" lon="-118.11731">
    <ele>1058.94</ele>
   </trkpt>
   <trkpt lat="49.333330000000004" lon="-118.11777000000001">
    <ele>1057.55</ele>
   </trkpt>
   <trkpt lat="49.333580000000005" lon="-118.11789">
    <ele>1057.55</ele>
   </trkpt>
   <trkpt lat="49.333890000000004" lon="-118.11794">
    <ele>1056.42</ele>
   </trkpt>
   <trkpt lat="49.334365000116144" lon="-118.1179000003768">
    <ele>1055.21</ele>
   </trkpt>
   <trkpt lat="49.33484000000001" lon="-118.11786000000001">
    <ele>1054.39</ele>
   </trkpt>
   <trkpt lat="49.3356749999523" lon="-118.11775000187926">
    <ele>1052.0800000000002</ele>
   </trkpt>
   <trkpt lat="49.336510000000004" lon="-118.11764000000001">
    <ele>1050.6</ele>
   </trkpt>
   <trkpt lat="49.337030000000006" lon="-118.11749">
    <ele>1048.8500000000001</ele>
   </trkpt>
   <trkpt lat="49.337810000000005" lon="-118.11713">
    <ele>1047.17</ele>
   </trkpt>
   <trkpt lat="49.33860000000001" lon="-118.117">
    <ele>1044.54</ele>
   </trkpt>
   <trkpt lat="49.339240000000004" lon="-118.117">
    <ele>1043.25</ele>
   </trkpt>
   <trkpt lat="49.339620000000004" lon="-118.11706000000001">
    <ele>1042.8200000000002</ele>
   </trkpt>
   <trkpt lat="49.34038500011934" lon="-118.11720999767262">
    <ele>1041.46</ele>
   </trkpt>
   <trkpt lat="49.341150000000006" lon="-118.11736">
    <ele>1041.19</ele>
   </trkpt>
   <trkpt lat="49.341550000000005" lon="-118.11728000000001">
    <ele>1040.9700000000003</ele>
   </trkpt>
   <trkpt lat="49.34187000000001" lon="-118.11713">
    <ele>1040.7</ele>
   </trkpt>
   <trkpt lat="49.342130000000004" lon="-118.11691">
    <ele>1040.3200000000002</ele>
   </trkpt>
   <trkpt lat="49.34286" lon="-118.11637">
    <ele>1039.71</ele>
   </trkpt>
   <trkpt lat="49.343140000000005" lon="-118.11624">
    <ele>1039.72</ele>
   </trkpt>
   <trkpt lat="49.34366000000001" lon="-118.11611">
    <ele>1039.2</ele>
   </trkpt>
   <trkpt lat="49.343990000000005" lon="-118.1161">
    <ele>1038.9700000000003</ele>
   </trkpt>
   <trkpt lat="49.3444699998876" lon="-118.11614499954966">
    <ele>1037.7800000000002</ele>
   </trkpt>
   <trkpt lat="49.344950000000004" lon="-118.11619">
    <ele>1036.8600000000001</ele>
   </trkpt>
   <trkpt lat="49.345330000000004" lon="-118.11616000000001">
    <ele>1036.03</ele>
   </trkpt>
   <trkpt lat="49.345800000000004" lon="-118.11606">
    <ele>1035.23</ele>
   </trkpt>
   <trkpt lat="49.34653" lon="-118.11575">
    <ele>1033.47</ele>
   </trkpt>
   <trkpt lat="49.34685" lon="-118.11566">
    <ele>1032.58</ele>
   </trkpt>
   <trkpt lat="49.34716" lon="-118.11571">
    <ele>1032.38</ele>
   </trkpt>
   <trkpt lat="49.34773000006197" lon="-118.11590499770594">
    <ele>1030.42</ele>
   </trkpt>
   <trkpt lat="49.3483" lon="-118.1161">
    <ele>1029.5400000000002</ele>
   </trkpt>
   <trkpt lat="49.34866" lon="-118.11616000000001">
    <ele>1028.46</ele>
   </trkpt>
   <trkpt lat="49.34904" lon="-118.11611">
    <ele>1027.98</ele>
   </trkpt>
   <trkpt lat="49.349430000000005" lon="-118.11597">
    <ele>1026.8700000000001</ele>
   </trkpt>
   <trkpt lat="49.349740000000004" lon="-118.11574000000002">
    <ele>1026.2600000000002</ele>
   </trkpt>
   <trkpt lat="49.34996" lon="-118.11539">
    <ele>1025.8500000000001</ele>
   </trkpt>
   <trkpt lat="49.350335002703034" lon="-118.1146050058893">
    <ele>1023.79</ele>
   </trkpt>
   <trkpt lat="49.35071000000001" lon="-118.11382">
    <ele>1022.74</ele>
   </trkpt>
   <trkpt lat="49.35087000000001" lon="-118.11352000000001">
    <ele>1022.1200000000001</ele>
   </trkpt>
   <trkpt lat="49.35119" lon="-118.11319">
    <ele>1021.3499999999999</ele>
   </trkpt>
   <trkpt lat="49.35186" lon="-118.11275">
    <ele>1019.86</ele>
   </trkpt>
   <trkpt lat="49.352140000000006" lon="-118.11240000000001">
    <ele>1019.46</ele>
   </trkpt>
   <trkpt lat="49.35233" lon="-118.11207">
    <ele>1018.9400000000002</ele>
   </trkpt>
   <trkpt lat="49.35269" lon="-118.11129000000001">
    <ele>1017.3499999999999</ele>
   </trkpt>
   <trkpt lat="49.353030000000004" lon="-118.11041000000002">
    <ele>1016.1</ele>
   </trkpt>
   <trkpt lat="49.35311" lon="-118.11006">
    <ele>1015.4100000000001</ele>
   </trkpt>
   <trkpt lat="49.353170000000006" lon="-118.10965000000002">
    <ele>1015.4100000000001</ele>
   </trkpt>
   <trkpt lat="49.35323" lon="-118.10886">
    <ele>1013.52</ele>
   </trkpt>
   <trkpt lat="49.353390000000005" lon="-118.10827">
    <ele>1012.5500000000001</ele>
   </trkpt>
   <trkpt lat="49.353550000000006" lon="-118.10801000000001">
    <ele>1012.3</ele>
   </trkpt>
   <trkpt lat="49.35383" lon="-118.10778">
    <ele>1012.1500000000001</ele>
   </trkpt>
   <trkpt lat="49.35407000000001" lon="-118.10761000000001">
    <ele>1011.97</ele>
   </trkpt>
   <trkpt lat="49.35434" lon="-118.10761000000001">
    <ele>1011.6200000000001</ele>
   </trkpt>
   <trkpt lat="49.35465000000001" lon="-118.10769">
    <ele>1010.9400000000002</ele>
   </trkpt>
   <trkpt lat="49.35486" lon="-118.10782">
    <ele>1010.4000000000002</ele>
   </trkpt>
   <trkpt lat="49.355090000000004" lon="-118.10809">
    <ele>1010.4000000000002</ele>
   </trkpt>
   <trkpt lat="49.355430000000005" lon="-118.10832">
    <ele>1009.6899999999999</ele>
   </trkpt>
   <trkpt lat="49.35578" lon="-118.10844000000002">
    <ele>1008.45</ele>
   </trkpt>
   <trkpt lat="49.3565340000288" lon="-118.1084180013485">
    <ele>1006.88</ele>
   </trkpt>
   <trkpt lat="49.357288000053465" lon="-118.10839600202249">
    <ele>1005.1000000000001</ele>
   </trkpt>
   <trkpt lat="49.35804200007392" lon="-118.10837400202192">
    <ele>1003.3500000000001</ele>
   </trkpt>
   <trkpt lat="49.358796000090216" lon="-118.10835200134677">
    <ele>1001.63</ele>
   </trkpt>
   <trkpt lat="49.359550000000006" lon="-118.10833000000001">
    <ele>1000.3100000000001</ele>
   </trkpt>
   <trkpt lat="49.35989000000001" lon="-118.10813">
    <ele>999.0000000000001</ele>
   </trkpt>
   <trkpt lat="49.36008" lon="-118.10787">
    <ele>998.5500000000001</ele>
   </trkpt>
   <trkpt lat="49.36043" lon="-118.10724">
    <ele>997.6800000000001</ele>
   </trkpt>
   <trkpt lat="49.360710000000005" lon="-118.10683000000002">
    <ele>996.92</ele>
   </trkpt>
   <trkpt lat="49.36128" lon="-118.10618000000001">
    <ele>995.7900000000001</ele>
   </trkpt>
   <trkpt lat="49.361450000000005" lon="-118.1059">
    <ele>995.5500000000001</ele>
   </trkpt>
   <trkpt lat="49.361560000000004" lon="-118.1055">
    <ele>994.1200000000001</ele>
   </trkpt>
   <trkpt lat="49.36168000000001" lon="-118.10482">
    <ele>993.4600000000002</ele>
   </trkpt>
   <trkpt lat="49.36186000000001" lon="-118.10428">
    <ele>993.04</ele>
   </trkpt>
   <trkpt lat="49.36215000000001" lon="-118.10376000000001">
    <ele>991.98</ele>
   </trkpt>
   <trkpt lat="49.362833336007384" lon="-118.10320334880392">
    <ele>990.09</ele>
   </trkpt>
   <trkpt lat="49.36351666934192" lon="-118.10264668213658">
    <ele>989.4900000000001</ele>
   </trkpt>
   <trkpt lat="49.364200000000004" lon="-118.10209">
    <ele>987.57</ele>
   </trkpt>
   <trkpt lat="49.36465000038228" lon="-118.10184500217504">
    <ele>986.7900000000001</ele>
   </trkpt>
   <trkpt lat="49.365100000000005" lon="-118.1016">
    <ele>986.1200000000001</ele>
   </trkpt>
   <trkpt lat="49.36556000005292" lon="-118.10146500127054">
    <ele>984.96</ele>
   </trkpt>
   <trkpt lat="49.366020000000006" lon="-118.10133">
    <ele>983.9100000000001</ele>
   </trkpt>
   <trkpt lat="49.36682000006435" lon="-118.10117000261263">
    <ele>983.19</ele>
   </trkpt>
   <trkpt lat="49.36762" lon="-118.10101000000002">
    <ele>982.8500000000001</ele>
   </trkpt>
   <trkpt lat="49.367920000000005" lon="-118.10085000000001">
    <ele>982.9100000000001</ele>
   </trkpt>
   <trkpt lat="49.368230000000004" lon="-118.10052">
    <ele>983.01</ele>
   </trkpt>
   <trkpt lat="49.36834" lon="-118.10034">
    <ele>982.7600000000001</ele>
   </trkpt>
   <trkpt lat="49.368500000000004" lon="-118.10003">
    <ele>981.99</ele>
   </trkpt>
   <trkpt lat="49.3686" lon="-118.0994">
    <ele>981.0200000000001</ele>
   </trkpt>
   <trkpt lat="49.368575615468885" lon="-118.09808221698262">
    <ele>978.4</ele>
   </trkpt>
   <trkpt lat="49.368551215959364" lon="-118.09676443527285">
    <ele>976.4300000000001</ele>
   </trkpt>
   <trkpt lat="49.36852680147147" lon="-118.0954466548715">
    <ele>974.7800000000001</ele>
   </trkpt>
   <trkpt lat="49.36850237200522" lon="-118.09412887577938">
    <ele>973.6600000000001</ele>
   </trkpt>
   <trkpt lat="49.36847792756066" lon="-118.09281109799727">
    <ele>973.74</ele>
   </trkpt>
   <trkpt lat="49.3684534681378" lon="-118.09149332152602">
    <ele>973.7900000000001</ele>
   </trkpt>
   <trkpt lat="49.368428993736664" lon="-118.09017554636638">
    <ele>974.0900000000001</ele>
   </trkpt>
   <trkpt lat="49.3684045043573" lon="-118.08885777251916">
    <ele>974.08</ele>
   </trkpt>
   <trkpt lat="49.36838" lon="-118.08754">
    <ele>972.7600000000001</ele>
   </trkpt>
   <trkpt lat="49.36844000000001" lon="-118.08666000000001">
    <ele>970.2900000000001</ele>
   </trkpt>
   <trkpt lat="49.3686450357007" lon="-118.08537336014403">
    <ele>968.4100000000001</ele>
   </trkpt>
   <trkpt lat="49.36885005712246" lon="-118.08408670955644">
    <ele>965.83</ele>
   </trkpt>
   <trkpt lat="49.36905506426506" lon="-118.08280004823776">
    <ele>963.34</ele>
   </trkpt>
   <trkpt lat="49.36926005712829" lon="-118.08151337618862">
    <ele>961.5000000000001</ele>
   </trkpt>
   <trkpt lat="49.369465035711926" lon="-118.08022669340956">
    <ele>959.58</ele>
   </trkpt>
   <trkpt lat="49.369670000000006" lon="-118.07894">
    <ele>956.9300000000001</ele>
   </trkpt>
   <trkpt lat="49.36968" lon="-118.07836">
    <ele>956.3800000000001</ele>
   </trkpt>
   <trkpt lat="49.36955000582608" lon="-118.07719499667569">
    <ele>954.7700000000001</ele>
   </trkpt>
   <trkpt lat="49.369420000000005" lon="-118.07603">
    <ele>952.74</ele>
   </trkpt>
   <trkpt lat="49.369420000000005" lon="-118.07524000000001">
    <ele>951.3300000000002</ele>
   </trkpt>
   <trkpt lat="49.36952" lon="-118.07465">
    <ele>950.34</ele>
   </trkpt>
   <trkpt lat="49.36981751253684" lon="-118.07366501793494">
    <ele>948.6600000000001</ele>
   </trkpt>
   <trkpt lat="49.37011501670539" lon="-118.0726800239481">
    <ele>947.1800000000001</ele>
   </trkpt>
   <trkpt lat="49.37041251250542" lon="-118.07169501803955">
    <ele>944.86</ele>
   </trkpt>
   <trkpt lat="49.37071" lon="-118.07071">
    <ele>943.45</ele>
   </trkpt>
   <trkpt lat="49.370870000000004" lon="-118.07008">
    <ele>942.64</ele>
   </trkpt>
   <trkpt lat="49.370870000000004" lon="-118.06959">
    <ele>942.3100000000001</ele>
   </trkpt>
   <trkpt lat="49.37079000000001" lon="-118.069">
    <ele>941.5100000000001</ele>
   </trkpt>
   <trkpt lat="49.3706" lon="-118.06824">
    <ele>939.8400000000001</ele>
   </trkpt>
   <trkpt lat="49.37033" lon="-118.06758">
    <ele>936.82</ele>
   </trkpt>
   <trkpt lat="49.37012000000001" lon="-118.06677">
    <ele>932.8100000000001</ele>
   </trkpt>
   <trkpt lat="49.370160000000006" lon="-118.06596">
    <ele>935.6700000000001</ele>
   </trkpt>
   <trkpt lat="49.370290000000004" lon="-118.06514000000001">
    <ele>935.6600000000001</ele>
   </trkpt>
   <trkpt lat="49.37056000259715" lon="-118.06436500423686">
    <ele>934.3000000000001</ele>
   </trkpt>
   <trkpt lat="49.370830000000005" lon="-118.06359">
    <ele>932.9900000000001</ele>
   </trkpt>
   <trkpt lat="49.37124000000001" lon="-118.06283">
    <ele>931.2900000000001</ele>
   </trkpt>
   <trkpt lat="49.37182000277694" lon="-118.06202500952271">
    <ele>929.5500000000001</ele>
   </trkpt>
   <trkpt lat="49.372400000000006" lon="-118.06122">
    <ele>927.2900000000001</ele>
   </trkpt>
   <trkpt lat="49.37275" lon="-118.06063">
    <ele>926.5300000000001</ele>
   </trkpt>
   <trkpt lat="49.37314000000001" lon="-118.05969">
    <ele>924.6</ele>
   </trkpt>
   <trkpt lat="49.373340000000006" lon="-118.05890000000001">
    <ele>923.6200000000001</ele>
   </trkpt>
   <trkpt lat="49.373430000000006" lon="-118.05804">
    <ele>922.78</ele>
   </trkpt>
   <trkpt lat="49.373400000000004" lon="-118.05727">
    <ele>921.34</ele>
   </trkpt>
   <trkpt lat="49.37326" lon="-118.0567">
    <ele>920.54</ele>
   </trkpt>
   <trkpt lat="49.37297" lon="-118.0562">
    <ele>919.8600000000001</ele>
   </trkpt>
   <trkpt lat="49.372620000000005" lon="-118.05593">
    <ele>919.32</ele>
   </trkpt>
   <trkpt lat="49.3721" lon="-118.05566">
    <ele>918.3100000000001</ele>
   </trkpt>
   <trkpt lat="49.371570000000006" lon="-118.05543000000002">
    <ele>916.51</ele>
   </trkpt>
   <trkpt lat="49.37102" lon="-118.05522">
    <ele>915.2900000000001</ele>
   </trkpt>
   <trkpt lat="49.370470000000005" lon="-118.05478000000001">
    <ele>914.1500000000001</ele>
   </trkpt>
   <trkpt lat="49.36997" lon="-118.05428">
    <ele>913.36</ele>
   </trkpt>
   <trkpt lat="49.36963" lon="-118.05405">
    <ele>912.5400000000001</ele>
   </trkpt>
   <trkpt lat="49.36936000000001" lon="-118.05401">
    <ele>911.0</ele>
   </trkpt>
   <trkpt lat="49.368840000000006" lon="-118.05405">
    <ele>910.45</ele>
   </trkpt>
   <trkpt lat="49.36804" lon="-118.05393000000001">
    <ele>908.7700000000001</ele>
   </trkpt>
   <trkpt lat="49.367610000000006" lon="-118.05378">
    <ele>908.2</ele>
   </trkpt>
   <trkpt lat="49.36706" lon="-118.05364000000002">
    <ele>906.85</ele>
   </trkpt>
   <trkpt lat="49.36681" lon="-118.05338">
    <ele>906.6</ele>
   </trkpt>
   <trkpt lat="49.36665000000001" lon="-118.05303">
    <ele>904.99</ele>
   </trkpt>
   <trkpt lat="49.366460000000004" lon="-118.05254000000001">
    <ele>904.3000000000001</ele>
   </trkpt>
   <trkpt lat="49.366400000000006" lon="-118.05213">
    <ele>904.07</ele>
   </trkpt>
   <trkpt lat="49.366440000000004" lon="-118.05154">
    <ele>903.9</ele>
   </trkpt>
   <trkpt lat="49.36657" lon="-118.05101">
    <ele>903.45</ele>
   </trkpt>
   <trkpt lat="49.3669" lon="-118.05047">
    <ele>902.6800000000001</ele>
   </trkpt>
   <trkpt lat="49.3675666683937" lon="-118.05002334544274">
    <ele>900.29</ele>
   </trkpt>
   <trkpt lat="49.36823333506655" lon="-118.04957667877214">
    <ele>898.8100000000001</ele>
   </trkpt>
   <trkpt lat="49.368900000000004" lon="-118.04913">
    <ele>897.26</ele>
   </trkpt>
   <trkpt lat="49.36935000055201" lon="-118.04879500301577">
    <ele>896.0100000000001</ele>
   </trkpt>
   <trkpt lat="49.369800000000005" lon="-118.04846">
    <ele>894.46</ele>
   </trkpt>
   <trkpt lat="49.370655000972796" lon="-118.04819001407863">
    <ele>892.1000000000001</ele>
   </trkpt>
   <trkpt lat="49.371510001316864" lon="-118.04792001876567">
    <ele>890.73</ele>
   </trkpt>
   <trkpt lat="49.37236500103215" lon="-118.0476500140605">
    <ele>888.6600000000001</ele>
   </trkpt>
   <trkpt lat="49.37322" lon="-118.04738">
    <ele>885.8100000000001</ele>
   </trkpt>
   <trkpt lat="49.373833333841546" lon="-118.04714333922982">
    <ele>884.26</ele>
   </trkpt>
   <trkpt lat="49.37444666720002" lon="-118.04690667255358">
    <ele>883.21</ele>
   </trkpt>
   <trkpt lat="49.375060000000005" lon="-118.04667">
    <ele>881.35</ele>
   </trkpt>
   <trkpt lat="49.37593000012895" lon="-118.04654000229274">
    <ele>879.47</ele>
   </trkpt>
   <trkpt lat="49.3768" lon="-118.04641000000001">
    <ele>877.3400000000001</ele>
   </trkpt>
   <trkpt lat="49.377626666934056" lon="-118.0462566718129">
    <ele>875.1200000000001</ele>
   </trkpt>
   <trkpt lat="49.37845333366533" lon="-118.0461033384677">
    <ele>873.3400000000001</ele>
   </trkpt>
   <trkpt lat="49.37928" lon="-118.04595">
    <ele>871.5100000000001</ele>
   </trkpt>
   <trkpt lat="49.37978000004799" lon="-118.04588000070844">
    <ele>870.3100000000001</ele>
   </trkpt>
   <trkpt lat="49.380280000000006" lon="-118.04581">
    <ele>868.58</ele>
   </trkpt>
   <trkpt lat="49.380979999997436" lon="-118.04577000057034">
    <ele>866.83</ele>
   </trkpt>
   <trkpt lat="49.38168" lon="-118.04573">
    <ele>864.87</ele>
   </trkpt>
   <trkpt lat="49.38226" lon="-118.04581">
    <ele>863.57</ele>
   </trkpt>
   <trkpt lat="49.38295" lon="-118.04596000000001">
    <ele>861.98</ele>
   </trkpt>
   <trkpt lat="49.38378" lon="-118.04623000000001">
    <ele>860.2900000000001</ele>
   </trkpt>
   <trkpt lat="49.384330000000006" lon="-118.04631">
    <ele>859.4200000000001</ele>
   </trkpt>
   <trkpt lat="49.38497" lon="-118.04622">
    <ele>857.65</ele>
   </trkpt>
   <trkpt lat="49.385620000470055" lon="-118.04598000635995">
    <ele>855.25</ele>
   </trkpt>
   <trkpt lat="49.38627000044334" lon="-118.04574000636993">
    <ele>854.57</ele>
   </trkpt>
   <trkpt lat="49.38692" lon="-118.0455">
    <ele>852.4100000000001</ele>
   </trkpt>
   <trkpt lat="49.387440000000005" lon="-118.04519">
    <ele>851.46</ele>
   </trkpt>
   <trkpt lat="49.388110000000005" lon="-118.04447">
    <ele>849.84</ele>
   </trkpt>
   <trkpt lat="49.38875" lon="-118.0442">
    <ele>848.32</ele>
   </trkpt>
   <trkpt lat="49.38926499999638" lon="-118.0440850012191">
    <ele>847.1800000000001</ele>
   </trkpt>
   <trkpt lat="49.38978" lon="-118.04397000000002">
    <ele>846.59</ele>
   </trkpt>
   <trkpt lat="49.38998" lon="-118.0438">
    <ele>846.07</ele>
   </trkpt>
   <trkpt lat="49.390330000000006" lon="-118.04331">
    <ele>845.28</ele>
   </trkpt>
   <trkpt lat="49.39079" lon="-118.04229000000001">
    <ele>843.64</ele>
   </trkpt>
   <trkpt lat="49.391200000000005" lon="-118.04174">
    <ele>842.61</ele>
   </trkpt>
   <trkpt lat="49.39163000048306" lon="-118.04142500271693">
    <ele>841.19</ele>
   </trkpt>
   <trkpt lat="49.39206" lon="-118.04111">
    <ele>839.99</ele>
   </trkpt>
   <trkpt lat="49.392450000000004" lon="-118.04076">
    <ele>839.55</ele>
   </trkpt>
   <trkpt lat="49.39271" lon="-118.04041000000001">
    <ele>839.0000000000001</ele>
   </trkpt>
   <trkpt lat="49.39305" lon="-118.03977">
    <ele>838.25</ele>
   </trkpt>
   <trkpt lat="49.39314" lon="-118.03920000000001">
    <ele>838.25</ele>
   </trkpt>
   <trkpt lat="49.39314" lon="-118.03919">
    <ele>838.2400000000001</ele>
   </trkpt>
   <trkpt lat="49.39305" lon="-118.03977">
    <ele>839.0000000000001</ele>
   </trkpt>
   <trkpt lat="49.39271" lon="-118.04041000000001">
    <ele>839.55</ele>
   </trkpt>
   <trkpt lat="49.392450000000004" lon="-118.04076">
    <ele>839.99</ele>
   </trkpt>
   <trkpt lat="49.39206" lon="-118.04111">
    <ele>841.19</ele>
   </trkpt>
   <trkpt lat="49.39163000037269" lon="-118.0414250027978">
    <ele>842.61</ele>
   </trkpt>
   <trkpt lat="49.391200000000005" lon="-118.04174">
    <ele>843.64</ele>
   </trkpt>
   <trkpt lat="49.39079" lon="-118.04229000000001">
    <ele>844.11</ele>
   </trkpt>
   <trkpt lat="49.390330000000006" lon="-118.04331">
    <ele>846.07</ele>
   </trkpt>
   <trkpt lat="49.38998" lon="-118.0438">
    <ele>847.1800000000001</ele>
   </trkpt>
   <trkpt lat="49.38978" lon="-118.04397000000002">
    <ele>847.1800000000001</ele>
   </trkpt>
   <trkpt lat="49.389265000117696" lon="-118.04408500119202">
    <ele>848.32</ele>
   </trkpt>
   <trkpt lat="49.38875" lon="-118.0442">
    <ele>849.65</ele>
   </trkpt>
   <trkpt lat="49.388110000000005" lon="-118.04447">
    <ele>851.1700000000001</ele>
   </trkpt>
   <trkpt lat="49.387440000000005" lon="-118.04519">
    <ele>852.4100000000001</ele>
   </trkpt>
   <trkpt lat="49.38692" lon="-118.0455">
    <ele>854.2900000000001</ele>
   </trkpt>
   <trkpt lat="49.38627000052349" lon="-118.04574000634034">
    <ele>855.25</ele>
   </trkpt>
   <trkpt lat="49.3856200005502" lon="-118.04598000633037">
    <ele>857.65</ele>
   </trkpt>
   <trkpt lat="49.38497" lon="-118.04622">
    <ele>859.0500000000001</ele>
   </trkpt>
   <trkpt lat="49.384330000000006" lon="-118.04631">
    <ele>860.2900000000001</ele>
   </trkpt>
   <trkpt lat="49.38378" lon="-118.04623000000001">
    <ele>861.98</ele>
   </trkpt>
   <trkpt lat="49.38295" lon="-118.04596000000001">
    <ele>863.57</ele>
   </trkpt>
   <trkpt lat="49.38226" lon="-118.04581">
    <ele>864.87</ele>
   </trkpt>
   <trkpt lat="49.38168" lon="-118.04573">
    <ele>866.83</ele>
   </trkpt>
   <trkpt lat="49.380980000016365" lon="-118.04577000056923">
    <ele>868.2200000000001</ele>
   </trkpt>
   <trkpt lat="49.380280000000006" lon="-118.04581">
    <ele>870.3100000000001</ele>
   </trkpt>
   <trkpt lat="49.37977999999427" lon="-118.04588000071595">
    <ele>871.5100000000001</ele>
   </trkpt>
   <trkpt lat="49.37928" lon="-118.04595">
    <ele>872.58</ele>
   </trkpt>
   <trkpt lat="49.378510000000006" lon="-118.04609">
    <ele>874.2900000000001</ele>
   </trkpt>
   <trkpt lat="49.37928" lon="-118.04595">
    <ele>872.58</ele>
   </trkpt>
   <trkpt lat="49.37978000004799" lon="-118.04588000070844">
    <ele>871.5100000000001</ele>
   </trkpt>
   <trkpt lat="49.380280000000006" lon="-118.04581">
    <ele>870.3100000000001</ele>
   </trkpt>
   <trkpt lat="49.380979999997436" lon="-118.04577000057034">
    <ele>868.2200000000001</ele>
   </trkpt>
   <trkpt lat="49.38168" lon="-118.04573">
    <ele>866.83</ele>
   </trkpt>
   <trkpt lat="49.38226" lon="-118.04581">
    <ele>864.87</ele>
   </trkpt>
   <trkpt lat="49.38295" lon="-118.04596000000001">
    <ele>863.57</ele>
   </trkpt>
   <trkpt lat="49.38378" lon="-118.04623000000001">
    <ele>861.98</ele>
   </trkpt>
   <trkpt lat="49.384330000000006" lon="-118.04631">
    <ele>860.2900000000001</ele>
   </trkpt>
   <trkpt lat="49.38497" lon="-118.04622">
    <ele>859.0500000000001</ele>
   </trkpt>
   <trkpt lat="49.385620000470055" lon="-118.04598000635995">
    <ele>857.08</ele>
   </trkpt>
   <trkpt lat="49.38627000044334" lon="-118.04574000636993">
    <ele>855.25</ele>
   </trkpt>
   <trkpt lat="49.38692" lon="-118.0455">
    <ele>854.2900000000001</ele>
   </trkpt>
   <trkpt lat="49.387440000000005" lon="-118.04519">
    <ele>852.4100000000001</ele>
   </trkpt>
   <trkpt lat="49.388110000000005" lon="-118.04447">
    <ele>851.1700000000001</ele>
   </trkpt>
   <trkpt lat="49.38875" lon="-118.0442">
    <ele>849.65</ele>
   </trkpt>
   <trkpt lat="49.38926499999638" lon="-118.0440850012191">
    <ele>848.32</ele>
   </trkpt>
   <trkpt lat="49.38978" lon="-118.04397000000002">
    <ele>847.1800000000001</ele>
   </trkpt>
   <trkpt lat="49.38998" lon="-118.0438">
    <ele>847.1800000000001</ele>
   </trkpt>
   <trkpt lat="49.390330000000006" lon="-118.04331">
    <ele>846.07</ele>
   </trkpt>
   <trkpt lat="49.39079" lon="-118.04229000000001">
    <ele>844.11</ele>
   </trkpt>
   <trkpt lat="49.391200000000005" lon="-118.04174">
    <ele>843.64</ele>
   </trkpt>
   <trkpt lat="49.39163000048306" lon="-118.04142500271693">
    <ele>842.61</ele>
   </trkpt>
   <trkpt lat="49.39206" lon="-118.04111">
    <ele>841.19</ele>
   </trkpt>
   <trkpt lat="49.392450000000004" lon="-118.04076">
    <ele>839.99</ele>
   </trkpt>
   <trkpt lat="49.39271" lon="-118.04041000000001">
    <ele>839.55</ele>
   </trkpt>
   <trkpt lat="49.39305" lon="-118.03977">
    <ele>839.0000000000001</ele>
   </trkpt>
   <trkpt lat="49.393150000000006" lon="-118.03918000000002">
    <ele>838.23</ele>
   </trkpt>
   <trkpt lat="49.393080000000005" lon="-118.03865">
    <ele>837.7</ele>
   </trkpt>
   <trkpt lat="49.392845003633084" lon="-118.03772999553318">
    <ele>836.5</ele>
   </trkpt>
   <trkpt lat="49.392610000000005" lon="-118.03681">
    <ele>834.5600000000001</ele>
   </trkpt>
   <trkpt lat="49.39239000763595" lon="-118.03586999164642">
    <ele>833.28</ele>
   </trkpt>
   <trkpt lat="49.39217000765142" lon="-118.03492999171266">
    <ele>831.4300000000001</ele>
   </trkpt>
   <trkpt lat="49.39195" lon="-118.03399">
    <ele>830.58</ele>
   </trkpt>
   <trkpt lat="49.39153" lon="-118.03324">
    <ele>828.9900000000001</ele>
   </trkpt>
   <trkpt lat="49.39099" lon="-118.03261">
    <ele>826.8100000000001</ele>
   </trkpt>
   <trkpt lat="49.390480003012996" lon="-118.03177999145207">
    <ele>825.7</ele>
   </trkpt>
   <trkpt lat="49.389970000000005" lon="-118.03095">
    <ele>823.4200000000001</ele>
   </trkpt>
   <trkpt lat="49.38971" lon="-118.03063000000002">
    <ele>822.86</ele>
   </trkpt>
   <trkpt lat="49.38920000048508" lon="-118.03028499639944">
    <ele>821.4100000000001</ele>
   </trkpt>
   <trkpt lat="49.388690000000004" lon="-118.02994000000001">
    <ele>820.4</ele>
   </trkpt>
   <trkpt lat="49.388160000000006" lon="-118.02938">
    <ele>818.91</ele>
   </trkpt>
   <trkpt lat="49.387730000000005" lon="-118.02862">
    <ele>817.96</ele>
   </trkpt>
   <trkpt lat="49.38728667448483" lon="-118.02766664941825">
    <ele>815.73</ele>
   </trkpt>
   <trkpt lat="49.38684334113116" lon="-118.02671331604148">
    <ele>813.5400000000001</ele>
   </trkpt>
   <trkpt lat="49.3864" lon="-118.02576">
    <ele>811.82</ele>
   </trkpt>
   <trkpt lat="49.38604" lon="-118.02504">
    <ele>810.73</ele>
   </trkpt>
   <trkpt lat="49.38568" lon="-118.02451">
    <ele>809.1800000000001</ele>
   </trkpt>
   <trkpt lat="49.38501000150678" lon="-118.02389999159294">
    <ele>807.64</ele>
   </trkpt>
   <trkpt lat="49.38434" lon="-118.02329">
    <ele>805.8000000000001</ele>
   </trkpt>
   <trkpt lat="49.38376" lon="-118.0228">
    <ele>804.27</ele>
   </trkpt>
   <trkpt lat="49.38329500041259" lon="-118.02242499629496">
    <ele>802.66</ele>
   </trkpt>
   <trkpt lat="49.382830000000006" lon="-118.02205000000001">
    <ele>801.6500000000001</ele>
   </trkpt>
   <trkpt lat="49.38214000000001" lon="-118.02186">
    <ele>799.85</ele>
   </trkpt>
   <trkpt lat="49.381660000000004" lon="-118.02181000000002">
    <ele>798.8700000000001</ele>
   </trkpt>
   <trkpt lat="49.38123" lon="-118.02155">
    <ele>798.0500000000001</ele>
   </trkpt>
   <trkpt lat="49.380950000000006" lon="-118.02114">
    <ele>797.08</ele>
   </trkpt>
   <trkpt lat="49.380455002876815" lon="-118.02033999213064">
    <ele>796.2300000000001</ele>
   </trkpt>
   <trkpt lat="49.379960000000004" lon="-118.01954">
    <ele>793.4000000000001</ele>
   </trkpt>
   <trkpt lat="49.379480001753976" lon="-118.01890999390227">
    <ele>791.76</ele>
   </trkpt>
   <trkpt lat="49.379000000000005" lon="-118.01828">
    <ele>790.6800000000001</ele>
   </trkpt>
   <trkpt lat="49.37859500256689" lon="-118.0175199938796">
    <ele>789.3800000000001</ele>
   </trkpt>
   <trkpt lat="49.378190000000004" lon="-118.01676">
    <ele>787.7</ele>
   </trkpt>
   <trkpt lat="49.37776" lon="-118.01631">
    <ele>787.0400000000001</ele>
   </trkpt>
   <trkpt lat="49.37744000000001" lon="-118.01608000000002">
    <ele>785.46</ele>
   </trkpt>
   <trkpt lat="49.377100000000006" lon="-118.01592000000001">
    <ele>785.46</ele>
   </trkpt>
   <trkpt lat="49.37664999997306" lon="-118.01582499911632">
    <ele>784.1300000000001</ele>
   </trkpt>
   <trkpt lat="49.376200000000004" lon="-118.01573">
    <ele>783.36</ele>
   </trkpt>
   <trkpt lat="49.3754999999652" lon="-118.01568666542921">
    <ele>781.8900000000001</ele>
   </trkpt>
   <trkpt lat="49.37479999991419" lon="-118.01564333209274">
    <ele>779.93</ele>
   </trkpt>
   <trkpt lat="49.374100000000006" lon="-118.0156">
    <ele>778.69</ele>
   </trkpt>
   <trkpt lat="49.373550000289804" lon="-118.01536999745224">
    <ele>777.2500000000001</ele>
   </trkpt>
   <trkpt lat="49.373000000000005" lon="-118.01514000000002">
    <ele>776.0400000000001</ele>
   </trkpt>
   <trkpt lat="49.37223000097076" lon="-118.01469499309691">
    <ele>774.1500000000001</ele>
   </trkpt>
   <trkpt lat="49.371460000000006" lon="-118.01425">
    <ele>772.4200000000001</ele>
   </trkpt>
   <trkpt lat="49.370870000000004" lon="-118.01381">
    <ele>771.75</ele>
   </trkpt>
   <trkpt lat="49.37053" lon="-118.01322">
    <ele>770.87</ele>
   </trkpt>
   <trkpt lat="49.370430000000006" lon="-118.01278">
    <ele>770.07</ele>
   </trkpt>
   <trkpt lat="49.370450000000005" lon="-118.01192">
    <ele>768.7700000000001</ele>
   </trkpt>
   <trkpt lat="49.37057" lon="-118.01143">
    <ele>768.32</ele>
   </trkpt>
   <trkpt lat="49.370870000000004" lon="-118.01076">
    <ele>766.5500000000001</ele>
   </trkpt>
   <trkpt lat="49.371300000000005" lon="-118.01">
    <ele>765.7400000000001</ele>
   </trkpt>
   <trkpt lat="49.3717650030947" lon="-118.00914500819432">
    <ele>764.45</ele>
   </trkpt>
   <trkpt lat="49.37223" lon="-118.00829000000002">
    <ele>762.29</ele>
   </trkpt>
   <trkpt lat="49.372670006827875" lon="-118.00740334911204">
    <ele>760.99</ele>
   </trkpt>
   <trkpt lat="49.373110006874946" lon="-118.00651668235076">
    <ele>758.9200000000001</ele>
   </trkpt>
   <trkpt lat="49.37355" lon="-118.00563000000001">
    <ele>757.65</ele>
   </trkpt>
   <trkpt lat="49.373630000000006" lon="-118.00503">
    <ele>756.0000000000001</ele>
   </trkpt>
   <trkpt lat="49.373650000000005" lon="-118.00449">
    <ele>756.5400000000001</ele>
   </trkpt>
   <trkpt lat="49.3736" lon="-118.00396">
    <ele>755.57</ele>
   </trkpt>
   <trkpt lat="49.373520000000006" lon="-118.00342">
    <ele>754.94</ele>
   </trkpt>
   <trkpt lat="49.373355002297075" lon="-118.00267999722679">
    <ele>752.96</ele>
   </trkpt>
   <trkpt lat="49.37319" lon="-118.00194">
    <ele>752.0000000000001</ele>
   </trkpt>
   <trkpt lat="49.372950003672074" lon="-118.00101999559207">
    <ele>750.62</ele>
   </trkpt>
   <trkpt lat="49.372710000000005" lon="-118.0001">
    <ele>748.92</ele>
   </trkpt>
   <trkpt lat="49.372440000000005" lon="-117.99931000000001">
    <ele>747.4900000000001</ele>
   </trkpt>
   <trkpt lat="49.37199801465434" lon="-117.99838796681802">
    <ele>745.53</ele>
   </trkpt>
   <trkpt lat="49.3715560219761" lon="-117.9974659502166">
    <ele>743.72</ele>
   </trkpt>
   <trkpt lat="49.371114021965546" lon="-117.99654395019537">
    <ele>741.7600000000001</ele>
   </trkpt>
   <trkpt lat="49.37067201462295" lon="-117.99562196675414">
    <ele>739.94</ele>
   </trkpt>
   <trkpt lat="49.37023000000001" lon="-117.99470000000001">
    <ele>738.0000000000001</ele>
   </trkpt>
   <trkpt lat="49.36992000000001" lon="-117.99354000000001">
    <ele>736.69</ele>
   </trkpt>
   <trkpt lat="49.369690000000006" lon="-117.99303">
    <ele>735.83</ele>
   </trkpt>
   <trkpt lat="49.369320000833156" lon="-117.99257999656437">
    <ele>734.98</ele>
   </trkpt>
   <trkpt lat="49.368950000000005" lon="-117.99213">
    <ele>733.7800000000001</ele>
   </trkpt>
   <trkpt lat="49.368450000829675" lon="-117.9916599951044">
    <ele>731.8</ele>
   </trkpt>
   <trkpt lat="49.36795000000001" lon="-117.99119">
    <ele>731.28</ele>
   </trkpt>
   <trkpt lat="49.36737" lon="-117.99038000000002">
    <ele>728.7800000000001</ele>
   </trkpt>
   <trkpt lat="49.36681251488155" lon="-117.98930746351499">
    <ele>727.04</ele>
   </trkpt>
   <trkpt lat="49.366255019841155" lon="-117.98823495135247">
    <ele>724.5100000000001</ele>
   </trkpt>
   <trkpt lat="49.36569751487925" lon="-117.98716246351195">
    <ele>723.01</ele>
   </trkpt>
   <trkpt lat="49.365140000000004" lon="-117.98609">
    <ele>720.4100000000001</ele>
   </trkpt>
   <trkpt lat="49.364900000000006" lon="-117.98546">
    <ele>719.2900000000001</ele>
   </trkpt>
   <trkpt lat="49.36451" lon="-117.98506">
    <ele>718.6800000000001</ele>
   </trkpt>
   <trkpt lat="49.36401000000001" lon="-117.98479">
    <ele>717.4200000000001</ele>
   </trkpt>
   <trkpt lat="49.363620000000004" lon="-117.98449000000001">
    <ele>716.96</ele>
   </trkpt>
   <trkpt lat="49.363145002579955" lon="-117.98371499249659">
    <ele>714.94</ele>
   </trkpt>
   <trkpt lat="49.36267" lon="-117.98294000000001">
    <ele>713.7500000000001</ele>
   </trkpt>
   <trkpt lat="49.362570000000005" lon="-117.98261000000001">
    <ele>713.22</ele>
   </trkpt>
   <trkpt lat="49.36245" lon="-117.9821">
    <ele>712.1500000000001</ele>
   </trkpt>
   <trkpt lat="49.36235000561121" lon="-117.98095999775302">
    <ele>710.2600000000001</ele>
   </trkpt>
   <trkpt lat="49.36225" lon="-117.97982">
    <ele>708.83</ele>
   </trkpt>
   <trkpt lat="49.361990000000006" lon="-117.97875">
    <ele>706.9300000000001</ele>
   </trkpt>
   <trkpt lat="49.36166" lon="-117.97773000000001">
    <ele>704.44</ele>
   </trkpt>
   <trkpt lat="49.361385001557146" lon="-117.97709999612267">
    <ele>703.8100000000001</ele>
   </trkpt>
   <trkpt lat="49.361110000000004" lon="-117.97647">
    <ele>702.07</ele>
   </trkpt>
   <trkpt lat="49.36091500291734" lon="-117.97563999647984">
    <ele>700.82</ele>
   </trkpt>
   <trkpt lat="49.36072" lon="-117.97481">
    <ele>699.12</ele>
   </trkpt>
   <trkpt lat="49.360600000000005" lon="-117.97374">
    <ele>698.22</ele>
   </trkpt>
   <trkpt lat="49.36060000439957" lon="-117.9727300001506">
    <ele>697.4</ele>
   </trkpt>
   <trkpt lat="49.360600000000005" lon="-117.97172">
    <ele>696.03</ele>
   </trkpt>
   <trkpt lat="49.36037" lon="-117.97056">
    <ele>693.69</ele>
   </trkpt>
   <trkpt lat="49.36027000000001" lon="-117.96990000000001">
    <ele>692.8000000000001</ele>
   </trkpt>
   <trkpt lat="49.36027000000001" lon="-117.96952">
    <ele>691.7800000000001</ele>
   </trkpt>
   <trkpt lat="49.360350000000004" lon="-117.96854">
    <ele>690.1</ele>
   </trkpt>
   <trkpt lat="49.36037500221003" lon="-117.96782500021574">
    <ele>688.9900000000001</ele>
   </trkpt>
   <trkpt lat="49.360400000000006" lon="-117.96711">
    <ele>688.52</ele>
   </trkpt>
   <trkpt lat="49.36028" lon="-117.96613">
    <ele>687.01</ele>
   </trkpt>
   <trkpt lat="49.36009000000001" lon="-117.96518">
    <ele>685.79</ele>
   </trkpt>
   <trkpt lat="49.35987" lon="-117.96428000000002">
    <ele>683.83</ele>
   </trkpt>
   <trkpt lat="49.359730000000006" lon="-117.96348">
    <ele>682.39</ele>
   </trkpt>
   <trkpt lat="49.359640002773844" lon="-117.96267499833878">
    <ele>681.0600000000001</ele>
   </trkpt>
   <trkpt lat="49.359550000000006" lon="-117.96187">
    <ele>679.7800000000001</ele>
   </trkpt>
   <trkpt lat="49.359440000000006" lon="-117.96142">
    <ele>679.23</ele>
   </trkpt>
   <trkpt lat="49.35919000179388" lon="-117.96076999662212">
    <ele>678.1700000000001</ele>
   </trkpt>
   <trkpt lat="49.358940000000004" lon="-117.96012">
    <ele>676.5600000000001</ele>
   </trkpt>
   <trkpt lat="49.35884" lon="-117.95936">
    <ele>675.83</ele>
   </trkpt>
   <trkpt lat="49.35867000511364" lon="-117.95827499648156">
    <ele>673.98</ele>
   </trkpt>
   <trkpt lat="49.35850000000001" lon="-117.95719000000001">
    <ele>672.8000000000001</ele>
   </trkpt>
   <trkpt lat="49.35832500431563" lon="-117.95619499671945">
    <ele>671.64</ele>
   </trkpt>
   <trkpt lat="49.35815" lon="-117.9552">
    <ele>669.36</ele>
   </trkpt>
   <trkpt lat="49.357960000000006" lon="-117.95404">
    <ele>667.9600000000002</ele>
   </trkpt>
   <trkpt lat="49.35791500535746" lon="-117.95292499886855">
    <ele>665.76</ele>
   </trkpt>
   <trkpt lat="49.357870000000005" lon="-117.95181000000001">
    <ele>664.5000000000001</ele>
   </trkpt>
   <trkpt lat="49.35781" lon="-117.95105000000001">
    <ele>663.49</ele>
   </trkpt>
   <trkpt lat="49.357690000000005" lon="-117.95041">
    <ele>662.0600000000001</ele>
   </trkpt>
   <trkpt lat="49.35759" lon="-117.95">
    <ele>661.54</ele>
   </trkpt>
   <trkpt lat="49.357150000000004" lon="-117.94893">
    <ele>659.98</ele>
   </trkpt>
   <trkpt lat="49.35699" lon="-117.94804">
    <ele>658.24</ele>
   </trkpt>
   <trkpt lat="49.356880000000004" lon="-117.94772">
    <ele>658.24</ele>
   </trkpt>
   <trkpt lat="49.35669000000001" lon="-117.94733000000001">
    <ele>657.1600000000001</ele>
   </trkpt>
   <trkpt lat="49.35643" lon="-117.94705">
    <ele>656.5500000000001</ele>
   </trkpt>
   <trkpt lat="49.35622000000001" lon="-117.94651">
    <ele>655.87</ele>
   </trkpt>
   <trkpt lat="49.3560300050598" lon="-117.94542499570842">
    <ele>654.5200000000001</ele>
   </trkpt>
   <trkpt lat="49.35584" lon="-117.94434000000001">
    <ele>652.58</ele>
   </trkpt>
   <trkpt lat="49.355740000000004" lon="-117.94388000000001">
    <ele>652.19</ele>
   </trkpt>
   <trkpt lat="49.355650000000004" lon="-117.9437">
    <ele>651.61</ele>
   </trkpt>
   <trkpt lat="49.35551" lon="-117.94352">
    <ele>651.45</ele>
   </trkpt>
   <trkpt lat="49.35480250371473" lon="-117.94298247678827">
    <ele>649.4100000000001</ele>
   </trkpt>
   <trkpt lat="49.35409500493721" lon="-117.94244496903963">
    <ele>647.87</ele>
   </trkpt>
   <trkpt lat="49.35338750366757" lon="-117.94190747675333">
    <ele>645.6800000000001</ele>
   </trkpt>
   <trkpt lat="49.35268000000001" lon="-117.94137">
    <ele>643.6800000000001</ele>
   </trkpt>
   <trkpt lat="49.352250000000005" lon="-117.94114">
    <ele>642.97</ele>
   </trkpt>
   <trkpt lat="49.35146" lon="-117.94105">
    <ele>641.05</ele>
   </trkpt>
   <trkpt lat="49.350880000000004" lon="-117.94078">
    <ele>639.87</ele>
   </trkpt>
   <trkpt lat="49.35031500119169" lon="-117.94023999373502">
    <ele>638.29</ele>
   </trkpt>
   <trkpt lat="49.34975000000001" lon="-117.93970000000002">
    <ele>636.49</ele>
   </trkpt>
   <trkpt lat="49.34926" lon="-117.93932000000001">
    <ele>635.4399999999999</ele>
   </trkpt>
   <trkpt lat="49.34895" lon="-117.93917">
    <ele>634.63</ele>
   </trkpt>
   <trkpt lat="49.34863000000001" lon="-117.93908">
    <ele>633.7100000000002</ele>
   </trkpt>
   <trkpt lat="49.348110000000005" lon="-117.93899">
    <ele>632.71</ele>
   </trkpt>
   <trkpt lat="49.34747666664165" lon="-117.93899333341932">
    <ele>631.39</ele>
   </trkpt>
   <trkpt lat="49.34684333328319" lon="-117.93899666675279">
    <ele>629.82</ele>
   </trkpt>
   <trkpt lat="49.346210000000006" lon="-117.93900000000001">
    <ele>628.63</ele>
   </trkpt>
   <trkpt lat="49.34557000000011" lon="-117.93906333498434">
    <ele>626.7</ele>
   </trkpt>
   <trkpt lat="49.34492999996563" lon="-117.93912666832107">
    <ele>625.57</ele>
   </trkpt>
   <trkpt lat="49.34429" lon="-117.93919000000001">
    <ele>624.3100000000001</ele>
   </trkpt>
   <trkpt lat="49.34376" lon="-117.93921">
    <ele>623.8100000000001</ele>
   </trkpt>
   <trkpt lat="49.343070000000004" lon="-117.93954000000001">
    <ele>623.3100000000001</ele>
   </trkpt>
   <trkpt lat="49.342670000000005" lon="-117.9398">
    <ele>623.47</ele>
   </trkpt>
   <trkpt lat="49.34255" lon="-117.93982000000001">
    <ele>623.47</ele>
   </trkpt>
   <trkpt lat="49.34234000000001" lon="-117.93989">
    <ele>623.44</ele>
   </trkpt>
   <trkpt lat="49.342020000000005" lon="-117.93984">
    <ele>623.3100000000001</ele>
   </trkpt>
   <trkpt lat="49.34181" lon="-117.93966">
    <ele>622.83</ele>
   </trkpt>
   <trkpt lat="49.341660000000005" lon="-117.93948">
    <ele>622.36</ele>
   </trkpt>
   <trkpt lat="49.34154" lon="-117.93921">
    <ele>622.0500000000001</ele>
   </trkpt>
   <trkpt lat="49.341390000000004" lon="-117.93878000000001">
    <ele>622.0</ele>
   </trkpt>
   <trkpt lat="49.34136" lon="-117.93818">
    <ele>622.2200000000001</ele>
   </trkpt>
   <trkpt lat="49.341480000000004" lon="-117.93765">
    <ele>622.08</ele>
   </trkpt>
   <trkpt lat="49.34176" lon="-117.93722000000001">
    <ele>621.84</ele>
   </trkpt>
   <trkpt lat="49.342483336991954" lon="-117.9365700190968">
    <ele>620.7600000000001</ele>
   </trkpt>
   <trkpt lat="49.34320667033928" lon="-117.93592001908462">
    <ele>618.6100000000001</ele>
   </trkpt>
   <trkpt lat="49.34393000000001" lon="-117.93527">
    <ele>617.23</ele>
   </trkpt>
   <trkpt lat="49.34427" lon="-117.93491000000002">
    <ele>616.58</ele>
   </trkpt>
   <trkpt lat="49.34451000000001" lon="-117.93442">
    <ele>615.86</ele>
   </trkpt>
   <trkpt lat="49.34463" lon="-117.93399000000001">
    <ele>615.2700000000001</ele>
   </trkpt>
   <trkpt lat="49.344710000000006" lon="-117.93339">
    <ele>614.14</ele>
   </trkpt>
   <trkpt lat="49.344660000000005" lon="-117.93267000000002">
    <ele>613.24</ele>
   </trkpt>
   <trkpt lat="49.344480000000004" lon="-117.93142">
    <ele>611.5400000000001</ele>
   </trkpt>
   <trkpt lat="49.344460000000005" lon="-117.93088000000002">
    <ele>610.68</ele>
   </trkpt>
   <trkpt lat="49.34452" lon="-117.93032000000001">
    <ele>609.83</ele>
   </trkpt>
   <trkpt lat="49.344800000000006" lon="-117.92932">
    <ele>608.36</ele>
   </trkpt>
   <trkpt lat="49.344840000000005" lon="-117.92892">
    <ele>608.36</ele>
   </trkpt>
   <trkpt lat="49.34483" lon="-117.92838">
    <ele>607.0699999999999</ele>
   </trkpt>
   <trkpt lat="49.344550000000005" lon="-117.92731">
    <ele>605.3900000000001</ele>
   </trkpt>
   <trkpt lat="49.34441" lon="-117.92663">
    <ele>604.77</ele>
   </trkpt>
   <trkpt lat="49.34436" lon="-117.92605">
    <ele>603.7900000000001</ele>
   </trkpt>
   <trkpt lat="49.3444700077353" lon="-117.92471000311217">
    <ele>601.24</ele>
   </trkpt>
   <trkpt lat="49.34458" lon="-117.92337">
    <ele>599.24</ele>
   </trkpt>
   <trkpt lat="49.344570000000004" lon="-117.92238">
    <ele>597.71</ele>
   </trkpt>
   <trkpt lat="49.34436" lon="-117.9214">
    <ele>595.94</ele>
   </trkpt>
   <trkpt lat="49.344260000000006" lon="-117.92074000000001">
    <ele>595.52</ele>
   </trkpt>
   <trkpt lat="49.34421000663697" lon="-117.9194999988616">
    <ele>593.14</ele>
   </trkpt>
   <trkpt lat="49.34416" lon="-117.91826">
    <ele>591.1200000000001</ele>
   </trkpt>
   <trkpt lat="49.344080000000005" lon="-117.91729000000001">
    <ele>589.6600000000001</ele>
   </trkpt>
   <trkpt lat="49.344190000000005" lon="-117.91642000000002">
    <ele>588.65</ele>
   </trkpt>
   <trkpt lat="49.344210000000004" lon="-117.91581000000001">
    <ele>588.0200000000001</ele>
   </trkpt>
   <trkpt lat="49.344100000000005" lon="-117.91514000000001">
    <ele>586.8100000000001</ele>
   </trkpt>
   <trkpt lat="49.34382" lon="-117.91463000000002">
    <ele>586.3900000000001</ele>
   </trkpt>
   <trkpt lat="49.343650000000004" lon="-117.91401">
    <ele>584.9100000000001</ele>
   </trkpt>
   <trkpt lat="49.343590000000006" lon="-117.91316">
    <ele>584.28</ele>
   </trkpt>
   <trkpt lat="49.343335003148105" lon="-117.91230999570098">
    <ele>582.22</ele>
   </trkpt>
   <trkpt lat="49.34308" lon="-117.91146">
    <ele>581.4100000000001</ele>
   </trkpt>
   <trkpt lat="49.342960000000005" lon="-117.91065">
    <ele>579.6600000000001</ele>
   </trkpt>
   <trkpt lat="49.34288" lon="-117.90954">
    <ele>578.45</ele>
   </trkpt>
   <trkpt lat="49.342780000000005" lon="-117.90921000000002">
    <ele>577.91</ele>
   </trkpt>
   <trkpt lat="49.3423" lon="-117.90841">
    <ele>576.6</ele>
   </trkpt>
   <trkpt lat="49.34207000000001" lon="-117.90783">
    <ele>575.46</ele>
   </trkpt>
   <trkpt lat="49.34198000000001" lon="-117.90743">
    <ele>574.9200000000001</ele>
   </trkpt>
   <trkpt lat="49.34196000000001" lon="-117.90702">
    <ele>574.26</ele>
   </trkpt>
   <trkpt lat="49.3419700022078" lon="-117.9063049999505">
    <ele>573.1200000000001</ele>
   </trkpt>
   <trkpt lat="49.34198000000001" lon="-117.90559">
    <ele>572.0500000000001</ele>
   </trkpt>
   <trkpt lat="49.34193000205089" lon="-117.90489999926207">
    <ele>570.67</ele>
   </trkpt>
   <trkpt lat="49.34188" lon="-117.90421">
    <ele>569.8199999999999</ele>
   </trkpt>
   <trkpt lat="49.34175000224698" lon="-117.90348999815868">
    <ele>568.9300000000001</ele>
   </trkpt>
   <trkpt lat="49.341620000000006" lon="-117.90277">
    <ele>567.67</ele>
   </trkpt>
   <trkpt lat="49.341210000000004" lon="-117.90156">
    <ele>565.22</ele>
   </trkpt>
   <trkpt lat="49.340900000000005" lon="-117.90049">
    <ele>563.32</ele>
   </trkpt>
   <trkpt lat="49.34073" lon="-117.8996">
    <ele>561.6300000000001</ele>
   </trkpt>
   <trkpt lat="49.340680000000006" lon="-117.89856">
    <ele>560.13</ele>
   </trkpt>
   <trkpt lat="49.34060000436188" lon="-117.89755499843277">
    <ele>558.5</ele>
   </trkpt>
   <trkpt lat="49.340520000000005" lon="-117.89655">
    <ele>557.6000000000001</ele>
   </trkpt>
   <trkpt lat="49.340360000000004" lon="-117.89601">
    <ele>556.72</ele>
   </trkpt>
   <trkpt lat="49.33990000000001" lon="-117.89543">
    <ele>555.4</ele>
   </trkpt>
   <trkpt lat="49.339560000000006" lon="-117.89507">
    <ele>554.7800000000001</ele>
   </trkpt>
   <trkpt lat="49.339360000000006" lon="-117.89466000000002">
    <ele>554.0200000000001</ele>
   </trkpt>
   <trkpt lat="49.339225004135" lon="-117.89367999725677">
    <ele>552.49</ele>
   </trkpt>
   <trkpt lat="49.339090000000006" lon="-117.8927">
    <ele>550.52</ele>
   </trkpt>
   <trkpt lat="49.33886001354977" lon="-117.8914466549436">
    <ele>548.23</ele>
   </trkpt>
   <trkpt lat="49.338630013548126" lon="-117.8901933216016">
    <ele>546.13</ele>
   </trkpt>
   <trkpt lat="49.33840000000001" lon="-117.88894">
    <ele>544.74</ele>
   </trkpt>
   <trkpt lat="49.33838" lon="-117.88836">
    <ele>543.8900000000001</ele>
   </trkpt>
   <trkpt lat="49.33848000314671" lon="-117.88751000146962">
    <ele>543.07</ele>
   </trkpt>
   <trkpt lat="49.33858000000001" lon="-117.88666">
    <ele>541.88</ele>
   </trkpt>
   <trkpt lat="49.33867000000001" lon="-117.88567">
    <ele>540.4300000000001</ele>
   </trkpt>
   <trkpt lat="49.33863" lon="-117.885">
    <ele>540.1</ele>
   </trkpt>
   <trkpt lat="49.33838" lon="-117.88405000000002">
    <ele>538.09</ele>
   </trkpt>
   <trkpt lat="49.33812" lon="-117.88313000000001">
    <ele>537.39</ele>
   </trkpt>
   <trkpt lat="49.337990000000005" lon="-117.88255000000001">
    <ele>536.08</ele>
   </trkpt>
   <trkpt lat="49.337790000000005" lon="-117.88213">
    <ele>535.22</ele>
   </trkpt>
   <trkpt lat="49.337500000000006" lon="-117.88159">
    <ele>534.5000000000001</ele>
   </trkpt>
   <trkpt lat="49.33713" lon="-117.88101">
    <ele>532.84</ele>
   </trkpt>
   <trkpt lat="49.33701000000001" lon="-117.88071000000001">
    <ele>532.52</ele>
   </trkpt>
   <trkpt lat="49.33691" lon="-117.88039">
    <ele>531.9</ele>
   </trkpt>
   <trkpt lat="49.336870000000005" lon="-117.88003">
    <ele>531.61</ele>
   </trkpt>
   <trkpt lat="49.336795006569645" lon="-117.87879499796499">
    <ele>529.37</ele>
   </trkpt>
   <trkpt lat="49.33672000000001" lon="-117.87756">
    <ele>527.95</ele>
   </trkpt>
   <trkpt lat="49.33656334409587" lon="-117.87644332626229">
    <ele>525.75</ele>
   </trkpt>
   <trkpt lat="49.33640667743447" lon="-117.87532665963325">
    <ele>524.2800000000001</ele>
   </trkpt>
   <trkpt lat="49.33625000000001" lon="-117.87421">
    <ele>522.4300000000001</ele>
   </trkpt>
   <trkpt lat="49.33615" lon="-117.87371">
    <ele>521.9100000000001</ele>
   </trkpt>
   <trkpt lat="49.33576" lon="-117.87304">
    <ele>520.99</ele>
   </trkpt>
   <trkpt lat="49.33516" lon="-117.87249000000001">
    <ele>519.42</ele>
   </trkpt>
   <trkpt lat="49.33491" lon="-117.87215">
    <ele>518.7900000000001</ele>
   </trkpt>
   <trkpt lat="49.33473000000001" lon="-117.87143">
    <ele>517.96</ele>
   </trkpt>
   <trkpt lat="49.33461334653068" lon="-117.87019332751092">
    <ele>515.47</ele>
   </trkpt>
   <trkpt lat="49.33449667986773" lon="-117.8689566608839">
    <ele>513.1600000000001</ele>
   </trkpt>
   <trkpt lat="49.33438" lon="-117.86772">
    <ele>511.85</ele>
   </trkpt>
   <trkpt lat="49.33433500440484" lon="-117.86670999918114">
    <ele>509.63</ele>
   </trkpt>
   <trkpt lat="49.33429" lon="-117.8657">
    <ele>507.7900000000001</ele>
   </trkpt>
   <trkpt lat="49.33449000556849" lon="-117.86456000484463">
    <ele>506.38000000000005</ele>
   </trkpt>
   <trkpt lat="49.33469" lon="-117.86342">
    <ele>503.6700000000001</ele>
   </trkpt>
   <trkpt lat="49.33496" lon="-117.86257">
    <ele>503.16</ele>
   </trkpt>
   <trkpt lat="49.335080000000005" lon="-117.86212">
    <ele>501.85</ele>
   </trkpt>
   <trkpt lat="49.335150000000006" lon="-117.86167">
    <ele>501.21000000000004</ele>
   </trkpt>
   <trkpt lat="49.33516" lon="-117.861">
    <ele>500.81000000000006</ele>
   </trkpt>
   <trkpt lat="49.335065007515944" lon="-117.85967999745456">
    <ele>498.12000000000006</ele>
   </trkpt>
   <trkpt lat="49.334970000000006" lon="-117.85836">
    <ele>496.34000000000003</ele>
   </trkpt>
   <trkpt lat="49.335060000000006" lon="-117.85764">
    <ele>495.59000000000003</ele>
   </trkpt>
   <trkpt lat="49.335410003490445" lon="-117.85674500627408">
    <ele>493.78000000000003</ele>
   </trkpt>
   <trkpt lat="49.33576" lon="-117.85585">
    <ele>492.51000000000005</ele>
   </trkpt>
   <trkpt lat="49.33579000397312" lon="-117.85489000065368">
    <ele>491.03000000000003</ele>
   </trkpt>
   <trkpt lat="49.335820000000005" lon="-117.85393">
    <ele>489.87</ele>
   </trkpt>
   <trkpt lat="49.33587000000001" lon="-117.85366">
    <ele>489.23</ele>
   </trkpt>
   <trkpt lat="49.33585" lon="-117.85335">
    <ele>489.23</ele>
   </trkpt>
   <trkpt lat="49.335750000000004" lon="-117.8529">
    <ele>488.23</ele>
   </trkpt>
   <trkpt lat="49.335520002411606" lon="-117.85214499631714">
    <ele>486.14</ele>
   </trkpt>
   <trkpt lat="49.33529" lon="-117.85139000000001">
    <ele>485.1</ele>
   </trkpt>
   <trkpt lat="49.33522000000001" lon="-117.85084">
    <ele>484.45000000000005</ele>
   </trkpt>
   <trkpt lat="49.335293346521844" lon="-117.84960333710285">
    <ele>482.46000000000004</ele>
   </trkpt>
   <trkpt lat="49.335366679850196" lon="-117.84836667052038">
    <ele>480.46000000000004</ele>
   </trkpt>
   <trkpt lat="49.335440000000006" lon="-117.84713">
    <ele>478.32</ele>
   </trkpt>
   <trkpt lat="49.33548667535522" lon="-117.84612666848241">
    <ele>477.16</ele>
   </trkpt>
   <trkpt lat="49.33553334202594" lon="-117.84512333506213">
    <ele>474.96000000000004</ele>
   </trkpt>
   <trkpt lat="49.33558000000001" lon="-117.84412">
    <ele>473.94</ele>
   </trkpt>
   <trkpt lat="49.335660000000004" lon="-117.84315000000001">
    <ele>472.54</ele>
   </trkpt>
   <trkpt lat="49.335980000000006" lon="-117.84215">
    <ele>470.87</ele>
   </trkpt>
   <trkpt lat="49.33628" lon="-117.84145000000001">
    <ele>469.69000000000005</ele>
   </trkpt>
   <trkpt lat="49.336400000000005" lon="-117.84108">
    <ele>469.09000000000003</ele>
   </trkpt>
   <trkpt lat="49.33646" lon="-117.84031000000002">
    <ele>468.24</ele>
   </trkpt>
   <trkpt lat="49.33643000000001" lon="-117.83987">
    <ele>468.0</ele>
   </trkpt>
   <trkpt lat="49.336290000000005" lon="-117.83942">
    <ele>466.95000000000005</ele>
   </trkpt>
   <trkpt lat="49.33615" lon="-117.83902">
    <ele>466.33000000000004</ele>
   </trkpt>
   <trkpt lat="49.335765001329655" lon="-117.83843499520147">
    <ele>465.07000000000005</ele>
   </trkpt>
   <trkpt lat="49.33538" lon="-117.83785">
    <ele>464.52000000000004</ele>
   </trkpt>
   <trkpt lat="49.33522000000001" lon="-117.83733000000001">
    <ele>462.74</ele>
   </trkpt>
   <trkpt lat="49.335100000000004" lon="-117.83682">
    <ele>462.08000000000004</ele>
   </trkpt>
   <trkpt lat="49.3349950039445" lon="-117.83586499805841">
    <ele>460.26000000000005</ele>
   </trkpt>
   <trkpt lat="49.33489" lon="-117.83491000000001">
    <ele>458.79</ele>
   </trkpt>
   <trkpt lat="49.33482" lon="-117.83375000000001">
    <ele>456.95</ele>
   </trkpt>
   <trkpt lat="49.33482" lon="-117.83279">
    <ele>455.28000000000003</ele>
   </trkpt>
   <trkpt lat="49.33498" lon="-117.83172">
    <ele>453.83</ele>
   </trkpt>
   <trkpt lat="49.335190000000004" lon="-117.83056">
    <ele>453.11</ele>
   </trkpt>
   <trkpt lat="49.33523" lon="-117.82988">
    <ele>452.64000000000004</ele>
   </trkpt>
   <trkpt lat="49.33523" lon="-117.82953">
    <ele>452.59000000000003</ele>
   </trkpt>
   <trkpt lat="49.33516000295739" lon="-117.82869999865171">
    <ele>452.34000000000003</ele>
   </trkpt>
   <trkpt lat="49.33509" lon="-117.82787">
    <ele>452.27000000000004</ele>
   </trkpt>
   <trkpt lat="49.335080000000005" lon="-117.8272">
    <ele>452.25000000000006</ele>
   </trkpt>
   <trkpt lat="49.33516" lon="-117.82618000000001">
    <ele>452.24</ele>
   </trkpt>
   <trkpt lat="49.33527000254231" lon="-117.82541000182673">
    <ele>452.51</ele>
   </trkpt>
   <trkpt lat="49.33538" lon="-117.82464000000002">
    <ele>452.57</ele>
   </trkpt>
   <trkpt lat="49.335565002668496" lon="-117.82386000274545">
    <ele>452.76000000000005</ele>
   </trkpt>
   <trkpt lat="49.335750000000004" lon="-117.82308">
    <ele>453.15000000000003</ele>
   </trkpt>
   <trkpt lat="49.33601" lon="-117.82209">
    <ele>453.91</ele>
   </trkpt>
   <trkpt lat="49.336040000000004" lon="-117.82175000000001">
    <ele>454.15000000000003</ele>
   </trkpt>
   <trkpt lat="49.33607000000001" lon="-117.82102">
    <ele>454.88000000000005</ele>
   </trkpt>
   <trkpt lat="49.33603" lon="-117.82044">
    <ele>454.96000000000004</ele>
   </trkpt>
   <trkpt lat="49.335890000000006" lon="-117.81999">
    <ele>455.02000000000004</ele>
   </trkpt>
   <trkpt lat="49.33552" lon="-117.819">
    <ele>455.06</ele>
   </trkpt>
   <trkpt lat="49.335350000000005" lon="-117.81833">
    <ele>454.90000000000003</ele>
   </trkpt>
   <trkpt lat="49.33527" lon="-117.8178">
    <ele>454.73</ele>
   </trkpt>
   <trkpt lat="49.3352400090929" lon="-117.81677333207293">
    <ele>454.49000000000007</ele>
   </trkpt>
   <trkpt lat="49.33521000909263" lon="-117.81574666539713">
    <ele>453.6</ele>
   </trkpt>
   <trkpt lat="49.33518" lon="-117.81472000000001">
    <ele>453.28000000000003</ele>
   </trkpt>
   <trkpt lat="49.3351800059047" lon="-117.8135500000748">
    <ele>452.49000000000007</ele>
   </trkpt>
   <trkpt lat="49.33518" lon="-117.81238">
    <ele>452.18</ele>
   </trkpt>
   <trkpt lat="49.33523334100743" lon="-117.81143666876045">
    <ele>451.89</ele>
   </trkpt>
   <trkpt lat="49.335286674337986" lon="-117.81049333547648">
    <ele>451.81000000000006</ele>
   </trkpt>
   <trkpt lat="49.33534" lon="-117.80955000000002">
    <ele>451.88000000000005</ele>
   </trkpt>
   <trkpt lat="49.33544751741259" lon="-117.80839000759971">
    <ele>451.87000000000006</ele>
   </trkpt>
   <trkpt lat="49.33555502321691" lon="-117.80723001013192">
    <ele>451.70000000000005</ele>
   </trkpt>
   <trkpt lat="49.33566251741288" lon="-117.80607000759711">
    <ele>451.66</ele>
   </trkpt>
   <trkpt lat="49.335770000000004" lon="-117.80491">
    <ele>451.47</ele>
   </trkpt>
   <trkpt lat="49.33596500419714" lon="-117.80392000407691">
    <ele>451.72</ele>
   </trkpt>
   <trkpt lat="49.33616000000001" lon="-117.80293">
    <ele>451.77000000000004</ele>
   </trkpt>
   <trkpt lat="49.33641000364632" lon="-117.80201000468986">
    <ele>451.77000000000004</ele>
   </trkpt>
   <trkpt lat="49.33666" lon="-117.80109000000002">
    <ele>451.63</ele>
   </trkpt>
   <trkpt lat="49.336760000000005" lon="-117.80038">
    <ele>452.12</ele>
   </trkpt>
   <trkpt lat="49.336780000000005" lon="-117.7998">
    <ele>452.25000000000006</ele>
   </trkpt>
   <trkpt lat="49.336690000000004" lon="-117.79922">
    <ele>452.34000000000003</ele>
   </trkpt>
   <trkpt lat="49.336495002053425" lon="-117.79852499713931">
    <ele>452.41</ele>
   </trkpt>
   <trkpt lat="49.3363" lon="-117.79783">
    <ele>452.34000000000003</ele>
   </trkpt>
   <trkpt lat="49.33625000000001" lon="-117.79756">
    <ele>452.3</ele>
   </trkpt>
   <trkpt lat="49.336220000000004" lon="-117.79725">
    <ele>452.3</ele>
   </trkpt>
   <trkpt lat="49.336240000000004" lon="-117.79684">
    <ele>452.32000000000005</ele>
   </trkpt>
   <trkpt lat="49.33632" lon="-117.79626">
    <ele>452.40000000000003</ele>
   </trkpt>
   <trkpt lat="49.33634000000001" lon="-117.79587000000001">
    <ele>452.42</ele>
   </trkpt>
   <trkpt lat="49.33632" lon="-117.79523">
    <ele>452.35</ele>
   </trkpt>
   <trkpt lat="49.336110000000005" lon="-117.7946">
    <ele>452.32000000000005</ele>
   </trkpt>
   <trkpt lat="49.33576" lon="-117.7938">
    <ele>452.3</ele>
   </trkpt>
   <trkpt lat="49.33554" lon="-117.79299">
    <ele>452.32000000000005</ele>
   </trkpt>
   <trkpt lat="49.335387514338706" lon="-117.7919374902441">
    <ele>452.28000000000003</ele>
   </trkpt>
   <trkpt lat="49.335235019120795" lon="-117.79088498700975">
    <ele>452.23</ele>
   </trkpt>
   <trkpt lat="49.335082514346354" lon="-117.78983249029726">
    <ele>452.22</ele>
   </trkpt>
   <trkpt lat="49.33493000000001" lon="-117.78878">
    <ele>452.03000000000003</ele>
   </trkpt>
   <trkpt lat="49.33483000410792" lon="-117.78780499809149">
    <ele>452.05000000000007</ele>
   </trkpt>
   <trkpt lat="49.33473000000001" lon="-117.78683000000001">
    <ele>451.93000000000006</ele>
   </trkpt>
   <trkpt lat="49.33467000484107" lon="-117.78576999861002">
    <ele>451.89</ele>
   </trkpt>
   <trkpt lat="49.334610000000005" lon="-117.78471">
    <ele>451.87000000000006</ele>
   </trkpt>
   <trkpt lat="49.3346" lon="-117.7839">
    <ele>451.90000000000003</ele>
   </trkpt>
   <trkpt lat="49.334610000000005" lon="-117.78284000000001">
    <ele>451.99000000000007</ele>
   </trkpt>
   <trkpt lat="49.33456" lon="-117.78274">
    <ele>451.88000000000005</ele>
   </trkpt>
   <trkpt lat="49.33457000000001" lon="-117.78247">
    <ele>451.33000000000004</ele>
   </trkpt>
   <trkpt lat="49.33466000000001" lon="-117.78235000000001">
    <ele>451.14000000000004</ele>
   </trkpt>
   <trkpt lat="49.334880000000005" lon="-117.78193">
    <ele>450.95</ele>
   </trkpt>
   <trkpt lat="49.33502667451487" lon="-117.78097667229815">
    <ele>450.88000000000005</ele>
   </trkpt>
   <trkpt lat="49.33517334118925" lon="-117.78002333891482">
    <ele>450.5</ele>
   </trkpt>
   <trkpt lat="49.33532" lon="-117.77907">
    <ele>450.45</ele>
   </trkpt>
   <trkpt lat="49.335440000000006" lon="-117.77804">
    <ele>450.34000000000003</ele>
   </trkpt>
   <trkpt lat="49.33549000000001" lon="-117.77728">
    <ele>450.16</ele>
   </trkpt>
   <trkpt lat="49.335480000000004" lon="-117.77607">
    <ele>450.03000000000003</ele>
   </trkpt>
   <trkpt lat="49.33541" lon="-117.77513">
    <ele>449.93000000000006</ele>
   </trkpt>
   <trkpt lat="49.33535000493424" lon="-117.77405999862025">
    <ele>449.95</ele>
   </trkpt>
   <trkpt lat="49.33529" lon="-117.77299000000001">
    <ele>450.3</ele>
   </trkpt>
   <trkpt lat="49.335280000000004" lon="-117.77249">
    <ele>450.36</ele>
   </trkpt>
   <trkpt lat="49.335330000000006" lon="-117.77201000000001">
    <ele>450.3</ele>
   </trkpt>
   <trkpt lat="49.33547" lon="-117.77141">
    <ele>450.16</ele>
   </trkpt>
   <trkpt lat="49.335550000000005" lon="-117.77134000000001">
    <ele>450.16</ele>
   </trkpt>
   <trkpt lat="49.335950000000004" lon="-117.77063000000001">
    <ele>449.90000000000003</ele>
   </trkpt>
   <trkpt lat="49.33583" lon="-117.77018000000001">
    <ele>450.06</ele>
   </trkpt>
   <trkpt lat="49.335567515097175" lon="-117.76909998273499">
    <ele>455.59000000000003</ele>
   </trkpt>
   <trkpt lat="49.33530502013175" lon="-117.76801997698927">
    <ele>457.67</ele>
   </trkpt>
   <trkpt lat="49.33504251510386" lon="-117.76693998276309">
    <ele>463.9200000000001</ele>
   </trkpt>
   <trkpt lat="49.33478" lon="-117.76586">
    <ele>467.54</ele>
   </trkpt>
   <trkpt lat="49.33467" lon="-117.76515">
    <ele>470.08000000000004</ele>
   </trkpt>
   <trkpt lat="49.334630000000004" lon="-117.76458000000001">
    <ele>470.57000000000005</ele>
   </trkpt>
   <trkpt lat="49.334610000000005" lon="-117.76375000000002">
    <ele>471.17</ele>
   </trkpt>
   <trkpt lat="49.334700002147706" lon="-117.76304000150895">
    <ele>471.38</ele>
   </trkpt>
   <trkpt lat="49.334790000000005" lon="-117.76233">
    <ele>471.03000000000003</ele>
   </trkpt>
   <trkpt lat="49.33501502818736" lon="-117.76118669282654">
    <ele>470.9200000000001</ele>
   </trkpt>
   <trkpt lat="49.335240045097905" lon="-117.76004337519944">
    <ele>470.23</ele>
   </trkpt>
   <trkpt lat="49.335465050731464" lon="-117.758900047119">
    <ele>469.78000000000003</ele>
   </trkpt>
   <trkpt lat="49.33569004508785" lon="-117.7577567085856">
    <ele>469.77000000000004</ele>
   </trkpt>
   <trkpt lat="49.33591502816684" lon="-117.75661335959958">
    <ele>470.0</ele>
   </trkpt>
   <trkpt lat="49.33614000000001" lon="-117.75547">
    <ele>470.45000000000005</ele>
   </trkpt>
   <trkpt lat="49.33623000000001" lon="-117.75494">
    <ele>470.77000000000004</ele>
   </trkpt>
   <trkpt lat="49.336270000000006" lon="-117.75426000000002">
    <ele>470.87</ele>
   </trkpt>
   <trkpt lat="49.33626170181855" lon="-117.7529833322541">
    <ele>471.08000000000004</ele>
   </trkpt>
   <trkpt lat="49.33625338957632" lon="-117.75170666493901">
    <ele>471.36000000000007</ele>
   </trkpt>
   <trkpt lat="49.33624506327336" lon="-117.75042999805548">
    <ele>471.58000000000004</ele>
   </trkpt>
   <trkpt lat="49.33623672290964" lon="-117.74915333160429">
    <ele>471.79</ele>
   </trkpt>
   <trkpt lat="49.3362283684852" lon="-117.74787666558613">
    <ele>472.03000000000003</ele>
   </trkpt>
   <trkpt lat="49.336220000000004" lon="-117.74660000000002">
    <ele>472.17</ele>
   </trkpt>
   <trkpt lat="49.3362025243759" lon="-117.74522749849665">
    <ele>472.16</ele>
   </trkpt>
   <trkpt lat="49.33618503250083" lon="-117.74385499796837">
    <ele>471.67</ele>
   </trkpt>
   <trkpt lat="49.33616752437486" lon="-117.74248249841607">
    <ele>470.74</ele>
   </trkpt>
   <trkpt lat="49.33615" lon="-117.74111">
    <ele>469.9200000000001</ele>
   </trkpt>
   <trkpt lat="49.336045014889095" lon="-117.74003749318095">
    <ele>468.30000000000007</ele>
   </trkpt>
   <trkpt lat="49.33594001985498" lon="-117.73896499093739">
    <ele>465.93</ele>
   </trkpt>
   <trkpt lat="49.33583501489775" lon="-117.73789249326975">
    <ele>463.74</ele>
   </trkpt>
   <trkpt lat="49.335730000000005" lon="-117.73682000000001">
    <ele>460.95</ele>
   </trkpt>
   <trkpt lat="49.335580007888304" lon="-117.73546999612914">
    <ele>459.79</ele>
   </trkpt>
   <trkpt lat="49.33543" lon="-117.73412">
    <ele>460.58000000000004</ele>
   </trkpt>
   <trkpt lat="49.33520000000001" lon="-117.73292000000001">
    <ele>462.23</ele>
   </trkpt>
   <trkpt lat="49.33493500440094" lon="-117.73190999456524">
    <ele>463.12</ele>
   </trkpt>
   <trkpt lat="49.33467" lon="-117.7309">
    <ele>464.13000000000005</ele>
   </trkpt>
   <trkpt lat="49.33444000298869" lon="-117.73006999618352">
    <ele>464.5</ele>
   </trkpt>
   <trkpt lat="49.334210000000006" lon="-117.72924">
    <ele>464.19000000000005</ele>
   </trkpt>
   <trkpt lat="49.33415" lon="-117.72861">
    <ele>464.11</ele>
   </trkpt>
   <trkpt lat="49.33417000000001" lon="-117.72758">
    <ele>463.73</ele>
   </trkpt>
   <trkpt lat="49.33409000202999" lon="-117.72689499893801">
    <ele>463.25000000000006</ele>
   </trkpt>
   <trkpt lat="49.334010000000006" lon="-117.72621000000001">
    <ele>462.35</ele>
   </trkpt>
   <trkpt lat="49.33389500351603" lon="-117.72530499775316">
    <ele>461.71000000000004</ele>
   </trkpt>
   <trkpt lat="49.333780000000004" lon="-117.7244">
    <ele>460.19000000000005</ele>
   </trkpt>
   <trkpt lat="49.333745007234185" lon="-117.72310499909236">
    <ele>458.73</ele>
   </trkpt>
   <trkpt lat="49.33371" lon="-117.72181">
    <ele>456.11</ele>
   </trkpt>
   <trkpt lat="49.33368501965805" lon="-117.7205774981572">
    <ele>454.63000000000005</ele>
   </trkpt>
   <trkpt lat="49.33366002621119" lon="-117.71934499756568">
    <ele>452.67</ele>
   </trkpt>
   <trkpt lat="49.33363501965943" lon="-117.71811249822612">
    <ele>450.01</ele>
   </trkpt>
   <trkpt lat="49.33361000000001" lon="-117.71688">
    <ele>447.82000000000005</ele>
   </trkpt>
   <trkpt lat="49.333470000000005" lon="-117.71567">
    <ele>445.89000000000004</ele>
   </trkpt>
   <trkpt lat="49.33325000453137" lon="-117.71463999518674">
    <ele>443.19</ele>
   </trkpt>
   <trkpt lat="49.33303" lon="-117.71361">
    <ele>442.42</ele>
   </trkpt>
   <trkpt lat="49.33292000228255" lon="-117.71287999826168">
    <ele>442.48</ele>
   </trkpt>
   <trkpt lat="49.33281" lon="-117.71215000000001">
    <ele>443.21000000000004</ele>
   </trkpt>
   <trkpt lat="49.332740005462334" lon="-117.71102499844886">
    <ele>445.98</ele>
   </trkpt>
   <trkpt lat="49.33267000000001" lon="-117.7099">
    <ele>447.01</ele>
   </trkpt>
   <trkpt lat="49.33255000701368" lon="-117.70862499690786">
    <ele>446.69</ele>
   </trkpt>
   <trkpt lat="49.33243" lon="-117.70735">
    <ele>445.22</ele>
   </trkpt>
   <trkpt lat="49.3322600133936" lon="-117.70633248943503">
    <ele>442.05000000000007</ele>
   </trkpt>
   <trkpt lat="49.332090017855435" lon="-117.70531498589749">
    <ele>438.61000000000007</ele>
   </trkpt>
   <trkpt lat="49.33192001338563" lon="-117.70429748938773">
    <ele>436.12000000000006</ele>
   </trkpt>
   <trkpt lat="49.33175000000001" lon="-117.70328">
    <ele>435.48</ele>
   </trkpt>
   <trkpt lat="49.331460013731345" lon="-117.70224998180582">
    <ele>436.22</ele>
   </trkpt>
   <trkpt lat="49.331170018309976" lon="-117.70121997574692">
    <ele>437.41</ele>
   </trkpt>
   <trkpt lat="49.33088001373611" lon="-117.7001899818234">
    <ele>438.1700000000001</ele>
   </trkpt>
   <trkpt lat="49.33059" lon="-117.69916">
    <ele>438.51</ele>
   </trkpt>
   <trkpt lat="49.33024402757081" lon="-117.69789596447771">
    <ele>437.75</ele>
   </trkpt>
   <trkpt lat="49.32989804135747" lon="-117.69663194672226">
    <ele>437.99</ele>
   </trkpt>
   <trkpt lat="49.32955204136037" lon="-117.69536794673392">
    <ele>439.78000000000003</ele>
   </trkpt>
   <trkpt lat="49.32920602757985" lon="-117.6941039645129">
    <ele>441.81</ele>
   </trkpt>
   <trkpt lat="49.328860000000006" lon="-117.69284">
    <ele>441.42</ele>
   </trkpt>
   <trkpt lat="49.32866500416145" lon="-117.69185999621212">
    <ele>440.69</ele>
   </trkpt>
   <trkpt lat="49.32847" lon="-117.69088">
    <ele>440.76000000000005</ele>
   </trkpt>
   <trkpt lat="49.328340011749226" lon="-117.68971332723125">
    <ele>441.34</ele>
   </trkpt>
   <trkpt lat="49.32821001175576" lon="-117.68854666062346">
    <ele>442.68</ele>
   </trkpt>
   <trkpt lat="49.32808000000001" lon="-117.68738">
    <ele>443.25</ele>
   </trkpt>
   <trkpt lat="49.327980015874154" lon="-117.68627249326724">
    <ele>443.68</ele>
   </trkpt>
   <trkpt lat="49.327880021166415" lon="-117.68516499103299">
    <ele>444.11000000000007</ele>
   </trkpt>
   <trkpt lat="49.32778001587686" lon="-117.68405749329769">
    <ele>444.54</ele>
   </trkpt>
   <trkpt lat="49.32768" lon="-117.68295">
    <ele>445.84000000000003</ele>
   </trkpt>
   <trkpt lat="49.327655002358355" lon="-117.68220999951212">
    <ele>446.48</ele>
   </trkpt>
   <trkpt lat="49.327630000000006" lon="-117.68147">
    <ele>447.86</ele>
   </trkpt>
   <trkpt lat="49.32762000297214" lon="-117.68063999987035">
    <ele>449.19</ele>
   </trkpt>
   <trkpt lat="49.32761000000001" lon="-117.67981">
    <ele>450.09000000000003</ele>
   </trkpt>
   <trkpt lat="49.32766" lon="-117.67909000000002">
    <ele>450.84000000000003</ele>
   </trkpt>
   <trkpt lat="49.32770000000001" lon="-117.67883">
    <ele>450.74</ele>
   </trkpt>
   <trkpt lat="49.327980000000004" lon="-117.67793">
    <ele>449.77000000000004</ele>
   </trkpt>
   <trkpt lat="49.32852000513809" lon="-117.67684001192912">
    <ele>446.14000000000004</ele>
   </trkpt>
   <trkpt lat="49.329060000000005" lon="-117.67575000000001">
    <ele>444.09000000000003</ele>
   </trkpt>
   <trkpt lat="49.32947" lon="-117.67484">
    <ele>442.61000000000007</ele>
   </trkpt>
   <trkpt lat="49.32958000000001" lon="-117.67457">
    <ele>442.61000000000007</ele>
   </trkpt>
   <trkpt lat="49.329710000000006" lon="-117.67412000000002">
    <ele>441.23</ele>
   </trkpt>
   <trkpt lat="49.32979" lon="-117.67356000000001">
    <ele>440.8</ele>
   </trkpt>
   <trkpt lat="49.32983" lon="-117.67320000000001">
    <ele>440.63</ele>
   </trkpt>
   <trkpt lat="49.329840000000004" lon="-117.67243">
    <ele>440.18</ele>
   </trkpt>
   <trkpt lat="49.32976000000001" lon="-117.67119000000001">
    <ele>439.88000000000005</ele>
   </trkpt>
   <trkpt lat="49.32977" lon="-117.67075000000001">
    <ele>439.72</ele>
   </trkpt>
   <trkpt lat="49.329800000000006" lon="-117.67046">
    <ele>439.48</ele>
   </trkpt>
   <trkpt lat="49.32988" lon="-117.66993000000001">
    <ele>439.28000000000003</ele>
   </trkpt>
   <trkpt lat="49.329950000000004" lon="-117.6696">
    <ele>439.11000000000007</ele>
   </trkpt>
   <trkpt lat="49.33005000000001" lon="-117.66929">
    <ele>439.04</ele>
   </trkpt>
   <trkpt lat="49.330180000000006" lon="-117.66898">
    <ele>438.84000000000003</ele>
   </trkpt>
   <trkpt lat="49.33065001293743" lon="-117.66811403307625">
    <ele>438.3</ele>
   </trkpt>
   <trkpt lat="49.33112001940527" lon="-117.66724804961677">
    <ele>437.82000000000005</ele>
   </trkpt>
   <trkpt lat="49.33159001940328" lon="-117.66638204962122">
    <ele>437.4</ele>
   </trkpt>
   <trkpt lat="49.332060012931244" lon="-117.66551603308923">
    <ele>437.08000000000004</ele>
   </trkpt>
   <trkpt lat="49.332530000000006" lon="-117.66465000000001">
    <ele>436.38000000000005</ele>
   </trkpt>
   <trkpt lat="49.33290000214381" lon="-117.66395000520446">
    <ele>435.96</ele>
   </trkpt>
   <trkpt lat="49.333270000000006" lon="-117.66325">
    <ele>434.8</ele>
   </trkpt>
   <trkpt lat="49.33341" lon="-117.66293">
    <ele>434.14000000000004</ele>
   </trkpt>
   <trkpt lat="49.333540000000006" lon="-117.66258">
    <ele>433.59000000000003</ele>
   </trkpt>
   <trkpt lat="49.333650000000006" lon="-117.66222">
    <ele>433.15000000000003</ele>
   </trkpt>
   <trkpt lat="49.333800000000004" lon="-117.66155">
    <ele>432.62000000000006</ele>
   </trkpt>
   <trkpt lat="49.33386" lon="-117.66116000000001">
    <ele>432.05</ele>
   </trkpt>
   <trkpt lat="49.33391" lon="-117.66054000000001">
    <ele>431.3</ele>
   </trkpt>
   <trkpt lat="49.33393500503562" lon="-117.65946000035959">
    <ele>430.90000000000003</ele>
   </trkpt>
   <trkpt lat="49.333960000000005" lon="-117.65838000000001">
    <ele>432.57</ele>
   </trkpt>
   <trkpt lat="49.33400001154076" lon="-117.65722333524445">
    <ele>437.77000000000004</ele>
   </trkpt>
   <trkpt lat="49.33404001153969" lon="-117.65606666860874">
    <ele>441.35</ele>
   </trkpt>
   <trkpt lat="49.33408000000001" lon="-117.65491000000002">
    <ele>444.46000000000004</ele>
   </trkpt>
   <trkpt lat="49.33409" lon="-117.65443">
    <ele>445.3</ele>
   </trkpt>
   <trkpt lat="49.33404" lon="-117.65368000000001">
    <ele>447.19</ele>
   </trkpt>
   <trkpt lat="49.33395" lon="-117.65313">
    <ele>448.99000000000007</ele>
   </trkpt>
   <trkpt lat="49.333780000000004" lon="-117.65259">
    <ele>451.18</ele>
   </trkpt>
   <trkpt lat="49.33364" lon="-117.65227000000002">
    <ele>451.91</ele>
   </trkpt>
   <trkpt lat="49.333540000000006" lon="-117.65206">
    <ele>452.54</ele>
   </trkpt>
   <trkpt lat="49.33306" lon="-117.65141000000001">
    <ele>453.73</ele>
   </trkpt>
   <trkpt lat="49.33272" lon="-117.65111">
    <ele>454.26000000000005</ele>
   </trkpt>
   <trkpt lat="49.332370000000004" lon="-117.65085">
    <ele>454.31000000000006</ele>
   </trkpt>
   <trkpt lat="49.331840000805926" lon="-117.6504649959759">
    <ele>454.01</ele>
   </trkpt>
   <trkpt lat="49.33131" lon="-117.65008">
    <ele>453.85</ele>
   </trkpt>
   <trkpt lat="49.330575000862204" lon="-117.64963999344694">
    <ele>453.05000000000007</ele>
   </trkpt>
   <trkpt lat="49.329840000000004" lon="-117.64920000000001">
    <ele>451.22</ele>
   </trkpt>
   <trkpt lat="49.329040000000006" lon="-117.64865">
    <ele>449.34000000000003</ele>
   </trkpt>
   <trkpt lat="49.328465001443575" lon="-117.6480949936289">
    <ele>447.39</ele>
   </trkpt>
   <trkpt lat="49.327890000000004" lon="-117.64754">
    <ele>446.29</ele>
   </trkpt>
   <trkpt lat="49.327355001494375" lon="-117.64693999341453">
    <ele>444.66</ele>
   </trkpt>
   <trkpt lat="49.326820000000005" lon="-117.64634000000001">
    <ele>443.86</ele>
   </trkpt>
   <trkpt lat="49.326140002201114" lon="-117.64563499032259">
    <ele>443.57</ele>
   </trkpt>
   <trkpt lat="49.32546000000001" lon="-117.64493000000002">
    <ele>442.6</ele>
   </trkpt>
   <trkpt lat="49.32522" lon="-117.64546000000001">
    <ele>442.35</ele>
   </trkpt>
   <trkpt lat="49.324552009001806" lon="-117.64473796082834">
    <ele>442.96000000000004</ele>
   </trkpt>
   <trkpt lat="49.32388401350591" lon="-117.64401594124705">
    <ele>443.03000000000003</ele>
   </trkpt>
   <trkpt lat="49.32321601351255" lon="-117.64329394125531">
    <ele>442.39000000000004</ele>
   </trkpt>
   <trkpt lat="49.322548009021936" lon="-117.64257196085228">
    <ele>441.81</ele>
   </trkpt>
   <trkpt lat="49.32188000000001" lon="-117.64185">
    <ele>441.84</ele>
   </trkpt>
   <trkpt lat="49.321340000000006" lon="-117.64109">
    <ele>442.32000000000005</ele>
   </trkpt>
   <trkpt lat="49.32088000885696" lon="-117.6402624768027">
    <ele>442.49000000000007</ele>
   </trkpt>
   <trkpt lat="49.32042001180589" lon="-117.6394349690647">
    <ele>442.46000000000004</ele>
   </trkpt>
   <trkpt lat="49.31996000884705" lon="-117.6386074767856">
    <ele>442.29</ele>
   </trkpt>
   <trkpt lat="49.319500000000005" lon="-117.63778">
    <ele>442.04</ele>
   </trkpt>
   <trkpt lat="49.319140000000004" lon="-117.63723000000002">
    <ele>441.62</ele>
   </trkpt>
   <trkpt lat="49.31891" lon="-117.63669000000002">
    <ele>441.90000000000003</ele>
   </trkpt>
   <trkpt lat="49.31860500396364" lon="-117.63572999401703">
    <ele>443.93000000000006</ele>
   </trkpt>
   <trkpt lat="49.3183" lon="-117.63477">
    <ele>444.68</ele>
   </trkpt>
   <trkpt lat="49.3181133417322" lon="-117.63378332585249">
    <ele>444.20000000000005</ele>
   </trkpt>
   <trkpt lat="49.31792667506517" lon="-117.63279665918405">
    <ele>441.01</ele>
   </trkpt>
   <trkpt lat="49.31774" lon="-117.63181000000002">
    <ele>439.68</ele>
   </trkpt>
   <trkpt lat="49.317710000000005" lon="-117.63143000000001">
    <ele>439.77000000000004</ele>
   </trkpt>
   <trkpt lat="49.31774" lon="-117.6307">
    <ele>441.68</ele>
   </trkpt>
   <trkpt lat="49.317820000000005" lon="-117.63042000000002">
    <ele>441.62</ele>
   </trkpt>
   <trkpt lat="49.317840000000004" lon="-117.63021">
    <ele>441.62</ele>
   </trkpt>
   <trkpt lat="49.31783" lon="-117.63008">
    <ele>441.62</ele>
   </trkpt>
   <trkpt lat="49.31779" lon="-117.62994">
    <ele>441.62</ele>
   </trkpt>
   <trkpt lat="49.31776000000001" lon="-117.6299">
    <ele>441.62</ele>
   </trkpt>
   <trkpt lat="49.31779" lon="-117.62994">
    <ele>441.90000000000003</ele>
   </trkpt>
   <trkpt lat="49.31783" lon="-117.63008">
    <ele>441.98</ele>
   </trkpt>
   <trkpt lat="49.317840000000004" lon="-117.63021">
    <ele>442.00000000000006</ele>
   </trkpt>
   <trkpt lat="49.317820000000005" lon="-117.63042000000002">
    <ele>441.74</ele>
   </trkpt>
   <trkpt lat="49.31774" lon="-117.6307">
    <ele>440.61000000000007</ele>
   </trkpt>
   <trkpt lat="49.317710000000005" lon="-117.63143000000001">
    <ele>440.08000000000004</ele>
   </trkpt>
   <trkpt lat="49.31774" lon="-117.63181000000002">
    <ele>440.26000000000005</ele>
   </trkpt>
   <trkpt lat="49.31792667506613" lon="-117.63279665918915">
    <ele>443.16</ele>
   </trkpt>
   <trkpt lat="49.31811334173317" lon="-117.63378332585758">
    <ele>444.8</ele>
   </trkpt>
   <trkpt lat="49.3183" lon="-117.63477">
    <ele>444.36</ele>
   </trkpt>
   <trkpt lat="49.31860500398763" lon="-117.63572999409257">
    <ele>442.42</ele>
   </trkpt>
   <trkpt lat="49.31891" lon="-117.63669000000002">
    <ele>441.51</ele>
   </trkpt>
   <trkpt lat="49.319140000000004" lon="-117.63723000000002">
    <ele>441.85</ele>
   </trkpt>
   <trkpt lat="49.319500000000005" lon="-117.63778">
    <ele>442.1</ele>
   </trkpt>
   <trkpt lat="49.319960008866445" lon="-117.63860747682052">
    <ele>442.28000000000003</ele>
   </trkpt>
   <trkpt lat="49.3204200118253" lon="-117.63943496909961">
    <ele>442.40000000000003</ele>
   </trkpt>
   <trkpt lat="49.32088000887635" lon="-117.6402624768376">
    <ele>442.34</ele>
   </trkpt>
   <trkpt lat="49.321340000000006" lon="-117.64109">
    <ele>442.00000000000006</ele>
   </trkpt>
   <trkpt lat="49.32188000000001" lon="-117.64185">
    <ele>441.87</ele>
   </trkpt>
   <trkpt lat="49.32254800898762" lon="-117.6425719608152">
    <ele>441.8</ele>
   </trkpt>
   <trkpt lat="49.32321601347823" lon="-117.64329394121822">
    <ele>442.83000000000004</ele>
   </trkpt>
   <trkpt lat="49.323884013471584" lon="-117.64401594120996">
    <ele>442.98</ele>
   </trkpt>
   <trkpt lat="49.32455200896748" lon="-117.64473796079123">
    <ele>442.54</ele>
   </trkpt>
   <trkpt lat="49.32522" lon="-117.64546000000001">
    <ele>442.42</ele>
   </trkpt>
   <trkpt lat="49.32546000000001" lon="-117.64493000000002">
    <ele>443.70000000000005</ele>
   </trkpt>
   <trkpt lat="49.324844008164526" lon="-117.64424196556821">
    <ele>444.27000000000004</ele>
   </trkpt>
   <trkpt lat="49.324228012245" lon="-117.64355394835124">
    <ele>445.59000000000003</ele>
   </trkpt>
   <trkpt lat="49.32361201224166" lon="-117.6428659483484">
    <ele>447.77000000000004</ele>
   </trkpt>
   <trkpt lat="49.32299600815465" lon="-117.642177965559">
    <ele>449.21000000000004</ele>
   </trkpt>
   <trkpt lat="49.32238" lon="-117.64149">
    <ele>450.05000000000007</ele>
   </trkpt>
   <trkpt lat="49.32175" lon="-117.64068">
    <ele>449.94000000000005</ele>
   </trkpt>
   <trkpt lat="49.32133500164765" lon="-117.64005999475934">
    <ele>449.92</ele>
   </trkpt>
   <trkpt lat="49.32092" lon="-117.63944000000001">
    <ele>449.88000000000005</ele>
   </trkpt>
   <trkpt lat="49.32060500151955" lon="-117.63884999625967">
    <ele>449.99000000000007</ele>
   </trkpt>
   <trkpt lat="49.32029000000001" lon="-117.63826000000002">
    <ele>449.87000000000006</ele>
   </trkpt>
   <trkpt lat="49.32012" lon="-117.63782">
    <ele>449.89</ele>
   </trkpt>
   <trkpt lat="49.31974" lon="-117.63689000000001">
    <ele>449.83000000000004</ele>
   </trkpt>
   <trkpt lat="49.319545001691225" lon="-117.63625999743786">
    <ele>449.75000000000006</ele>
   </trkpt>
   <trkpt lat="49.31935000000001" lon="-117.63563">
    <ele>449.74</ele>
   </trkpt>
   <trkpt lat="49.31905667296816" lon="-117.63477665655684">
    <ele>449.49000000000007</ele>
   </trkpt>
   <trkpt lat="49.31876333965377" lon="-117.63392332327874">
    <ele>449.67</ele>
   </trkpt>
   <trkpt lat="49.318470000000005" lon="-117.63307">
    <ele>449.99000000000007</ele>
   </trkpt>
   <trkpt lat="49.318290000000005" lon="-117.6324">
    <ele>450.5</ele>
   </trkpt>
   <trkpt lat="49.31817" lon="-117.63183000000001">
    <ele>450.71000000000004</ele>
   </trkpt>
   <trkpt lat="49.31812000000001" lon="-117.6315">
    <ele>451.07</ele>
   </trkpt>
   <trkpt lat="49.3181" lon="-117.63115">
    <ele>451.53000000000003</ele>
   </trkpt>
   <trkpt lat="49.31815" lon="-117.63056">
    <ele>452.05000000000007</ele>
   </trkpt>
   <trkpt lat="49.31835" lon="-117.63002000000002">
    <ele>453.97</ele>
   </trkpt>
   <trkpt lat="49.31852000000001" lon="-117.62967">
    <ele>455.81000000000006</ele>
   </trkpt>
   <trkpt lat="49.31899000293996" lon="-117.6288500077569">
    <ele>459.0</ele>
   </trkpt>
   <trkpt lat="49.31946000000001" lon="-117.62803000000001">
    <ele>464.06</ele>
   </trkpt>
   <trkpt lat="49.31955000000001" lon="-117.62779">
    <ele>465.08000000000004</ele>
   </trkpt>
   <trkpt lat="49.32011000382208" lon="-117.62684501079687">
    <ele>467.09000000000003</ele>
   </trkpt>
   <trkpt lat="49.32067000000001" lon="-117.62590000000002">
    <ele>468.47</ele>
   </trkpt>
   <trkpt lat="49.32113333649734" lon="-117.62529334476403">
    <ele>468.33000000000004</ele>
   </trkpt>
   <trkpt lat="49.32159666981939" lon="-117.6246866781123">
    <ele>468.4200000000001</ele>
   </trkpt>
   <trkpt lat="49.32206000000001" lon="-117.62408">
    <ele>468.43</ele>
   </trkpt>
   <trkpt lat="49.322230000000005" lon="-117.62398">
    <ele>468.34000000000003</ele>
   </trkpt>
   <trkpt lat="49.32300000000001" lon="-117.62331">
    <ele>468.47</ele>
   </trkpt>
   <trkpt lat="49.323280000000004" lon="-117.62309">
    <ele>468.72</ele>
   </trkpt>
   <trkpt lat="49.32329000000001" lon="-117.62295">
    <ele>468.72</ele>
   </trkpt>
   <trkpt lat="49.32383" lon="-117.62256000000001">
    <ele>469.12</ele>
   </trkpt>
   <trkpt lat="49.324040000000004" lon="-117.62246">
    <ele>469.72</ele>
   </trkpt>
   <trkpt lat="49.324270000000006" lon="-117.62241000000002">
    <ele>469.43</ele>
   </trkpt>
   <trkpt lat="49.32441000000001" lon="-117.62249000000001">
    <ele>469.49</ele>
   </trkpt>
   <trkpt lat="49.32517000000001" lon="-117.62215">
    <ele>469.72</ele>
   </trkpt>
   <trkpt lat="49.32549" lon="-117.62192">
    <ele>469.9200000000001</ele>
   </trkpt>
   <trkpt lat="49.325810000000004" lon="-117.62161">
    <ele>470.21</ele>
   </trkpt>
   <trkpt lat="49.32629000000001" lon="-117.62103">
    <ele>470.55</ele>
   </trkpt>
   <trkpt lat="49.326675001320126" lon="-117.62047000442638">
    <ele>470.84000000000003</ele>
   </trkpt>
   <trkpt lat="49.32706" lon="-117.61991">
    <ele>471.30000000000007</ele>
   </trkpt>
   <trkpt lat="49.32782" lon="-117.61919">
    <ele>471.83000000000004</ele>
   </trkpt>
   <trkpt lat="49.328477502310456" lon="-117.61876751692724">
    <ele>472.31000000000006</ele>
   </trkpt>
   <trkpt lat="49.329135003080964" lon="-117.61834502256981">
    <ele>472.38</ele>
   </trkpt>
   <trkpt lat="49.32979250231147" lon="-117.61792251692717">
    <ele>473.07000000000005</ele>
   </trkpt>
   <trkpt lat="49.330450000000006" lon="-117.6175">
    <ele>473.40000000000003</ele>
   </trkpt>
   <trkpt lat="49.331012506266184" lon="-117.6168050238049">
    <ele>473.81000000000006</ele>
   </trkpt>
   <trkpt lat="49.331575008365434" lon="-117.61611003172737">
    <ele>473.93</ele>
   </trkpt>
   <trkpt lat="49.332137506297606" lon="-117.61541502376686">
    <ele>474.18000000000006</ele>
   </trkpt>
   <trkpt lat="49.3327" lon="-117.61472">
    <ele>474.32</ele>
   </trkpt>
   <trkpt lat="49.333300002861996" lon="-117.61391000983011">
    <ele>474.86000000000007</ele>
   </trkpt>
   <trkpt lat="49.33390000000001" lon="-117.6131">
    <ele>474.74000000000007</ele>
   </trkpt>
   <trkpt lat="49.334340003036466" lon="-117.61225500763697">
    <ele>474.73</ele>
   </trkpt>
   <trkpt lat="49.33478" lon="-117.61141">
    <ele>474.48</ele>
   </trkpt>
   <trkpt lat="49.33514500382722" lon="-117.6104650070719">
    <ele>474.04</ele>
   </trkpt>
   <trkpt lat="49.335510000000006" lon="-117.60952">
    <ele>473.79</ele>
   </trkpt>
   <trkpt lat="49.3357450038262" lon="-117.60858000442869">
    <ele>473.46000000000004</ele>
   </trkpt>
   <trkpt lat="49.335980000000006" lon="-117.60764">
    <ele>473.17</ele>
   </trkpt>
   <trkpt lat="49.336206692923234" lon="-117.60653669206224">
    <ele>472.69000000000005</ele>
   </trkpt>
   <trkpt lat="49.33643337534498" lon="-117.6054333739615">
    <ele>472.39000000000004</ele>
   </trkpt>
   <trkpt lat="49.336660047265056" lon="-117.60433004569802">
    <ele>472.12</ele>
   </trkpt>
   <trkpt lat="49.33688670868331" lon="-117.60322670727213">
    <ele>471.79</ele>
   </trkpt>
   <trkpt lat="49.337113359599506" lon="-117.60212335868414">
    <ele>471.20000000000005</ele>
   </trkpt>
   <trkpt lat="49.337340000000005" lon="-117.60102">
    <ele>471.20000000000005</ele>
   </trkpt>
   <trkpt lat="49.33776" lon="-117.59985">
    <ele>470.51000000000005</ele>
   </trkpt>
   <trkpt lat="49.33813500119377" lon="-117.59931500413471">
    <ele>470.54</ele>
   </trkpt>
   <trkpt lat="49.33851000000001" lon="-117.59878">
    <ele>470.37000000000006</ele>
   </trkpt>
   <trkpt lat="49.33902000274319" lon="-117.59821334510788">
    <ele>470.11</ele>
   </trkpt>
   <trkpt lat="49.33953000271627" lon="-117.59764667847129">
    <ele>469.99</ele>
   </trkpt>
   <trkpt lat="49.34004" lon="-117.59708">
    <ele>470.03000000000003</ele>
   </trkpt>
   <trkpt lat="49.34058000266334" lon="-117.59630000850251">
    <ele>470.40000000000003</ele>
   </trkpt>
   <trkpt lat="49.341120000000004" lon="-117.59552000000001">
    <ele>470.56</ele>
   </trkpt>
   <trkpt lat="49.34143000334303" lon="-117.59464000553565">
    <ele>470.83000000000004</ele>
   </trkpt>
   <trkpt lat="49.34174" lon="-117.59376">
    <ele>471.06</ele>
   </trkpt>
   <trkpt lat="49.34213000320211" lon="-117.59289000703478">
    <ele>470.9800000000001</ele>
   </trkpt>
   <trkpt lat="49.34252000000001" lon="-117.59202">
    <ele>470.28000000000003</ele>
   </trkpt>
   <trkpt lat="49.34316000352006" lon="-117.59137668345195">
    <ele>469.16</ele>
   </trkpt>
   <trkpt lat="49.34380000346988" lon="-117.59073335016939">
    <ele>468.38</ele>
   </trkpt>
   <trkpt lat="49.344440000000006" lon="-117.59009">
    <ele>467.33000000000004</ele>
   </trkpt>
   <trkpt lat="49.34509002899758" lon="-117.58927010833224">
    <ele>466.58000000000004</ele>
   </trkpt>
   <trkpt lat="49.34574005219609" lon="-117.58845019500113">
    <ele>465.77</ele>
   </trkpt>
   <trkpt lat="49.346390069595266" lon="-117.58763026000584">
    <ele>464.91</ele>
   </trkpt>
   <trkpt lat="49.34704008119482" lon="-117.5868103033455">
    <ele>463.33</ele>
   </trkpt>
   <trkpt lat="49.34769008699447" lon="-117.58599032501924">
    <ele>461.95000000000005</ele>
   </trkpt>
   <trkpt lat="49.34834008699389" lon="-117.58517032502611">
    <ele>461.90000000000003</ele>
   </trkpt>
   <trkpt lat="49.34899008119284" lon="-117.58435030336535">
    <ele>462.41</ele>
   </trkpt>
   <trkpt lat="49.34964006959101" lon="-117.58353026003596">
    <ele>462.91</ele>
   </trkpt>
   <trkpt lat="49.35029005218814" lon="-117.58271019503718">
    <ele>463.07000000000005</ele>
   </trkpt>
   <trkpt lat="49.350940028983906" lon="-117.58189010836806">
    <ele>463.12</ele>
   </trkpt>
   <trkpt lat="49.35159" lon="-117.58107000000001">
    <ele>462.67</ele>
   </trkpt>
   <trkpt lat="49.352375069148444" lon="-117.58044493312516">
    <ele>459.87000000000006</ele>
   </trkpt>
   <trkpt lat="49.35316013492647" lon="-117.57981984629845">
    <ele>461.95000000000005</ele>
   </trkpt>
   <trkpt lat="49.3539451973339" lon="-117.57919473951873">
    <ele>461.12</ele>
   </trkpt>
   <trkpt lat="49.354730256370516" lon="-117.5785696127849">
    <ele>461.1000000000001</ele>
   </trkpt>
   <trkpt lat="49.35551531203612" lon="-117.57794446609589">
    <ele>464.02000000000004</ele>
   </trkpt>
   <trkpt lat="49.3563003643305" lon="-117.57731929945056">
    <ele>463.9800000000001</ele>
   </trkpt>
   <trkpt lat="49.357085413253465" lon="-117.57669411284786">
    <ele>465.09000000000003</ele>
   </trkpt>
   <trkpt lat="49.357870458804825" lon="-117.57606890628661">
    <ele>463.1</ele>
   </trkpt>
   <trkpt lat="49.35865550098436" lon="-117.57544367976577">
    <ele>467.18</ele>
   </trkpt>
   <trkpt lat="49.35944053979188" lon="-117.5748184332842">
    <ele>465.1</ele>
   </trkpt>
   <trkpt lat="49.36022557522718" lon="-117.57419316684079">
    <ele>460.95</ele>
   </trkpt>
   <trkpt lat="49.36101060729007" lon="-117.57356788043445">
    <ele>464.94</ele>
   </trkpt>
   <trkpt lat="49.36179563598031" lon="-117.57294257406411">
    <ele>464.82</ele>
   </trkpt>
   <trkpt lat="49.36258066129777" lon="-117.57231724772859">
    <ele>464.63000000000005</ele>
   </trkpt>
   <trkpt lat="49.36336568324217" lon="-117.57169190142685">
    <ele>465.23</ele>
   </trkpt>
   <trkpt lat="49.36415070181336" lon="-117.57106653515775">
    <ele>465.03000000000003</ele>
   </trkpt>
   <trkpt lat="49.364935717011114" lon="-117.57044114892017">
    <ele>462.17</ele>
   </trkpt>
   <trkpt lat="49.36572072883526" lon="-117.56981574271305">
    <ele>462.96000000000004</ele>
   </trkpt>
   <trkpt lat="49.36650573728554" lon="-117.56919031653526">
    <ele>466.0</ele>
   </trkpt>
   <trkpt lat="49.36729074236182" lon="-117.56856487038569">
    <ele>465.9800000000001</ele>
   </trkpt>
   <trkpt lat="49.36807574406386" lon="-117.56793940426324">
    <ele>465.69000000000005</ele>
   </trkpt>
   <trkpt lat="49.36886074239146" lon="-117.56731391816682">
    <ele>468.89000000000004</ele>
   </trkpt>
   <trkpt lat="49.36964573734444" lon="-117.56668841209529">
    <ele>469.19000000000005</ele>
   </trkpt>
   <trkpt lat="49.37043072892258" lon="-117.56606288604756">
    <ele>468.91</ele>
   </trkpt>
   <trkpt lat="49.37121571712568" lon="-117.56543734002256">
    <ele>465.55</ele>
   </trkpt>
   <trkpt lat="49.372000701953546" lon="-117.56481177401913">
    <ele>464.66</ele>
   </trkpt>
   <trkpt lat="49.372785683405965" lon="-117.56418618803617">
    <ele>465.99</ele>
   </trkpt>
   <trkpt lat="49.37357066148275" lon="-117.56356058207263">
    <ele>465.94</ele>
   </trkpt>
   <trkpt lat="49.37435563618369" lon="-117.56293495612731">
    <ele>473.69000000000005</ele>
   </trkpt>
   <trkpt lat="49.37514060750859" lon="-117.5623093101992">
    <ele>470.70000000000005</ele>
   </trkpt>
   <trkpt lat="49.37592557545724" lon="-117.56168364428716">
    <ele>478.16</ele>
   </trkpt>
   <trkpt lat="49.376710540029435" lon="-117.56105795839002">
    <ele>476.96000000000004</ele>
   </trkpt>
   <trkpt lat="49.37749550122499" lon="-117.56043225250677">
    <ele>478.78000000000003</ele>
   </trkpt>
   <trkpt lat="49.378280459043694" lon="-117.55980652663627">
    <ele>481.92</ele>
   </trkpt>
   <trkpt lat="49.379065413485364" lon="-117.55918078077737">
    <ele>482.94</ele>
   </trkpt>
   <trkpt lat="49.37985036454976" lon="-117.55855501492901">
    <ele>484.01000000000005</ele>
   </trkpt>
   <trkpt lat="49.3806353122367" lon="-117.55792922909008">
    <ele>483.25</ele>
   </trkpt>
   <trkpt lat="49.38142025654601" lon="-117.55730342325946">
    <ele>484.96000000000004</ele>
   </trkpt>
   <trkpt lat="49.38220519747743" lon="-117.55667759743602">
    <ele>486.86</ele>
   </trkpt>
   <trkpt lat="49.382990135030816" lon="-117.55605175161874">
    <ele>487.54</ele>
   </trkpt>
   <trkpt lat="49.38377506920594" lon="-117.55542588580641">
    <ele>488.68000000000006</ele>
   </trkpt>
   <trkpt lat="49.38456000000001" lon="-117.55480000000001">
    <ele>489.90000000000003</ele>
   </trkpt>
   <trkpt lat="49.38456000000001" lon="-117.55481">
    <ele>491.23</ele>
   </trkpt>
   <trkpt lat="49.38536833637152" lon="-117.55443503084453">
    <ele>492.42</ele>
   </trkpt>
   <trkpt lat="49.38617667153035" lon="-117.55406004935105">
    <ele>493.01000000000005</ele>
   </trkpt>
   <trkpt lat="49.386985005476454" lon="-117.55368505551888">
    <ele>493.75</ele>
   </trkpt>
   <trkpt lat="49.38779333820972" lon="-117.55331004934725">
    <ele>493.78000000000003</ele>
   </trkpt>
   <trkpt lat="49.3886016697301" lon="-117.55293503083539">
    <ele>494.64</ele>
   </trkpt>
   <trkpt lat="49.389410000000005" lon="-117.55256000000001">
    <ele>496.02</ele>
   </trkpt>
   <trkpt lat="49.3901800033773" lon="-117.5521986054209">
    <ele>496.62000000000006</ele>
   </trkpt>
   <trkpt lat="49.39095000562814" lon="-117.55183719951245">
    <ele>497.74</ele>
   </trkpt>
   <trkpt lat="49.3917200067525" lon="-117.55147578227403">
    <ele>498.70000000000005</ele>
   </trkpt>
   <trkpt lat="49.39249000675029" lon="-117.551114353705">
    <ele>498.38000000000005</ele>
   </trkpt>
   <trkpt lat="49.39326000562147" lon="-117.55075291380469">
    <ele>498.55</ele>
   </trkpt>
   <trkpt lat="49.394030003365934" lon="-117.55039146257245">
    <ele>499.00000000000006</ele>
   </trkpt>
   <trkpt lat="49.394800000000004" lon="-117.55003">
    <ele>498.7900000000001</ele>
   </trkpt>
   <trkpt lat="49.395447501770164" lon="-117.54966001463369">
    <ele>498.24</ele>
   </trkpt>
   <trkpt lat="49.39609500235976" lon="-117.54929001951216">
    <ele>498.21000000000004</ele>
   </trkpt>
   <trkpt lat="49.39674250176869" lon="-117.548920014635">
    <ele>498.56000000000006</ele>
   </trkpt>
   <trkpt lat="49.39739" lon="-117.54855">
    <ele>499.46</ele>
   </trkpt>
   <trkpt lat="49.39797500056398" lon="-117.54821000401186">
    <ele>500.51</ele>
   </trkpt>
   <trkpt lat="49.39856" lon="-117.54787">
    <ele>501.16</ele>
   </trkpt>
   <trkpt lat="49.39934000668436" lon="-117.54731337753874">
    <ele>502.57000000000005</ele>
   </trkpt>
   <trkpt lat="49.400120010696696" lon="-117.54675673739554">
    <ele>503.86000000000007</ele>
   </trkpt>
   <trkpt lat="49.40090001203684" lon="-117.54620007956943">
    <ele>504.86000000000007</ele>
   </trkpt>
   <trkpt lat="49.40168001070465" lon="-117.54564340405946">
    <ele>505.39</ele>
   </trkpt>
   <trkpt lat="49.40246000669994" lon="-117.54508671086464">
    <ele>505.14000000000004</ele>
   </trkpt>
   <trkpt lat="49.403240000000004" lon="-117.54453000000001">
    <ele>504.14000000000004</ele>
   </trkpt>
   <trkpt lat="49.40403625916344" lon="-117.54397881258228">
    <ele>503.30000000000007</ele>
   </trkpt>
   <trkpt lat="49.40483251570686" lon="-117.54342760728748">
    <ele>502.18000000000006</ele>
   </trkpt>
   <trkpt lat="49.40562876963008" lon="-117.5428763841146">
    <ele>502.25000000000006</ele>
   </trkpt>
   <trkpt lat="49.40642502093292" lon="-117.54232514306264">
    <ele>503.11000000000007</ele>
   </trkpt>
   <trkpt lat="49.40722126961527" lon="-117.54177388413054">
    <ele>503.39</ele>
   </trkpt>
   <trkpt lat="49.40801751567693" lon="-117.54122260731728">
    <ele>504.21999999999997</ele>
   </trkpt>
   <trkpt lat="49.40881375911776" lon="-117.54067131262187">
    <ele>504.25000000000006</ele>
   </trkpt>
   <trkpt lat="49.40961" lon="-117.54012000000002">
    <ele>503.86000000000007</ele>
   </trkpt>
   <trkpt lat="49.410340000000005" lon="-117.53986">
    <ele>503.55000000000007</ele>
   </trkpt>
   <trkpt lat="49.41087" lon="-117.53976000000002">
    <ele>503.40000000000003</ele>
   </trkpt>
   <trkpt lat="49.41118" lon="-117.53968">
    <ele>503.43</ele>
   </trkpt>
   <trkpt lat="49.411901671891144" lon="-117.53918836946622">
    <ele>503.17</ele>
   </trkpt>
   <trkpt lat="49.41262334169795" lon="-117.53869672447668">
    <ele>502.78</ele>
   </trkpt>
   <trkpt lat="49.41334500942031" lon="-117.53820506503061">
    <ele>501.6400000000001</ele>
   </trkpt>
   <trkpt lat="49.4140666750581" lon="-117.53771339112727">
    <ele>500.21000000000004</ele>
   </trkpt>
   <trkpt lat="49.414788338611224" lon="-117.53722170276593">
    <ele>498.7300000000001</ele>
   </trkpt>
   <trkpt lat="49.415510000000005" lon="-117.53673">
    <ele>497.34000000000003</ele>
   </trkpt>
   <trkpt lat="49.41599" lon="-117.53638000000001">
    <ele>495.42</ele>
   </trkpt>
   <trkpt lat="49.41657000000001" lon="-117.53552">
    <ele>492.17</ele>
   </trkpt>
   <trkpt lat="49.4169066724374" lon="-117.53470334448996">
    <ele>488.99</ele>
   </trkpt>
   <trkpt lat="49.41724333912373" lon="-117.53388667777573">
    <ele>483.62000000000006</ele>
   </trkpt>
   <trkpt lat="49.41758" lon="-117.53307000000001">
    <ele>480.06000000000006</ele>
   </trkpt>
   <trkpt lat="49.41816000000001" lon="-117.53225">
    <ele>472.49</ele>
   </trkpt>
   <trkpt lat="49.41856000000001" lon="-117.53189">
    <ele>470.56</ele>
   </trkpt>
   <trkpt lat="49.41892000000001" lon="-117.53164000000001">
    <ele>468.63000000000005</ele>
   </trkpt>
   <trkpt lat="49.419700000602674" lon="-117.53130000535862">
    <ele>467.52000000000004</ele>
   </trkpt>
   <trkpt lat="49.420480000000005" lon="-117.53096000000001">
    <ele>468.28000000000003</ele>
   </trkpt>
   <trkpt lat="49.42120800123948" lon="-117.53069401577808">
    <ele>468.59000000000003</ele>
   </trkpt>
   <trkpt lat="49.421936001868865" lon="-117.53042802366403">
    <ele>469.63000000000005</ele>
   </trkpt>
   <trkpt lat="49.42266400188816" lon="-117.53016202365743">
    <ele>472.78000000000003</ele>
   </trkpt>
   <trkpt lat="49.423392001297316" lon="-117.52989601575783">
    <ele>477.08000000000004</ele>
   </trkpt>
   <trkpt lat="49.42412" lon="-117.52963000000001">
    <ele>479.09000000000003</ele>
   </trkpt>
   <trkpt lat="49.42487500010809" lon="-117.52980499730162">
    <ele>481.48</ele>
   </trkpt>
   <trkpt lat="49.425630000000005" lon="-117.52998000000001">
    <ele>481.85</ele>
   </trkpt>
   <trkpt lat="49.42633000050447" lon="-117.53021332668686">
    <ele>481.81</ele>
   </trkpt>
   <trkpt lat="49.4270300005395" lon="-117.53044666003173">
    <ele>481.63000000000005</ele>
   </trkpt>
   <trkpt lat="49.427730000000004" lon="-117.53068">
    <ele>481.51000000000005</ele>
   </trkpt>
   <trkpt lat="49.428405001147645" lon="-117.53096998805543">
    <ele>482.38</ele>
   </trkpt>
   <trkpt lat="49.429080001570185" lon="-117.53125998409081">
    <ele>483.80000000000007</ele>
   </trkpt>
   <trkpt lat="49.42975500126755" lon="-117.53154998810653">
    <ele>484.82</ele>
   </trkpt>
   <trkpt lat="49.43043" lon="-117.53184">
    <ele>488.56000000000006</ele>
   </trkpt>
   <trkpt lat="49.43113000658854" lon="-117.53245796472665">
    <ele>493.96000000000004</ele>
   </trkpt>
   <trkpt lat="49.43183000988422" lon="-117.53307594709024">
    <ele>496.04</ele>
   </trkpt>
   <trkpt lat="49.43253000988689" lon="-117.53369394709158">
    <ele>496.18000000000006</ele>
   </trkpt>
   <trkpt lat="49.43323000659638" lon="-117.53431196473156">
    <ele>500.43</ele>
   </trkpt>
   <trkpt lat="49.433930000000004" lon="-117.53493">
    <ele>506.58000000000004</ele>
   </trkpt>
   <trkpt lat="49.434670000000004" lon="-117.53535000000001">
    <ele>510.01000000000005</ele>
   </trkpt>
   <trkpt lat="49.43551" lon="-117.53565">
    <ele>509.8</ele>
   </trkpt>
   <trkpt lat="49.43615666664296" lon="-117.5356533332453">
    <ele>509.39</ele>
   </trkpt>
   <trkpt lat="49.436803333285816" lon="-117.5356566665785">
    <ele>509.36</ele>
   </trkpt>
   <trkpt lat="49.437450000000005" lon="-117.53566000000001">
    <ele>509.4700000000001</ele>
   </trkpt>
   <trkpt lat="49.43833000001918" lon="-117.53567999964153">
    <ele>509.26000000000005</ele>
   </trkpt>
   <trkpt lat="49.43921" lon="-117.5357">
    <ele>508.65000000000003</ele>
   </trkpt>
   <trkpt lat="49.43982500005085" lon="-117.53567500031156">
    <ele>507.9100000000001</ele>
   </trkpt>
   <trkpt lat="49.44044" lon="-117.53565">
    <ele>507.48</ele>
   </trkpt>
   <trkpt lat="49.441267999983786" lon="-117.5356420005405">
    <ele>507.01000000000005</ele>
   </trkpt>
   <trkpt lat="49.442095999967" lon="-117.53563400081084">
    <ele>506.48</ele>
   </trkpt>
   <trkpt lat="49.44292399994968" lon="-117.53562600081105">
    <ele>505.55000000000007</ele>
   </trkpt>
   <trkpt lat="49.443751999931784" lon="-117.53561800054105">
    <ele>504.9800000000001</ele>
   </trkpt>
   <trkpt lat="49.44458" lon="-117.53561">
    <ele>501.78</ele>
   </trkpt>
   <trkpt lat="49.44502000000001" lon="-117.53556">
    <ele>500.5900000000001</ele>
   </trkpt>
   <trkpt lat="49.44536" lon="-117.53547">
    <ele>500.21000000000004</ele>
   </trkpt>
   <trkpt lat="49.445910000000005" lon="-117.5352">
    <ele>498.76000000000005</ele>
   </trkpt>
   <trkpt lat="49.446526667668714" lon="-117.53485334207322">
    <ele>497.09000000000003</ele>
   </trkpt>
   <trkpt lat="49.44714333430127" lon="-117.53450667542587">
    <ele>496.94000000000005</ele>
   </trkpt>
   <trkpt lat="49.44776" lon="-117.53416000000001">
    <ele>496.47</ele>
   </trkpt>
   <trkpt lat="49.44782000000001" lon="-117.53448000000002">
    <ele>495.61</ele>
   </trkpt>
   <trkpt lat="49.448260000353045" lon="-117.53426000190233">
    <ele>495.55</ele>
   </trkpt>
   <trkpt lat="49.4487" lon="-117.53404">
    <ele>495.43</ele>
   </trkpt>
   <trkpt lat="49.44924" lon="-117.53373">
    <ele>495.33000000000004</ele>
   </trkpt>
   <trkpt lat="49.44950000000001" lon="-117.53354000000002">
    <ele>495.39000000000004</ele>
   </trkpt>
   <trkpt lat="49.45006000210842" lon="-117.53305001116152">
    <ele>494.86</ele>
   </trkpt>
   <trkpt lat="49.45062000214684" lon="-117.53256001112806">
    <ele>494.28000000000003</ele>
   </trkpt>
   <trkpt lat="49.45118" lon="-117.53207">
    <ele>493.64</ele>
   </trkpt>
   <trkpt lat="49.45178000294897" lon="-117.53124001018804">
    <ele>492.72</ele>
   </trkpt>
   <trkpt lat="49.452380000000005" lon="-117.53041">
    <ele>492.66</ele>
   </trkpt>
   <trkpt lat="49.45274500232101" lon="-117.52967000559053">
    <ele>493.19</ele>
   </trkpt>
   <trkpt lat="49.45311" lon="-117.52893">
    <ele>493.37</ele>
   </trkpt>
   <trkpt lat="49.453500000000005" lon="-117.5284">
    <ele>493.93</ele>
   </trkpt>
   <trkpt lat="49.454060000000005" lon="-117.52808">
    <ele>494.90000000000003</ele>
   </trkpt>
   <trkpt lat="49.454640000163224" lon="-117.5279650013398">
    <ele>495.16</ele>
   </trkpt>
   <trkpt lat="49.455220000000004" lon="-117.52785000000002">
    <ele>495.7900000000001</ele>
   </trkpt>
   <trkpt lat="49.455560000000006" lon="-117.52773">
    <ele>495.88000000000005</ele>
   </trkpt>
   <trkpt lat="49.45581000000001" lon="-117.52751">
    <ele>496.06000000000006</ele>
   </trkpt>
   <trkpt lat="49.456010000000006" lon="-117.52727000000002">
    <ele>496.33000000000004</ele>
   </trkpt>
   <trkpt lat="49.4562" lon="-117.52692">
    <ele>496.69</ele>
   </trkpt>
   <trkpt lat="49.45635000000001" lon="-117.52653000000001">
    <ele>496.74</ele>
   </trkpt>
   <trkpt lat="49.456450000000004" lon="-117.5262">
    <ele>496.6700000000001</ele>
   </trkpt>
   <trkpt lat="49.456590000000006" lon="-117.52559000000001">
    <ele>497.25</ele>
   </trkpt>
   <trkpt lat="49.45665" lon="-117.52549">
    <ele>497.25</ele>
   </trkpt>
   <trkpt lat="49.456770000000006" lon="-117.5254">
    <ele>497.81</ele>
   </trkpt>
   <trkpt lat="49.456810000000004" lon="-117.52531">
    <ele>498.1700000000001</ele>
   </trkpt>
   <trkpt lat="49.45684000000001" lon="-117.52510000000001">
    <ele>498.1700000000001</ele>
   </trkpt>
   <trkpt lat="49.456900000000005" lon="-117.52424">
    <ele>498.03000000000003</ele>
   </trkpt>
   <trkpt lat="49.4568" lon="-117.52422000000001">
    <ele>497.93</ele>
   </trkpt>
   <trkpt lat="49.45675000000001" lon="-117.52434000000001">
    <ele>497.59000000000003</ele>
   </trkpt>
   <trkpt lat="49.456256669351305" lon="-117.52490001129523">
    <ele>496.66</ele>
   </trkpt>
   <trkpt lat="49.455763335998924" lon="-117.5254600113167">
    <ele>497.26000000000005</ele>
   </trkpt>
   <trkpt lat="49.455270000000006" lon="-117.52602">
    <ele>498.69</ele>
   </trkpt>
   <trkpt lat="49.454840000000004" lon="-117.52625">
    <ele>499.76000000000005</ele>
   </trkpt>
   <trkpt lat="49.45469000000001" lon="-117.52640000000001">
    <ele>500.04</ele>
   </trkpt>
   <trkpt lat="49.454840000000004" lon="-117.52625">
    <ele>499.50000000000006</ele>
   </trkpt>
   <trkpt lat="49.455270000000006" lon="-117.52602">
    <ele>498.69</ele>
   </trkpt>
   <trkpt lat="49.45576333605599" lon="-117.52546001125194">
    <ele>497.26000000000005</ele>
   </trkpt>
   <trkpt lat="49.45625666940837" lon="-117.52490001123047">
    <ele>496.6700000000001</ele>
   </trkpt>
   <trkpt lat="49.45675000000001" lon="-117.52434000000001">
    <ele>497.93</ele>
   </trkpt>
   <trkpt lat="49.456256669351305" lon="-117.52490001129523">
    <ele>496.6700000000001</ele>
   </trkpt>
   <trkpt lat="49.455763335998924" lon="-117.5254600113167">
    <ele>497.26000000000005</ele>
   </trkpt>
   <trkpt lat="49.455270000000006" lon="-117.52602">
    <ele>498.69</ele>
   </trkpt>
   <trkpt lat="49.454840000000004" lon="-117.52625">
    <ele>499.50000000000006</ele>
   </trkpt>
   <trkpt lat="49.45469000000001" lon="-117.52640000000001">
    <ele>500.04</ele>
   </trkpt>
   <trkpt lat="49.45483" lon="-117.52676000000001">
    <ele>500.26000000000005</ele>
   </trkpt>
   <trkpt lat="49.455585002134185" lon="-117.52605501086784">
    <ele>503.13000000000005</ele>
   </trkpt>
   <trkpt lat="49.456340000000004" lon="-117.52535">
    <ele>505.53999999999996</ele>
   </trkpt>
   <trkpt lat="49.45669" lon="-117.52504">
    <ele>507.0800000000001</ele>
   </trkpt>
   <trkpt lat="49.456970000000005" lon="-117.52473">
    <ele>507.95</ele>
   </trkpt>
   <trkpt lat="49.457150000000006" lon="-117.52447000000001">
    <ele>509.0</ele>
   </trkpt>
   <trkpt lat="49.4577" lon="-117.52356">
    <ele>510.48</ele>
   </trkpt>
   <trkpt lat="49.457910000000005" lon="-117.52302000000002">
    <ele>511.94000000000005</ele>
   </trkpt>
   <trkpt lat="49.45810500326115" lon="-117.52215000346858">
    <ele>512.73</ele>
   </trkpt>
   <trkpt lat="49.4583" lon="-117.52128">
    <ele>512.5300000000001</ele>
   </trkpt>
   <trkpt lat="49.458580000000005" lon="-117.52040000000001">
    <ele>511.6400000000001</ele>
   </trkpt>
   <trkpt lat="49.459005004673635" lon="-117.51935500914531">
    <ele>509.50000000000006</ele>
   </trkpt>
   <trkpt lat="49.459430000000005" lon="-117.51831000000001">
    <ele>509.31</ele>
   </trkpt>
   <trkpt lat="49.459590000000006" lon="-117.51765">
    <ele>510.01000000000005</ele>
   </trkpt>
   <trkpt lat="49.45990500313684" lon="-117.51680000540314">
    <ele>511.55000000000007</ele>
   </trkpt>
   <trkpt lat="49.46022000000001" lon="-117.51595">
    <ele>511.51</ele>
   </trkpt>
   <trkpt lat="49.460605002852596" lon="-117.51515000609027">
    <ele>510.29</ele>
   </trkpt>
   <trkpt lat="49.46099" lon="-117.51435000000001">
    <ele>505.4700000000001</ele>
   </trkpt>
   <trkpt lat="49.46107000000001" lon="-117.51399">
    <ele>504.2000000000001</ele>
   </trkpt>
   <trkpt lat="49.46107000000001" lon="-117.51375000000002">
    <ele>503.83</ele>
   </trkpt>
   <trkpt lat="49.46103" lon="-117.51353">
    <ele>503.6</ele>
   </trkpt>
   <trkpt lat="49.46096000000001" lon="-117.51330000000002">
    <ele>503.39</ele>
   </trkpt>
   <trkpt lat="49.460730000000005" lon="-117.51268">
    <ele>498.40000000000003</ele>
   </trkpt>
   <trkpt lat="49.46052" lon="-117.51162000000001">
    <ele>492.43</ele>
   </trkpt>
   <trkpt lat="49.46038" lon="-117.51098">
    <ele>487.90000000000003</ele>
   </trkpt>
   <trkpt lat="49.460300000000004" lon="-117.51071">
    <ele>486.33000000000004</ele>
   </trkpt>
   <trkpt lat="49.46018" lon="-117.51050000000001">
    <ele>485.15000000000003</ele>
   </trkpt>
   <trkpt lat="49.459592505463114" lon="-117.50984997662187">
    <ele>484.56000000000006</ele>
   </trkpt>
   <trkpt lat="49.45900500728362" lon="-117.50919996882907">
    <ele>485.32</ele>
   </trkpt>
   <trkpt lat="49.45841750546171" lon="-117.50854997662107">
    <ele>485.95000000000005</ele>
   </trkpt>
   <trkpt lat="49.45783" lon="-117.5079">
    <ele>487.02000000000004</ele>
   </trkpt>
   <trkpt lat="49.45774" lon="-117.50749">
    <ele>489.00000000000006</ele>
   </trkpt>
   <trkpt lat="49.457710000000006" lon="-117.50718">
    <ele>492.67</ele>
   </trkpt>
   <trkpt lat="49.45780000804392" lon="-117.50581500232036">
    <ele>499.54</ele>
   </trkpt>
   <trkpt lat="49.457890000000006" lon="-117.50445">
    <ele>504.04</ele>
   </trkpt>
   <trkpt lat="49.457950000000004" lon="-117.50397000000001">
    <ele>504.70000000000005</ele>
   </trkpt>
   <trkpt lat="49.458160003892225" lon="-117.50302000406215">
    <ele>505.29</ele>
   </trkpt>
   <trkpt lat="49.45837" lon="-117.50207">
    <ele>506.13000000000005</ele>
   </trkpt>
   <trkpt lat="49.458450000000006" lon="-117.50122">
    <ele>508.50000000000006</ele>
   </trkpt>
   <trkpt lat="49.458540000000006" lon="-117.49997">
    <ele>512.75</ele>
   </trkpt>
   <trkpt lat="49.45865500209527" lon="-117.49927500155141">
    <ele>516.72</ele>
   </trkpt>
   <trkpt lat="49.45877" lon="-117.49858">
    <ele>520.95</ele>
   </trkpt>
   <trkpt lat="49.45882" lon="-117.49747">
    <ele>526.7400000000001</ele>
   </trkpt>
   <trkpt lat="49.458800000000004" lon="-117.49693">
    <ele>529.0</ele>
   </trkpt>
   <trkpt lat="49.45873" lon="-117.49617">
    <ele>530.11</ele>
   </trkpt>
   <trkpt lat="49.458560000000006" lon="-117.49531">
    <ele>532.34</ele>
   </trkpt>
   <trkpt lat="49.45835" lon="-117.4946">
    <ele>533.9</ele>
   </trkpt>
   <trkpt lat="49.458180000000006" lon="-117.49415">
    <ele>534.13</ele>
   </trkpt>
   <trkpt lat="49.45794" lon="-117.4937">
    <ele>532.5500000000001</ele>
   </trkpt>
   <trkpt lat="49.457820000000005" lon="-117.49339">
    <ele>530.51</ele>
   </trkpt>
   <trkpt lat="49.45778000000001" lon="-117.49312">
    <ele>528.15</ele>
   </trkpt>
   <trkpt lat="49.45772500814196" lon="-117.49174499826222">
    <ele>524.88</ele>
   </trkpt>
   <trkpt lat="49.45767000000001" lon="-117.49037000000001">
    <ele>526.45</ele>
   </trkpt>
   <trkpt lat="49.457615002276874" lon="-117.48963999891201">
    <ele>527.75</ele>
   </trkpt>
   <trkpt lat="49.45756" lon="-117.48891">
    <ele>531.12</ele>
   </trkpt>
   <trkpt lat="49.457350000000005" lon="-117.48765000000002">
    <ele>538.4300000000001</ele>
   </trkpt>
   <trkpt lat="49.457260000000005" lon="-117.48734">
    <ele>539.7700000000001</ele>
   </trkpt>
   <trkpt lat="49.457150000000006" lon="-117.48707">
    <ele>540.4100000000001</ele>
   </trkpt>
   <trkpt lat="49.456610000000005" lon="-117.48609">
    <ele>540.6500000000001</ele>
   </trkpt>
   <trkpt lat="49.45653" lon="-117.48587">
    <ele>540.6500000000001</ele>
   </trkpt>
   <trkpt lat="49.456500000000005" lon="-117.4856">
    <ele>540.6899999999999</ele>
   </trkpt>
   <trkpt lat="49.45651" lon="-117.48533">
    <ele>540.79</ele>
   </trkpt>
   <trkpt lat="49.45667" lon="-117.48443">
    <ele>540.64</ele>
   </trkpt>
   <trkpt lat="49.456680000000006" lon="-117.48408">
    <ele>539.9900000000001</ele>
   </trkpt>
   <trkpt lat="49.456630000000004" lon="-117.48380000000002">
    <ele>539.12</ele>
   </trkpt>
   <trkpt lat="49.45653" lon="-117.48349">
    <ele>538.45</ele>
   </trkpt>
   <trkpt lat="49.45599000000001" lon="-117.48246">
    <ele>531.49</ele>
   </trkpt>
   <trkpt lat="49.455850000000005" lon="-117.48202">
    <ele>527.05</ele>
   </trkpt>
   <trkpt lat="49.45582" lon="-117.48147000000002">
    <ele>524.0</ele>
   </trkpt>
   <trkpt lat="49.455856679217945" lon="-117.48026333519493">
    <ele>521.48</ele>
   </trkpt>
   <trkpt lat="49.455893345882934" lon="-117.47905666858408">
    <ele>522.3100000000001</ele>
   </trkpt>
   <trkpt lat="49.45593" lon="-117.47785">
    <ele>525.9</ele>
   </trkpt>
   <trkpt lat="49.45591" lon="-117.47731">
    <ele>527.27</ele>
   </trkpt>
   <trkpt lat="49.45579000383373" lon="-117.47636999789303">
    <ele>533.39</ele>
   </trkpt>
   <trkpt lat="49.455670000000005" lon="-117.47543">
    <ele>538.5300000000001</ele>
   </trkpt>
   <trkpt lat="49.455580000000005" lon="-117.47511000000002">
    <ele>538.87</ele>
   </trkpt>
   <trkpt lat="49.455090000000006" lon="-117.47451000000001">
    <ele>538.6500000000001</ele>
   </trkpt>
   <trkpt lat="49.455000000000005" lon="-117.47436">
    <ele>539.4</ele>
   </trkpt>
   <trkpt lat="49.45499" lon="-117.47415000000001">
    <ele>540.37</ele>
   </trkpt>
   <trkpt lat="49.455175005967845" lon="-117.47297500433078">
    <ele>547.42</ele>
   </trkpt>
   <trkpt lat="49.455360000000006" lon="-117.47180000000002">
    <ele>551.2</ele>
   </trkpt>
   <trkpt lat="49.455490000000005" lon="-117.47137000000001">
    <ele>552.12</ele>
   </trkpt>
   <trkpt lat="49.455895012552894" lon="-117.47038502440357">
    <ele>553.18</ele>
   </trkpt>
   <trkpt lat="49.45630001674146" lon="-117.46940003252823">
    <ele>554.7700000000001</ele>
   </trkpt>
   <trkpt lat="49.45670501256545" lon="-117.46841502437384">
    <ele>557.0</ele>
   </trkpt>
   <trkpt lat="49.45711000000001" lon="-117.46743000000001">
    <ele>557.73</ele>
   </trkpt>
   <trkpt lat="49.45741" lon="-117.46694000000001">
    <ele>555.62</ele>
   </trkpt>
   <trkpt lat="49.457730000000005" lon="-117.46653">
    <ele>551.5600000000001</ele>
   </trkpt>
   <trkpt lat="49.45831333578153" lon="-117.46600334581983">
    <ele>544.85</ele>
   </trkpt>
   <trkpt lat="49.4588966691718" lon="-117.46547667910194">
    <ele>543.42</ele>
   </trkpt>
   <trkpt lat="49.459480000000006" lon="-117.46495000000002">
    <ele>543.9000000000001</ele>
   </trkpt>
   <trkpt lat="49.460205001912044" lon="-117.46430500943693">
    <ele>546.6800000000001</ele>
   </trkpt>
   <trkpt lat="49.460930000000005" lon="-117.46366">
    <ele>549.58</ele>
   </trkpt>
   <trkpt lat="49.461330000000004" lon="-117.46347000000002">
    <ele>551.06</ele>
   </trkpt>
   <trkpt lat="49.462160000000004" lon="-117.46326">
    <ele>553.0500000000001</ele>
   </trkpt>
   <trkpt lat="49.46256" lon="-117.46299">
    <ele>555.1700000000001</ele>
   </trkpt>
   <trkpt lat="49.46298" lon="-117.46254">
    <ele>559.11</ele>
   </trkpt>
   <trkpt lat="49.46360000405666" lon="-117.46157501214431">
    <ele>565.11</ele>
   </trkpt>
   <trkpt lat="49.464220000000005" lon="-117.46061">
    <ele>576.25</ele>
   </trkpt>
   <trkpt lat="49.464670000000005" lon="-117.46017">
    <ele>582.44</ele>
   </trkpt>
   <trkpt lat="49.4652" lon="-117.45981">
    <ele>586.3900000000001</ele>
   </trkpt>
   <trkpt lat="49.465805003011305" lon="-117.45896001064077">
    <ele>590.19</ele>
   </trkpt>
   <trkpt lat="49.46641" lon="-117.45811">
    <ele>592.8500000000001</ele>
   </trkpt>
   <trkpt lat="49.46692500200349" lon="-117.45743000713435">
    <ele>596.72</ele>
   </trkpt>
   <trkpt lat="49.46744" lon="-117.45675000000001">
    <ele>600.31</ele>
   </trkpt>
   <trkpt lat="49.467650000000006" lon="-117.45632">
    <ele>600.82</ele>
   </trkpt>
   <trkpt lat="49.46784" lon="-117.45542">
    <ele>599.89</ele>
   </trkpt>
   <trkpt lat="49.46788" lon="-117.45472000000001">
    <ele>596.22</ele>
   </trkpt>
   <trkpt lat="49.467850000000006" lon="-117.45409000000001">
    <ele>595.04</ele>
   </trkpt>
   <trkpt lat="49.46797" lon="-117.45363">
    <ele>595.77</ele>
   </trkpt>
   <trkpt lat="49.468180000000004" lon="-117.45328">
    <ele>598.89</ele>
   </trkpt>
   <trkpt lat="49.46842" lon="-117.45301">
    <ele>604.0500000000001</ele>
   </trkpt>
   <trkpt lat="49.46855000000001" lon="-117.45297000000001">
    <ele>606.08</ele>
   </trkpt>
   <trkpt lat="49.46869" lon="-117.45302000000001">
    <ele>607.3100000000001</ele>
   </trkpt>
   <trkpt lat="49.46882" lon="-117.45315000000001">
    <ele>608.9100000000001</ele>
   </trkpt>
   <trkpt lat="49.469100000000005" lon="-117.45354">
    <ele>612.9</ele>
   </trkpt>
   <trkpt lat="49.469190000000005" lon="-117.45354">
    <ele>615.09</ele>
   </trkpt>
   <trkpt lat="49.469240000000006" lon="-117.45349000000002">
    <ele>615.59</ele>
   </trkpt>
   <trkpt lat="49.46923" lon="-117.45336">
    <ele>616.0300000000001</ele>
   </trkpt>
   <trkpt lat="49.46918" lon="-117.45323">
    <ele>616.8</ele>
   </trkpt>
   <trkpt lat="49.468680000000006" lon="-117.45233">
    <ele>622.53</ele>
   </trkpt>
   <trkpt lat="49.46810500320375" lon="-117.45145998969991">
    <ele>631.6700000000001</ele>
   </trkpt>
   <trkpt lat="49.467530000000004" lon="-117.45059">
    <ele>639.5300000000001</ele>
   </trkpt>
   <trkpt lat="49.46743000000001" lon="-117.45041">
    <ele>640.9100000000001</ele>
   </trkpt>
   <trkpt lat="49.46739" lon="-117.45019">
    <ele>643.11</ele>
   </trkpt>
   <trkpt lat="49.467360000000006" lon="-117.44938">
    <ele>648.93</ele>
   </trkpt>
   <trkpt lat="49.467226676108176" lon="-117.44833332761539">
    <ele>656.97</ele>
   </trkpt>
   <trkpt lat="49.467093342772145" lon="-117.44728666092769">
    <ele>664.54</ele>
   </trkpt>
   <trkpt lat="49.46696000000001" lon="-117.44624">
    <ele>671.2300000000001</ele>
   </trkpt>
   <trkpt lat="49.46699" lon="-117.44549">
    <ele>676.5600000000001</ele>
   </trkpt>
   <trkpt lat="49.467090000000006" lon="-117.44498000000002">
    <ele>679.1</ele>
   </trkpt>
   <trkpt lat="49.46733667444888" lon="-117.44403000955859">
    <ele>680.9200000000001</ele>
   </trkpt>
   <trkpt lat="49.46758334111759" lon="-117.44308000955084">
    <ele>680.1400000000001</ele>
   </trkpt>
   <trkpt lat="49.467830000000006" lon="-117.44213">
    <ele>680.2800000000001</ele>
   </trkpt>
   <trkpt lat="49.467870000000005" lon="-117.44173">
    <ele>681.45</ele>
   </trkpt>
   <trkpt lat="49.467940000000006" lon="-117.44047">
    <ele>685.25</ele>
   </trkpt>
   <trkpt lat="49.46792000000001" lon="-117.44011">
    <ele>685.6800000000001</ele>
   </trkpt>
   <trkpt lat="49.46770000258745" lon="-117.43932499622967">
    <ele>687.91</ele>
   </trkpt>
   <trkpt lat="49.46748" lon="-117.43854">
    <ele>690.25</ele>
   </trkpt>
   <trkpt lat="49.46746" lon="-117.43820000000001">
    <ele>690.25</ele>
   </trkpt>
   <trkpt lat="49.467510000000004" lon="-117.43783">
    <ele>691.28</ele>
   </trkpt>
   <trkpt lat="49.46763000000001" lon="-117.43742">
    <ele>692.5</ele>
   </trkpt>
   <trkpt lat="49.46798000200881" lon="-117.4367500046452">
    <ele>694.3600000000001</ele>
   </trkpt>
   <trkpt lat="49.46833" lon="-117.43608">
    <ele>695.95</ele>
   </trkpt>
   <trkpt lat="49.46847" lon="-117.43563">
    <ele>697.06</ele>
   </trkpt>
   <trkpt lat="49.468540000000004" lon="-117.43523">
    <ele>697.57</ele>
   </trkpt>
   <trkpt lat="49.46857000000001" lon="-117.43443">
    <ele>699.07</ele>
   </trkpt>
   <trkpt lat="49.46862" lon="-117.4342">
    <ele>699.07</ele>
   </trkpt>
   <trkpt lat="49.46871" lon="-117.43402">
    <ele>699.07</ele>
   </trkpt>
   <trkpt lat="49.46945" lon="-117.43326">
    <ele>702.23</ele>
   </trkpt>
   <trkpt lat="49.4697" lon="-117.43291">
    <ele>703.71</ele>
   </trkpt>
   <trkpt lat="49.469950000000004" lon="-117.4325">
    <ele>704.9200000000001</ele>
   </trkpt>
   <trkpt lat="49.47027000178431" lon="-117.43187000397063">
    <ele>707.72</ele>
   </trkpt>
   <trkpt lat="49.47059" lon="-117.43124">
    <ele>710.57</ele>
   </trkpt>
   <trkpt lat="49.470740000000006" lon="-117.43107">
    <ele>711.4200000000001</ele>
   </trkpt>
   <trkpt lat="49.47108" lon="-117.43089">
    <ele>711.79</ele>
   </trkpt>
   <trkpt lat="49.471590000000006" lon="-117.43028000000001">
    <ele>715.1500000000001</ele>
   </trkpt>
   <trkpt lat="49.47209" lon="-117.43">
    <ele>717.21</ele>
   </trkpt>
   <trkpt lat="49.47240000000001" lon="-117.42977">
    <ele>718.69</ele>
   </trkpt>
   <trkpt lat="49.47287000000001" lon="-117.42919">
    <ele>721.1800000000001</ele>
   </trkpt>
   <trkpt lat="49.473200000000006" lon="-117.42848000000001">
    <ele>724.5800000000002</ele>
   </trkpt>
   <trkpt lat="49.47334000000001" lon="-117.42808000000001">
    <ele>724.5800000000002</ele>
   </trkpt>
   <trkpt lat="49.47346" lon="-117.42762">
    <ele>726.33</ele>
   </trkpt>
   <trkpt lat="49.47354500294526" lon="-117.42679000167526">
    <ele>728.23</ele>
   </trkpt>
   <trkpt lat="49.47363000000001" lon="-117.42596">
    <ele>730.6600000000001</ele>
   </trkpt>
   <trkpt lat="49.47368" lon="-117.42502">
    <ele>733.36</ele>
   </trkpt>
   <trkpt lat="49.47364" lon="-117.42418">
    <ele>734.28</ele>
   </trkpt>
   <trkpt lat="49.473510000000005" lon="-117.42328">
    <ele>736.9300000000001</ele>
   </trkpt>
   <trkpt lat="49.473510000000005" lon="-117.42296">
    <ele>736.9300000000001</ele>
   </trkpt>
   <trkpt lat="49.473670000000006" lon="-117.42198">
    <ele>740.62</ele>
   </trkpt>
   <trkpt lat="49.473650000000006" lon="-117.42166">
    <ele>740.62</ele>
   </trkpt>
   <trkpt lat="49.473510000000005" lon="-117.42108">
    <ele>742.57</ele>
   </trkpt>
   <trkpt lat="49.47341" lon="-117.4205">
    <ele>744.4900000000001</ele>
   </trkpt>
   <trkpt lat="49.473380000000006" lon="-117.42005">
    <ele>745.72</ele>
   </trkpt>
   <trkpt lat="49.47341" lon="-117.4196">
    <ele>746.86</ele>
   </trkpt>
   <trkpt lat="49.47348" lon="-117.41929">
    <ele>748.09</ele>
   </trkpt>
   <trkpt lat="49.47359" lon="-117.41890000000001">
    <ele>749.1600000000001</ele>
   </trkpt>
   <trkpt lat="49.473870000000005" lon="-117.41821000000002">
    <ele>748.41</ele>
   </trkpt>
   <trkpt lat="49.47407500309801" lon="-117.41736500345257">
    <ele>746.7800000000001</ele>
   </trkpt>
   <trkpt lat="49.47428000000001" lon="-117.41652">
    <ele>745.36</ele>
   </trkpt>
   <trkpt lat="49.47439000404686" lon="-117.41555500187698">
    <ele>743.1200000000001</ele>
   </trkpt>
   <trkpt lat="49.474500000000006" lon="-117.41459">
    <ele>741.4900000000001</ele>
   </trkpt>
   <trkpt lat="49.47473334409926" lon="-117.41347334389253">
    <ele>739.3700000000001</ele>
   </trkpt>
   <trkpt lat="49.47496667744947" lon="-117.41235667714533">
    <ele>737.6700000000001</ele>
   </trkpt>
   <trkpt lat="49.4752" lon="-117.41124">
    <ele>735.4000000000001</ele>
   </trkpt>
   <trkpt lat="49.47540500202098" lon="-117.41056500263707">
    <ele>733.8</ele>
   </trkpt>
   <trkpt lat="49.47561" lon="-117.40989">
    <ele>732.82</ele>
   </trkpt>
   <trkpt lat="49.47587000000001" lon="-117.40869">
    <ele>729.7300000000001</ele>
   </trkpt>
   <trkpt lat="49.47602500312886" lon="-117.40783500282723">
    <ele>727.1700000000001</ele>
   </trkpt>
   <trkpt lat="49.47618000000001" lon="-117.40698">
    <ele>723.7300000000001</ele>
   </trkpt>
   <trkpt lat="49.476300002564095" lon="-117.40621000183143">
    <ele>721.5</ele>
   </trkpt>
   <trkpt lat="49.476420000000005" lon="-117.40544000000001">
    <ele>717.4100000000001</ele>
   </trkpt>
   <trkpt lat="49.476536676539254" lon="-117.40437000506854">
    <ele>713.11</ele>
   </trkpt>
   <trkpt lat="49.47665334320914" lon="-117.40330000503909">
    <ele>709.4200000000001</ele>
   </trkpt>
   <trkpt lat="49.47677" lon="-117.40223">
    <ele>706.83</ele>
   </trkpt>
   <trkpt lat="49.47693" lon="-117.40143">
    <ele>706.52</ele>
   </trkpt>
   <trkpt lat="49.47716000242768" lon="-117.4006700037736">
    <ele>708.6800000000001</ele>
   </trkpt>
   <trkpt lat="49.47739000000001" lon="-117.39991">
    <ele>710.5300000000001</ele>
   </trkpt>
   <trkpt lat="49.47757000000001" lon="-117.39919">
    <ele>711.83</ele>
   </trkpt>
   <trkpt lat="49.477630000000005" lon="-117.39865">
    <ele>712.19</ele>
   </trkpt>
   <trkpt lat="49.47767" lon="-117.39758">
    <ele>713.16</ele>
   </trkpt>
   <trkpt lat="49.47777000329317" lon="-117.39670500184607">
    <ele>715.55</ele>
   </trkpt>
   <trkpt lat="49.47787" lon="-117.39583">
    <ele>718.35</ele>
   </trkpt>
   <trkpt lat="49.47787" lon="-117.39529">
    <ele>722.37</ele>
   </trkpt>
   <trkpt lat="49.47778" lon="-117.39472">
    <ele>724.9300000000001</ele>
   </trkpt>
   <trkpt lat="49.47755000166755" lon="-117.3941099973043">
    <ele>727.7800000000001</ele>
   </trkpt>
   <trkpt lat="49.477320000000006" lon="-117.3935">
    <ele>730.01</ele>
   </trkpt>
   <trkpt lat="49.47726" lon="-117.39320000000001">
    <ele>731.2900000000001</ele>
   </trkpt>
   <trkpt lat="49.47729" lon="-117.39292">
    <ele>731.2900000000001</ele>
   </trkpt>
   <trkpt lat="49.477380000000004" lon="-117.39261">
    <ele>732.4600000000002</ele>
   </trkpt>
   <trkpt lat="49.47764" lon="-117.39213000000001">
    <ele>734.57</ele>
   </trkpt>
   <trkpt lat="49.47776" lon="-117.39172">
    <ele>734.94</ele>
   </trkpt>
   <trkpt lat="49.477830000000004" lon="-117.39052000000001">
    <ele>736.6700000000001</ele>
   </trkpt>
   <trkpt lat="49.47805000187944" lon="-117.38986000295904">
    <ele>735.16</ele>
   </trkpt>
   <trkpt lat="49.47827" lon="-117.38920000000002">
    <ele>733.8500000000001</ele>
   </trkpt>
   <trkpt lat="49.47856" lon="-117.38872">
    <ele>732.6100000000001</ele>
   </trkpt>
   <trkpt lat="49.47901" lon="-117.38827">
    <ele>730.5200000000001</ele>
   </trkpt>
   <trkpt lat="49.47925000000001" lon="-117.38786">
    <ele>728.53</ele>
   </trkpt>
   <trkpt lat="49.47948" lon="-117.38731000000001">
    <ele>726.98</ele>
   </trkpt>
   <trkpt lat="49.479600000000005" lon="-117.38689000000001">
    <ele>725.45</ele>
   </trkpt>
   <trkpt lat="49.47963000000001" lon="-117.38656">
    <ele>723.8500000000001</ele>
   </trkpt>
   <trkpt lat="49.47961" lon="-117.38567">
    <ele>720.87</ele>
   </trkpt>
   <trkpt lat="49.47968" lon="-117.38518">
    <ele>719.69</ele>
   </trkpt>
   <trkpt lat="49.480000000000004" lon="-117.38392">
    <ele>716.19</ele>
   </trkpt>
   <trkpt lat="49.48006" lon="-117.38358000000001">
    <ele>714.8500000000001</ele>
   </trkpt>
   <trkpt lat="49.48010000389147" lon="-117.38263000073742">
    <ele>713.0600000000001</ele>
   </trkpt>
   <trkpt lat="49.480140000000006" lon="-117.38168">
    <ele>713.1500000000001</ele>
   </trkpt>
   <trkpt lat="49.480250000000005" lon="-117.38097">
    <ele>713.71</ele>
   </trkpt>
   <trkpt lat="49.48048500368612" lon="-117.38005000426601">
    <ele>714.35</ele>
   </trkpt>
   <trkpt lat="49.480720000000005" lon="-117.37913">
    <ele>714.83</ele>
   </trkpt>
   <trkpt lat="49.48106000000001" lon="-117.37801">
    <ele>715.13</ele>
   </trkpt>
   <trkpt lat="49.48152" lon="-117.37711000000002">
    <ele>715.0200000000001</ele>
   </trkpt>
   <trkpt lat="49.481960004380525" lon="-117.37610500896838">
    <ele>714.48</ele>
   </trkpt>
   <trkpt lat="49.482400000000005" lon="-117.3751">
    <ele>712.4</ele>
   </trkpt>
   <trkpt lat="49.482910000000004" lon="-117.37416">
    <ele>708.4100000000001</ele>
   </trkpt>
   <trkpt lat="49.48344" lon="-117.37336">
    <ele>705.6500000000001</ele>
   </trkpt>
   <trkpt lat="49.48395000000001" lon="-117.37286">
    <ele>702.71</ele>
   </trkpt>
   <trkpt lat="49.484230000000004" lon="-117.37224">
    <ele>699.2600000000001</ele>
   </trkpt>
   <trkpt lat="49.48434" lon="-117.3721">
    <ele>698.49</ele>
   </trkpt>
   <trkpt lat="49.484480000000005" lon="-117.37202">
    <ele>697.3100000000001</ele>
   </trkpt>
   <trkpt lat="49.484910000000006" lon="-117.37201">
    <ele>694.5100000000001</ele>
   </trkpt>
   <trkpt lat="49.485530000498606" lon="-117.371655004521">
    <ele>690.89</ele>
   </trkpt>
   <trkpt lat="49.48615" lon="-117.3713">
    <ele>688.7700000000001</ele>
   </trkpt>
   <trkpt lat="49.48631" lon="-117.37107">
    <ele>688.4100000000001</ele>
   </trkpt>
   <trkpt lat="49.48642" lon="-117.3708">
    <ele>688.2600000000001</ele>
   </trkpt>
   <trkpt lat="49.48650000000001" lon="-117.37049">
    <ele>688.3</ele>
   </trkpt>
   <trkpt lat="49.48662" lon="-117.37023">
    <ele>688.64</ele>
   </trkpt>
   <trkpt lat="49.486790000000006" lon="-117.37010000000001">
    <ele>689.4300000000001</ele>
   </trkpt>
   <trkpt lat="49.487280000000005" lon="-117.37005">
    <ele>690.0400000000001</ele>
   </trkpt>
   <trkpt lat="49.487700000000004" lon="-117.36988000000001">
    <ele>689.89</ele>
   </trkpt>
   <trkpt lat="49.48789000000001" lon="-117.36986">
    <ele>690.08</ele>
   </trkpt>
   <trkpt lat="49.48807000000001" lon="-117.36991">
    <ele>690.0500000000001</ele>
   </trkpt>
   <trkpt lat="49.488620000000004" lon="-117.3704">
    <ele>689.01</ele>
   </trkpt>
   <trkpt lat="49.48881" lon="-117.37044000000002">
    <ele>688.03</ele>
   </trkpt>
   <trkpt lat="49.489000000000004" lon="-117.3704">
    <ele>687.18</ele>
   </trkpt>
   <trkpt lat="49.489360000000005" lon="-117.37019000000001">
    <ele>685.8000000000001</ele>
   </trkpt>
   <trkpt lat="49.48992000075883" lon="-117.36976000494828">
    <ele>680.83</ele>
   </trkpt>
   <trkpt lat="49.490480000000005" lon="-117.36933">
    <ele>677.18</ele>
   </trkpt>
   <trkpt lat="49.490660000000005" lon="-117.36924">
    <ele>676.63</ele>
   </trkpt>
   <trkpt lat="49.490880000000004" lon="-117.36924">
    <ele>675.9300000000001</ele>
   </trkpt>
   <trkpt lat="49.49159" lon="-117.36951">
    <ele>672.2300000000001</ele>
   </trkpt>
   <trkpt lat="49.492470000000004" lon="-117.36951">
    <ele>666.81</ele>
   </trkpt>
   <trkpt lat="49.492610000000006" lon="-117.36948000000001">
    <ele>665.8900000000001</ele>
   </trkpt>
   <trkpt lat="49.492700000000006" lon="-117.3692">
    <ele>664.81</ele>
   </trkpt>
   <trkpt lat="49.492760000000004" lon="-117.36879">
    <ele>663.5500000000001</ele>
   </trkpt>
   <trkpt lat="49.4928" lon="-117.36826">
    <ele>662.6800000000001</ele>
   </trkpt>
   <trkpt lat="49.49279000000001" lon="-117.3678">
    <ele>662.7</ele>
   </trkpt>
   <trkpt lat="49.49268000000001" lon="-117.36647">
    <ele>665.0400000000001</ele>
   </trkpt>
   <trkpt lat="49.49253334724185" lon="-117.36519999244123">
    <ele>668.1700000000001</ele>
   </trkpt>
   <trkpt lat="49.49238668058112" lon="-117.36392999249288">
    <ele>668.72</ele>
   </trkpt>
   <trkpt lat="49.49224" lon="-117.36266">
    <ele>672.4300000000001</ele>
   </trkpt>
   <trkpt lat="49.49207500391807" lon="-117.36170499670806">
    <ele>676.51</ele>
   </trkpt>
   <trkpt lat="49.491910000000004" lon="-117.36075000000001">
    <ele>678.03</ele>
   </trkpt>
   <trkpt lat="49.4918250023884" lon="-117.35999999838114">
    <ele>677.62</ele>
   </trkpt>
   <trkpt lat="49.49174000000001" lon="-117.35925">
    <ele>676.35</ele>
   </trkpt>
   <trkpt lat="49.49168" lon="-117.35863">
    <ele>674.8100000000001</ele>
   </trkpt>
   <trkpt lat="49.49163" lon="-117.35773">
    <ele>672.9000000000001</ele>
   </trkpt>
   <trkpt lat="49.491600002800645" lon="-117.35692499971525">
    <ele>670.49</ele>
   </trkpt>
   <trkpt lat="49.49157" lon="-117.35612">
    <ele>670.0400000000001</ele>
   </trkpt>
   <trkpt lat="49.49154" lon="-117.35591000000001">
    <ele>670.61</ele>
   </trkpt>
   <trkpt lat="49.49148" lon="-117.35572">
    <ele>671.2900000000001</ele>
   </trkpt>
   <trkpt lat="49.49137" lon="-117.35544000000002">
    <ele>672.96</ele>
   </trkpt>
   <trkpt lat="49.49125" lon="-117.35518">
    <ele>674.0400000000001</ele>
   </trkpt>
   <trkpt lat="49.490770000000005" lon="-117.35429">
    <ele>679.21</ele>
   </trkpt>
   <trkpt lat="49.49045" lon="-117.35365000000002">
    <ele>682.47</ele>
   </trkpt>
   <trkpt lat="49.49034" lon="-117.35334">
    <ele>683.15</ele>
   </trkpt>
   <trkpt lat="49.490190000000005" lon="-117.35271000000002">
    <ele>683.8700000000001</ele>
   </trkpt>
   <trkpt lat="49.490120000000005" lon="-117.35231">
    <ele>684.1100000000001</ele>
   </trkpt>
   <trkpt lat="49.490010000000005" lon="-117.35102">
    <ele>684.4300000000001</ele>
   </trkpt>
   <trkpt lat="49.490010000000005" lon="-117.35046000000001">
    <ele>683.88</ele>
   </trkpt>
   <trkpt lat="49.49006000000001" lon="-117.34951000000001">
    <ele>683.18</ele>
   </trkpt>
   <trkpt lat="49.490120000000005" lon="-117.34876000000001">
    <ele>682.8000000000001</ele>
   </trkpt>
   <trkpt lat="49.490120000000005" lon="-117.34842">
    <ele>682.58</ele>
   </trkpt>
   <trkpt lat="49.49002" lon="-117.34793">
    <ele>682.47</ele>
   </trkpt>
   <trkpt lat="49.489830000000005" lon="-117.34752">
    <ele>682.44</ele>
   </trkpt>
   <trkpt lat="49.48937" lon="-117.34694">
    <ele>682.86</ele>
   </trkpt>
   <trkpt lat="49.489070000000005" lon="-117.34649">
    <ele>682.36</ele>
   </trkpt>
   <trkpt lat="49.488890000000005" lon="-117.34615000000001">
    <ele>681.7200000000001</ele>
   </trkpt>
   <trkpt lat="49.48877" lon="-117.34588000000001">
    <ele>681.47</ele>
   </trkpt>
   <trkpt lat="49.488565001965895" lon="-117.34520499718073">
    <ele>680.46</ele>
   </trkpt>
   <trkpt lat="49.48836000000001" lon="-117.34453">
    <ele>679.7200000000001</ele>
   </trkpt>
   <trkpt lat="49.48819" lon="-117.34412">
    <ele>679.48</ele>
   </trkpt>
   <trkpt lat="49.48771000000001" lon="-117.34306000000001">
    <ele>678.1400000000001</ele>
   </trkpt>
   <trkpt lat="49.487550000000006" lon="-117.34264">
    <ele>677.5500000000001</ele>
   </trkpt>
   <trkpt lat="49.48728667602453" lon="-117.34159665534298">
    <ele>673.63</ele>
   </trkpt>
   <trkpt lat="49.48702334266593" lon="-117.34055332190971">
    <ele>667.2800000000001</ele>
   </trkpt>
   <trkpt lat="49.486760000000004" lon="-117.33951">
    <ele>660.34</ele>
   </trkpt>
   <trkpt lat="49.48662" lon="-117.33884">
    <ele>657.4100000000001</ele>
   </trkpt>
   <trkpt lat="49.48646000331853" lon="-117.3379699974631">
    <ele>652.23</ele>
   </trkpt>
   <trkpt lat="49.48630000000001" lon="-117.3371">
    <ele>649.73</ele>
   </trkpt>
   <trkpt lat="49.48624" lon="-117.33688000000001">
    <ele>648.6700000000001</ele>
   </trkpt>
   <trkpt lat="49.48593" lon="-117.33606">
    <ele>647.61</ele>
   </trkpt>
   <trkpt lat="49.48583000000001" lon="-117.33566">
    <ele>647.63</ele>
   </trkpt>
   <trkpt lat="49.485760000000006" lon="-117.3353">
    <ele>647.58</ele>
   </trkpt>
   <trkpt lat="49.48572" lon="-117.33494">
    <ele>647.4300000000001</ele>
   </trkpt>
   <trkpt lat="49.4857" lon="-117.33458">
    <ele>646.71</ele>
   </trkpt>
   <trkpt lat="49.485710000000005" lon="-117.33387">
    <ele>644.94</ele>
   </trkpt>
   <trkpt lat="49.485760000000006" lon="-117.33348000000001">
    <ele>642.69</ele>
   </trkpt>
   <trkpt lat="49.48577" lon="-117.33329">
    <ele>640.7</ele>
   </trkpt>
   <trkpt lat="49.485710000000005" lon="-117.3327">
    <ele>638.87</ele>
   </trkpt>
   <trkpt lat="49.48556500263218" lon="-117.33191999774375">
    <ele>636.96</ele>
   </trkpt>
   <trkpt lat="49.485420000000005" lon="-117.33114">
    <ele>635.24</ele>
   </trkpt>
   <trkpt lat="49.48518000000001" lon="-117.33011">
    <ele>631.72</ele>
   </trkpt>
   <trkpt lat="49.484970001630344" lon="-117.32947999705704">
    <ele>630.05</ele>
   </trkpt>
   <trkpt lat="49.48476" lon="-117.32885">
    <ele>630.9</ele>
   </trkpt>
   <trkpt lat="49.48431" lon="-117.32855">
    <ele>637.3000000000001</ele>
   </trkpt>
   <trkpt lat="49.48397000000001" lon="-117.32802000000001">
    <ele>641.2500000000001</ele>
   </trkpt>
   <trkpt lat="49.48357000000001" lon="-117.32719000000002">
    <ele>643.5600000000001</ele>
   </trkpt>
   <trkpt lat="49.48321000000001" lon="-117.32621">
    <ele>646.99</ele>
   </trkpt>
   <trkpt lat="49.48306" lon="-117.32594">
    <ele>648.72</ele>
   </trkpt>
   <trkpt lat="49.48255" lon="-117.32545">
    <ele>653.39</ele>
   </trkpt>
   <trkpt lat="49.482470000000006" lon="-117.32533000000001">
    <ele>653.8600000000001</ele>
   </trkpt>
   <trkpt lat="49.48241" lon="-117.32522000000002">
    <ele>654.07</ele>
   </trkpt>
   <trkpt lat="49.482310000000005" lon="-117.32478">
    <ele>654.57</ele>
   </trkpt>
   <trkpt lat="49.482220002944345" lon="-117.32394999824548">
    <ele>653.07</ele>
   </trkpt>
   <trkpt lat="49.482130000000005" lon="-117.32312">
    <ele>646.5600000000001</ele>
   </trkpt>
   <trkpt lat="49.482123367546315" lon="-117.32185999913638">
    <ele>638.85</ele>
   </trkpt>
   <trkpt lat="49.48211672140741" lon="-117.32059999861444">
    <ele>634.1600000000001</ele>
   </trkpt>
   <trkpt lat="49.48211006158329" lon="-117.3193399984349">
    <ele>634.8100000000001</ele>
   </trkpt>
   <trkpt lat="49.48210338807399" lon="-117.31807999859844">
    <ele>635.1300000000001</ele>
   </trkpt>
   <trkpt lat="49.482096700879474" lon="-117.3168199991058">
    <ele>628.11</ele>
   </trkpt>
   <trkpt lat="49.48209000000001" lon="-117.31556">
    <ele>626.74</ele>
   </trkpt>
   <trkpt lat="49.48282333754573" lon="-117.31485668778357">
    <ele>617.9499999999999</ele>
   </trkpt>
   <trkpt lat="49.483556670827475" lon="-117.31415335450016">
    <ele>608.4900000000001</ele>
   </trkpt>
   <trkpt lat="49.48429" lon="-117.31345">
    <ele>598.21</ele>
   </trkpt>
   <trkpt lat="49.48454500382576" lon="-117.31251000483122">
    <ele>592.0600000000001</ele>
   </trkpt>
   <trkpt lat="49.48480000000001" lon="-117.31157">
    <ele>587.1700000000001</ele>
   </trkpt>
   <trkpt lat="49.48527000000001" lon="-117.31045">
    <ele>577.73</ele>
   </trkpt>
   <trkpt lat="49.48532" lon="-117.31014">
    <ele>577.1</ele>
   </trkpt>
   <trkpt lat="49.485380000000006" lon="-117.31003000000001">
    <ele>576.74</ele>
   </trkpt>
   <trkpt lat="49.485400000000006" lon="-117.30925">
    <ele>574.16</ele>
   </trkpt>
   <trkpt lat="49.48556000000001" lon="-117.30799">
    <ele>568.6600000000001</ele>
   </trkpt>
   <trkpt lat="49.48565000000001" lon="-117.30781">
    <ele>568.72</ele>
   </trkpt>
   <trkpt lat="49.48601000000001" lon="-117.30747000000001">
    <ele>565.9000000000001</ele>
   </trkpt>
   <trkpt lat="49.486380000000004" lon="-117.30674">
    <ele>560.89</ele>
   </trkpt>
   <trkpt lat="49.486580000000004" lon="-117.30616">
    <ele>555.11</ele>
   </trkpt>
   <trkpt lat="49.48668000000001" lon="-117.30553">
    <ele>552.5600000000001</ele>
   </trkpt>
   <trkpt lat="49.486740000000005" lon="-117.30468">
    <ele>547.8000000000001</ele>
   </trkpt>
   <trkpt lat="49.486830000000005" lon="-117.30392">
    <ele>543.82</ele>
   </trkpt>
   <trkpt lat="49.48698" lon="-117.3032">
    <ele>541.0</ele>
   </trkpt>
   <trkpt lat="49.487235002070555" lon="-117.30250500365068">
    <ele>540.3800000000001</ele>
   </trkpt>
   <trkpt lat="49.48749" lon="-117.30181">
    <ele>541.1100000000001</ele>
   </trkpt>
   <trkpt lat="49.48762500313649" lon="-117.30096000220166">
    <ele>542.66</ele>
   </trkpt>
   <trkpt lat="49.48776" lon="-117.30011">
    <ele>545.24</ele>
   </trkpt>
   <trkpt lat="49.488040000000005" lon="-117.29912000000002">
    <ele>545.71</ele>
   </trkpt>
   <trkpt lat="49.48836000000001" lon="-117.29830000000001">
    <ele>545.82</ele>
   </trkpt>
   <trkpt lat="49.488890000000005" lon="-117.29875000000001">
    <ele>544.52</ele>
   </trkpt>
   <trkpt lat="49.48913" lon="-117.29905000000001">
    <ele>543.85</ele>
   </trkpt>
   <trkpt lat="49.48939000000001" lon="-117.30007">
    <ele>543.01</ele>
   </trkpt>
   <trkpt lat="49.489560000000004" lon="-117.30044000000001">
    <ele>544.3800000000001</ele>
   </trkpt>
   <trkpt lat="49.49000226941784" lon="-117.29927008455952">
    <ele>552.6000000000001</ele>
   </trkpt>
   <trkpt lat="49.490444527037695" lon="-117.29810014797955">
    <ele>558.58</ele>
   </trkpt>
   <trkpt lat="49.490886772859135" lon="-117.29693019025993">
    <ele>561.58</ele>
   </trkpt>
   <trkpt lat="49.491329006881806" lon="-117.29576021140052">
    <ele>562.07</ele>
   </trkpt>
   <trkpt lat="49.491771229105304" lon="-117.29459021140117">
    <ele>562.03</ele>
   </trkpt>
   <trkpt lat="49.49221343952921" lon="-117.29342019026174">
    <ele>562.9000000000001</ele>
   </trkpt>
   <trkpt lat="49.49265563815313" lon="-117.29225014798209">
    <ele>562.5400000000001</ele>
   </trkpt>
   <trkpt lat="49.49309782497667" lon="-117.29108008456205">
    <ele>561.73</ele>
   </trkpt>
   <trkpt lat="49.49354" lon="-117.28991">
    <ele>562.37</ele>
   </trkpt>
   <trkpt lat="49.49432" lon="-117.29059000000001">
    <ele>559.6600000000001</ele>
   </trkpt>
   <trkpt lat="49.49475500588886" lon="-117.28942001042745">
    <ele>563.9399999999999</ele>
   </trkpt>
   <trkpt lat="49.49519" lon="-117.28825">
    <ele>574.25</ele>
   </trkpt>
   <trkpt lat="49.49526" lon="-117.28816">
    <ele>574.25</ele>
   </trkpt>
   <trkpt lat="49.495380000000004" lon="-117.28808000000001">
    <ele>574.35</ele>
   </trkpt>
   <trkpt lat="49.49546" lon="-117.28805000000001">
    <ele>574.35</ele>
   </trkpt>
   <trkpt lat="49.49559000000001" lon="-117.28808000000001">
    <ele>574.44</ele>
   </trkpt>
   <trkpt lat="49.49575" lon="-117.28817000000001">
    <ele>574.71</ele>
   </trkpt>
   <trkpt lat="49.496080000000006" lon="-117.28825">
    <ele>575.91</ele>
   </trkpt>
   <trkpt lat="49.49631" lon="-117.28826000000001">
    <ele>577.87</ele>
   </trkpt>
   <trkpt lat="49.49645" lon="-117.28825">
    <ele>578.6300000000001</ele>
   </trkpt>
   <trkpt lat="49.49654" lon="-117.2882">
    <ele>579.4100000000001</ele>
   </trkpt>
   <trkpt lat="49.496640000000006" lon="-117.28811">
    <ele>580.65</ele>
   </trkpt>
   <trkpt lat="49.49671000000001" lon="-117.28802">
    <ele>582.47</ele>
   </trkpt>
   <trkpt lat="49.49683" lon="-117.2878">
    <ele>582.47</ele>
   </trkpt>
   <trkpt lat="49.496880000000004" lon="-117.28749">
    <ele>585.8500000000001</ele>
   </trkpt>
   <trkpt lat="49.49673000000001" lon="-117.28659">
    <ele>590.28</ele>
   </trkpt>
   <trkpt lat="49.49671000000001" lon="-117.28582000000002">
    <ele>600.75</ele>
   </trkpt>
   <trkpt lat="49.49671000646723" lon="-117.28459500013379">
    <ele>605.6400000000001</ele>
   </trkpt>
   <trkpt lat="49.49671000000001" lon="-117.28337">
    <ele>605.09</ele>
   </trkpt>
   <trkpt lat="49.49665" lon="-117.28287">
    <ele>603.5400000000001</ele>
   </trkpt>
   <trkpt lat="49.496700000000004" lon="-117.28262000000001">
    <ele>602.4900000000001</ele>
   </trkpt>
   <trkpt lat="49.49724667404311" lon="-117.28169335407786">
    <ele>599.32</ele>
   </trkpt>
   <trkpt lat="49.497793340684865" lon="-117.28076668745379">
    <ele>598.45</ele>
   </trkpt>
   <trkpt lat="49.498340000000006" lon="-117.27984000000001">
    <ele>596.69</ele>
   </trkpt>
   <trkpt lat="49.49878500994462" lon="-117.27896252395911">
    <ele>593.87</ele>
   </trkpt>
   <trkpt lat="49.49923001325259" lon="-117.2780850319596">
    <ele>591.59</ele>
   </trkpt>
   <trkpt lat="49.499675009923685" lon="-117.27720752400116">
    <ele>590.2400000000001</ele>
   </trkpt>
   <trkpt lat="49.50012" lon="-117.27633000000002">
    <ele>587.1200000000001</ele>
   </trkpt>
   <trkpt lat="49.5003" lon="-117.27604000000001">
    <ele>586.0200000000001</ele>
   </trkpt>
   <trkpt lat="49.50086" lon="-117.2754">
    <ele>580.7800000000001</ele>
   </trkpt>
   <trkpt lat="49.5011" lon="-117.27533000000001">
    <ele>580.22</ele>
   </trkpt>
   <trkpt lat="49.50187333333077" lon="-117.2753266669301">
    <ele>580.9100000000001</ele>
   </trkpt>
   <trkpt lat="49.50264666666145" lon="-117.27532333375483">
    <ele>581.37</ele>
   </trkpt>
   <trkpt lat="49.503419999992026" lon="-117.27532000047421">
    <ele>581.1400000000001</ele>
   </trkpt>
   <trkpt lat="49.50419333332252" lon="-117.27531666708819">
    <ele>579.35</ele>
   </trkpt>
   <trkpt lat="49.50496666665289" lon="-117.27531333359683">
    <ele>575.2400000000001</ele>
   </trkpt>
   <trkpt lat="49.50574" lon="-117.27531">
    <ele>567.91</ele>
   </trkpt>
   <trkpt lat="49.50574668260834" lon="-117.27666999964794">
    <ele>559.32</ele>
   </trkpt>
   <trkpt lat="49.50575334927509" lon="-117.27802999966698">
    <ele>553.61</ele>
   </trkpt>
   <trkpt lat="49.50576" lon="-117.27939">
    <ele>549.49</ele>
   </trkpt>
   <trkpt lat="49.506420000000006" lon="-117.27916">
    <ele>548.96</ele>
   </trkpt>
   <trkpt lat="49.50677" lon="-117.27907">
    <ele>549.1</ele>
   </trkpt>
   <trkpt lat="49.50699" lon="-117.27902">
    <ele>549.3800000000001</ele>
   </trkpt>
   <trkpt lat="49.50715" lon="-117.27904000000001">
    <ele>549.47</ele>
   </trkpt>
   <trkpt lat="49.507400000000004" lon="-117.27913000000001">
    <ele>549.7500000000001</ele>
   </trkpt>
   <trkpt lat="49.507540000000006" lon="-117.27923000000001">
    <ele>549.7500000000001</ele>
   </trkpt>
   <trkpt lat="49.507740000000005" lon="-117.27939">
    <ele>550.01</ele>
   </trkpt>
   <trkpt lat="49.50817000091754" lon="-117.27985999583125">
    <ele>550.5600000000001</ele>
   </trkpt>
   <trkpt lat="49.5086" lon="-117.28033">
    <ele>551.2600000000001</ele>
   </trkpt>
   <trkpt lat="49.509306011357225" lon="-117.28114195311521">
    <ele>553.35</ele>
   </trkpt>
   <trkpt lat="49.51001201703222" lon="-117.28195392966721">
    <ele>554.6500000000001</ele>
   </trkpt>
   <trkpt lat="49.51071801702465" lon="-117.2827659296571">
    <ele>554.58</ele>
   </trkpt>
   <trkpt lat="49.51142401133424" lon="-117.28357795308594">
    <ele>553.33</ele>
   </trkpt>
   <trkpt lat="49.512130000000006" lon="-117.28439000000002">
    <ele>551.8700000000001</ele>
   </trkpt>
   <trkpt lat="49.51240000000001" lon="-117.28454">
    <ele>551.9300000000001</ele>
   </trkpt>
   <trkpt lat="49.51258000000001" lon="-117.28460000000001">
    <ele>552.0500000000001</ele>
   </trkpt>
   <trkpt lat="49.513115000020825" lon="-117.28461999978194">
    <ele>553.9900000000001</ele>
   </trkpt>
   <trkpt lat="49.513650000000005" lon="-117.28464000000001">
    <ele>556.21</ele>
   </trkpt>
   <trkpt lat="49.51417000000001" lon="-117.28462">
    <ele>558.08</ele>
   </trkpt>
   <trkpt lat="49.51487" lon="-117.28456000000001">
    <ele>560.9300000000001</ele>
   </trkpt>
   <trkpt lat="49.515130000000006" lon="-117.28449">
    <ele>561.5300000000001</ele>
   </trkpt>
   <trkpt lat="49.51543" lon="-117.28432000000001">
    <ele>562.07</ele>
   </trkpt>
   <trkpt lat="49.51558000000001" lon="-117.28421000000002">
    <ele>562.25</ele>
   </trkpt>
   <trkpt lat="49.516070000000006" lon="-117.28359">
    <ele>562.85</ele>
   </trkpt>
   <trkpt lat="49.51662" lon="-117.28279">
    <ele>563.69</ele>
   </trkpt>
   <trkpt lat="49.517230000000005" lon="-117.28198">
    <ele>564.13</ele>
   </trkpt>
   <trkpt lat="49.51758" lon="-117.28154">
    <ele>564.33</ele>
   </trkpt>
   <trkpt lat="49.518240000000006" lon="-117.28077">
    <ele>558.98</ele>
   </trkpt>
   <trkpt lat="49.518840000000004" lon="-117.28041">
    <ele>557.67</ele>
   </trkpt>
   <trkpt lat="49.51926" lon="-117.28032">
    <ele>558.07</ele>
   </trkpt>
   <trkpt lat="49.519800000040135" lon="-117.28025500071514">
    <ele>562.2600000000001</ele>
   </trkpt>
   <trkpt lat="49.520340000000004" lon="-117.28019">
    <ele>564.06</ele>
   </trkpt>
   <trkpt lat="49.520860000000006" lon="-117.28015">
    <ele>563.59</ele>
   </trkpt>
   <trkpt lat="49.52109" lon="-117.28005">
    <ele>563.11</ele>
   </trkpt>
   <trkpt lat="49.52138" lon="-117.27979">
    <ele>562.97</ele>
   </trkpt>
   <trkpt lat="49.52175500261177" lon="-117.27900500611149">
    <ele>562.95</ele>
   </trkpt>
   <trkpt lat="49.522130000000004" lon="-117.27822">
    <ele>563.89</ele>
   </trkpt>
   <trkpt lat="49.52261000000001" lon="-117.27737">
    <ele>564.28</ele>
   </trkpt>
   <trkpt lat="49.523050000884666" lon="-117.27690500423417">
    <ele>564.6600000000001</ele>
   </trkpt>
   <trkpt lat="49.52349" lon="-117.27644000000001">
    <ele>563.88</ele>
   </trkpt>
   <trkpt lat="49.52387" lon="-117.27602">
    <ele>562.88</ele>
   </trkpt>
   <trkpt lat="49.52404000000001" lon="-117.27571">
    <ele>562.0</ele>
   </trkpt>
   <trkpt lat="49.52425" lon="-117.27528000000001">
    <ele>560.08</ele>
   </trkpt>
   <trkpt lat="49.52441" lon="-117.27473">
    <ele>559.1700000000001</ele>
   </trkpt>
   <trkpt lat="49.524620000000006" lon="-117.27374">
    <ele>555.15</ele>
   </trkpt>
   <trkpt lat="49.52476" lon="-117.2733">
    <ele>552.6800000000001</ele>
   </trkpt>
   <trkpt lat="49.52505000000001" lon="-117.27274000000001">
    <ele>550.86</ele>
   </trkpt>
   <trkpt lat="49.52554500234785" lon="-117.27201000731486">
    <ele>546.94</ele>
   </trkpt>
   <trkpt lat="49.52604" lon="-117.27128">
    <ele>543.9000000000001</ele>
   </trkpt>
   <trkpt lat="49.526500000000006" lon="-117.27047">
    <ele>542.94</ele>
   </trkpt>
   <trkpt lat="49.52698" lon="-117.2698">
    <ele>542.9000000000001</ele>
   </trkpt>
   <trkpt lat="49.527510001903835" lon="-117.26913000730212">
    <ele>542.25</ele>
   </trkpt>
   <trkpt lat="49.528040000000004" lon="-117.26846">
    <ele>541.15</ele>
   </trkpt>
   <trkpt lat="49.52858500178903" lon="-117.26781000728403">
    <ele>540.1700000000001</ele>
   </trkpt>
   <trkpt lat="49.52913" lon="-117.26716">
    <ele>540.62</ele>
   </trkpt>
   <trkpt lat="49.52972000192392" lon="-117.2665100077312">
    <ele>541.21</ele>
   </trkpt>
   <trkpt lat="49.53031000000001" lon="-117.26586">
    <ele>541.73</ele>
   </trkpt>
   <trkpt lat="49.530800000000006" lon="-117.26555">
    <ele>542.19</ele>
   </trkpt>
   <trkpt lat="49.53133000040457" lon="-117.26532500236046">
    <ele>542.23</ele>
   </trkpt>
   <trkpt lat="49.53186" lon="-117.2651">
    <ele>542.46</ele>
   </trkpt>
   <trkpt lat="49.53258" lon="-117.26492">
    <ele>541.8900000000001</ele>
   </trkpt>
   <trkpt lat="49.533064999897654" lon="-117.2649699994922">
    <ele>541.01</ele>
   </trkpt>
   <trkpt lat="49.533550000000005" lon="-117.26502">
    <ele>540.6700000000001</ele>
   </trkpt>
   <trkpt lat="49.53419" lon="-117.26497">
    <ele>541.0200000000001</ele>
   </trkpt>
   <trkpt lat="49.53481000009471" lon="-117.26483333681529">
    <ele>541.8700000000001</ele>
   </trkpt>
   <trkpt lat="49.53543000002848" lon="-117.26469667016329">
    <ele>543.3</ele>
   </trkpt>
   <trkpt lat="49.53605" lon="-117.26456">
    <ele>543.9900000000001</ele>
   </trkpt>
   <trkpt lat="49.536390000000004" lon="-117.26444000000001">
    <ele>544.4100000000001</ele>
   </trkpt>
   <trkpt lat="49.537150000000004" lon="-117.26403">
    <ele>544.5600000000001</ele>
   </trkpt>
   <trkpt lat="49.53774000000001" lon="-117.2638">
    <ele>544.0</ele>
   </trkpt>
   <trkpt lat="49.538160000000005" lon="-117.26371">
    <ele>542.8700000000001</ele>
   </trkpt>
   <trkpt lat="49.5388" lon="-117.26345">
    <ele>541.2600000000001</ele>
   </trkpt>
   <trkpt lat="49.53951000000001" lon="-117.26304">
    <ele>539.84</ele>
   </trkpt>
   <trkpt lat="49.53983" lon="-117.26263000000002">
    <ele>539.52</ele>
   </trkpt>
   <trkpt lat="49.53996" lon="-117.26232">
    <ele>539.2900000000001</ele>
   </trkpt>
   <trkpt lat="49.540175004945795" lon="-117.26125000464391">
    <ele>539.36</ele>
   </trkpt>
   <trkpt lat="49.54039" lon="-117.26018">
    <ele>540.01</ele>
   </trkpt>
   <trkpt lat="49.540620000000004" lon="-117.2595">
    <ele>540.79</ele>
   </trkpt>
   <trkpt lat="49.540870000000005" lon="-117.2591">
    <ele>541.6</ele>
   </trkpt>
   <trkpt lat="49.541410000000006" lon="-117.25861">
    <ele>544.3800000000001</ele>
   </trkpt>
   <trkpt lat="49.54195000000001" lon="-117.25852">
    <ele>544.19</ele>
   </trkpt>
   <trkpt lat="49.542590000000004" lon="-117.25861">
    <ele>542.74</ele>
   </trkpt>
   <trkpt lat="49.54303" lon="-117.25884">
    <ele>542.27</ele>
   </trkpt>
   <trkpt lat="49.54348" lon="-117.25898000000001">
    <ele>542.1700000000001</ele>
   </trkpt>
   <trkpt lat="49.54416500002406" lon="-117.25899499979019">
    <ele>542.1700000000001</ele>
   </trkpt>
   <trkpt lat="49.544850000000004" lon="-117.25901">
    <ele>542.2800000000001</ele>
   </trkpt>
   <trkpt lat="49.545" lon="-117.25898000000001">
    <ele>542.4100000000001</ele>
   </trkpt>
   <trkpt lat="49.54529" lon="-117.25902">
    <ele>542.91</ele>
   </trkpt>
   <trkpt lat="49.545750000000005" lon="-117.25919">
    <ele>543.51</ele>
   </trkpt>
   <trkpt lat="49.54616000000001" lon="-117.25919">
    <ele>544.25</ele>
   </trkpt>
   <trkpt lat="49.54645000000001" lon="-117.25906">
    <ele>544.6</ele>
   </trkpt>
   <trkpt lat="49.547050000000006" lon="-117.25856">
    <ele>545.6800000000001</ele>
   </trkpt>
   <trkpt lat="49.54733" lon="-117.25838">
    <ele>545.86</ele>
   </trkpt>
   <trkpt lat="49.547850000000004" lon="-117.25838">
    <ele>545.6500000000001</ele>
   </trkpt>
   <trkpt lat="49.54863" lon="-117.25844000000001">
    <ele>544.66</ele>
   </trkpt>
   <trkpt lat="49.54889000000001" lon="-117.25839">
    <ele>544.61</ele>
   </trkpt>
   <trkpt lat="49.549260000000004" lon="-117.25825">
    <ele>544.7</ele>
   </trkpt>
   <trkpt lat="49.549620000000004" lon="-117.25794">
    <ele>544.96</ele>
   </trkpt>
   <trkpt lat="49.55007500095726" lon="-117.25749000410767">
    <ele>545.5300000000001</ele>
   </trkpt>
   <trkpt lat="49.55053" lon="-117.25704">
    <ele>544.73</ele>
   </trkpt>
   <trkpt lat="49.550920000000005" lon="-117.25674000000001">
    <ele>544.58</ele>
   </trkpt>
   <trkpt lat="49.551500000000004" lon="-117.25622000000001">
    <ele>545.5600000000001</ele>
   </trkpt>
   <trkpt lat="49.55193500080402" lon="-117.25578500388521">
    <ele>547.25</ele>
   </trkpt>
   <trkpt lat="49.55237" lon="-117.25535">
    <ele>548.0</ele>
   </trkpt>
   <trkpt lat="49.552730000000004" lon="-117.25477000000001">
    <ele>546.6500000000001</ele>
   </trkpt>
   <trkpt lat="49.55317" lon="-117.25373">
    <ele>542.47</ele>
   </trkpt>
   <trkpt lat="49.55357" lon="-117.25306">
    <ele>539.5600000000001</ele>
   </trkpt>
   <trkpt lat="49.55393500101749" lon="-117.25259000342767">
    <ele>538.1600000000001</ele>
   </trkpt>
   <trkpt lat="49.554300000000005" lon="-117.25212">
    <ele>539.08</ele>
   </trkpt>
   <trkpt lat="49.55482000000001" lon="-117.25149">
    <ele>542.27</ele>
   </trkpt>
   <trkpt lat="49.555170000000004" lon="-117.25119000000001">
    <ele>546.34</ele>
   </trkpt>
   <trkpt lat="49.555980000000005" lon="-117.25077">
    <ele>546.09</ele>
   </trkpt>
   <trkpt lat="49.556470000000004" lon="-117.25034000000001">
    <ele>545.1700000000001</ele>
   </trkpt>
   <trkpt lat="49.557230000000004" lon="-117.25006">
    <ele>546.23</ele>
   </trkpt>
   <trkpt lat="49.55735000000001" lon="-117.24997">
    <ele>547.42</ele>
   </trkpt>
   <trkpt lat="49.557430000000004" lon="-117.24987000000002">
    <ele>547.42</ele>
   </trkpt>
   <trkpt lat="49.557590000000005" lon="-117.24952">
    <ele>549.5000000000001</ele>
   </trkpt>
   <trkpt lat="49.557903340458466" lon="-117.24861001170679">
    <ele>548.19</ele>
   </trkpt>
   <trkpt lat="49.558216673781736" lon="-117.24770001173617">
    <ele>542.7700000000001</ele>
   </trkpt>
   <trkpt lat="49.558530000000005" lon="-117.24679">
    <ele>539.9200000000001</ele>
   </trkpt>
   <trkpt lat="49.558710000000005" lon="-117.24661">
    <ele>539.54</ele>
   </trkpt>
   <trkpt lat="49.55886" lon="-117.24656000000002">
    <ele>539.36</ele>
   </trkpt>
   <trkpt lat="49.559070000000006" lon="-117.24657">
    <ele>539.22</ele>
   </trkpt>
   <trkpt lat="49.559250000000006" lon="-117.24652">
    <ele>539.21</ele>
   </trkpt>
   <trkpt lat="49.55953" lon="-117.24634">
    <ele>539.3</ele>
   </trkpt>
   <trkpt lat="49.55979000000001" lon="-117.24611000000002">
    <ele>539.5500000000001</ele>
   </trkpt>
   <trkpt lat="49.56027" lon="-117.24545">
    <ele>540.6899999999999</ele>
   </trkpt>
   <trkpt lat="49.560550000000006" lon="-117.24518">
    <ele>540.7700000000001</ele>
   </trkpt>
   <trkpt lat="49.561280000000004" lon="-117.24501000000001">
    <ele>540.75</ele>
   </trkpt>
   <trkpt lat="49.56148" lon="-117.24483000000001">
    <ele>540.85</ele>
   </trkpt>
   <trkpt lat="49.561620000000005" lon="-117.24461000000001">
    <ele>541.1700000000001</ele>
   </trkpt>
   <trkpt lat="49.56174000000001" lon="-117.24433">
    <ele>541.34</ele>
   </trkpt>
   <trkpt lat="49.561890000000005" lon="-117.24376000000001">
    <ele>542.25</ele>
   </trkpt>
   <trkpt lat="49.562050000000006" lon="-117.24343">
    <ele>542.39</ele>
   </trkpt>
   <trkpt lat="49.56221000000001" lon="-117.24325">
    <ele>542.3800000000001</ele>
   </trkpt>
   <trkpt lat="49.56264" lon="-117.24298">
    <ele>542.25</ele>
   </trkpt>
   <trkpt lat="49.56315000000001" lon="-117.24246000000001">
    <ele>541.78</ele>
   </trkpt>
   <trkpt lat="49.563460000000006" lon="-117.24220000000001">
    <ele>541.4300000000001</ele>
   </trkpt>
   <trkpt lat="49.56382000000001" lon="-117.24197000000001">
    <ele>541.35</ele>
   </trkpt>
   <trkpt lat="49.56443" lon="-117.24152000000001">
    <ele>541.1100000000001</ele>
   </trkpt>
   <trkpt lat="49.564890000000005" lon="-117.24115">
    <ele>540.58</ele>
   </trkpt>
   <trkpt lat="49.565220000000004" lon="-117.24093">
    <ele>540.49</ele>
   </trkpt>
   <trkpt lat="49.565560000000005" lon="-117.24079">
    <ele>540.9000000000001</ele>
   </trkpt>
   <trkpt lat="49.56593" lon="-117.2407">
    <ele>541.4300000000001</ele>
   </trkpt>
   <trkpt lat="49.56636" lon="-117.24057">
    <ele>542.2900000000001</ele>
   </trkpt>
   <trkpt lat="49.566660000000006" lon="-117.24035">
    <ele>542.6500000000001</ele>
   </trkpt>
   <trkpt lat="49.56711000000001" lon="-117.23985">
    <ele>542.1</ele>
   </trkpt>
   <trkpt lat="49.567460000000004" lon="-117.23931">
    <ele>540.8700000000001</ele>
   </trkpt>
   <trkpt lat="49.567730000000005" lon="-117.23878">
    <ele>539.83</ele>
   </trkpt>
   <trkpt lat="49.568000000000005" lon="-117.23790000000001">
    <ele>539.1600000000001</ele>
   </trkpt>
   <trkpt lat="49.568160000000006" lon="-117.23744">
    <ele>538.8900000000001</ele>
   </trkpt>
   <trkpt lat="49.568380000000005" lon="-117.23703">
    <ele>538.87</ele>
   </trkpt>
   <trkpt lat="49.56862" lon="-117.23676">
    <ele>538.9900000000001</ele>
   </trkpt>
   <trkpt lat="49.56924" lon="-117.23632">
    <ele>539.7</ele>
   </trkpt>
   <trkpt lat="49.569630000000004" lon="-117.23615000000001">
    <ele>539.86</ele>
   </trkpt>
   <trkpt lat="49.57008499992162" lon="-117.23614000009495">
    <ele>540.19</ele>
   </trkpt>
   <trkpt lat="49.57054" lon="-117.23613">
    <ele>540.22</ele>
   </trkpt>
   <trkpt lat="49.570800000000006" lon="-117.23604">
    <ele>540.15</ele>
   </trkpt>
   <trkpt lat="49.57104" lon="-117.23578">
    <ele>540.2300000000001</ele>
   </trkpt>
   <trkpt lat="49.57115" lon="-117.2356">
    <ele>540.36</ele>
   </trkpt>
   <trkpt lat="49.571250000000006" lon="-117.23525000000001">
    <ele>540.83</ele>
   </trkpt>
   <trkpt lat="49.5713" lon="-117.23488">
    <ele>541.01</ele>
   </trkpt>
   <trkpt lat="49.57126000216399" lon="-117.23416999928294">
    <ele>541.03</ele>
   </trkpt>
   <trkpt lat="49.571220000000004" lon="-117.23346000000001">
    <ele>540.71</ele>
   </trkpt>
   <trkpt lat="49.57128500539808" lon="-117.23234000159027">
    <ele>540.47</ele>
   </trkpt>
   <trkpt lat="49.57135" lon="-117.23122000000001">
    <ele>540.0500000000001</ele>
   </trkpt>
   <trkpt lat="49.57139" lon="-117.2309">
    <ele>539.94</ele>
   </trkpt>
   <trkpt lat="49.571470000000005" lon="-117.23053000000002">
    <ele>540.01</ele>
   </trkpt>
   <trkpt lat="49.57161000000001" lon="-117.23018">
    <ele>540.08</ele>
   </trkpt>
   <trkpt lat="49.57177" lon="-117.22991">
    <ele>540.3</ele>
   </trkpt>
   <trkpt lat="49.57199000000001" lon="-117.2296">
    <ele>540.21</ele>
   </trkpt>
   <trkpt lat="49.57213" lon="-117.22950000000002">
    <ele>539.95</ele>
   </trkpt>
   <trkpt lat="49.5719950025111" lon="-117.22872999762491">
    <ele>539.5600000000001</ele>
   </trkpt>
   <trkpt lat="49.57186" lon="-117.22796000000001">
    <ele>539.98</ele>
   </trkpt>
   <trkpt lat="49.571830000000006" lon="-117.22767">
    <ele>540.0400000000001</ele>
   </trkpt>
   <trkpt lat="49.57184" lon="-117.22749">
    <ele>540.12</ele>
   </trkpt>
   <trkpt lat="49.572120000000005" lon="-117.22655">
    <ele>539.47</ele>
   </trkpt>
   <trkpt lat="49.572190000000006" lon="-117.22642">
    <ele>539.58</ele>
   </trkpt>
   <trkpt lat="49.57227" lon="-117.22615">
    <ele>539.75</ele>
   </trkpt>
   <trkpt lat="49.57260500395499" lon="-117.22518500678619">
    <ele>540.36</ele>
   </trkpt>
   <trkpt lat="49.57294" lon="-117.22422">
    <ele>540.9200000000001</ele>
   </trkpt>
   <trkpt lat="49.57312" lon="-117.22388000000001">
    <ele>541.0</ele>
   </trkpt>
   <trkpt lat="49.57334" lon="-117.22358000000001">
    <ele>540.78</ele>
   </trkpt>
   <trkpt lat="49.573690000000006" lon="-117.22324">
    <ele>541.22</ele>
   </trkpt>
   <trkpt lat="49.57421000159951" lon="-117.22263500641935">
    <ele>541.9900000000001</ele>
   </trkpt>
   <trkpt lat="49.57473" lon="-117.22203">
    <ele>542.59</ele>
   </trkpt>
   <trkpt lat="49.575210000000006" lon="-117.22156000000001">
    <ele>542.94</ele>
   </trkpt>
   <trkpt lat="49.57547" lon="-117.22141">
    <ele>543.36</ele>
   </trkpt>
   <trkpt lat="49.57591000000001" lon="-117.22125000000001">
    <ele>545.44</ele>
   </trkpt>
   <trkpt lat="49.57614" lon="-117.22118">
    <ele>547.12</ele>
   </trkpt>
   <trkpt lat="49.576460000000004" lon="-117.221">
    <ele>547.98</ele>
   </trkpt>
   <trkpt lat="49.577230003052435" lon="-117.2204033521734">
    <ele>546.42</ele>
   </trkpt>
   <trkpt lat="49.578000003037744" lon="-117.21980668551852">
    <ele>543.46</ele>
   </trkpt>
   <trkpt lat="49.578770000000006" lon="-117.21921">
    <ele>544.24</ele>
   </trkpt>
   <trkpt lat="49.579330000000006" lon="-117.21881">
    <ele>545.6800000000001</ele>
   </trkpt>
   <trkpt lat="49.57941" lon="-117.21884000000001">
    <ele>545.3800000000001</ele>
   </trkpt>
   <trkpt lat="49.57958000000001" lon="-117.21849">
    <ele>544.52</ele>
   </trkpt>
   <trkpt lat="49.58005500238281" lon="-117.21775500706852">
    <ele>543.15</ele>
   </trkpt>
   <trkpt lat="49.58053" lon="-117.21702">
    <ele>542.54</ele>
   </trkpt>
   <trkpt lat="49.58072000000001" lon="-117.21657">
    <ele>542.2</ele>
   </trkpt>
   <trkpt lat="49.58096500475027" lon="-117.21552500504986">
    <ele>543.4</ele>
   </trkpt>
   <trkpt lat="49.581210000000006" lon="-117.21448000000001">
    <ele>544.07</ele>
   </trkpt>
   <trkpt lat="49.581360000000004" lon="-117.21406">
    <ele>544.2900000000001</ele>
   </trkpt>
   <trkpt lat="49.58153" lon="-117.21379">
    <ele>544.25</ele>
   </trkpt>
   <trkpt lat="49.58176" lon="-117.21357">
    <ele>544.1</ele>
   </trkpt>
   <trkpt lat="49.58227" lon="-117.21326">
    <ele>544.35</ele>
   </trkpt>
   <trkpt lat="49.58276000000001" lon="-117.21291000000001">
    <ele>544.74</ele>
   </trkpt>
   <trkpt lat="49.583000000000006" lon="-117.21264000000001">
    <ele>545.33</ele>
   </trkpt>
   <trkpt lat="49.583220000000004" lon="-117.21223">
    <ele>546.18</ele>
   </trkpt>
   <trkpt lat="49.58335" lon="-117.21171000000001">
    <ele>546.76</ele>
   </trkpt>
   <trkpt lat="49.58375" lon="-117.21058000000001">
    <ele>548.82</ele>
   </trkpt>
   <trkpt lat="49.58399000000001" lon="-117.21008">
    <ele>548.91</ele>
   </trkpt>
   <trkpt lat="49.584380001800476" lon="-117.20943000522826">
    <ele>547.5600000000001</ele>
   </trkpt>
   <trkpt lat="49.584770000000006" lon="-117.20878">
    <ele>545.9900000000001</ele>
   </trkpt>
   <trkpt lat="49.585040000000006" lon="-117.20816">
    <ele>543.7700000000001</ele>
   </trkpt>
   <trkpt lat="49.58525" lon="-117.20758000000001">
    <ele>540.82</ele>
   </trkpt>
   <trkpt lat="49.585390000000004" lon="-117.20694">
    <ele>539.21</ele>
   </trkpt>
   <trkpt lat="49.585536674325574" lon="-117.20599667238645">
    <ele>539.1400000000001</ele>
   </trkpt>
   <trkpt lat="49.58568334098483" lon="-117.20505333910097">
    <ele>540.15</ele>
   </trkpt>
   <trkpt lat="49.58583" lon="-117.20411000000001">
    <ele>541.0600000000001</ele>
   </trkpt>
   <trkpt lat="49.58598500357635" lon="-117.20320000283677">
    <ele>541.58</ele>
   </trkpt>
   <trkpt lat="49.58614000000001" lon="-117.20229">
    <ele>542.2900000000001</ele>
   </trkpt>
   <trkpt lat="49.58628" lon="-117.20172000000001">
    <ele>542.4300000000001</ele>
   </trkpt>
   <trkpt lat="49.586450000000006" lon="-117.20135">
    <ele>542.4</ele>
   </trkpt>
   <trkpt lat="49.58697" lon="-117.20064">
    <ele>542.1</ele>
   </trkpt>
   <trkpt lat="49.58729" lon="-117.20030000000001">
    <ele>541.5500000000001</ele>
   </trkpt>
   <trkpt lat="49.587680000000006" lon="-117.19992">
    <ele>540.46</ele>
   </trkpt>
   <trkpt lat="49.58835000413855" lon="-117.19935252340258">
    <ele>539.7700000000001</ele>
   </trkpt>
   <trkpt lat="49.589020005502725" lon="-117.19878503121701">
    <ele>539.6899999999999</ele>
   </trkpt>
   <trkpt lat="49.58969000409243" lon="-117.1982175234425">
    <ele>540.5300000000001</ele>
   </trkpt>
   <trkpt lat="49.590360000000004" lon="-117.19765000000001">
    <ele>542.45</ele>
   </trkpt>
   <trkpt lat="49.59096" lon="-117.19705">
    <ele>543.2600000000001</ele>
   </trkpt>
   <trkpt lat="49.59145" lon="-117.19634">
    <ele>543.9200000000001</ele>
   </trkpt>
   <trkpt lat="49.5919" lon="-117.19548">
    <ele>544.0</ele>
   </trkpt>
   <trkpt lat="49.592245002494295" lon="-117.19472000536159">
    <ele>543.8000000000001</ele>
   </trkpt>
   <trkpt lat="49.59259" lon="-117.19396">
    <ele>543.42</ele>
   </trkpt>
   <trkpt lat="49.59291000314465" lon="-117.19311000549011">
    <ele>542.76</ele>
   </trkpt>
   <trkpt lat="49.593230000000005" lon="-117.19226">
    <ele>542.59</ele>
   </trkpt>
   <trkpt lat="49.59356000909493" lon="-117.1912333471805">
    <ele>542.3100000000001</ele>
   </trkpt>
   <trkpt lat="49.593890009109685" lon="-117.19020668046812">
    <ele>542.4100000000001</ele>
   </trkpt>
   <trkpt lat="49.59422000000001" lon="-117.18918000000001">
    <ele>542.6800000000001</ele>
   </trkpt>
   <trkpt lat="49.5945840203212" lon="-117.18809403241723">
    <ele>542.83</ele>
   </trkpt>
   <trkpt lat="49.59494803048276" lon="-117.18700804862377">
    <ele>542.98</ele>
   </trkpt>
   <trkpt lat="49.59531203048439" lon="-117.1859220486197">
    <ele>542.88</ele>
   </trkpt>
   <trkpt lat="49.59567602032586" lon="-117.18483603240499">
    <ele>542.58</ele>
   </trkpt>
   <trkpt lat="49.59604" lon="-117.18375">
    <ele>542.52</ele>
   </trkpt>
   <trkpt lat="49.59626" lon="-117.18317">
    <ele>542.32</ele>
   </trkpt>
   <trkpt lat="49.59662" lon="-117.18236">
    <ele>542.97</ele>
   </trkpt>
   <trkpt lat="49.59690500204467" lon="-117.18167000404699">
    <ele>544.51</ele>
   </trkpt>
   <trkpt lat="49.597190000000005" lon="-117.18098">
    <ele>547.95</ele>
   </trkpt>
   <trkpt lat="49.59746251621442" lon="-117.17986001875276">
    <ele>554.27</ele>
   </trkpt>
   <trkpt lat="49.59773502162303" lon="-117.17874002498851">
    <ele>558.09</ele>
   </trkpt>
   <trkpt lat="49.59800751622562" lon="-117.17762001870743">
    <ele>561.3800000000001</ele>
   </trkpt>
   <trkpt lat="49.59828" lon="-117.1765">
    <ele>562.85</ele>
   </trkpt>
   <trkpt lat="49.59843000000001" lon="-117.17596">
    <ele>563.33</ele>
   </trkpt>
   <trkpt lat="49.59884" lon="-117.17525">
    <ele>563.5</ele>
   </trkpt>
   <trkpt lat="49.599395001376436" lon="-117.17469000634772">
    <ele>564.2600000000001</ele>
   </trkpt>
   <trkpt lat="49.59995000000001" lon="-117.17413">
    <ele>563.59</ele>
   </trkpt>
   <trkpt lat="49.60063" lon="-117.17332">
    <ele>558.34</ele>
   </trkpt>
   <trkpt lat="49.601083337583034" lon="-117.17262001297166">
    <ele>556.69</ele>
   </trkpt>
   <trkpt lat="49.60153667094511" lon="-117.17192001292747">
    <ele>557.5100000000001</ele>
   </trkpt>
   <trkpt lat="49.60199" lon="-117.17122">
    <ele>557.67</ele>
   </trkpt>
   <trkpt lat="49.602575003718094" lon="-117.17028501129376">
    <ele>556.06</ele>
   </trkpt>
   <trkpt lat="49.60316" lon="-117.16935000000001">
    <ele>553.37</ele>
   </trkpt>
   <trkpt lat="49.603500000000004" lon="-117.16871">
    <ele>553.21</ele>
   </trkpt>
   <trkpt lat="49.603790000000004" lon="-117.16795">
    <ele>554.48</ele>
   </trkpt>
   <trkpt lat="49.604000000000006" lon="-117.16715">
    <ele>556.3299999999999</ele>
   </trkpt>
   <trkpt lat="49.604215007056744" lon="-117.1658700056445">
    <ele>556.4100000000001</ele>
   </trkpt>
   <trkpt lat="49.60443" lon="-117.16459">
    <ele>549.0200000000001</ele>
   </trkpt>
   <trkpt lat="49.604600000000005" lon="-117.16380000000001">
    <ele>550.48</ele>
   </trkpt>
   <trkpt lat="49.604820000000004" lon="-117.16311">
    <ele>554.57</ele>
   </trkpt>
   <trkpt lat="49.605030000000006" lon="-117.16253">
    <ele>556.52</ele>
   </trkpt>
   <trkpt lat="49.60540500436744" lon="-117.1615250076842">
    <ele>559.4</ele>
   </trkpt>
   <trkpt lat="49.60578" lon="-117.16052">
    <ele>559.95</ele>
   </trkpt>
   <trkpt lat="49.606120000000004" lon="-117.15999000000001">
    <ele>558.96</ele>
   </trkpt>
   <trkpt lat="49.606840000000005" lon="-117.15917">
    <ele>557.57</ele>
   </trkpt>
   <trkpt lat="49.60717" lon="-117.15861000000001">
    <ele>557.1400000000001</ele>
   </trkpt>
   <trkpt lat="49.60748" lon="-117.15796">
    <ele>556.27</ele>
   </trkpt>
   <trkpt lat="49.60774000000001" lon="-117.15725">
    <ele>555.07</ele>
   </trkpt>
   <trkpt lat="49.60792000000001" lon="-117.15650000000001">
    <ele>554.34</ele>
   </trkpt>
   <trkpt lat="49.60803000000001" lon="-117.15583000000001">
    <ele>553.57</ele>
   </trkpt>
   <trkpt lat="49.608090000000004" lon="-117.15514">
    <ele>552.5</ele>
   </trkpt>
   <trkpt lat="49.60809501954829" lon="-117.1539100003515">
    <ele>550.33</ele>
   </trkpt>
   <trkpt lat="49.60810002606445" lon="-117.15268000045">
    <ele>549.1100000000001</ele>
   </trkpt>
   <trkpt lat="49.6081050195485" lon="-117.15145000029621">
    <ele>547.94</ele>
   </trkpt>
   <trkpt lat="49.60811" lon="-117.15022">
    <ele>545.2900000000001</ele>
   </trkpt>
   <trkpt lat="49.608105004392904" lon="-117.1492099997626">
    <ele>545.35</ele>
   </trkpt>
   <trkpt lat="49.60810000000001" lon="-117.1482">
    <ele>547.7500000000001</ele>
   </trkpt>
   <trkpt lat="49.60807751584694" lon="-117.14709249839726">
    <ele>549.39</ele>
   </trkpt>
   <trkpt lat="49.60805502112829" lon="-117.1459849978164">
    <ele>550.42</ele>
   </trkpt>
   <trkpt lat="49.60803251584409" lon="-117.14487749825787">
    <ele>550.22</ele>
   </trkpt>
   <trkpt lat="49.60801000000001" lon="-117.14377">
    <ele>549.71</ele>
   </trkpt>
   <trkpt lat="49.6079600045623" lon="-117.14273999879941">
    <ele>548.9300000000001</ele>
   </trkpt>
   <trkpt lat="49.607910000000004" lon="-117.14171">
    <ele>547.7700000000001</ele>
   </trkpt>
   <trkpt lat="49.60779500215153" lon="-117.14101499879044">
    <ele>546.32</ele>
   </trkpt>
   <trkpt lat="49.60768" lon="-117.14032">
    <ele>545.6500000000001</ele>
   </trkpt>
   <trkpt lat="49.607490000000006" lon="-117.13929">
    <ele>544.37</ele>
   </trkpt>
   <trkpt lat="49.60728" lon="-117.13860000000001">
    <ele>542.22</ele>
   </trkpt>
   <trkpt lat="49.606950000000005" lon="-117.13795">
    <ele>540.9900000000001</ele>
   </trkpt>
   <trkpt lat="49.606320000000004" lon="-117.13701">
    <ele>540.97</ele>
   </trkpt>
   <trkpt lat="49.606030000000004" lon="-117.13647">
    <ele>541.34</ele>
   </trkpt>
   <trkpt lat="49.605810000000005" lon="-117.13577000000001">
    <ele>542.42</ele>
   </trkpt>
   <trkpt lat="49.60568000000001" lon="-117.13508000000002">
    <ele>543.45</ele>
   </trkpt>
   <trkpt lat="49.6056" lon="-117.13437">
    <ele>546.0400000000001</ele>
   </trkpt>
   <trkpt lat="49.60553000310064" lon="-117.13352499909195">
    <ele>547.97</ele>
   </trkpt>
   <trkpt lat="49.60546" lon="-117.13268000000001">
    <ele>549.84</ele>
   </trkpt>
   <trkpt lat="49.60537000294356" lon="-117.13185499858746">
    <ele>551.44</ele>
   </trkpt>
   <trkpt lat="49.60528000000001" lon="-117.13103000000001">
    <ele>552.9000000000001</ele>
   </trkpt>
   <trkpt lat="49.60518334636471" lon="-117.12979999511023">
    <ele>552.48</ele>
   </trkpt>
   <trkpt lat="49.60508667969705" lon="-117.12856999509768">
    <ele>550.7200000000001</ele>
   </trkpt>
   <trkpt lat="49.60499" lon="-117.12734">
    <ele>550.4499999999999</ele>
   </trkpt>
   <trkpt lat="49.60501500826118" lon="-117.1259550007527">
    <ele>549.62</ele>
   </trkpt>
   <trkpt lat="49.60504" lon="-117.12457">
    <ele>547.0400000000001</ele>
   </trkpt>
   <trkpt lat="49.6052" lon="-117.12376">
    <ele>544.8900000000001</ele>
   </trkpt>
   <trkpt lat="49.605340000000005" lon="-117.12345">
    <ele>544.1700000000001</ele>
   </trkpt>
   <trkpt lat="49.605810011985554" lon="-117.12248752780562">
    <ele>543.39</ele>
   </trkpt>
   <trkpt lat="49.60628001599123" lon="-117.12152503705327">
    <ele>542.8900000000001</ele>
   </trkpt>
   <trkpt lat="49.6067500120168" lon="-117.12056252774258">
    <ele>541.75</ele>
   </trkpt>
   <trkpt lat="49.607220000000005" lon="-117.1196">
    <ele>541.35</ele>
   </trkpt>
   <trkpt lat="49.60754000000001" lon="-117.1192">
    <ele>541.61</ele>
   </trkpt>
   <trkpt lat="49.607850000000006" lon="-117.11897">
    <ele>542.12</ele>
   </trkpt>
   <trkpt lat="49.608000000000004" lon="-117.11888">
    <ele>542.3</ele>
   </trkpt>
   <trkpt lat="49.60874000022062" lon="-117.11861500405209">
    <ele>546.5300000000001</ele>
   </trkpt>
   <trkpt lat="49.609480000000005" lon="-117.11835">
    <ele>549.9200000000001</ele>
   </trkpt>
   <trkpt lat="49.61009000000001" lon="-117.11798">
    <ele>554.59</ele>
   </trkpt>
   <trkpt lat="49.610710000000005" lon="-117.11732">
    <ele>557.06</ele>
   </trkpt>
   <trkpt lat="49.61106" lon="-117.11670000000001">
    <ele>556.9000000000001</ele>
   </trkpt>
   <trkpt lat="49.61135" lon="-117.11604000000001">
    <ele>554.8000000000001</ele>
   </trkpt>
   <trkpt lat="49.611630000000005" lon="-117.11529000000002">
    <ele>550.2</ele>
   </trkpt>
   <trkpt lat="49.61178" lon="-117.11435000000002">
    <ele>544.25</ele>
   </trkpt>
   <trkpt lat="49.61190334864491" lon="-117.11301667343425">
    <ele>540.2300000000001</ele>
   </trkpt>
   <trkpt lat="49.61202668197645" lon="-117.1116833401205">
    <ele>540.5600000000001</ele>
   </trkpt>
   <trkpt lat="49.61215000000001" lon="-117.11035000000001">
    <ele>543.97</ele>
   </trkpt>
   <trkpt lat="49.61218" lon="-117.10975">
    <ele>546.64</ele>
   </trkpt>
   <trkpt lat="49.61216402447776" lon="-117.10855799841094">
    <ele>551.0200000000001</ele>
   </trkpt>
   <trkpt lat="49.612148036716455" lon="-117.10736599760352">
    <ele>554.71</ele>
   </trkpt>
   <trkpt lat="49.61213203671611" lon="-117.1061739975784">
    <ele>558.95</ele>
   </trkpt>
   <trkpt lat="49.61211602447675" lon="-117.10498199833617">
    <ele>557.4300000000001</ele>
   </trkpt>
   <trkpt lat="49.612100000000005" lon="-117.10379">
    <ele>551.27</ele>
   </trkpt>
   <trkpt lat="49.6122" lon="-117.10249">
    <ele>548.91</ele>
   </trkpt>
   <trkpt lat="49.61231500207783" lon="-117.1017800022511">
    <ele>549.12</ele>
   </trkpt>
   <trkpt lat="49.61243" lon="-117.10107">
    <ele>549.4100000000001</ele>
   </trkpt>
   <trkpt lat="49.61253000000001" lon="-117.10035">
    <ele>550.1700000000001</ele>
   </trkpt>
   <trkpt lat="49.61259500294204" lon="-117.09952500096496">
    <ele>550.76</ele>
   </trkpt>
   <trkpt lat="49.612660000000005" lon="-117.09870000000001">
    <ele>551.4100000000001</ele>
   </trkpt>
   <trkpt lat="49.612790000000004" lon="-117.09776000000001">
    <ele>552.37</ele>
   </trkpt>
   <trkpt lat="49.612840000000006" lon="-117.09713">
    <ele>553.19</ele>
   </trkpt>
   <trkpt lat="49.612820000000006" lon="-117.09615000000001">
    <ele>555.09</ele>
   </trkpt>
   <trkpt lat="49.61274" lon="-117.09525000000001">
    <ele>556.52</ele>
   </trkpt>
   <trkpt lat="49.612590000000004" lon="-117.09435">
    <ele>555.3299999999999</ele>
   </trkpt>
   <trkpt lat="49.61243" lon="-117.09373000000001">
    <ele>553.18</ele>
   </trkpt>
   <trkpt lat="49.612170000000006" lon="-117.09295000000002">
    <ele>550.9300000000001</ele>
   </trkpt>
   <trkpt lat="49.611920000000005" lon="-117.09234000000001">
    <ele>549.46</ele>
   </trkpt>
   <trkpt lat="49.611810000000006" lon="-117.0918">
    <ele>547.79</ele>
   </trkpt>
   <trkpt lat="49.61178" lon="-117.09139">
    <ele>546.27</ele>
   </trkpt>
   <trkpt lat="49.61178" lon="-117.09094">
    <ele>545.47</ele>
   </trkpt>
   <trkpt lat="49.611880000000006" lon="-117.09018">
    <ele>543.76</ele>
   </trkpt>
   <trkpt lat="49.612200005107105" lon="-117.08909000718991">
    <ele>544.3800000000001</ele>
   </trkpt>
   <trkpt lat="49.61252" lon="-117.08800000000001">
    <ele>546.84</ele>
   </trkpt>
   <trkpt lat="49.612660000000005" lon="-117.08736">
    <ele>547.6500000000001</ele>
   </trkpt>
   <trkpt lat="49.61274" lon="-117.08682">
    <ele>547.83</ele>
   </trkpt>
   <trkpt lat="49.61265" lon="-117.08611">
    <ele>547.94</ele>
   </trkpt>
   <trkpt lat="49.61269" lon="-117.08489000000002">
    <ele>547.07</ele>
   </trkpt>
   <trkpt lat="49.61282501614229" lon="-117.08377250922835">
    <ele>546.3800000000001</ele>
   </trkpt>
   <trkpt lat="49.612960021527755" lon="-117.0826550122658">
    <ele>549.71</ele>
   </trkpt>
   <trkpt lat="49.6130950161563" lon="-117.08153750911276">
    <ele>551.48</ele>
   </trkpt>
   <trkpt lat="49.61323" lon="-117.08042">
    <ele>549.9900000000001</ele>
   </trkpt>
   <trkpt lat="49.61330334067994" lon="-117.0794966694072">
    <ele>547.69</ele>
   </trkpt>
   <trkpt lat="49.61337667401631" lon="-117.07857333603579">
    <ele>544.9300000000001</ele>
   </trkpt>
   <trkpt lat="49.61345000000001" lon="-117.07765">
    <ele>542.19</ele>
   </trkpt>
   <trkpt lat="49.613520013246294" lon="-117.0764100035295">
    <ele>540.86</ele>
   </trkpt>
   <trkpt lat="49.61359001324815" lon="-117.07517000349684">
    <ele>541.0400000000001</ele>
   </trkpt>
   <trkpt lat="49.61366" lon="-117.07393">
    <ele>542.07</ele>
   </trkpt>
   <trkpt lat="49.613735003766706" lon="-117.0729950014196">
    <ele>541.46</ele>
   </trkpt>
   <trkpt lat="49.61381" lon="-117.07206000000001">
    <ele>540.37</ele>
   </trkpt>
   <trkpt lat="49.61395500442987" lon="-117.0710450030698">
    <ele>539.94</ele>
   </trkpt>
   <trkpt lat="49.6141" lon="-117.07003">
    <ele>540.84</ele>
   </trkpt>
   <trkpt lat="49.61419" lon="-117.06914">
    <ele>542.85</ele>
   </trkpt>
   <trkpt lat="49.61424" lon="-117.06807">
    <ele>545.22</ele>
   </trkpt>
   <trkpt lat="49.61424" lon="-117.06721">
    <ele>546.7700000000001</ele>
   </trkpt>
   <trkpt lat="49.61415" lon="-117.06637">
    <ele>545.7800000000001</ele>
   </trkpt>
   <trkpt lat="49.61399500503392" lon="-117.0652899966379">
    <ele>541.42</ele>
   </trkpt>
   <trkpt lat="49.61384" lon="-117.06421">
    <ele>538.98</ele>
   </trkpt>
   <trkpt lat="49.61368" lon="-117.06291000000002">
    <ele>538.79</ele>
   </trkpt>
   <trkpt lat="49.61363" lon="-117.06194">
    <ele>540.19</ele>
   </trkpt>
   <trkpt lat="49.613620000000004" lon="-117.06064">
    <ele>543.0400000000001</ele>
   </trkpt>
   <trkpt lat="49.613646681524095" lon="-117.05932666809868">
    <ele>547.0500000000001</ele>
   </trkpt>
   <trkpt lat="49.613673348190886" lon="-117.05801333475982">
    <ele>549.94</ele>
   </trkpt>
   <trkpt lat="49.6137" lon="-117.0567">
    <ele>551.1700000000001</ele>
   </trkpt>
   <trkpt lat="49.61375" lon="-117.05591000000001">
    <ele>551.6600000000001</ele>
   </trkpt>
   <trkpt lat="49.61388" lon="-117.05475000000001">
    <ele>552.0</ele>
   </trkpt>
   <trkpt lat="49.613996023337684" lon="-117.0535860111177">
    <ele>551.9200000000001</ele>
   </trkpt>
   <trkpt lat="49.61411203500486" lon="-117.05242201669382">
    <ele>550.83</ele>
   </trkpt>
   <trkpt lat="49.6142280350014" lon="-117.05125801672888">
    <ele>549.3800000000001</ele>
   </trkpt>
   <trkpt lat="49.61434402332725" lon="-117.05009401122344">
    <ele>548.5300000000001</ele>
   </trkpt>
   <trkpt lat="49.61446" lon="-117.04893000000001">
    <ele>546.49</ele>
   </trkpt>
   <trkpt lat="49.6145450024003" lon="-117.04818500121267">
    <ele>545.24</ele>
   </trkpt>
   <trkpt lat="49.614630000000005" lon="-117.04744000000001">
    <ele>543.74</ele>
   </trkpt>
   <trkpt lat="49.61476403028982" lon="-117.04611401458814">
    <ele>547.01</ele>
   </trkpt>
   <trkpt lat="49.61489804543464" lon="-117.04478802188355">
    <ele>558.39</ele>
   </trkpt>
   <trkpt lat="49.61503204543439" lon="-117.043462021887">
    <ele>563.9399999999999</ele>
   </trkpt>
   <trkpt lat="49.61516603028883" lon="-117.04213601459925">
    <ele>569.86</ele>
   </trkpt>
   <trkpt lat="49.615300000000005" lon="-117.04081000000001">
    <ele>572.49</ele>
   </trkpt>
   <trkpt lat="49.615434021534426" lon="-117.03969201228148">
    <ele>572.95</ele>
   </trkpt>
   <trkpt lat="49.61556803230264" lon="-117.03857401841434">
    <ele>572.91</ele>
   </trkpt>
   <trkpt lat="49.61570203230453" lon="-117.03745601839904">
    <ele>572.5600000000001</ele>
   </trkpt>
   <trkpt lat="49.61583602153999" lon="-117.03633801223602">
    <ele>572.2</ele>
   </trkpt>
   <trkpt lat="49.615970000000004" lon="-117.03522000000001">
    <ele>570.45</ele>
   </trkpt>
   <trkpt lat="49.616040000000005" lon="-117.03413">
    <ele>568.23</ele>
   </trkpt>
   <trkpt lat="49.61602667927809" lon="-117.03291999935867">
    <ele>566.24</ele>
   </trkpt>
   <trkpt lat="49.616013345944964" lon="-117.03170999937907">
    <ele>563.69</ele>
   </trkpt>
   <trkpt lat="49.61600000000001" lon="-117.0305">
    <ele>560.74</ele>
   </trkpt>
   <trkpt lat="49.616020000000006" lon="-117.03000000000002">
    <ele>559.73</ele>
   </trkpt>
   <trkpt lat="49.61610500376415" lon="-117.02906500164154">
    <ele>557.72</ele>
   </trkpt>
   <trkpt lat="49.61619" lon="-117.02813">
    <ele>556.1600000000001</ele>
   </trkpt>
   <trkpt lat="49.61634" lon="-117.02680000000001">
    <ele>555.06</ele>
   </trkpt>
   <trkpt lat="49.616490000000006" lon="-117.02586000000001">
    <ele>554.64</ele>
   </trkpt>
   <trkpt lat="49.61672" lon="-117.02478">
    <ele>554.15</ele>
   </trkpt>
   <trkpt lat="49.616890000000005" lon="-117.02378000000002">
    <ele>553.8700000000001</ele>
   </trkpt>
   <trkpt lat="49.616960000000006" lon="-117.02307">
    <ele>553.52</ele>
   </trkpt>
   <trkpt lat="49.61712000000001" lon="-117.02217">
    <ele>553.11</ele>
   </trkpt>
   <trkpt lat="49.617290000000004" lon="-117.02137">
    <ele>551.4499999999999</ele>
   </trkpt>
   <trkpt lat="49.61747001080123" lon="-117.02025000829595">
    <ele>550.35</ele>
   </trkpt>
   <trkpt lat="49.617650010797725" lon="-117.0191300083179">
    <ele>551.71</ele>
   </trkpt>
   <trkpt lat="49.617830000000005" lon="-117.01801">
    <ele>554.74</ele>
   </trkpt>
   <trkpt lat="49.61793" lon="-117.01706000000001">
    <ele>556.7500000000001</ele>
   </trkpt>
   <trkpt lat="49.618050000000004" lon="-117.01577">
    <ele>560.5</ele>
   </trkpt>
   <trkpt lat="49.618100000000005" lon="-117.01484">
    <ele>562.46</ele>
   </trkpt>
   <trkpt lat="49.61805000379274" lon="-117.01389999879643">
    <ele>564.4</ele>
   </trkpt>
   <trkpt lat="49.618" lon="-117.01296">
    <ele>566.59</ele>
   </trkpt>
   <trkpt lat="49.61798" lon="-117.01179">
    <ele>566.6500000000001</ele>
   </trkpt>
   <trkpt lat="49.618050000000004" lon="-117.0109">
    <ele>564.97</ele>
   </trkpt>
   <trkpt lat="49.618140000000004" lon="-117.01035">
    <ele>562.5300000000001</ele>
   </trkpt>
   <trkpt lat="49.61833334166863" lon="-117.00936667443585">
    <ele>556.84</ele>
   </trkpt>
   <trkpt lat="49.61852667500859" lon="-117.00838334106903">
    <ele>550.1700000000001</ele>
   </trkpt>
   <trkpt lat="49.61872" lon="-117.0074">
    <ele>544.8700000000001</ele>
   </trkpt>
   <trkpt lat="49.61880000000001" lon="-117.00681000000002">
    <ele>543.33</ele>
   </trkpt>
   <trkpt lat="49.618790000000004" lon="-117.00615">
    <ele>543.64</ele>
   </trkpt>
   <trkpt lat="49.61871000000001" lon="-117.00489">
    <ele>548.0</ele>
   </trkpt>
   <trkpt lat="49.618700000000004" lon="-117.00390000000002">
    <ele>549.9900000000001</ele>
   </trkpt>
   <trkpt lat="49.61878000749142" lon="-117.00296666986972">
    <ele>551.49</ele>
   </trkpt>
   <trkpt lat="49.61886000747956" lon="-117.00203333667481">
    <ele>552.0400000000001</ele>
   </trkpt>
   <trkpt lat="49.61894" lon="-117.00110000000001">
    <ele>551.52</ele>
   </trkpt>
   <trkpt lat="49.619040000000005" lon="-117.0002">
    <ele>551.4300000000001</ele>
   </trkpt>
   <trkpt lat="49.619270004064596" lon="-116.99922500472697">
    <ele>552.8100000000001</ele>
   </trkpt>
   <trkpt lat="49.6195" lon="-116.99825000000001">
    <ele>556.08</ele>
   </trkpt>
   <trkpt lat="49.619665001866764" lon="-116.99759500214223">
    <ele>557.5100000000001</ele>
   </trkpt>
   <trkpt lat="49.61983000000001" lon="-116.99694000000001">
    <ele>559.89</ele>
   </trkpt>
   <trkpt lat="49.62021000000001" lon="-116.9958">
    <ele>561.5600000000001</ele>
   </trkpt>
   <trkpt lat="49.62044" lon="-116.99530000000001">
    <ele>561.55</ele>
   </trkpt>
   <trkpt lat="49.62068000000001" lon="-116.99473">
    <ele>561.2900000000001</ele>
   </trkpt>
   <trkpt lat="49.6211550047319" lon="-116.99368001027163">
    <ele>559.83</ele>
   </trkpt>
   <trkpt lat="49.62163" lon="-116.99263">
    <ele>557.44</ele>
   </trkpt>
   <trkpt lat="49.62187" lon="-116.99204">
    <ele>556.2</ele>
   </trkpt>
   <trkpt lat="49.62203000235551" lon="-116.991300002443">
    <ele>554.42</ele>
   </trkpt>
   <trkpt lat="49.62219" lon="-116.99056000000002">
    <ele>550.51</ele>
   </trkpt>
   <trkpt lat="49.622225002482345" lon="-116.9898000006581">
    <ele>547.95</ele>
   </trkpt>
   <trkpt lat="49.622260000000004" lon="-116.98904">
    <ele>547.08</ele>
   </trkpt>
   <trkpt lat="49.62228" lon="-116.98793">
    <ele>549.6600000000001</ele>
   </trkpt>
   <trkpt lat="49.62235252372005" lon="-116.98657500607206">
    <ele>554.5400000000001</ele>
   </trkpt>
   <trkpt lat="49.62242503162599" lon="-116.98522000811082">
    <ele>558.91</ele>
   </trkpt>
   <trkpt lat="49.62249752371768" lon="-116.98386500611718">
    <ele>562.13</ele>
   </trkpt>
   <trkpt lat="49.62257" lon="-116.98251">
    <ele>563.0500000000001</ele>
   </trkpt>
   <trkpt lat="49.62258667533616" lon="-116.98150666743155">
    <ele>563.62</ele>
   </trkpt>
   <trkpt lat="49.62260334200154" lon="-116.98050333417646">
    <ele>564.5</ele>
   </trkpt>
   <trkpt lat="49.622620000000005" lon="-116.97950000000002">
    <ele>564.5300000000001</ele>
   </trkpt>
   <trkpt lat="49.62259500220237" lon="-116.97878499965309">
    <ele>562.91</ele>
   </trkpt>
   <trkpt lat="49.62257" lon="-116.97807000000002">
    <ele>559.58</ele>
   </trkpt>
   <trkpt lat="49.622600000000006" lon="-116.97678">
    <ele>553.7700000000001</ele>
   </trkpt>
   <trkpt lat="49.622670007872784" lon="-116.9758233362213">
    <ele>549.96</ele>
   </trkpt>
   <trkpt lat="49.62274000786262" lon="-116.97486666969361">
    <ele>549.0</ele>
   </trkpt>
   <trkpt lat="49.62281" lon="-116.97391">
    <ele>550.69</ele>
   </trkpt>
   <trkpt lat="49.62290000270467" lon="-116.97311000193628">
    <ele>551.64</ele>
   </trkpt>
   <trkpt lat="49.62299" lon="-116.97231000000001">
    <ele>552.0400000000001</ele>
   </trkpt>
   <trkpt lat="49.623110000000004" lon="-116.97159">
    <ele>552.18</ele>
   </trkpt>
   <trkpt lat="49.623340000000006" lon="-116.97051">
    <ele>552.4300000000001</ele>
   </trkpt>
   <trkpt lat="49.62355001954831" lon="-116.96928001589326">
    <ele>552.6500000000001</ele>
   </trkpt>
   <trkpt lat="49.62376002606588" lon="-116.96805002118293">
    <ele>552.2900000000001</ele>
   </trkpt>
   <trkpt lat="49.62397001955251" lon="-116.96682001586949">
    <ele>551.64</ele>
   </trkpt>
   <trkpt lat="49.62418" lon="-116.96559">
    <ele>552.32</ele>
   </trkpt>
   <trkpt lat="49.624430000000004" lon="-116.96452000000001">
    <ele>551.91</ele>
   </trkpt>
   <trkpt lat="49.62476" lon="-116.96335">
    <ele>549.24</ele>
   </trkpt>
   <trkpt lat="49.625090004395325" lon="-116.96234000683452">
    <ele>545.63</ele>
   </trkpt>
   <trkpt lat="49.625420000000005" lon="-116.96133">
    <ele>543.0</ele>
   </trkpt>
   <trkpt lat="49.625530000000005" lon="-116.96081000000001">
    <ele>542.6700000000001</ele>
   </trkpt>
   <trkpt lat="49.62559" lon="-116.96005000000001">
    <ele>542.27</ele>
   </trkpt>
   <trkpt lat="49.62556000000001" lon="-116.95972">
    <ele>542.5300000000001</ele>
   </trkpt>
   <trkpt lat="49.62548" lon="-116.95958">
    <ele>542.72</ele>
   </trkpt>
   <trkpt lat="49.62543" lon="-116.95955000000001">
    <ele>542.9000000000001</ele>
   </trkpt>
   <trkpt lat="49.62543" lon="-116.95942000000001">
    <ele>543.25</ele>
   </trkpt>
   <trkpt lat="49.62567000000001" lon="-116.95949000000002">
    <ele>543.74</ele>
   </trkpt>
   <trkpt lat="49.62576000000001" lon="-116.9591">
    <ele>542.27</ele>
   </trkpt>
   <trkpt lat="49.62588" lon="-116.95877000000002">
    <ele>539.96</ele>
   </trkpt>
   <trkpt lat="49.62592" lon="-116.95842">
    <ele>538.75</ele>
   </trkpt>
   <trkpt lat="49.625910000000005" lon="-116.95765000000002">
    <ele>540.1100000000001</ele>
   </trkpt>
   <trkpt lat="49.62583" lon="-116.9573">
    <ele>540.4300000000001</ele>
   </trkpt>
   <trkpt lat="49.62581752293923" lon="-116.95596749893014">
    <ele>542.21</ele>
   </trkpt>
   <trkpt lat="49.625805030585354" lon="-116.95463499854318">
    <ele>540.86</ele>
   </trkpt>
   <trkpt lat="49.62579252293838" lon="-116.95330249884003">
    <ele>538.2</ele>
   </trkpt>
   <trkpt lat="49.625780000000006" lon="-116.95197">
    <ele>535.03</ele>
   </trkpt>
   <trkpt lat="49.62494" lon="-116.95197">
    <ele>534.33</ele>
   </trkpt>
   <trkpt lat="49.62498" lon="-116.9513">
    <ele>534.33</ele>
   </trkpt>
   <trkpt lat="49.622690000000006" lon="-116.94944000000001">
    <ele>532.93</ele>
   </trkpt>
   <trkpt lat="49.622690000000006" lon="-116.94932000000001">
    <ele>533.0</ele>
   </trkpt>
   <trkpt lat="49.62299" lon="-116.94884">
    <ele>533.0</ele>
   </trkpt>
   <trkpt lat="49.623380009399426" lon="-116.94779335018738">
    <ele>533.0</ele>
   </trkpt>
   <trkpt lat="49.623770009363106" lon="-116.94674668361854">
    <ele>533.0</ele>
   </trkpt>
   <trkpt lat="49.62416" lon="-116.94570000000002">
    <ele>533.0</ele>
   </trkpt>
   <trkpt lat="49.623900000000006" lon="-116.94518000000001">
    <ele>533.0</ele>
   </trkpt>
   <trkpt lat="49.62389" lon="-116.94516000000002">
    <ele>533.0500000000001</ele>
   </trkpt>
   <trkpt lat="49.62411" lon="-116.9449">
    <ele>533.0500000000001</ele>
   </trkpt>
   <trkpt lat="49.624595000857155" lon="-116.94445000449356">
    <ele>532.99</ele>
   </trkpt>
   <trkpt lat="49.625080000000004" lon="-116.944">
    <ele>533.0400000000001</ele>
   </trkpt>
   <trkpt lat="49.6253" lon="-116.94383">
    <ele>533.0400000000001</ele>
   </trkpt>
   <trkpt lat="49.62567000000001" lon="-116.94347">
    <ele>533.07</ele>
   </trkpt>
   <trkpt lat="49.62638000463997" lon="-116.94273668803355">
    <ele>533.0500000000001</ele>
   </trkpt>
   <trkpt lat="49.62709000464813" lon="-116.94200335469222">
    <ele>533.1</ele>
   </trkpt>
   <trkpt lat="49.6278" lon="-116.94127">
    <ele>532.98</ele>
   </trkpt>
   <trkpt lat="49.628190000000004" lon="-116.94083">
    <ele>533.0100000000001</ele>
   </trkpt>
   <trkpt lat="49.62865000000001" lon="-116.94021000000001">
    <ele>533.0</ele>
   </trkpt>
   <trkpt lat="49.628800000000005" lon="-116.93999000000001">
    <ele>533.0600000000001</ele>
   </trkpt>
   <trkpt lat="49.629290000000005" lon="-116.93936000000001">
    <ele>532.97</ele>
   </trkpt>
   <trkpt lat="49.62967500129421" lon="-116.93882000421411">
    <ele>533.0</ele>
   </trkpt>
   <trkpt lat="49.63006000000001" lon="-116.93828">
    <ele>533.1400000000001</ele>
   </trkpt>
   <trkpt lat="49.630300000000005" lon="-116.93806000000001">
    <ele>533.1</ele>
   </trkpt>
   <trkpt lat="49.63054" lon="-116.93774">
    <ele>533.0600000000001</ele>
   </trkpt>
   <trkpt lat="49.63067" lon="-116.93739000000001">
    <ele>532.94</ele>
   </trkpt>
   <trkpt lat="49.63096" lon="-116.93693">
    <ele>532.78</ele>
   </trkpt>
   <trkpt lat="49.63134" lon="-116.93639">
    <ele>532.7900000000001</ele>
   </trkpt>
   <trkpt lat="49.63194000000001" lon="-116.93559">
    <ele>533.07</ele>
   </trkpt>
   <trkpt lat="49.632335001617115" lon="-116.93498500484384">
    <ele>533.07</ele>
   </trkpt>
   <trkpt lat="49.63273" lon="-116.93438">
    <ele>533.12</ele>
   </trkpt>
   <trkpt lat="49.63337000374703" lon="-116.93345501206464">
    <ele>533.0</ele>
   </trkpt>
   <trkpt lat="49.63401" lon="-116.93253000000001">
    <ele>532.95</ele>
   </trkpt>
   <trkpt lat="49.63403" lon="-116.9325">
    <ele>533.0</ele>
   </trkpt>
   <trkpt lat="49.63432" lon="-116.93298000000001">
    <ele>533.0</ele>
   </trkpt>
   <trkpt lat="49.63501893985423" lon="-116.93214575913807">
    <ele>533.0</ele>
   </trkpt>
   <trkpt lat="49.63571787371422" lon="-116.931311494331">
    <ele>533.0</ele>
   </trkpt>
   <trkpt lat="49.636416801579664" lon="-116.9304772055777">
    <ele>533.0</ele>
   </trkpt>
   <trkpt lat="49.63711572345023" lon="-116.92964289287715">
    <ele>533.0</ele>
   </trkpt>
   <trkpt lat="49.637814639325605" lon="-116.92880855622822">
    <ele>533.0</ele>
   </trkpt>
   <trkpt lat="49.63851354920547" lon="-116.92797419562989">
    <ele>533.0</ele>
   </trkpt>
   <trkpt lat="49.6392124530895" lon="-116.92713981108105">
    <ele>533.0</ele>
   </trkpt>
   <trkpt lat="49.63991135097737" lon="-116.92630540258061">
    <ele>533.0</ele>
   </trkpt>
   <trkpt lat="49.640610242868775" lon="-116.92547097012755">
    <ele>533.0</ele>
   </trkpt>
   <trkpt lat="49.64130912876338" lon="-116.92463651372077">
    <ele>533.0</ele>
   </trkpt>
   <trkpt lat="49.64200800866088" lon="-116.92380203335915">
    <ele>533.0</ele>
   </trkpt>
   <trkpt lat="49.64270688256093" lon="-116.92296752904168">
    <ele>533.0</ele>
   </trkpt>
   <trkpt lat="49.64340575046324" lon="-116.92213300076727">
    <ele>533.0</ele>
   </trkpt>
   <trkpt lat="49.64410461236746" lon="-116.92129844853484">
    <ele>533.0</ele>
   </trkpt>
   <trkpt lat="49.64480346827328" lon="-116.9204638723433">
    <ele>533.0</ele>
   </trkpt>
   <trkpt lat="49.645502318180405" lon="-116.9196292721916">
    <ele>533.0</ele>
   </trkpt>
   <trkpt lat="49.646201162088474" lon="-116.91879464807863">
    <ele>533.0</ele>
   </trkpt>
   <trkpt lat="49.6469" lon="-116.91796000000001">
    <ele>533.0</ele>
   </trkpt>
   <trkpt lat="49.64751454599232" lon="-116.91698834610936">
    <ele>533.0</ele>
   </trkpt>
   <trkpt lat="49.64812908385366" lon="-116.91601666768621">
    <ele>533.0</ele>
   </trkpt>
   <trkpt lat="49.6487436135837" lon="-116.91504496472969">
    <ele>533.0</ele>
   </trkpt>
   <trkpt lat="49.649358135182" lon="-116.914073237239">
    <ele>533.0</ele>
   </trkpt>
   <trkpt lat="49.64997264864822" lon="-116.91310148521332">
    <ele>533.0</ele>
   </trkpt>
   <trkpt lat="49.650587153981945" lon="-116.9121297086518">
    <ele>533.0</ele>
   </trkpt>
   <trkpt lat="49.6512016511828" lon="-116.91115790755362">
    <ele>533.0</ele>
   </trkpt>
   <trkpt lat="49.65181614025042" lon="-116.91018608191797">
    <ele>533.0</ele>
   </trkpt>
   <trkpt lat="49.652430621184436" lon="-116.90921423174397">
    <ele>533.0</ele>
   </trkpt>
   <trkpt lat="49.653045093984424" lon="-116.90824235703086">
    <ele>533.0</ele>
   </trkpt>
   <trkpt lat="49.65365955865001" lon="-116.90727045777774">
    <ele>533.0</ele>
   </trkpt>
   <trkpt lat="49.654274015180846" lon="-116.90629853398386">
    <ele>533.0</ele>
   </trkpt>
   <trkpt lat="49.65488846357651" lon="-116.90532658564834">
    <ele>533.0</ele>
   </trkpt>
   <trkpt lat="49.65550290383666" lon="-116.90435461277035">
    <ele>533.0</ele>
   </trkpt>
   <trkpt lat="49.656117335960865" lon="-116.90338261534905">
    <ele>533.0</ele>
   </trkpt>
   <trkpt lat="49.656731759948784" lon="-116.90241059338368">
    <ele>533.0</ele>
   </trkpt>
   <trkpt lat="49.657346175800015" lon="-116.90143854687336">
    <ele>533.0</ele>
   </trkpt>
   <trkpt lat="49.65796058351418" lon="-116.90046647581727">
    <ele>533.0</ele>
   </trkpt>
   <trkpt lat="49.65857498309091" lon="-116.89949438021456">
    <ele>533.0</ele>
   </trkpt>
   <trkpt lat="49.65918937452979" lon="-116.89852226006445">
    <ele>533.0</ele>
   </trkpt>
   <trkpt lat="49.65980375783045" lon="-116.89755011536607">
    <ele>533.0</ele>
   </trkpt>
   <trkpt lat="49.66041813299254" lon="-116.89657794611864">
    <ele>533.0</ele>
   </trkpt>
   <trkpt lat="49.661032500015644" lon="-116.89560575232126">
    <ele>533.0</ele>
   </trkpt>
   <trkpt lat="49.66164685889939" lon="-116.89463353397318">
    <ele>533.0</ele>
   </trkpt>
   <trkpt lat="49.66226120964338" lon="-116.89366129107351">
    <ele>533.0</ele>
   </trkpt>
   <trkpt lat="49.66287555224725" lon="-116.89268902362141">
    <ele>533.0</ele>
   </trkpt>
   <trkpt lat="49.663489886710614" lon="-116.89171673161614">
    <ele>533.0</ele>
   </trkpt>
   <trkpt lat="49.66410421303309" lon="-116.8907444150568">
    <ele>533.0</ele>
   </trkpt>
   <trkpt lat="49.664718531214284" lon="-116.88977207394258">
    <ele>533.0</ele>
   </trkpt>
   <trkpt lat="49.665332841253836" lon="-116.88879970827264">
    <ele>533.0</ele>
   </trkpt>
   <trkpt lat="49.66594714315135" lon="-116.88782731804619">
    <ele>533.0</ele>
   </trkpt>
   <trkpt lat="49.666561436906434" lon="-116.88685490326235">
    <ele>533.0</ele>
   </trkpt>
   <trkpt lat="49.66717572251872" lon="-116.88588246392035">
    <ele>533.0</ele>
   </trkpt>
   <trkpt lat="49.667790000000004" lon="-116.88491">
    <ele>533.0</ele>
   </trkpt>
   <trkpt lat="49.668394016191606" lon="-116.88394004819659">
    <ele>533.0</ele>
   </trkpt>
   <trkpt lat="49.668998024281684" lon="-116.88297007230545">
    <ele>533.0</ele>
   </trkpt>
   <trkpt lat="49.669602024269864" lon="-116.88200007232581">
    <ele>533.0</ele>
   </trkpt>
   <trkpt lat="49.67020601615578" lon="-116.88103004825689">
    <ele>533.0</ele>
   </trkpt>
   <trkpt lat="49.67081" lon="-116.88006000000001">
    <ele>533.0</ele>
   </trkpt>
   <trkpt lat="49.67069000000001" lon="-116.87986000000001">
    <ele>533.0</ele>
   </trkpt>
   <trkpt lat="49.67054" lon="-116.87960000000001">
    <ele>532.58</ele>
   </trkpt>
   <trkpt lat="49.671016670570246" lon="-116.8789233466514">
    <ele>532.71</ele>
   </trkpt>
   <trkpt lat="49.67149333719781" lon="-116.8782466800404">
    <ele>532.93</ele>
   </trkpt>
   <trkpt lat="49.67197" lon="-116.87757">
    <ele>533.12</ele>
   </trkpt>
   <trkpt lat="49.672426670059046" lon="-116.87694334508622">
    <ele>532.9</ele>
   </trkpt>
   <trkpt lat="49.67288333673659" lon="-116.87631667840478">
    <ele>533.0</ele>
   </trkpt>
   <trkpt lat="49.67334" lon="-116.87569">
    <ele>533.0100000000001</ele>
   </trkpt>
   <trkpt lat="49.67374" lon="-116.8751">
    <ele>533.33</ele>
   </trkpt>
   <trkpt lat="49.674080000000004" lon="-116.87462000000001">
    <ele>533.4000000000001</ele>
   </trkpt>
   <trkpt lat="49.67432" lon="-116.87425">
    <ele>533.3800000000001</ele>
   </trkpt>
   <trkpt lat="49.67466" lon="-116.87358">
    <ele>533.12</ele>
   </trkpt>
   <trkpt lat="49.674800000000005" lon="-116.87334000000001">
    <ele>533.0</ele>
   </trkpt>
   <trkpt lat="49.67541000000001" lon="-116.87251">
    <ele>538.86</ele>
   </trkpt>
   <trkpt lat="49.67566" lon="-116.87221000000001">
    <ele>542.1400000000001</ele>
   </trkpt>
   <trkpt lat="49.67606000000001" lon="-116.87194000000001">
    <ele>545.23</ele>
   </trkpt>
   <trkpt lat="49.67668666759449" lon="-116.87162000822374">
    <ele>549.58</ele>
   </trkpt>
   <trkpt lat="49.677313334307264" lon="-116.87130000820032">
    <ele>558.34</ele>
   </trkpt>
   <trkpt lat="49.67794000000001" lon="-116.87098">
    <ele>561.91</ele>
   </trkpt>
   <trkpt lat="49.6786" lon="-116.87068000000001">
    <ele>562.37</ele>
   </trkpt>
   <trkpt lat="49.679170000000006" lon="-116.87037000000001">
    <ele>562.25</ele>
   </trkpt>
   <trkpt lat="49.679615000261556" lon="-116.87009500255628">
    <ele>562.7800000000001</ele>
   </trkpt>
   <trkpt lat="49.680060000000005" lon="-116.86982">
    <ele>564.6500000000001</ele>
   </trkpt>
   <trkpt lat="49.68025" lon="-116.86973">
    <ele>566.28</ele>
   </trkpt>
   <trkpt lat="49.680800000000005" lon="-116.86951">
    <ele>571.58</ele>
   </trkpt>
   <trkpt lat="49.681655000228005" lon="-116.86927000422592">
    <ele>578.69</ele>
   </trkpt>
   <trkpt lat="49.68251" lon="-116.86903000000001">
    <ele>585.58</ele>
   </trkpt>
   <trkpt lat="49.68309000000001" lon="-116.86884">
    <ele>591.14</ele>
   </trkpt>
   <trkpt lat="49.683460000000004" lon="-116.86866">
    <ele>595.14</ele>
   </trkpt>
   <trkpt lat="49.6839" lon="-116.86826">
    <ele>597.7</ele>
   </trkpt>
   <trkpt lat="49.68439000000001" lon="-116.86776">
    <ele>604.5</ele>
   </trkpt>
   <trkpt lat="49.684610000000006" lon="-116.86731">
    <ele>607.89</ele>
   </trkpt>
   <trkpt lat="49.684650000000005" lon="-116.86667000000001">
    <ele>610.6700000000001</ele>
   </trkpt>
   <trkpt lat="49.684560000000005" lon="-116.86629">
    <ele>613.2</ele>
   </trkpt>
   <trkpt lat="49.68432000000001" lon="-116.86548">
    <ele>618.6700000000001</ele>
   </trkpt>
   <trkpt lat="49.68430000000001" lon="-116.86516">
    <ele>620.87</ele>
   </trkpt>
   <trkpt lat="49.684380000000004" lon="-116.86485">
    <ele>623.9800000000001</ele>
   </trkpt>
   <trkpt lat="49.68453" lon="-116.86459">
    <ele>625.5200000000001</ele>
   </trkpt>
   <trkpt lat="49.68509" lon="-116.86418">
    <ele>630.4300000000001</ele>
   </trkpt>
   <trkpt lat="49.68568000066497" lon="-116.86377500494342">
    <ele>634.4000000000001</ele>
   </trkpt>
   <trkpt lat="49.68627000000001" lon="-116.86337">
    <ele>640.5300000000001</ele>
   </trkpt>
   <trkpt lat="49.68643" lon="-116.86319">
    <ele>641.84</ele>
   </trkpt>
   <trkpt lat="49.686490000000006" lon="-116.86306">
    <ele>641.84</ele>
   </trkpt>
   <trkpt lat="49.686510000000006" lon="-116.86288">
    <ele>642.7</ele>
   </trkpt>
   <trkpt lat="49.686510000000006" lon="-116.86261">
    <ele>643.51</ele>
   </trkpt>
   <trkpt lat="49.686440000000005" lon="-116.86243">
    <ele>644.3100000000001</ele>
   </trkpt>
   <trkpt lat="49.686260000000004" lon="-116.86210000000001">
    <ele>644.8900000000001</ele>
   </trkpt>
   <trkpt lat="49.68578000156393" lon="-116.86148999392887">
    <ele>646.4700000000001</ele>
   </trkpt>
   <trkpt lat="49.685300000000005" lon="-116.86088000000001">
    <ele>647.72</ele>
   </trkpt>
   <trkpt lat="49.684870000000004" lon="-116.86028">
    <ele>649.76</ele>
   </trkpt>
   <trkpt lat="49.68478" lon="-116.8601">
    <ele>651.96</ele>
   </trkpt>
   <trkpt lat="49.68478" lon="-116.85948">
    <ele>652.5300000000001</ele>
   </trkpt>
   <trkpt lat="49.68497000000001" lon="-116.85903">
    <ele>656.59</ele>
   </trkpt>
   <trkpt lat="49.68550500174278" lon="-116.85838500715626">
    <ele>662.42</ele>
   </trkpt>
   <trkpt lat="49.686040000000006" lon="-116.85774">
    <ele>668.8000000000001</ele>
   </trkpt>
   <trkpt lat="49.686240000000005" lon="-116.85737">
    <ele>671.45</ele>
   </trkpt>
   <trkpt lat="49.686240000000005" lon="-116.8567">
    <ele>676.09</ele>
   </trkpt>
   <trkpt lat="49.686130000000006" lon="-116.85599">
    <ele>680.6000000000001</ele>
   </trkpt>
   <trkpt lat="49.68598000250535" lon="-116.85522499756775">
    <ele>684.57</ele>
   </trkpt>
   <trkpt lat="49.68583" lon="-116.85446">
    <ele>686.7500000000001</ele>
   </trkpt>
   <trkpt lat="49.685570000000006" lon="-116.85367000000001">
    <ele>685.94</ele>
   </trkpt>
   <trkpt lat="49.68526000000001" lon="-116.85303">
    <ele>684.7800000000001</ele>
   </trkpt>
   <trkpt lat="49.684865001628225" lon="-116.85242499516481">
    <ele>681.76</ele>
   </trkpt>
   <trkpt lat="49.684470000000005" lon="-116.85182">
    <ele>678.4100000000001</ele>
   </trkpt>
   <trkpt lat="49.683975005637784" lon="-116.85067998849182">
    <ele>674.25</ele>
   </trkpt>
   <trkpt lat="49.68348" lon="-116.84954">
    <ele>670.83</ele>
   </trkpt>
   <trkpt lat="49.68327000000001" lon="-116.84887">
    <ele>668.8000000000001</ele>
   </trkpt>
   <trkpt lat="49.68314" lon="-116.84815">
    <ele>667.27</ele>
   </trkpt>
   <trkpt lat="49.68307" lon="-116.84713">
    <ele>663.48</ele>
   </trkpt>
   <trkpt lat="49.68312" lon="-116.84664000000001">
    <ele>661.7400000000001</ele>
   </trkpt>
   <trkpt lat="49.683170000000004" lon="-116.84642000000001">
    <ele>660.37</ele>
   </trkpt>
   <trkpt lat="49.683240000000005" lon="-116.84623">
    <ele>659.39</ele>
   </trkpt>
   <trkpt lat="49.683690000000006" lon="-116.84533">
    <ele>657.7400000000001</ele>
   </trkpt>
   <trkpt lat="49.68383000000001" lon="-116.84483000000002">
    <ele>657.63</ele>
   </trkpt>
   <trkpt lat="49.68385000000001" lon="-116.84452">
    <ele>657.49</ele>
   </trkpt>
   <trkpt lat="49.68381" lon="-116.84416000000002">
    <ele>657.33</ele>
   </trkpt>
   <trkpt lat="49.68368" lon="-116.8434">
    <ele>656.83</ele>
   </trkpt>
   <trkpt lat="49.68365000000001" lon="-116.84270000000001">
    <ele>656.03</ele>
   </trkpt>
   <trkpt lat="49.68372000209711" lon="-116.84200000113188">
    <ele>653.08</ele>
   </trkpt>
   <trkpt lat="49.68379" lon="-116.8413">
    <ele>650.1</ele>
   </trkpt>
   <trkpt lat="49.68381" lon="-116.84067">
    <ele>646.9</ele>
   </trkpt>
   <trkpt lat="49.683780000000006" lon="-116.84009">
    <ele>645.1300000000001</ele>
   </trkpt>
   <trkpt lat="49.68376000000001" lon="-116.83974">
    <ele>644.84</ele>
   </trkpt>
   <trkpt lat="49.68364000495818" lon="-116.83866499719481">
    <ele>641.76</ele>
   </trkpt>
   <trkpt lat="49.68352" lon="-116.83759">
    <ele>636.1300000000001</ele>
   </trkpt>
   <trkpt lat="49.683460000000004" lon="-116.83736">
    <ele>635.02</ele>
   </trkpt>
   <trkpt lat="49.68336000000001" lon="-116.83715000000001">
    <ele>633.8000000000001</ele>
   </trkpt>
   <trkpt lat="49.68314" lon="-116.83687">
    <ele>630.38</ele>
   </trkpt>
   <trkpt lat="49.682900000000004" lon="-116.83664">
    <ele>628.1500000000001</ele>
   </trkpt>
   <trkpt lat="49.68252500072584" lon="-116.83622499678191">
    <ele>623.33</ele>
   </trkpt>
   <trkpt lat="49.68215000000001" lon="-116.83581000000001">
    <ele>618.68</ele>
   </trkpt>
   <trkpt lat="49.6818" lon="-116.8354">
    <ele>615.44</ele>
   </trkpt>
   <trkpt lat="49.68132000000001" lon="-116.83494">
    <ele>611.6600000000001</ele>
   </trkpt>
   <trkpt lat="49.680960000000006" lon="-116.8345">
    <ele>607.1</ele>
   </trkpt>
   <trkpt lat="49.680730000000004" lon="-116.83419">
    <ele>604.11</ele>
   </trkpt>
   <trkpt lat="49.680580000000006" lon="-116.83383">
    <ele>601.1800000000001</ele>
   </trkpt>
   <trkpt lat="49.680530000000005" lon="-116.83364">
    <ele>601.1800000000001</ele>
   </trkpt>
   <trkpt lat="49.6805" lon="-116.83324">
    <ele>599.46</ele>
   </trkpt>
   <trkpt lat="49.680510000000005" lon="-116.83302">
    <ele>596.5500000000001</ele>
   </trkpt>
   <trkpt lat="49.68059" lon="-116.83267000000001">
    <ele>596.5500000000001</ele>
   </trkpt>
   <trkpt lat="49.6809950024485" lon="-116.83190500650612">
    <ele>592.11</ele>
   </trkpt>
   <trkpt lat="49.681400000000004" lon="-116.83114">
    <ele>590.14</ele>
   </trkpt>
   <trkpt lat="49.68157" lon="-116.83074">
    <ele>589.74</ele>
   </trkpt>
   <trkpt lat="49.68175" lon="-116.83010000000002">
    <ele>589.31</ele>
   </trkpt>
   <trkpt lat="49.68182" lon="-116.82966">
    <ele>588.77</ele>
   </trkpt>
   <trkpt lat="49.681830012815055" lon="-116.82844000057801">
    <ele>586.9300000000001</ele>
   </trkpt>
   <trkpt lat="49.68184001281444" lon="-116.82722000065388">
    <ele>585.9000000000001</ele>
   </trkpt>
   <trkpt lat="49.681850000000004" lon="-116.82600000000001">
    <ele>585.04</ele>
   </trkpt>
   <trkpt lat="49.68177000000001" lon="-116.82541">
    <ele>583.71</ele>
   </trkpt>
   <trkpt lat="49.681700000000006" lon="-116.82519">
    <ele>582.99</ele>
   </trkpt>
   <trkpt lat="49.6816" lon="-116.825">
    <ele>581.38</ele>
   </trkpt>
   <trkpt lat="49.68132000000001" lon="-116.82474">
    <ele>578.2900000000001</ele>
   </trkpt>
   <trkpt lat="49.681140000000006" lon="-116.82465">
    <ele>577.48</ele>
   </trkpt>
   <trkpt lat="49.68097" lon="-116.82461">
    <ele>575.67</ele>
   </trkpt>
   <trkpt lat="49.680220000000006" lon="-116.82465">
    <ele>568.91</ele>
   </trkpt>
   <trkpt lat="49.679639999914386" lon="-116.8246950005441">
    <ele>563.74</ele>
   </trkpt>
   <trkpt lat="49.67906000000001" lon="-116.82474">
    <ele>561.9300000000001</ele>
   </trkpt>
   <trkpt lat="49.67825749997964" lon="-116.82475000049533">
    <ele>560.67</ele>
   </trkpt>
   <trkpt lat="49.67745499995843" lon="-116.82476000066065">
    <ele>559.36</ele>
   </trkpt>
   <trkpt lat="49.67665249993633" lon="-116.82477000049587">
    <ele>557.34</ele>
   </trkpt>
   <trkpt lat="49.675850000000004" lon="-116.82478">
    <ele>556.11</ele>
   </trkpt>
   <trkpt lat="49.67508999999479" lon="-116.82480250105519">
    <ele>554.3800000000001</ele>
   </trkpt>
   <trkpt lat="49.67432999998522" lon="-116.8248250014071">
    <ele>552.6300000000001</ele>
   </trkpt>
   <trkpt lat="49.67356999997128" lon="-116.82484750105586">
    <ele>549.7500000000001</ele>
   </trkpt>
   <trkpt lat="49.672810000000005" lon="-116.82487">
    <ele>548.22</ele>
   </trkpt>
   <trkpt lat="49.672650000000004" lon="-116.82487">
    <ele>548.0</ele>
   </trkpt>
   <trkpt lat="49.67251" lon="-116.82482">
    <ele>548.0</ele>
   </trkpt>
   <trkpt lat="49.672380000000004" lon="-116.82474">
    <ele>547.71</ele>
   </trkpt>
   <trkpt lat="49.67228" lon="-116.82465">
    <ele>547.71</ele>
   </trkpt>
   <trkpt lat="49.67221000000001" lon="-116.82447">
    <ele>547.71</ele>
   </trkpt>
   <trkpt lat="49.672160000000005" lon="-116.82429">
    <ele>547.6</ele>
   </trkpt>
   <trkpt lat="49.672156696980636" lon="-116.82310333291322">
    <ele>547.2900000000001</ele>
   </trkpt>
   <trkpt lat="49.67215338183568" lon="-116.82191666598793">
    <ele>547.06</ele>
   </trkpt>
   <trkpt lat="49.672150054565094" lon="-116.82072999922471">
    <ele>546.49</ele>
   </trkpt>
   <trkpt lat="49.67214671516893" lon="-116.8195433326241">
    <ele>545.58</ele>
   </trkpt>
   <trkpt lat="49.67214336364713" lon="-116.81835666618677">
    <ele>545.34</ele>
   </trkpt>
   <trkpt lat="49.672140000000006" lon="-116.81717">
    <ele>546.3100000000001</ele>
   </trkpt>
   <trkpt lat="49.67211" lon="-116.81646">
    <ele>547.1</ele>
   </trkpt>
   <trkpt lat="49.67195" lon="-116.81537000000002">
    <ele>548.34</ele>
   </trkpt>
   <trkpt lat="49.671910000000004" lon="-116.81523000000001">
    <ele>548.34</ele>
   </trkpt>
   <trkpt lat="49.67177" lon="-116.81485">
    <ele>548.34</ele>
   </trkpt>
   <trkpt lat="49.671530000000004" lon="-116.8143">
    <ele>549.34</ele>
   </trkpt>
   <trkpt lat="49.67112" lon="-116.81360000000001">
    <ele>550.25</ele>
   </trkpt>
   <trkpt lat="49.67074000128555" lon="-116.81305999582403">
    <ele>551.5500000000001</ele>
   </trkpt>
   <trkpt lat="49.67036" lon="-116.81252">
    <ele>553.47</ele>
   </trkpt>
   <trkpt lat="49.669760000000004" lon="-116.81160000000001">
    <ele>553.95</ele>
   </trkpt>
   <trkpt lat="49.669500000000006" lon="-116.81124000000001">
    <ele>553.67</ele>
   </trkpt>
   <trkpt lat="49.66903500039531" lon="-116.8109799975729">
    <ele>552.49</ele>
   </trkpt>
   <trkpt lat="49.66857" lon="-116.81072">
    <ele>550.28</ele>
   </trkpt>
   <trkpt lat="49.667716667669495" lon="-116.81037998807462">
    <ele>547.9200000000001</ele>
   </trkpt>
   <trkpt lat="49.66686333434351" lon="-116.81003998807783">
    <ele>549.37</ele>
   </trkpt>
   <trkpt lat="49.66601000000001" lon="-116.8097">
    <ele>551.34</ele>
   </trkpt>
   <trkpt lat="49.66566" lon="-116.80965">
    <ele>551.6600000000001</ele>
   </trkpt>
   <trkpt lat="49.66510500010521" lon="-116.80967000022443">
    <ele>552.61</ele>
   </trkpt>
   <trkpt lat="49.664550000000006" lon="-116.80969">
    <ele>553.79</ele>
   </trkpt>
   <trkpt lat="49.66436" lon="-116.80965">
    <ele>554.01</ele>
   </trkpt>
   <trkpt lat="49.66424000000001" lon="-116.80956">
    <ele>554.09</ele>
   </trkpt>
   <trkpt lat="49.66394500130015" lon="-116.80900499658571">
    <ele>553.7800000000001</ele>
   </trkpt>
   <trkpt lat="49.663650000000004" lon="-116.80845000000001">
    <ele>553.82</ele>
   </trkpt>
   <trkpt lat="49.66331500129434" lon="-116.80790499627263">
    <ele>554.32</ele>
   </trkpt>
   <trkpt lat="49.662980000000005" lon="-116.80736">
    <ele>554.12</ele>
   </trkpt>
   <trkpt lat="49.662710000000004" lon="-116.80714">
    <ele>554.11</ele>
   </trkpt>
   <trkpt lat="49.662130000000005" lon="-116.80658000000001">
    <ele>554.96</ele>
   </trkpt>
   <trkpt lat="49.66194" lon="-116.80642">
    <ele>555.58</ele>
   </trkpt>
   <trkpt lat="49.661660000000005" lon="-116.80607">
    <ele>555.96</ele>
   </trkpt>
   <trkpt lat="49.66118" lon="-116.80541000000001">
    <ele>555.94</ele>
   </trkpt>
   <trkpt lat="49.661030000000004" lon="-116.80527000000001">
    <ele>555.9300000000001</ele>
   </trkpt>
   <trkpt lat="49.660700000000006" lon="-116.80509">
    <ele>555.4</ele>
   </trkpt>
   <trkpt lat="49.66053" lon="-116.80504">
    <ele>554.9200000000001</ele>
   </trkpt>
   <trkpt lat="49.65975" lon="-116.80504">
    <ele>554.42</ele>
   </trkpt>
   <trkpt lat="49.65936000000001" lon="-116.80499">
    <ele>555.35</ele>
   </trkpt>
   <trkpt lat="49.65883" lon="-116.80486">
    <ele>556.7500000000001</ele>
   </trkpt>
   <trkpt lat="49.65852" lon="-116.80472">
    <ele>556.7</ele>
   </trkpt>
   <trkpt lat="49.65789" lon="-116.80424000000001">
    <ele>556.19</ele>
   </trkpt>
   <trkpt lat="49.65753" lon="-116.80411000000001">
    <ele>555.44</ele>
   </trkpt>
   <trkpt lat="49.65735" lon="-116.80411000000001">
    <ele>555.44</ele>
   </trkpt>
   <trkpt lat="49.65697" lon="-116.80418000000002">
    <ele>555.01</ele>
   </trkpt>
   <trkpt lat="49.65679" lon="-116.80414">
    <ele>554.7800000000001</ele>
   </trkpt>
   <trkpt lat="49.656290000000006" lon="-116.80387">
    <ele>553.6600000000001</ele>
   </trkpt>
   <trkpt lat="49.65563" lon="-116.80329">
    <ele>554.23</ele>
   </trkpt>
   <trkpt lat="49.65545" lon="-116.8032">
    <ele>554.9900000000001</ele>
   </trkpt>
   <trkpt lat="49.65529" lon="-116.80321">
    <ele>555.6800000000001</ele>
   </trkpt>
   <trkpt lat="49.65495000000001" lon="-116.80330000000001">
    <ele>558.5</ele>
   </trkpt>
   <trkpt lat="49.65478" lon="-116.80333">
    <ele>558.97</ele>
   </trkpt>
   <trkpt lat="49.654430000000005" lon="-116.8032">
    <ele>559.9399999999999</ele>
   </trkpt>
   <trkpt lat="49.653850000555934" lon="-116.80288499631605">
    <ele>562.28</ele>
   </trkpt>
   <trkpt lat="49.653270000000006" lon="-116.80257">
    <ele>562.23</ele>
   </trkpt>
   <trkpt lat="49.652800000000006" lon="-116.80213">
    <ele>560.88</ele>
   </trkpt>
   <trkpt lat="49.6525" lon="-116.80176000000002">
    <ele>558.97</ele>
   </trkpt>
   <trkpt lat="49.65232" lon="-116.80160000000001">
    <ele>558.6800000000001</ele>
   </trkpt>
   <trkpt lat="49.65176" lon="-116.80133000000001">
    <ele>558.98</ele>
   </trkpt>
   <trkpt lat="49.651180000000004" lon="-116.80096">
    <ele>559.5300000000001</ele>
   </trkpt>
   <trkpt lat="49.65057" lon="-116.80048000000001">
    <ele>559.6500000000001</ele>
   </trkpt>
   <trkpt lat="49.65028" lon="-116.80021">
    <ele>558.97</ele>
   </trkpt>
   <trkpt lat="49.650150000000004" lon="-116.80007">
    <ele>558.09</ele>
   </trkpt>
   <trkpt lat="49.64996000000001" lon="-116.79966">
    <ele>556.35</ele>
   </trkpt>
   <trkpt lat="49.64983" lon="-116.79953">
    <ele>556.35</ele>
   </trkpt>
   <trkpt lat="49.64965" lon="-116.79944">
    <ele>556.0</ele>
   </trkpt>
   <trkpt lat="49.6495" lon="-116.7994">
    <ele>555.21</ele>
   </trkpt>
   <trkpt lat="49.649370000000005" lon="-116.79944">
    <ele>554.5400000000001</ele>
   </trkpt>
   <trkpt lat="49.64885" lon="-116.79962">
    <ele>554.03</ele>
   </trkpt>
   <trkpt lat="49.648500000000006" lon="-116.79966">
    <ele>554.5300000000001</ele>
   </trkpt>
   <trkpt lat="49.648340000000005" lon="-116.79963000000001">
    <ele>554.6600000000001</ele>
   </trkpt>
   <trkpt lat="49.6482" lon="-116.79957">
    <ele>554.4100000000001</ele>
   </trkpt>
   <trkpt lat="49.64793" lon="-116.79935">
    <ele>553.7700000000001</ele>
   </trkpt>
   <trkpt lat="49.64781000000001" lon="-116.79918">
    <ele>552.5300000000001</ele>
   </trkpt>
   <trkpt lat="49.64734000000001" lon="-116.79836000000002">
    <ele>552.37</ele>
   </trkpt>
   <trkpt lat="49.64719" lon="-116.79815">
    <ele>553.3100000000001</ele>
   </trkpt>
   <trkpt lat="49.646530000000006" lon="-116.79766000000001">
    <ele>554.0400000000001</ele>
   </trkpt>
   <trkpt lat="49.64622000000001" lon="-116.79739000000001">
    <ele>553.61</ele>
   </trkpt>
   <trkpt lat="49.64578" lon="-116.79693">
    <ele>551.8100000000001</ele>
   </trkpt>
   <trkpt lat="49.645610000000005" lon="-116.79681000000001">
    <ele>551.4</ele>
   </trkpt>
   <trkpt lat="49.645430000000005" lon="-116.79676">
    <ele>551.4</ele>
   </trkpt>
   <trkpt lat="49.64526000000001" lon="-116.79675">
    <ele>551.98</ele>
   </trkpt>
   <trkpt lat="49.64491" lon="-116.7968">
    <ele>554.3</ele>
   </trkpt>
   <trkpt lat="49.644650000000006" lon="-116.79666">
    <ele>555.2900000000001</ele>
   </trkpt>
   <trkpt lat="49.64417" lon="-116.796">
    <ele>554.3</ele>
   </trkpt>
   <trkpt lat="49.643810001111945" lon="-116.79547999607928">
    <ele>551.9200000000001</ele>
   </trkpt>
   <trkpt lat="49.64345" lon="-116.79496">
    <ele>547.54</ele>
   </trkpt>
   <trkpt lat="49.64294000340507" lon="-116.79406999066732">
    <ele>542.12</ele>
   </trkpt>
   <trkpt lat="49.642430000000004" lon="-116.79318">
    <ele>541.27</ele>
   </trkpt>
   <trkpt lat="49.6418" lon="-116.79223">
    <ele>545.24</ele>
   </trkpt>
   <trkpt lat="49.641490000000005" lon="-116.79200000000002">
    <ele>546.1100000000001</ele>
   </trkpt>
   <trkpt lat="49.641180000000006" lon="-116.79193000000001">
    <ele>546.88</ele>
   </trkpt>
   <trkpt lat="49.640440000000005" lon="-116.79174">
    <ele>548.71</ele>
   </trkpt>
   <trkpt lat="49.64027" lon="-116.79165">
    <ele>550.58</ele>
   </trkpt>
   <trkpt lat="49.63996" lon="-116.79134">
    <ele>551.44</ele>
   </trkpt>
   <trkpt lat="49.639430000000004" lon="-116.79058">
    <ele>553.4</ele>
   </trkpt>
   <trkpt lat="49.63928000000001" lon="-116.79044">
    <ele>553.7500000000001</ele>
   </trkpt>
   <trkpt lat="49.639030000000005" lon="-116.79016000000001">
    <ele>554.09</ele>
   </trkpt>
   <trkpt lat="49.638920000000006" lon="-116.78999">
    <ele>553.85</ele>
   </trkpt>
   <trkpt lat="49.638490000000004" lon="-116.78883">
    <ele>552.21</ele>
   </trkpt>
   <trkpt lat="49.638380000000005" lon="-116.78861">
    <ele>553.1</ele>
   </trkpt>
   <trkpt lat="49.637710000000006" lon="-116.78793">
    <ele>554.61</ele>
   </trkpt>
   <trkpt lat="49.637570000000004" lon="-116.78775">
    <ele>554.96</ele>
   </trkpt>
   <trkpt lat="49.63729000000001" lon="-116.78750000000001">
    <ele>555.5400000000001</ele>
   </trkpt>
   <trkpt lat="49.63705" lon="-116.78735">
    <ele>556.84</ele>
   </trkpt>
   <trkpt lat="49.63667" lon="-116.78721000000002">
    <ele>557.9000000000001</ele>
   </trkpt>
   <trkpt lat="49.63606" lon="-116.78705000000001">
    <ele>560.28</ele>
   </trkpt>
   <trkpt lat="49.635690000000004" lon="-116.78704">
    <ele>561.3900000000001</ele>
   </trkpt>
   <trkpt lat="49.635310000000004" lon="-116.78712000000002">
    <ele>561.9399999999999</ele>
   </trkpt>
   <trkpt lat="49.63476000000001" lon="-116.78739000000002">
    <ele>560.77</ele>
   </trkpt>
   <trkpt lat="49.6341750006131" lon="-116.78773000401691">
    <ele>559.98</ele>
   </trkpt>
   <trkpt lat="49.633590000000005" lon="-116.78807">
    <ele>557.79</ele>
   </trkpt>
   <trkpt lat="49.63342" lon="-116.78807">
    <ele>557.79</ele>
   </trkpt>
   <trkpt lat="49.63266" lon="-116.78798">
    <ele>555.25</ele>
   </trkpt>
   <trkpt lat="49.63246" lon="-116.78798">
    <ele>553.5300000000001</ele>
   </trkpt>
   <trkpt lat="49.63203000000001" lon="-116.78811">
    <ele>551.6800000000001</ele>
   </trkpt>
   <trkpt lat="49.63183" lon="-116.7882">
    <ele>550.36</ele>
   </trkpt>
   <trkpt lat="49.63139" lon="-116.78834">
    <ele>548.61</ele>
   </trkpt>
   <trkpt lat="49.63096" lon="-116.78838">
    <ele>546.39</ele>
   </trkpt>
   <trkpt lat="49.630449999916564" lon="-116.78835999978725">
    <ele>544.79</ele>
   </trkpt>
   <trkpt lat="49.629940000000005" lon="-116.78834">
    <ele>544.6800000000001</ele>
   </trkpt>
   <trkpt lat="49.62975" lon="-116.78833000000002">
    <ele>544.6800000000001</ele>
   </trkpt>
   <trkpt lat="49.629400000000004" lon="-116.78821">
    <ele>544.5699999999999</ele>
   </trkpt>
   <trkpt lat="49.62923000000001" lon="-116.78812">
    <ele>544.33</ele>
   </trkpt>
   <trkpt lat="49.62892" lon="-116.78786000000001">
    <ele>544.24</ele>
   </trkpt>
   <trkpt lat="49.628780000000006" lon="-116.78772000000001">
    <ele>544.3100000000001</ele>
   </trkpt>
   <trkpt lat="49.62854" lon="-116.78736">
    <ele>544.0400000000001</ele>
   </trkpt>
   <trkpt lat="49.62839" lon="-116.78722">
    <ele>544.0400000000001</ele>
   </trkpt>
   <trkpt lat="49.62821" lon="-116.78712000000002">
    <ele>543.7</ele>
   </trkpt>
   <trkpt lat="49.62787" lon="-116.78696000000001">
    <ele>543.59</ele>
   </trkpt>
   <trkpt lat="49.627700000000004" lon="-116.78695">
    <ele>543.5699999999999</ele>
   </trkpt>
   <trkpt lat="49.627370000000006" lon="-116.78697000000001">
    <ele>543.6</ele>
   </trkpt>
   <trkpt lat="49.62736" lon="-116.78637">
    <ele>560.07</ele>
   </trkpt>
   <trkpt lat="49.62689" lon="-116.78577000000001">
    <ele>576.2</ele>
   </trkpt>
   <trkpt lat="49.626220000712834" lon="-116.78617500556601">
    <ele>572.16</ele>
   </trkpt>
   <trkpt lat="49.625550000000004" lon="-116.78658000000001">
    <ele>568.5100000000001</ele>
   </trkpt>
   <trkpt lat="49.625260000000004" lon="-116.78717">
    <ele>558.28</ele>
   </trkpt>
   <trkpt lat="49.624900000000004" lon="-116.78767">
    <ele>552.0500000000001</ele>
   </trkpt>
   <trkpt lat="49.62489" lon="-116.78768000000001">
    <ele>550.36</ele>
   </trkpt>
   <trkpt lat="49.62454" lon="-116.78708">
    <ele>557.86</ele>
   </trkpt>
   <trkpt lat="49.62418000083956" lon="-116.78660999638126">
    <ele>562.8100000000001</ele>
   </trkpt>
   <trkpt lat="49.62382" lon="-116.78614">
    <ele>567.37</ele>
   </trkpt>
   <trkpt lat="49.623560000000005" lon="-116.78556">
    <ele>571.16</ele>
   </trkpt>
   <trkpt lat="49.623380000000004" lon="-116.78529">
    <ele>573.34</ele>
   </trkpt>
   <trkpt lat="49.6231" lon="-116.78500000000001">
    <ele>577.4200000000001</ele>
   </trkpt>
   <trkpt lat="49.62303000000001" lon="-116.78494">
    <ele>577.65</ele>
   </trkpt>
   <trkpt lat="49.62247500089085" lon="-116.78537000482478">
    <ele>578.9200000000001</ele>
   </trkpt>
   <trkpt lat="49.62192" lon="-116.78580000000001">
    <ele>583.5600000000001</ele>
   </trkpt>
   <trkpt lat="49.621750000000006" lon="-116.78588">
    <ele>585.2</ele>
   </trkpt>
   <trkpt lat="49.62172" lon="-116.78574">
    <ele>585.94</ele>
   </trkpt>
   <trkpt lat="49.621900000000004" lon="-116.78561">
    <ele>586.99</ele>
   </trkpt>
   <trkpt lat="49.62225" lon="-116.78502">
    <ele>589.49</ele>
   </trkpt>
   <trkpt lat="49.622580000000006" lon="-116.78426">
    <ele>593.1500000000001</ele>
   </trkpt>
   <trkpt lat="49.62256500497891" lon="-116.78318499981526">
    <ele>600.1200000000001</ele>
   </trkpt>
   <trkpt lat="49.622550000000004" lon="-116.78211">
    <ele>609.57</ele>
   </trkpt>
   <trkpt lat="49.62267000000001" lon="-116.78171">
    <ele>615.77</ele>
   </trkpt>
   <trkpt lat="49.62266" lon="-116.78162">
    <ele>617.09</ele>
   </trkpt>
   <trkpt lat="49.622400000000006" lon="-116.78109">
    <ele>621.5500000000001</ele>
   </trkpt>
   <trkpt lat="49.622260000000004" lon="-116.78069">
    <ele>625.2700000000001</ele>
   </trkpt>
   <trkpt lat="49.62216" lon="-116.78064">
    <ele>627.1300000000001</ele>
   </trkpt>
   <trkpt lat="49.62200000000001" lon="-116.78081000000002">
    <ele>630.56</ele>
   </trkpt>
   <trkpt lat="49.621930000000006" lon="-116.78082">
    <ele>631.1600000000001</ele>
   </trkpt>
   <trkpt lat="49.62189000000001" lon="-116.78081000000002">
    <ele>631.71</ele>
   </trkpt>
   <trkpt lat="49.62187" lon="-116.78069">
    <ele>632.19</ele>
   </trkpt>
   <trkpt lat="49.621880000000004" lon="-116.78055">
    <ele>632.63</ele>
   </trkpt>
   <trkpt lat="49.62205" lon="-116.7797">
    <ele>639.05</ele>
   </trkpt>
   <trkpt lat="49.622130000000006" lon="-116.77876">
    <ele>644.38</ele>
   </trkpt>
   <trkpt lat="49.62228" lon="-116.778">
    <ele>648.49</ele>
   </trkpt>
   <trkpt lat="49.62234" lon="-116.77737">
    <ele>651.81</ele>
   </trkpt>
   <trkpt lat="49.62265000000001" lon="-116.77639">
    <ele>660.7400000000001</ele>
   </trkpt>
   <trkpt lat="49.622820011995074" lon="-116.77521000822067">
    <ele>659.5200000000001</ele>
   </trkpt>
   <trkpt lat="49.622990011997096" lon="-116.7740300082068">
    <ele>659.59</ele>
   </trkpt>
   <trkpt lat="49.623160000000006" lon="-116.77285">
    <ele>663.94</ele>
   </trkpt>
   <trkpt lat="49.62321000000001" lon="-116.77172000000002">
    <ele>668.1</ele>
   </trkpt>
   <trkpt lat="49.62319" lon="-116.77074">
    <ele>676.98</ele>
   </trkpt>
   <trkpt lat="49.62334000652055" lon="-116.76951000374528">
    <ele>685.7500000000001</ele>
   </trkpt>
   <trkpt lat="49.623490000000004" lon="-116.76828">
    <ele>699.58</ele>
   </trkpt>
   <trkpt lat="49.62382000374539" lon="-116.76734000653758">
    <ele>709.69</ele>
   </trkpt>
   <trkpt lat="49.62415000000001" lon="-116.7664">
    <ele>713.9100000000001</ele>
   </trkpt>
   <trkpt lat="49.62437500429954" lon="-116.76540000464965">
    <ele>719.65</ele>
   </trkpt>
   <trkpt lat="49.6246" lon="-116.76440000000001">
    <ele>723.3600000000001</ele>
   </trkpt>
   <trkpt lat="49.62460000417836" lon="-116.76341499974396">
    <ele>725.77</ele>
   </trkpt>
   <trkpt lat="49.6246" lon="-116.76243000000001">
    <ele>728.5500000000001</ele>
   </trkpt>
   <trkpt lat="49.62480751799858" lon="-116.76125001502497">
    <ele>738.44</ele>
   </trkpt>
   <trkpt lat="49.62501502400438" lon="-116.76007001999805">
    <ele>745.68</ele>
   </trkpt>
   <trkpt lat="49.625222518017196" lon="-116.7588900149197">
    <ele>753.68</ele>
   </trkpt>
   <trkpt lat="49.62543" lon="-116.75771">
    <ele>762.5400000000001</ele>
   </trkpt>
   <trkpt lat="49.62546000749969" lon="-116.75639000099271">
    <ele>772.6400000000001</ele>
   </trkpt>
   <trkpt lat="49.625490000000006" lon="-116.75507">
    <ele>780.63</ele>
   </trkpt>
   <trkpt lat="49.62540500209334" lon="-116.75437499889492">
    <ele>786.63</ele>
   </trkpt>
   <trkpt lat="49.62532" lon="-116.75368">
    <ele>792.36</ele>
   </trkpt>
   <trkpt lat="49.62512500339834" lon="-116.75278499618207">
    <ele>802.0100000000001</ele>
   </trkpt>
   <trkpt lat="49.624930000000006" lon="-116.75189">
    <ele>808.96</ele>
   </trkpt>
   <trkpt lat="49.62493002285377" lon="-116.75055999995026">
    <ele>817.27</ele>
   </trkpt>
   <trkpt lat="49.62493003047168" lon="-116.74922999989963">
    <ele>824.45</ele>
   </trkpt>
   <trkpt lat="49.62493002285377" lon="-116.74789999984903">
    <ele>833.47</ele>
   </trkpt>
   <trkpt lat="49.624930000000006" lon="-116.74657">
    <ele>841.4300000000001</ele>
   </trkpt>
   <trkpt lat="49.624893340675925" lon="-116.74564666526373">
    <ele>848.6700000000001</ele>
   </trkpt>
   <trkpt lat="49.62485667400873" lon="-116.7447233319171">
    <ele>855.7900000000001</ele>
   </trkpt>
   <trkpt lat="49.62482000000001" lon="-116.74380000000001">
    <ele>864.33</ele>
   </trkpt>
   <trkpt lat="49.62482000756075" lon="-116.7424749998943">
    <ele>873.0300000000001</ele>
   </trkpt>
   <trkpt lat="49.62482000000001" lon="-116.74115">
    <ele>884.8000000000001</ele>
   </trkpt>
   <trkpt lat="49.624786674990986" lon="-116.74016666519857">
    <ele>890.87</ele>
   </trkpt>
   <trkpt lat="49.62475334165349" lon="-116.73918333174252">
    <ele>897.08</ele>
   </trkpt>
   <trkpt lat="49.62472" lon="-116.7382">
    <ele>905.0100000000001</ele>
   </trkpt>
   <trkpt lat="49.624770002143386" lon="-116.73750000025429">
    <ele>912.44</ele>
   </trkpt>
   <trkpt lat="49.62482000000001" lon="-116.73680000000002">
    <ele>916.9200000000001</ele>
   </trkpt>
   <trkpt lat="49.62460000157587" lon="-116.73617999697605">
    <ele>922.0600000000001</ele>
   </trkpt>
   <trkpt lat="49.62438" lon="-116.73556">
    <ele>926.94</ele>
   </trkpt>
   <trkpt lat="49.624340000000004" lon="-116.73537">
    <ele>928.4000000000001</ele>
   </trkpt>
   <trkpt lat="49.624320000000004" lon="-116.73515">
    <ele>929.97</ele>
   </trkpt>
   <trkpt lat="49.62442" lon="-116.73440000000001">
    <ele>934.76</ele>
   </trkpt>
   <trkpt lat="49.624430000000004" lon="-116.73349">
    <ele>944.09</ele>
   </trkpt>
   <trkpt lat="49.62425334020318" lon="-116.73259666016841">
    <ele>948.3100000000001</ele>
   </trkpt>
   <trkpt lat="49.6240766735326" lon="-116.73170332681534">
    <ele>959.8900000000001</ele>
   </trkpt>
   <trkpt lat="49.623900000000006" lon="-116.73081">
    <ele>968.1200000000001</ele>
   </trkpt>
   <trkpt lat="49.6236625122842" lon="-116.72983498575083">
    <ele>977.6700000000001</ele>
   </trkpt>
   <trkpt lat="49.623425016380274" lon="-116.72885998100692">
    <ele>988.6800000000001</ele>
   </trkpt>
   <trkpt lat="49.62318751228837" lon="-116.72788498576844">
    <ele>995.89</ele>
   </trkpt>
   <trkpt lat="49.62295" lon="-116.72691">
    <ele>1008.2800000000001</ele>
   </trkpt>
   <trkpt lat="49.622870000000006" lon="-116.72629">
    <ele>1013.4300000000001</ele>
   </trkpt>
   <trkpt lat="49.6231150016656" lon="-116.72566000328034">
    <ele>1019.22</ele>
   </trkpt>
   <trkpt lat="49.623360000000005" lon="-116.72503">
    <ele>1025.5700000000002</ele>
   </trkpt>
   <trkpt lat="49.623395003291925" lon="-116.7241550007622">
    <ele>1030.2</ele>
   </trkpt>
   <trkpt lat="49.623430000000006" lon="-116.72328">
    <ele>1043.49</ele>
   </trkpt>
   <trkpt lat="49.62321000212479" lon="-116.7225899971177">
    <ele>1051.9</ele>
   </trkpt>
   <trkpt lat="49.62299" lon="-116.7219">
    <ele>1057.98</ele>
   </trkpt>
   <trkpt lat="49.62256333918885" lon="-116.72107665227932">
    <ele>1068.4</ele>
   </trkpt>
   <trkpt lat="49.62213667253882" lon="-116.72025331897832">
    <ele>1077.05</ele>
   </trkpt>
   <trkpt lat="49.62171000000001" lon="-116.71943">
    <ele>1083.79</ele>
   </trkpt>
   <trkpt lat="49.62150000200376" lon="-116.7187599973373">
    <ele>1092.06</ele>
   </trkpt>
   <trkpt lat="49.62129" lon="-116.71809">
    <ele>1100.4</ele>
   </trkpt>
   <trkpt lat="49.62087500085108" lon="-116.71766499645523">
    <ele>1107.07</ele>
   </trkpt>
   <trkpt lat="49.62046" lon="-116.71724">
    <ele>1112.4900000000002</ele>
   </trkpt>
   <trkpt lat="49.62023000184088" lon="-116.7165899969921">
    <ele>1119.1200000000001</ele>
   </trkpt>
   <trkpt lat="49.620000000000005" lon="-116.71594">
    <ele>1123.75</ele>
   </trkpt>
   <trkpt lat="49.619460000000004" lon="-116.71503000000001">
    <ele>1130.89</ele>
   </trkpt>
   <trkpt lat="49.61910500211158" lon="-116.7143199947087">
    <ele>1136.3500000000001</ele>
   </trkpt>
   <trkpt lat="49.618750000000006" lon="-116.71361">
    <ele>1143.8700000000001</ele>
   </trkpt>
   <trkpt lat="49.61850500151504" lon="-116.71300999689676">
    <ele>1149.17</ele>
   </trkpt>
   <trkpt lat="49.61826000000001" lon="-116.71241">
    <ele>1155.3500000000001</ele>
   </trkpt>
   <trkpt lat="49.61802" lon="-116.71134">
    <ele>1161.03</ele>
   </trkpt>
   <trkpt lat="49.6176" lon="-116.71045000000001">
    <ele>1170.1000000000001</ele>
   </trkpt>
   <trkpt lat="49.61713" lon="-116.71008">
    <ele>1175.54</ele>
   </trkpt>
   <trkpt lat="49.617090000000005" lon="-116.70989000000002">
    <ele>1176.88</ele>
   </trkpt>
   <trkpt lat="49.617250000000006" lon="-116.70968">
    <ele>1177.8700000000001</ele>
   </trkpt>
   <trkpt lat="49.617810000000006" lon="-116.71035">
    <ele>1180.77</ele>
   </trkpt>
   <trkpt lat="49.618430000000004" lon="-116.7112">
    <ele>1185.5300000000002</ele>
   </trkpt>
   <trkpt lat="49.61921" lon="-116.71173">
    <ele>1188.44</ele>
   </trkpt>
   <trkpt lat="49.61936000000001" lon="-116.71188000000001">
    <ele>1189.51</ele>
   </trkpt>
   <trkpt lat="49.619600000000005" lon="-116.71240000000002">
    <ele>1191.14</ele>
   </trkpt>
   <trkpt lat="49.61968" lon="-116.71241">
    <ele>1191.14</ele>
   </trkpt>
   <trkpt lat="49.61972" lon="-116.71236">
    <ele>1195.74</ele>
   </trkpt>
   <trkpt lat="49.619730000000004" lon="-116.71227">
    <ele>1195.74</ele>
   </trkpt>
   <trkpt lat="49.61972" lon="-116.71214">
    <ele>1195.74</ele>
   </trkpt>
   <trkpt lat="49.61943" lon="-116.71143000000001">
    <ele>1200.0300000000002</ele>
   </trkpt>
   <trkpt lat="49.618900000000004" lon="-116.71083000000002">
    <ele>1209.5900000000001</ele>
   </trkpt>
   <trkpt lat="49.618480000794676" lon="-116.71038499610303">
    <ele>1213.39</ele>
   </trkpt>
   <trkpt lat="49.61806000000001" lon="-116.70994">
    <ele>1214.65</ele>
   </trkpt>
   <trkpt lat="49.61753" lon="-116.70884000000001">
    <ele>1214.48</ele>
   </trkpt>
   <trkpt lat="49.616960000000006" lon="-116.70797">
    <ele>1216.8700000000001</ele>
   </trkpt>
   <trkpt lat="49.61656000000001" lon="-116.7073">
    <ele>1220.5300000000002</ele>
   </trkpt>
   <trkpt lat="49.616150000000005" lon="-116.7065">
    <ele>1222.8100000000002</ele>
   </trkpt>
   <trkpt lat="49.6159" lon="-116.70556">
    <ele>1226.4</ele>
   </trkpt>
   <trkpt lat="49.615750000000006" lon="-116.70542">
    <ele>1227.2500000000002</ele>
   </trkpt>
   <trkpt lat="49.615570000000005" lon="-116.70538">
    <ele>1229.0500000000002</ele>
   </trkpt>
   <trkpt lat="49.615410000000004" lon="-116.70556">
    <ele>1229.16</ele>
   </trkpt>
   <trkpt lat="49.61531" lon="-116.70667">
    <ele>1229.1000000000001</ele>
   </trkpt>
   <trkpt lat="49.61519000217863" lon="-116.70739000209699">
    <ele>1230.3200000000002</ele>
   </trkpt>
   <trkpt lat="49.61507" lon="-116.70811">
    <ele>1233.68</ele>
   </trkpt>
   <trkpt lat="49.614940000000004" lon="-116.70874">
    <ele>1239.5900000000001</ele>
   </trkpt>
   <trkpt lat="49.614250000000006" lon="-116.70928">
    <ele>1246.14</ele>
   </trkpt>
   <trkpt lat="49.613800000000005" lon="-116.70954">
    <ele>1251.5</ele>
   </trkpt>
   <trkpt lat="49.61319500064144" lon="-116.70994500507074">
    <ele>1254.8700000000001</ele>
   </trkpt>
   <trkpt lat="49.612590000000004" lon="-116.71035">
    <ele>1257.8600000000001</ele>
   </trkpt>
   <trkpt lat="49.612140000000004" lon="-116.71085000000001">
    <ele>1261.2800000000002</ele>
   </trkpt>
   <trkpt lat="49.61196" lon="-116.71124">
    <ele>1262.2900000000002</ele>
   </trkpt>
   <trkpt lat="49.611230000000006" lon="-116.71178">
    <ele>1269.18</ele>
   </trkpt>
   <trkpt lat="49.611160000000005" lon="-116.71192">
    <ele>1269.4</ele>
   </trkpt>
   <trkpt lat="49.61117" lon="-116.71206000000001">
    <ele>1269.9900000000002</ele>
   </trkpt>
   <trkpt lat="49.61149" lon="-116.71219">
    <ele>1272.45</ele>
   </trkpt>
   <trkpt lat="49.612100000000005" lon="-116.71237">
    <ele>1278.04</ele>
   </trkpt>
   <trkpt lat="49.612660000000005" lon="-116.71236">
    <ele>1282.22</ele>
   </trkpt>
   <trkpt lat="49.613220000000005" lon="-116.71224000000001">
    <ele>1284.8400000000001</ele>
   </trkpt>
   <trkpt lat="49.61394000000001" lon="-116.71223">
    <ele>1288.78</ele>
   </trkpt>
   <trkpt lat="49.614720000000005" lon="-116.71255000000001">
    <ele>1296.5600000000002</ele>
   </trkpt>
   <trkpt lat="49.61477000000001" lon="-116.71263">
    <ele>1298.8400000000001</ele>
   </trkpt>
   <trkpt lat="49.61478" lon="-116.71272">
    <ele>1299.38</ele>
   </trkpt>
   <trkpt lat="49.61475" lon="-116.71278000000001">
    <ele>1299.8700000000001</ele>
   </trkpt>
   <trkpt lat="49.61471" lon="-116.71282000000001">
    <ele>1300.3200000000002</ele>
   </trkpt>
   <trkpt lat="49.614200000000004" lon="-116.71273000000001">
    <ele>1304.5800000000002</ele>
   </trkpt>
   <trkpt lat="49.61374000000001" lon="-116.7129">
    <ele>1309.66</ele>
   </trkpt>
   <trkpt lat="49.61321" lon="-116.71312">
    <ele>1315.74</ele>
   </trkpt>
   <trkpt lat="49.6124800002452" lon="-116.71336500367387">
    <ele>1322.51</ele>
   </trkpt>
   <trkpt lat="49.61175" lon="-116.71361">
    <ele>1329.16</ele>
   </trkpt>
   <trkpt lat="49.611140000000006" lon="-116.71376000000001">
    <ele>1333.3400000000001</ele>
   </trkpt>
   <trkpt lat="49.610530000000004" lon="-116.71393">
    <ele>1340.67</ele>
   </trkpt>
   <trkpt lat="49.61005500027573" lon="-116.71411000170242">
    <ele>1345.8000000000002</ele>
   </trkpt>
   <trkpt lat="49.60958" lon="-116.71429">
    <ele>1351.79</ele>
   </trkpt>
   <trkpt lat="49.60877000025813" lon="-116.71453000398493">
    <ele>1362.19</ele>
   </trkpt>
   <trkpt lat="49.607960000000006" lon="-116.71477000000002">
    <ele>1374.24</ele>
   </trkpt>
   <trkpt lat="49.60727000000001" lon="-116.71469">
    <ele>1381.8400000000001</ele>
   </trkpt>
   <trkpt lat="49.606680000000004" lon="-116.71478">
    <ele>1387.0</ele>
   </trkpt>
   <trkpt lat="49.60610000003016" lon="-116.71475499970373">
    <ele>1391.55</ele>
   </trkpt>
   <trkpt lat="49.605520000000006" lon="-116.71473">
    <ele>1396.6900000000003</ele>
   </trkpt>
   <trkpt lat="49.604890000000005" lon="-116.7146">
    <ele>1403.3000000000002</ele>
   </trkpt>
   <trkpt lat="49.604580000000006" lon="-116.71433">
    <ele>1407.3300000000002</ele>
   </trkpt>
   <trkpt lat="49.60387" lon="-116.71410000000002">
    <ele>1416.63</ele>
   </trkpt>
   <trkpt lat="49.60349" lon="-116.71442">
    <ele>1420.7500000000002</ele>
   </trkpt>
   <trkpt lat="49.603320000000004" lon="-116.71446">
    <ele>1422.8400000000001</ele>
   </trkpt>
   <trkpt lat="49.60315000000001" lon="-116.71438">
    <ele>1425.5700000000002</ele>
   </trkpt>
   <trkpt lat="49.60296" lon="-116.71411">
    <ele>1429.14</ele>
   </trkpt>
   <trkpt lat="49.60271" lon="-116.71383000000002">
    <ele>1432.08</ele>
   </trkpt>
   <trkpt lat="49.60230000000001" lon="-116.71361">
    <ele>1436.13</ele>
   </trkpt>
   <trkpt lat="49.60164" lon="-116.71339">
    <ele>1441.21</ele>
   </trkpt>
   <trkpt lat="49.60085" lon="-116.71326">
    <ele>1445.9400000000003</ele>
   </trkpt>
   <trkpt lat="49.600150000000006" lon="-116.71289000000002">
    <ele>1450.3300000000002</ele>
   </trkpt>
   <trkpt lat="49.59982" lon="-116.71267">
    <ele>1452.29</ele>
   </trkpt>
   <trkpt lat="49.59967" lon="-116.71251000000001">
    <ele>1452.79</ele>
   </trkpt>
   <trkpt lat="49.59958" lon="-116.71236">
    <ele>1453.0400000000002</ele>
   </trkpt>
   <trkpt lat="49.59955" lon="-116.71219">
    <ele>1453.47</ele>
   </trkpt>
   <trkpt lat="49.599540000000005" lon="-116.71191">
    <ele>1455.4300000000003</ele>
   </trkpt>
   <trkpt lat="49.59958" lon="-116.71179000000001">
    <ele>1455.8200000000002</ele>
   </trkpt>
   <trkpt lat="49.59964" lon="-116.71173">
    <ele>1456.17</ele>
   </trkpt>
   <trkpt lat="49.599920000000004" lon="-116.71164">
    <ele>1457.89</ele>
   </trkpt>
   <trkpt lat="49.60078000000001" lon="-116.71147">
    <ele>1458.9</ele>
   </trkpt>
   <trkpt lat="49.601200000000006" lon="-116.71164">
    <ele>1458.99</ele>
   </trkpt>
   <trkpt lat="49.60165000000001" lon="-116.71188000000001">
    <ele>1459.8600000000001</ele>
   </trkpt>
   <trkpt lat="49.60219499995225" lon="-116.71176000136545">
    <ele>1461.67</ele>
   </trkpt>
   <trkpt lat="49.602740000000004" lon="-116.71164">
    <ele>1462.77</ele>
   </trkpt>
   <trkpt lat="49.603410000000004" lon="-116.71138">
    <ele>1463.99</ele>
   </trkpt>
   <trkpt lat="49.604060000000004" lon="-116.71106">
    <ele>1466.0600000000002</ele>
   </trkpt>
   <trkpt lat="49.60454000000001" lon="-116.71079">
    <ele>1470.11</ele>
   </trkpt>
   <trkpt lat="49.60522" lon="-116.71057">
    <ele>1476.82</ele>
   </trkpt>
   <trkpt lat="49.605520000000006" lon="-116.71021">
    <ele>1483.2500000000002</ele>
   </trkpt>
   <trkpt lat="49.60575000000001" lon="-116.70976">
    <ele>1488.1000000000001</ele>
   </trkpt>
   <trkpt lat="49.60577000000001" lon="-116.70964000000001">
    <ele>1489.17</ele>
   </trkpt>
   <trkpt lat="49.60575000000001" lon="-116.70954">
    <ele>1489.17</ele>
   </trkpt>
   <trkpt lat="49.605700000000006" lon="-116.70942000000001">
    <ele>1490.72</ele>
   </trkpt>
   <trkpt lat="49.605610000000006" lon="-116.70937">
    <ele>1491.26</ele>
   </trkpt>
   <trkpt lat="49.60553" lon="-116.70945">
    <ele>1493.54</ele>
   </trkpt>
   <trkpt lat="49.605450000000005" lon="-116.70963">
    <ele>1494.6000000000001</ele>
   </trkpt>
   <trkpt lat="49.605340000000005" lon="-116.70976">
    <ele>1495.5600000000002</ele>
   </trkpt>
   <trkpt lat="49.605180000000004" lon="-116.70981">
    <ele>1500.0500000000002</ele>
   </trkpt>
   <trkpt lat="49.604414999997275" lon="-116.70971999858342">
    <ele>1506.92</ele>
   </trkpt>
   <trkpt lat="49.60365" lon="-116.70963">
    <ele>1516.31</ele>
   </trkpt>
   <trkpt lat="49.60327" lon="-116.70937">
    <ele>1521.24</ele>
   </trkpt>
   <trkpt lat="49.602520000000005" lon="-116.70929000000001">
    <ele>1529.53</ele>
   </trkpt>
   <trkpt lat="49.602160000000005" lon="-116.7091">
    <ele>1534.0200000000002</ele>
   </trkpt>
   <trkpt lat="49.60154000000001" lon="-116.70865">
    <ele>1540.34</ele>
   </trkpt>
   <trkpt lat="49.60071000000001" lon="-116.70847">
    <ele>1548.24</ele>
   </trkpt>
   <trkpt lat="49.600150000297766" lon="-116.70860000144073">
    <ele>1548.24</ele>
   </trkpt>
   <trkpt lat="49.599590000000006" lon="-116.70873">
    <ele>1548.42</ele>
   </trkpt>
   <trkpt lat="49.59906500014794" lon="-116.70861999883581">
    <ele>1549.39</ele>
   </trkpt>
   <trkpt lat="49.59854000000001" lon="-116.70851">
    <ele>1551.2400000000002</ele>
   </trkpt>
   <trkpt lat="49.59794" lon="-116.70847">
    <ele>1557.0400000000002</ele>
   </trkpt>
   <trkpt lat="49.59730499998062" lon="-116.708264997266">
    <ele>1564.3300000000002</ele>
   </trkpt>
   <trkpt lat="49.59667" lon="-116.70806">
    <ele>1571.8100000000002</ele>
   </trkpt>
   <trkpt lat="49.59601000005901" lon="-116.70801499939446">
    <ele>1579.46</ele>
   </trkpt>
   <trkpt lat="49.59535" lon="-116.70797">
    <ele>1590.74</ele>
   </trkpt>
   <trkpt lat="49.594855000106975" lon="-116.70813000162495">
    <ele>1596.7300000000002</ele>
   </trkpt>
   <trkpt lat="49.59436" lon="-116.70829">
    <ele>1605.25</ele>
   </trkpt>
   <trkpt lat="49.59363000013344" lon="-116.70842000193493">
    <ele>1615.14</ele>
   </trkpt>
   <trkpt lat="49.59290000000001" lon="-116.70855">
    <ele>1627.14</ele>
   </trkpt>
   <trkpt lat="49.5923" lon="-116.70843">
    <ele>1638.0700000000002</ele>
   </trkpt>
   <trkpt lat="49.591700000075654" lon="-116.70833499883726">
    <ele>1647.7700000000002</ele>
   </trkpt>
   <trkpt lat="49.591100000000004" lon="-116.70824">
    <ele>1653.67</ele>
   </trkpt>
   <trkpt lat="49.59066000000001" lon="-116.70775">
    <ele>1657.3700000000001</ele>
   </trkpt>
   <trkpt lat="49.59009500005349" lon="-116.7077249997127">
    <ele>1661.3600000000001</ele>
   </trkpt>
   <trkpt lat="49.58953" lon="-116.7077">
    <ele>1668.8200000000002</ele>
   </trkpt>
   <trkpt lat="49.58881" lon="-116.70753">
    <ele>1678.5500000000002</ele>
   </trkpt>
   <trkpt lat="49.588440000000006" lon="-116.7073">
    <ele>1683.1</ele>
   </trkpt>
   <trkpt lat="49.58794" lon="-116.70672">
    <ele>1689.41</ele>
   </trkpt>
   <trkpt lat="49.58738" lon="-116.70569">
    <ele>1699.7900000000002</ele>
   </trkpt>
   <trkpt lat="49.58668" lon="-116.70497">
    <ele>1708.17</ele>
   </trkpt>
   <trkpt lat="49.585950000000004" lon="-116.70457">
    <ele>1712.94</ele>
   </trkpt>
   <trkpt lat="49.586110000000005" lon="-116.70434000000002">
    <ele>1714.65</ele>
   </trkpt>
   <trkpt lat="49.586720000066904" lon="-116.70441499906748">
    <ele>1718.3400000000001</ele>
   </trkpt>
   <trkpt lat="49.58733" lon="-116.70449">
    <ele>1724.2</ele>
   </trkpt>
   <trkpt lat="49.58796" lon="-116.70435">
    <ele>1731.0800000000002</ele>
   </trkpt>
   <trkpt lat="49.58852" lon="-116.70412">
    <ele>1738.7800000000002</ele>
   </trkpt>
   <trkpt lat="49.588985000028934" lon="-116.7040550006181">
    <ele>1743.8200000000002</ele>
   </trkpt>
   <trkpt lat="49.58945000000001" lon="-116.70399">
    <ele>1748.9500000000003</ele>
   </trkpt>
   <trkpt lat="49.59026" lon="-116.70403">
    <ele>1758.5000000000002</ele>
   </trkpt>
   <trkpt lat="49.59105" lon="-116.70394">
    <ele>1768.0600000000002</ele>
   </trkpt>
   <trkpt lat="49.5919" lon="-116.70421">
    <ele>1774.3600000000001</ele>
   </trkpt>
   <trkpt lat="49.59198000000001" lon="-116.70417">
    <ele>1779.09</ele>
   </trkpt>
   <trkpt lat="49.592020000000005" lon="-116.70407000000002">
    <ele>1779.09</ele>
   </trkpt>
   <trkpt lat="49.59201" lon="-116.7039">
    <ele>1780.19</ele>
   </trkpt>
   <trkpt lat="49.591930000000005" lon="-116.70381">
    <ele>1780.19</ele>
   </trkpt>
   <trkpt lat="49.59141000013165" lon="-116.70358499756396">
    <ele>1787.89</ele>
   </trkpt>
   <trkpt lat="49.59089" lon="-116.70336">
    <ele>1795.02</ele>
   </trkpt>
   <trkpt lat="49.590500000000006" lon="-116.703">
    <ele>1798.5400000000002</ele>
   </trkpt>
   <trkpt lat="49.58973" lon="-116.70266000000001">
    <ele>1805.17</ele>
   </trkpt>
   <trkpt lat="49.588890000000006" lon="-116.70219000000002">
    <ele>1814.19</ele>
   </trkpt>
   <trkpt lat="49.588280000000005" lon="-116.70149">
    <ele>1821.46</ele>
   </trkpt>
   <trkpt lat="49.587720000000004" lon="-116.70063">
    <ele>1831.1200000000001</ele>
   </trkpt>
   <trkpt lat="49.587250000000004" lon="-116.69974">
    <ele>1838.2200000000003</ele>
   </trkpt>
   <trkpt lat="49.586960000000005" lon="-116.69897">
    <ele>1844.5000000000002</ele>
   </trkpt>
   <trkpt lat="49.58681000000001" lon="-116.69866">
    <ele>1848.3</ele>
   </trkpt>
   <trkpt lat="49.58670000000001" lon="-116.69848">
    <ele>1849.67</ele>
   </trkpt>
   <trkpt lat="49.58666" lon="-116.69835">
    <ele>1850.2900000000002</ele>
   </trkpt>
   <trkpt lat="49.58668" lon="-116.69826">
    <ele>1850.5200000000002</ele>
   </trkpt>
   <trkpt lat="49.58677" lon="-116.69821">
    <ele>1851.29</ele>
   </trkpt>
   <trkpt lat="49.586850000000005" lon="-116.69821">
    <ele>1851.29</ele>
   </trkpt>
   <trkpt lat="49.586960000000005" lon="-116.69826">
    <ele>1851.7100000000003</ele>
   </trkpt>
   <trkpt lat="49.587500000000006" lon="-116.69884">
    <ele>1855.9800000000002</ele>
   </trkpt>
   <trkpt lat="49.58794" lon="-116.69934">
    <ele>1860.4</ele>
   </trkpt>
   <trkpt lat="49.58831000000001" lon="-116.69965">
    <ele>1862.9400000000003</ele>
   </trkpt>
   <trkpt lat="49.588820000000005" lon="-116.70032">
    <ele>1869.3200000000002</ele>
   </trkpt>
   <trkpt lat="49.58887000000001" lon="-116.70032">
    <ele>1869.3200000000002</ele>
   </trkpt>
   <trkpt lat="49.58892" lon="-116.70027">
    <ele>1869.3200000000002</ele>
   </trkpt>
   <trkpt lat="49.588930000000005" lon="-116.70018">
    <ele>1872.99</ele>
   </trkpt>
   <trkpt lat="49.588910000000006" lon="-116.70005">
    <ele>1872.99</ele>
   </trkpt>
   <trkpt lat="49.58854000271563" lon="-116.69926499417593">
    <ele>1877.3000000000002</ele>
   </trkpt>
   <trkpt lat="49.588170000000005" lon="-116.69848">
    <ele>1883.6000000000001</ele>
   </trkpt>
   <trkpt lat="49.587975001710284" lon="-116.69784999748381">
    <ele>1888.7900000000002</ele>
   </trkpt>
   <trkpt lat="49.58778" lon="-116.69722000000002">
    <ele>1893.8600000000001</ele>
   </trkpt>
   <trkpt lat="49.587566678245786" lon="-116.69605998978263">
    <ele>1905.3300000000002</ele>
   </trkpt>
   <trkpt lat="49.587353344899135" lon="-116.69489998971041">
    <ele>1913.41</ele>
   </trkpt>
   <trkpt lat="49.587140000000005" lon="-116.69374">
    <ele>1923.25</ele>
   </trkpt>
   <trkpt lat="49.586580000000005" lon="-116.69275">
    <ele>1932.8</ele>
   </trkpt>
   <trkpt lat="49.58616000000001" lon="-116.69181">
    <ele>1939.72</ele>
   </trkpt>
   <trkpt lat="49.58561" lon="-116.69127">
    <ele>1945.42</ele>
   </trkpt>
   <trkpt lat="49.584950000000006" lon="-116.69087">
    <ele>1951.8200000000002</ele>
   </trkpt>
   <trkpt lat="49.58453" lon="-116.69051">
    <ele>1955.7600000000002</ele>
   </trkpt>
   <trkpt lat="49.58465" lon="-116.69006">
    <ele>1958.91</ele>
   </trkpt>
   <trkpt lat="49.585080000000005" lon="-116.69011">
    <ele>1962.67</ele>
   </trkpt>
   <trkpt lat="49.5857" lon="-116.69065">
    <ele>1970.17</ele>
   </trkpt>
   <trkpt lat="49.58599" lon="-116.69038">
    <ele>1972.4</ele>
   </trkpt>
   <trkpt lat="49.58588500195776" lon="-116.68970499851604">
    <ele>1976.32</ele>
   </trkpt>
   <trkpt lat="49.58578000000001" lon="-116.68903">
    <ele>1981.98</ele>
   </trkpt>
   <trkpt lat="49.585580002227566" lon="-116.68831499715986">
    <ele>1987.6000000000001</ele>
   </trkpt>
   <trkpt lat="49.58538" lon="-116.6876">
    <ele>1992.3100000000002</ele>
   </trkpt>
   <trkpt lat="49.58520000358991" lon="-116.6866849965404">
    <ele>1994.67</ele>
   </trkpt>
   <trkpt lat="49.58502000000001" lon="-116.68577">
    <ele>1996.45</ele>
   </trkpt>
   <trkpt lat="49.58500500265273" lon="-116.68498499966927">
    <ele>1997.54</ele>
   </trkpt>
   <trkpt lat="49.584990000000005" lon="-116.6842">
    <ele>2000.2</ele>
   </trkpt>
   <trkpt lat="49.58504000470637" lon="-116.68315500102045">
    <ele>2009.2500000000002</ele>
   </trkpt>
   <trkpt lat="49.58509" lon="-116.68211000000001">
    <ele>2018.4900000000002</ele>
   </trkpt>
   <trkpt lat="49.58488500172743" lon="-116.68146999719552">
    <ele>2022.73</ele>
   </trkpt>
   <trkpt lat="49.584680000000006" lon="-116.68083000000001">
    <ele>2025.77</ele>
   </trkpt>
   <trkpt lat="49.584680000000006" lon="-116.68081000000001">
    <ele>2025.77</ele>
   </trkpt>
   <trkpt lat="49.58466000000001" lon="-116.68076">
    <ele>2029.2000000000003</ele>
   </trkpt>
   <trkpt lat="49.58516" lon="-116.68038000000001">
    <ele>2044.5000000000002</ele>
   </trkpt>
   <trkpt lat="49.58488500182126" lon="-116.67973999652502">
    <ele>2044.5000000000002</ele>
   </trkpt>
   <trkpt lat="49.584610000000005" lon="-116.6791">
    <ele>2089.27</ele>
   </trkpt>
   <trkpt lat="49.58422000159496" lon="-116.6784949951923">
    <ele>2078.51</ele>
   </trkpt>
   <trkpt lat="49.583830000000006" lon="-116.67789">
    <ele>2078.51</ele>
   </trkpt>
   <trkpt lat="49.58334000000001" lon="-116.67832000000001">
    <ele>2045.65</ele>
   </trkpt>
   <trkpt lat="49.583330000000004" lon="-116.67833">
    <ele>2046.6399999999999</ele>
   </trkpt>
   <trkpt lat="49.58309000175485" lon="-116.67768999682649">
    <ele>2049.96</ele>
   </trkpt>
   <trkpt lat="49.58285" lon="-116.67705000000001">
    <ele>2053.63</ele>
   </trkpt>
   <trkpt lat="49.58232" lon="-116.6761">
    <ele>2059.5000000000005</ele>
   </trkpt>
   <trkpt lat="49.58178500016815" lon="-116.67594499831922">
    <ele>2063.85</ele>
   </trkpt>
   <trkpt lat="49.581250000000004" lon="-116.67579">
    <ele>2068.82</ele>
   </trkpt>
   <trkpt lat="49.58104" lon="-116.67574">
    <ele>2069.36</ele>
   </trkpt>
   <trkpt lat="49.580400000000004" lon="-116.67585000000001">
    <ele>2064.59</ele>
   </trkpt>
   <trkpt lat="49.58043000000001" lon="-116.67626000000001">
    <ele>2074.03</ele>
   </trkpt>
   <trkpt lat="49.57996000151518" lon="-116.67685500574333">
    <ele>2074.03</ele>
   </trkpt>
   <trkpt lat="49.57949000000001" lon="-116.67745000000001">
    <ele>2077.36</ele>
   </trkpt>
   <trkpt lat="49.57910000075081" lon="-116.67788500354828">
    <ele>2070.37</ele>
   </trkpt>
   <trkpt lat="49.57871" lon="-116.67832000000001">
    <ele>2070.37</ele>
   </trkpt>
   <trkpt lat="49.57815000016643" lon="-116.6784900019381">
    <ele>2061.9300000000003</ele>
   </trkpt>
   <trkpt lat="49.57759" lon="-116.67866000000001">
    <ele>2054.7400000000002</ele>
   </trkpt>
   <trkpt lat="49.577040000000004" lon="-116.67832000000001">
    <ele>2048.6</ele>
   </trkpt>
   <trkpt lat="49.577200000000005" lon="-116.67771">
    <ele>2040.69</ele>
   </trkpt>
   <trkpt lat="49.577760000000005" lon="-116.67695">
    <ele>2035.59</ele>
   </trkpt>
   <trkpt lat="49.578210000000006" lon="-116.67642000000001">
    <ele>2034.51</ele>
   </trkpt>
   <trkpt lat="49.57865" lon="-116.67626000000001">
    <ele>2039.88</ele>
   </trkpt>
   <trkpt lat="49.57893000000001" lon="-116.67557000000001">
    <ele>2032.7</ele>
   </trkpt>
   <trkpt lat="49.578454999817474" lon="-116.67552499954387">
    <ele>2017.49</ele>
   </trkpt>
   <trkpt lat="49.577980000000004" lon="-116.67548000000001">
    <ele>2017.49</ele>
   </trkpt>
   <trkpt lat="49.577090000000005" lon="-116.67557000000001">
    <ele>2006.8000000000002</ele>
   </trkpt>
   <trkpt lat="49.576590000024254" lon="-116.67547999907602">
    <ele>1997.3500000000001</ele>
   </trkpt>
   <trkpt lat="49.57609" lon="-116.67539000000001">
    <ele>1997.3500000000001</ele>
   </trkpt>
   <trkpt lat="49.5752" lon="-116.67539000000001">
    <ele>1989.8000000000002</ele>
   </trkpt>
   <trkpt lat="49.57464" lon="-116.67471">
    <ele>1970.7800000000002</ele>
   </trkpt>
   <trkpt lat="49.57464" lon="-116.67467">
    <ele>1971.0700000000002</ele>
   </trkpt>
   <trkpt lat="49.57437" lon="-116.67454000000001">
    <ele>1970.0300000000002</ele>
   </trkpt>
   <trkpt lat="49.57392" lon="-116.67399">
    <ele>1967.71</ele>
   </trkpt>
   <trkpt lat="49.573910000000005" lon="-116.67381">
    <ele>1966.67</ele>
   </trkpt>
   <trkpt lat="49.57403000000001" lon="-116.67377">
    <ele>1965.78</ele>
   </trkpt>
   <trkpt lat="49.574870000000004" lon="-116.67413">
    <ele>1956.49</ele>
   </trkpt>
   <trkpt lat="49.575450000000004" lon="-116.67376000000002">
    <ele>1951.6200000000001</ele>
   </trkpt>
   <trkpt lat="49.57603" lon="-116.67292">
    <ele>1947.28</ele>
   </trkpt>
   <trkpt lat="49.57638000000001" lon="-116.67248000000001">
    <ele>1944.5800000000002</ele>
   </trkpt>
   <trkpt lat="49.57683000053425" lon="-116.67211500339776">
    <ele>1940.67</ele>
   </trkpt>
   <trkpt lat="49.57728" lon="-116.67175">
    <ele>1935.55</ele>
   </trkpt>
   <trkpt lat="49.577760000000005" lon="-116.67104">
    <ele>1931.24</ele>
   </trkpt>
   <trkpt lat="49.57820500014361" lon="-116.6709050012113">
    <ele>1927.9400000000003</ele>
   </trkpt>
   <trkpt lat="49.57865" lon="-116.67077">
    <ele>1923.3700000000001</ele>
   </trkpt>
   <trkpt lat="49.579260000000005" lon="-116.66992">
    <ele>1916.0400000000002</ele>
   </trkpt>
   <trkpt lat="49.57987000000001" lon="-116.66973000000002">
    <ele>1911.0900000000001</ele>
   </trkpt>
   <trkpt lat="49.58043000000001" lon="-116.66924000000002">
    <ele>1904.68</ele>
   </trkpt>
   <trkpt lat="49.58096000225772" lon="-116.66850500807959">
    <ele>1896.39</ele>
   </trkpt>
   <trkpt lat="49.58149" lon="-116.66777">
    <ele>1888.8700000000001</ele>
   </trkpt>
   <trkpt lat="49.58229000000001" lon="-116.66742">
    <ele>1876.5200000000002</ele>
   </trkpt>
   <trkpt lat="49.582760000528054" lon="-116.66708500319513">
    <ele>1871.6200000000001</ele>
   </trkpt>
   <trkpt lat="49.58323000000001" lon="-116.66675000000001">
    <ele>1863.2100000000003</ele>
   </trkpt>
   <trkpt lat="49.58367500001212" lon="-116.66664000101314">
    <ele>1855.7800000000002</ele>
   </trkpt>
   <trkpt lat="49.584120000000006" lon="-116.66653000000001">
    <ele>1851.9900000000002</ele>
   </trkpt>
   <trkpt lat="49.58458000021514" lon="-116.66652999999998">
    <ele>1847.47</ele>
   </trkpt>
   <trkpt lat="49.585040000000006" lon="-116.66653000000001">
    <ele>1844.81</ele>
   </trkpt>
   <trkpt lat="49.58565499991385" lon="-116.66658999923371">
    <ele>1841.66</ele>
   </trkpt>
   <trkpt lat="49.586270000000006" lon="-116.66665">
    <ele>1838.2300000000002</ele>
   </trkpt>
   <trkpt lat="49.586875000241484" lon="-116.6664300027163">
    <ele>1833.5800000000002</ele>
   </trkpt>
   <trkpt lat="49.587480000000006" lon="-116.66621">
    <ele>1826.5700000000002</ele>
   </trkpt>
   <trkpt lat="49.58816500047941" lon="-116.66584500517558">
    <ele>1819.2100000000003</ele>
   </trkpt>
   <trkpt lat="49.58885" lon="-116.66548000000002">
    <ele>1816.44</ele>
   </trkpt>
   <trkpt lat="49.58964999992518" lon="-116.66541500107357">
    <ele>1812.6000000000001</ele>
   </trkpt>
   <trkpt lat="49.590450000000004" lon="-116.66535">
    <ele>1811.0400000000002</ele>
   </trkpt>
   <trkpt lat="49.591090000076406" lon="-116.66513500286219">
    <ele>1809.8600000000001</ele>
   </trkpt>
   <trkpt lat="49.591730000000005" lon="-116.66492000000001">
    <ele>1808.68</ele>
   </trkpt>
   <trkpt lat="49.59244500006347" lon="-116.66477500213105">
    <ele>1808.2900000000002</ele>
   </trkpt>
   <trkpt lat="49.593160000000005" lon="-116.66463">
    <ele>1807.0900000000001</ele>
   </trkpt>
   <trkpt lat="49.59375000052299" lon="-116.66423000495139">
    <ele>1806.8500000000001</ele>
   </trkpt>
   <trkpt lat="49.59434" lon="-116.66383">
    <ele>1806.24</ele>
   </trkpt>
   <trkpt lat="49.594925001028706" lon="-116.6633450058046">
    <ele>1803.6900000000003</ele>
   </trkpt>
   <trkpt lat="49.595510000000004" lon="-116.66286000000001">
    <ele>1800.39</ele>
   </trkpt>
   <trkpt lat="49.59612000206236" lon="-116.66218000842657">
    <ele>1795.0</ele>
   </trkpt>
   <trkpt lat="49.59673" lon="-116.6615">
    <ele>1788.85</ele>
   </trkpt>
   <trkpt lat="49.59737000155358" lon="-116.66089500796151">
    <ele>1782.73</ele>
   </trkpt>
   <trkpt lat="49.59801" lon="-116.66029">
    <ele>1777.6000000000001</ele>
   </trkpt>
   <trkpt lat="49.598485000435176" lon="-116.65995500329709">
    <ele>1774.85</ele>
   </trkpt>
   <trkpt lat="49.598960000000005" lon="-116.65962">
    <ele>1773.41</ele>
   </trkpt>
   <trkpt lat="49.59951500041761" lon="-116.65935500296115">
    <ele>1774.55</ele>
   </trkpt>
   <trkpt lat="49.60007" lon="-116.65909">
    <ele>1776.7</ele>
   </trkpt>
   <trkpt lat="49.60064666805346" lon="-116.65869000945519">
    <ele>1776.0000000000002</ele>
   </trkpt>
   <trkpt lat="49.60122333472864" lon="-116.65829000944942">
    <ele>1773.3200000000002</ele>
   </trkpt>
   <trkpt lat="49.601800000000004" lon="-116.65789000000001">
    <ele>1771.7200000000003</ele>
   </trkpt>
   <trkpt lat="49.602440000832416" lon="-116.65746000561997">
    <ele>1770.1200000000001</ele>
   </trkpt>
   <trkpt lat="49.603080000000006" lon="-116.65703">
    <ele>1768.0600000000002</ele>
   </trkpt>
   <trkpt lat="49.60363500118466" lon="-116.65651500582307">
    <ele>1766.2300000000002</ele>
   </trkpt>
   <trkpt lat="49.60419" lon="-116.656">
    <ele>1764.58</ele>
   </trkpt>
   <trkpt lat="49.60474667117063" lon="-116.65528334959632">
    <ele>1762.9</ele>
   </trkpt>
   <trkpt lat="49.605303337917036" lon="-116.65456668282727">
    <ele>1761.2900000000002</ele>
   </trkpt>
   <trkpt lat="49.60586000000001" lon="-116.65385">
    <ele>1760.13</ele>
   </trkpt>
   <trkpt lat="49.60630333876221" lon="-116.65305668108213">
    <ele>1756.38</ele>
   </trkpt>
   <trkpt lat="49.60674667210302" lon="-116.65226334773563">
    <ele>1750.0000000000002</ele>
   </trkpt>
   <trkpt lat="49.60719" lon="-116.65147">
    <ele>1744.0700000000002</ele>
   </trkpt>
   <trkpt lat="49.607690000000005" lon="-116.65050000000001">
    <ele>1739.89</ele>
   </trkpt>
   <trkpt lat="49.60808" lon="-116.64932">
    <ele>1737.2</ele>
   </trkpt>
   <trkpt lat="49.60850000155686" lon="-116.64871500524079">
    <ele>1736.3100000000002</ele>
   </trkpt>
   <trkpt lat="49.608920000000005" lon="-116.64811">
    <ele>1735.5800000000002</ele>
   </trkpt>
   <trkpt lat="49.6092800008101" lon="-116.6476850031007">
    <ele>1734.67</ele>
   </trkpt>
   <trkpt lat="49.609640000000006" lon="-116.64726">
    <ele>1734.3400000000001</ele>
   </trkpt>
   <trkpt lat="49.60997500126533" lon="-116.64670000399126">
    <ele>1733.03</ele>
   </trkpt>
   <trkpt lat="49.610310000000005" lon="-116.64614">
    <ele>1730.0400000000002</ele>
   </trkpt>
   <trkpt lat="49.61097" lon="-116.64529">
    <ele>1726.5700000000002</ele>
   </trkpt>
   <trkpt lat="49.611360000000005" lon="-116.64458">
    <ele>1724.02</ele>
   </trkpt>
   <trkpt lat="49.61150000316056" lon="-116.643730002145">
    <ele>1721.0500000000002</ele>
   </trkpt>
   <trkpt lat="49.61164" lon="-116.64288">
    <ele>1718.5400000000002</ele>
   </trkpt>
   <trkpt lat="49.611920000000005" lon="-116.64166000000002">
    <ele>1715.14</ele>
   </trkpt>
   <trkpt lat="49.61208500491851" lon="-116.64059000370291">
    <ele>1711.88</ele>
   </trkpt>
   <trkpt lat="49.61225" lon="-116.63952">
    <ele>1706.3600000000001</ele>
   </trkpt>
   <trkpt lat="49.61247500348639" lon="-116.63862500398649">
    <ele>1702.5</ele>
   </trkpt>
   <trkpt lat="49.612700000000004" lon="-116.63773">
    <ele>1696.5100000000002</ele>
   </trkpt>
   <trkpt lat="49.612793341952894" lon="-116.6367300037676">
    <ele>1692.3700000000001</ele>
   </trkpt>
   <trkpt lat="49.612886675292074" lon="-116.6357300037052">
    <ele>1685.3200000000002</ele>
   </trkpt>
   <trkpt lat="49.61298000000001" lon="-116.63473">
    <ele>1676.0900000000001</ele>
   </trkpt>
   <trkpt lat="49.61314" lon="-116.63352">
    <ele>1668.6900000000003</ele>
   </trkpt>
   <trkpt lat="49.61323" lon="-116.63249">
    <ele>1661.43</ele>
   </trkpt>
   <trkpt lat="49.61325" lon="-116.63155">
    <ele>1654.4</ele>
   </trkpt>
   <trkpt lat="49.613330000000005" lon="-116.6311">
    <ele>1651.5900000000001</ele>
   </trkpt>
   <trkpt lat="49.613290000000006" lon="-116.63067000000001">
    <ele>1647.2900000000002</ele>
   </trkpt>
   <trkpt lat="49.61366" lon="-116.63060000000002">
    <ele>1654.8700000000001</ele>
   </trkpt>
   <trkpt lat="49.61361500213576" lon="-116.62989499927271">
    <ele>1647.2000000000003</ele>
   </trkpt>
   <trkpt lat="49.61357" lon="-116.62919000000001">
    <ele>1642.26</ele>
   </trkpt>
   <trkpt lat="49.6137" lon="-116.62864">
    <ele>1640.29</ele>
   </trkpt>
   <trkpt lat="49.613890000000005" lon="-116.62756">
    <ele>1635.3000000000002</ele>
   </trkpt>
   <trkpt lat="49.61385000218499" lon="-116.62684499911308">
    <ele>1634.53</ele>
   </trkpt>
   <trkpt lat="49.61381" lon="-116.62613">
    <ele>1634.3500000000001</ele>
   </trkpt>
   <trkpt lat="49.61373000295033" lon="-116.62530499884139">
    <ele>1632.27</ele>
   </trkpt>
   <trkpt lat="49.61365000000001" lon="-116.62448">
    <ele>1629.3500000000001</ele>
   </trkpt>
   <trkpt lat="49.613810001942" lon="-116.62380500230161">
    <ele>1623.3400000000001</ele>
   </trkpt>
   <trkpt lat="49.61397" lon="-116.62313">
    <ele>1616.43</ele>
   </trkpt>
   <trkpt lat="49.614075003612605" lon="-116.62221500191208">
    <ele>1610.81</ele>
   </trkpt>
   <trkpt lat="49.614180000000005" lon="-116.6213">
    <ele>1610.74</ele>
   </trkpt>
   <trkpt lat="49.614200000000004" lon="-116.62013">
    <ele>1612.6200000000001</ele>
   </trkpt>
   <trkpt lat="49.614165003458" lon="-116.61923499956406">
    <ele>1610.81</ele>
   </trkpt>
   <trkpt lat="49.61413" lon="-116.61834">
    <ele>1600.4600000000003</ele>
   </trkpt>
   <trkpt lat="49.61417000434871" lon="-116.61733500085826">
    <ele>1592.0500000000002</ele>
   </trkpt>
   <trkpt lat="49.61421000000001" lon="-116.61633">
    <ele>1584.9400000000003</ele>
   </trkpt>
   <trkpt lat="49.614270000000005" lon="-116.61529000000002">
    <ele>1576.01</ele>
   </trkpt>
   <trkpt lat="49.614270000000005" lon="-116.61518000000001">
    <ele>1571.41</ele>
   </trkpt>
   <trkpt lat="49.614700000000006" lon="-116.61524000000001">
    <ele>1594.6000000000001</ele>
   </trkpt>
   <trkpt lat="49.615030000000004" lon="-116.61421000000001">
    <ele>1604.3100000000002</ele>
   </trkpt>
   <trkpt lat="49.61542000000001" lon="-116.61318000000001">
    <ele>1597.25</ele>
   </trkpt>
   <trkpt lat="49.61565" lon="-116.61189">
    <ele>1572.65</ele>
   </trkpt>
   <trkpt lat="49.61565" lon="-116.6106">
    <ele>1552.5700000000002</ele>
   </trkpt>
   <trkpt lat="49.61581500313709" lon="-116.60974500295325">
    <ele>1556.27</ele>
   </trkpt>
   <trkpt lat="49.61598000000001" lon="-116.60889000000002">
    <ele>1558.78</ele>
   </trkpt>
   <trkpt lat="49.616260000000004" lon="-116.60768000000002">
    <ele>1541.0600000000002</ele>
   </trkpt>
   <trkpt lat="49.6161" lon="-116.60751">
    <ele>1523.12</ele>
   </trkpt>
   <trkpt lat="49.616060000000004" lon="-116.60747">
    <ele>1523.4900000000002</ele>
   </trkpt>
   <trkpt lat="49.616240000000005" lon="-116.60666">
    <ele>1514.2700000000002</ele>
   </trkpt>
   <trkpt lat="49.61619000266991" lon="-116.60587499944518">
    <ele>1510.2300000000002</ele>
   </trkpt>
   <trkpt lat="49.61614" lon="-116.60509">
    <ele>1502.9800000000002</ele>
   </trkpt>
   <trkpt lat="49.61634" lon="-116.60442">
    <ele>1498.2600000000002</ele>
   </trkpt>
   <trkpt lat="49.61637" lon="-116.60366">
    <ele>1489.27</ele>
   </trkpt>
   <trkpt lat="49.616130000000005" lon="-116.6024">
    <ele>1479.6100000000001</ele>
   </trkpt>
   <trkpt lat="49.61589000000001" lon="-116.60169">
    <ele>1472.04</ele>
   </trkpt>
   <trkpt lat="49.615840000000006" lon="-116.6012">
    <ele>1467.42</ele>
   </trkpt>
   <trkpt lat="49.616080000000004" lon="-116.60013000000001">
    <ele>1458.53</ele>
   </trkpt>
   <trkpt lat="49.616330000000005" lon="-116.59891">
    <ele>1450.2100000000003</ele>
   </trkpt>
   <trkpt lat="49.616515005203794" lon="-116.59781000421987">
    <ele>1442.13</ele>
   </trkpt>
   <trkpt lat="49.6167" lon="-116.59671000000002">
    <ele>1437.5500000000002</ele>
   </trkpt>
   <trkpt lat="49.616690000000006" lon="-116.59569">
    <ele>1437.51</ele>
   </trkpt>
   <trkpt lat="49.61659" lon="-116.59524">
    <ele>1436.98</ele>
   </trkpt>
   <trkpt lat="49.61643" lon="-116.59434">
    <ele>1434.26</ele>
   </trkpt>
   <trkpt lat="49.616460000000004" lon="-116.59381">
    <ele>1431.41</ele>
   </trkpt>
   <trkpt lat="49.616635002129954" lon="-116.59310000271634">
    <ele>1429.22</ele>
   </trkpt>
   <trkpt lat="49.61681" lon="-116.59239000000001">
    <ele>1426.67</ele>
   </trkpt>
   <trkpt lat="49.61679" lon="-116.59211">
    <ele>1425.03</ele>
   </trkpt>
   <trkpt lat="49.616460000000004" lon="-116.59202">
    <ele>1421.2300000000002</ele>
   </trkpt>
   <trkpt lat="49.616260000000004" lon="-116.59230000000001">
    <ele>1418.2800000000002</ele>
   </trkpt>
   <trkpt lat="49.61589000000001" lon="-116.59319">
    <ele>1413.75</ele>
   </trkpt>
   <trkpt lat="49.6156" lon="-116.5943">
    <ele>1409.69</ele>
   </trkpt>
   <trkpt lat="49.615700000000004" lon="-116.59511">
    <ele>1409.42</ele>
   </trkpt>
   <trkpt lat="49.61567" lon="-116.59524">
    <ele>1409.5900000000001</ele>
   </trkpt>
   <trkpt lat="49.615500000000004" lon="-116.59540000000001">
    <ele>1410.6000000000001</ele>
   </trkpt>
   <trkpt lat="49.615030000000004" lon="-116.5961">
    <ele>1410.0600000000002</ele>
   </trkpt>
   <trkpt lat="49.61478" lon="-116.59614">
    <ele>1410.88</ele>
   </trkpt>
   <trkpt lat="49.61455" lon="-116.59556">
    <ele>1412.9900000000002</ele>
   </trkpt>
   <trkpt lat="49.61435" lon="-116.59479">
    <ele>1415.0500000000002</ele>
   </trkpt>
   <trkpt lat="49.614190003791784" lon="-116.59384999683333">
    <ele>1419.3</ele>
   </trkpt>
   <trkpt lat="49.61403000000001" lon="-116.59291">
    <ele>1422.8200000000002</ele>
   </trkpt>
   <trkpt lat="49.61377" lon="-116.59175">
    <ele>1427.75</ele>
   </trkpt>
   <trkpt lat="49.61371500540569" lon="-116.59062999880022">
    <ele>1430.1200000000001</ele>
   </trkpt>
   <trkpt lat="49.61366" lon="-116.58951">
    <ele>1426.3600000000001</ele>
   </trkpt>
   <trkpt lat="49.613710003296426" lon="-116.58863500091535">
    <ele>1423.0200000000002</ele>
   </trkpt>
   <trkpt lat="49.613760000000006" lon="-116.58776">
    <ele>1421.71</ele>
   </trkpt>
   <trkpt lat="49.61367500382576" lon="-116.58681499812533">
    <ele>1419.41</ele>
   </trkpt>
   <trkpt lat="49.61359" lon="-116.58587000000001">
    <ele>1415.43</ele>
   </trkpt>
   <trkpt lat="49.613590004136306" lon="-116.5848899997578">
    <ele>1412.68</ele>
   </trkpt>
   <trkpt lat="49.61359" lon="-116.58391">
    <ele>1409.3300000000002</ele>
   </trkpt>
   <trkpt lat="49.613420000000005" lon="-116.58306">
    <ele>1406.97</ele>
   </trkpt>
   <trkpt lat="49.61292000362003" lon="-116.58214999076216">
    <ele>1404.6000000000001</ele>
   </trkpt>
   <trkpt lat="49.61242000000001" lon="-116.58124000000001">
    <ele>1397.7</ele>
   </trkpt>
   <trkpt lat="49.61196" lon="-116.58074">
    <ele>1392.38</ele>
   </trkpt>
   <trkpt lat="49.61142" lon="-116.5797">
    <ele>1383.8700000000001</ele>
   </trkpt>
   <trkpt lat="49.61099" lon="-116.57899">
    <ele>1378.97</ele>
   </trkpt>
   <trkpt lat="49.610820000000004" lon="-116.57881">
    <ele>1378.3700000000001</ele>
   </trkpt>
   <trkpt lat="49.61061" lon="-116.57867">
    <ele>1374.1100000000001</ele>
   </trkpt>
   <trkpt lat="49.610350000000004" lon="-116.57868">
    <ele>1374.1100000000001</ele>
   </trkpt>
   <trkpt lat="49.60972" lon="-116.57868">
    <ele>1367.8600000000001</ele>
   </trkpt>
   <trkpt lat="49.60947" lon="-116.57854">
    <ele>1367.2600000000002</ele>
   </trkpt>
   <trkpt lat="49.609170000000006" lon="-116.57831000000002">
    <ele>1365.15</ele>
   </trkpt>
   <trkpt lat="49.608560000000004" lon="-116.57765">
    <ele>1362.1200000000001</ele>
   </trkpt>
   <trkpt lat="49.60830000000001" lon="-116.57714000000001">
    <ele>1361.9500000000003</ele>
   </trkpt>
   <trkpt lat="49.608180000000004" lon="-116.57658">
    <ele>1359.0600000000002</ele>
   </trkpt>
   <trkpt lat="49.608200000000004" lon="-116.5764">
    <ele>1358.13</ele>
   </trkpt>
   <trkpt lat="49.6084" lon="-116.57612">
    <ele>1354.99</ele>
   </trkpt>
   <trkpt lat="49.608720000000005" lon="-116.57599">
    <ele>1350.7</ele>
   </trkpt>
   <trkpt lat="49.60896" lon="-116.57576">
    <ele>1348.4600000000003</ele>
   </trkpt>
   <trkpt lat="49.609320000000004" lon="-116.57536">
    <ele>1346.27</ele>
   </trkpt>
   <trkpt lat="49.60956" lon="-116.575">
    <ele>1344.7600000000002</ele>
   </trkpt>
   <trkpt lat="49.60976" lon="-116.5746">
    <ele>1342.63</ele>
   </trkpt>
   <trkpt lat="49.60987" lon="-116.57424">
    <ele>1340.26</ele>
   </trkpt>
   <trkpt lat="49.60996" lon="-116.57411">
    <ele>1339.0700000000002</ele>
   </trkpt>
   <trkpt lat="49.610130000000005" lon="-116.57398">
    <ele>1336.93</ele>
   </trkpt>
   <trkpt lat="49.610600000000005" lon="-116.57379">
    <ele>1331.6000000000001</ele>
   </trkpt>
   <trkpt lat="49.61068" lon="-116.57371">
    <ele>1330.5</ele>
   </trkpt>
   <trkpt lat="49.610690000000005" lon="-116.57357">
    <ele>1328.77</ele>
   </trkpt>
   <trkpt lat="49.61065000000001" lon="-116.57345000000001">
    <ele>1328.77</ele>
   </trkpt>
   <trkpt lat="49.61034" lon="-116.57309000000001">
    <ele>1324.99</ele>
   </trkpt>
   <trkpt lat="49.61021" lon="-116.57272">
    <ele>1325.0700000000002</ele>
   </trkpt>
   <trkpt lat="49.610200000000006" lon="-116.5725">
    <ele>1325.53</ele>
   </trkpt>
   <trkpt lat="49.61039" lon="-116.57227">
    <ele>1327.13</ele>
   </trkpt>
   <trkpt lat="49.61063000000001" lon="-116.57179000000001">
    <ele>1328.74</ele>
   </trkpt>
   <trkpt lat="49.611090000000004" lon="-116.5712">
    <ele>1331.04</ele>
   </trkpt>
   <trkpt lat="49.611200000000004" lon="-116.57116">
    <ele>1331.63</ele>
   </trkpt>
   <trkpt lat="49.61178" lon="-116.5703">
    <ele>1333.5700000000002</ele>
   </trkpt>
   <trkpt lat="49.61197000000001" lon="-116.57008">
    <ele>1335.5700000000002</ele>
   </trkpt>
   <trkpt lat="49.61206000000001" lon="-116.56985000000002">
    <ele>1336.06</ele>
   </trkpt>
   <trkpt lat="49.612120000000004" lon="-116.56981">
    <ele>1336.5</ele>
   </trkpt>
   <trkpt lat="49.612210000000005" lon="-116.56963">
    <ele>1337.02</ele>
   </trkpt>
   <trkpt lat="49.612350000000006" lon="-116.56918">
    <ele>1337.9800000000002</ele>
   </trkpt>
   <trkpt lat="49.612640000000006" lon="-116.56887">
    <ele>1339.48</ele>
   </trkpt>
   <trkpt lat="49.61269" lon="-116.56874">
    <ele>1340.1900000000003</ele>
   </trkpt>
   <trkpt lat="49.612700000000004" lon="-116.56865">
    <ele>1340.1900000000003</ele>
   </trkpt>
   <trkpt lat="49.61263" lon="-116.56776">
    <ele>1342.3600000000001</ele>
   </trkpt>
   <trkpt lat="49.61263" lon="-116.56761000000002">
    <ele>1342.3600000000001</ele>
   </trkpt>
   <trkpt lat="49.612680000000005" lon="-116.56736000000001">
    <ele>1343.18</ele>
   </trkpt>
   <trkpt lat="49.61285" lon="-116.56704">
    <ele>1344.64</ele>
   </trkpt>
   <trkpt lat="49.613220000000005" lon="-116.56668">
    <ele>1347.32</ele>
   </trkpt>
   <trkpt lat="49.61339" lon="-116.56641">
    <ele>1348.19</ele>
   </trkpt>
   <trkpt lat="49.613600000000005" lon="-116.56574">
    <ele>1350.24</ele>
   </trkpt>
   <trkpt lat="49.6139" lon="-116.56524">
    <ele>1352.19</ele>
   </trkpt>
   <trkpt lat="49.614610000000006" lon="-116.56448">
    <ele>1353.96</ele>
   </trkpt>
   <trkpt lat="49.61487" lon="-116.56408">
    <ele>1353.8700000000001</ele>
   </trkpt>
   <trkpt lat="49.61506000000001" lon="-116.56359">
    <ele>1353.8600000000001</ele>
   </trkpt>
   <trkpt lat="49.615550000000006" lon="-116.56265">
    <ele>1351.49</ele>
   </trkpt>
   <trkpt lat="49.61569" lon="-116.56251">
    <ele>1351.45</ele>
   </trkpt>
   <trkpt lat="49.615880000000004" lon="-116.56224">
    <ele>1351.69</ele>
   </trkpt>
   <trkpt lat="49.616080000000004" lon="-116.56211">
    <ele>1352.3500000000001</ele>
   </trkpt>
   <trkpt lat="49.616530000000004" lon="-116.56157">
    <ele>1354.0400000000002</ele>
   </trkpt>
   <trkpt lat="49.616800000000005" lon="-116.56113">
    <ele>1355.58</ele>
   </trkpt>
   <trkpt lat="49.61695" lon="-116.56099">
    <ele>1355.58</ele>
   </trkpt>
   <trkpt lat="49.617090000000005" lon="-116.5609">
    <ele>1356.81</ele>
   </trkpt>
   <trkpt lat="49.61779000000001" lon="-116.56078000000001">
    <ele>1358.27</ele>
   </trkpt>
   <trkpt lat="49.61789" lon="-116.56069000000001">
    <ele>1358.24</ele>
   </trkpt>
   <trkpt lat="49.618120000000005" lon="-116.56033000000001">
    <ele>1357.6800000000003</ele>
   </trkpt>
   <trkpt lat="49.61822" lon="-116.5601">
    <ele>1357.5100000000002</ele>
   </trkpt>
   <trkpt lat="49.61825" lon="-116.55984000000001">
    <ele>1357.5400000000002</ele>
   </trkpt>
   <trkpt lat="49.61856" lon="-116.55982000000002">
    <ele>1357.43</ele>
   </trkpt>
   <trkpt lat="49.61865" lon="-116.55978">
    <ele>1357.48</ele>
   </trkpt>
   <trkpt lat="49.61874" lon="-116.55965">
    <ele>1357.63</ele>
   </trkpt>
   <trkpt lat="49.61878" lon="-116.55944000000001">
    <ele>1357.7800000000002</ele>
   </trkpt>
   <trkpt lat="49.618750000000006" lon="-116.55872000000001">
    <ele>1358.96</ele>
   </trkpt>
   <trkpt lat="49.618770000000005" lon="-116.55853">
    <ele>1359.66</ele>
   </trkpt>
   <trkpt lat="49.618880000000004" lon="-116.55826">
    <ele>1360.3</ele>
   </trkpt>
   <trkpt lat="49.618950000000005" lon="-116.55799">
    <ele>1360.3</ele>
   </trkpt>
   <trkpt lat="49.61937" lon="-116.55732">
    <ele>1362.5</ele>
   </trkpt>
   <trkpt lat="49.619550000000004" lon="-116.55718">
    <ele>1363.3200000000002</ele>
   </trkpt>
   <trkpt lat="49.61984" lon="-116.55678">
    <ele>1364.46</ele>
   </trkpt>
   <trkpt lat="49.620070000000005" lon="-116.55635000000001">
    <ele>1366.88</ele>
   </trkpt>
   <trkpt lat="49.62028" lon="-116.55562">
    <ele>1368.2200000000003</ele>
   </trkpt>
   <trkpt lat="49.62028" lon="-116.55517">
    <ele>1368.03</ele>
   </trkpt>
   <trkpt lat="49.62046" lon="-116.55433000000001">
    <ele>1367.7100000000003</ele>
   </trkpt>
   <trkpt lat="49.620720000000006" lon="-116.55362000000001">
    <ele>1367.51</ele>
   </trkpt>
   <trkpt lat="49.62102" lon="-116.55293">
    <ele>1367.55</ele>
   </trkpt>
   <trkpt lat="49.62111" lon="-116.5528">
    <ele>1367.5000000000002</ele>
   </trkpt>
   <trkpt lat="49.621300000000005" lon="-116.55222">
    <ele>1367.3000000000002</ele>
   </trkpt>
   <trkpt lat="49.62158" lon="-116.55155">
    <ele>1367.3600000000001</ele>
   </trkpt>
   <trkpt lat="49.62173000000001" lon="-116.55102000000001">
    <ele>1367.49</ele>
   </trkpt>
   <trkpt lat="49.62181" lon="-116.55092">
    <ele>1367.8600000000001</ele>
   </trkpt>
   <trkpt lat="49.621860000000005" lon="-116.55092">
    <ele>1367.8600000000001</ele>
   </trkpt>
   <trkpt lat="49.62192" lon="-116.55069">
    <ele>1368.0</ele>
   </trkpt>
   <trkpt lat="49.62194" lon="-116.55034">
    <ele>1368.14</ele>
   </trkpt>
   <trkpt lat="49.621990000000004" lon="-116.55016">
    <ele>1368.1000000000001</ele>
   </trkpt>
   <trkpt lat="49.62201" lon="-116.54959000000001">
    <ele>1367.7400000000002</ele>
   </trkpt>
   <trkpt lat="49.62214" lon="-116.54899">
    <ele>1367.46</ele>
   </trkpt>
   <trkpt lat="49.622310000000006" lon="-116.54841">
    <ele>1368.0100000000002</ele>
   </trkpt>
   <trkpt lat="49.622510000000005" lon="-116.54811000000001">
    <ele>1368.2</ele>
   </trkpt>
   <trkpt lat="49.62266" lon="-116.54774">
    <ele>1368.18</ele>
   </trkpt>
   <trkpt lat="49.622800000000005" lon="-116.54751">
    <ele>1368.02</ele>
   </trkpt>
   <trkpt lat="49.62330000000001" lon="-116.54711">
    <ele>1367.28</ele>
   </trkpt>
   <trkpt lat="49.623830000000005" lon="-116.54635">
    <ele>1367.52</ele>
   </trkpt>
   <trkpt lat="49.62411" lon="-116.54604">
    <ele>1367.92</ele>
   </trkpt>
   <trkpt lat="49.62422" lon="-116.546">
    <ele>1367.7800000000002</ele>
   </trkpt>
   <trkpt lat="49.624770000000005" lon="-116.54527000000002">
    <ele>1368.1000000000001</ele>
   </trkpt>
   <trkpt lat="49.624930000000006" lon="-116.54479">
    <ele>1368.19</ele>
   </trkpt>
   <trkpt lat="49.624950000000005" lon="-116.5443">
    <ele>1368.21</ele>
   </trkpt>
   <trkpt lat="49.62503" lon="-116.54416">
    <ele>1368.26</ele>
   </trkpt>
   <trkpt lat="49.625370000000004" lon="-116.54384">
    <ele>1368.13</ele>
   </trkpt>
   <trkpt lat="49.62557" lon="-116.54345">
    <ele>1367.46</ele>
   </trkpt>
   <trkpt lat="49.62603000000001" lon="-116.54286">
    <ele>1363.92</ele>
   </trkpt>
   <trkpt lat="49.626270000000005" lon="-116.54273">
    <ele>1362.46</ele>
   </trkpt>
   <trkpt lat="49.626450000000006" lon="-116.54273">
    <ele>1360.97</ele>
   </trkpt>
   <trkpt lat="49.62682" lon="-116.54286">
    <ele>1359.45</ele>
   </trkpt>
   <trkpt lat="49.62709" lon="-116.54286">
    <ele>1357.96</ele>
   </trkpt>
   <trkpt lat="49.627210000000005" lon="-116.54277">
    <ele>1356.97</ele>
   </trkpt>
   <trkpt lat="49.627340000000004" lon="-116.54246">
    <ele>1353.0000000000002</ele>
   </trkpt>
   <trkpt lat="49.6276" lon="-116.54218000000002">
    <ele>1353.0000000000002</ele>
   </trkpt>
   <trkpt lat="49.62776" lon="-116.54192">
    <ele>1350.64</ele>
   </trkpt>
   <trkpt lat="49.62809000000001" lon="-116.54174">
    <ele>1348.53</ele>
   </trkpt>
   <trkpt lat="49.62873000009957" lon="-116.54158500203738">
    <ele>1343.35</ele>
   </trkpt>
   <trkpt lat="49.62937" lon="-116.54143">
    <ele>1337.3799999999999</ele>
   </trkpt>
   <trkpt lat="49.62989" lon="-116.54143">
    <ele>1333.59</ele>
   </trkpt>
   <trkpt lat="49.630050000000004" lon="-116.54129">
    <ele>1331.8500000000001</ele>
   </trkpt>
   <trkpt lat="49.630100000000006" lon="-116.54116">
    <ele>1331.02</ele>
   </trkpt>
   <trkpt lat="49.630100000000006" lon="-116.54102">
    <ele>1330.27</ele>
   </trkpt>
   <trkpt lat="49.630190000000006" lon="-116.54077000000001">
    <ele>1328.89</ele>
   </trkpt>
   <trkpt lat="49.63054" lon="-116.54062">
    <ele>1325.44</ele>
   </trkpt>
   <trkpt lat="49.63083" lon="-116.54058">
    <ele>1321.8100000000002</ele>
   </trkpt>
   <trkpt lat="49.63143" lon="-116.54086000000001">
    <ele>1313.76</ele>
   </trkpt>
   <trkpt lat="49.632070000000006" lon="-116.5408">
    <ele>1304.57</ele>
   </trkpt>
   <trkpt lat="49.63244" lon="-116.5404">
    <ele>1302.24</ele>
   </trkpt>
   <trkpt lat="49.6329100008003" lon="-116.53995000441111">
    <ele>1293.35</ele>
   </trkpt>
   <trkpt lat="49.63338" lon="-116.5395">
    <ele>1288.7700000000002</ele>
   </trkpt>
   <trkpt lat="49.633610000000004" lon="-116.53937">
    <ele>1286.58</ele>
   </trkpt>
   <trkpt lat="49.63385" lon="-116.53933">
    <ele>1284.5000000000002</ele>
   </trkpt>
   <trkpt lat="49.634190000000004" lon="-116.53920000000001">
    <ele>1282.1</ele>
   </trkpt>
   <trkpt lat="49.63454" lon="-116.53924">
    <ele>1277.8500000000001</ele>
   </trkpt>
   <trkpt lat="49.63499" lon="-116.53941">
    <ele>1273.14</ele>
   </trkpt>
   <trkpt lat="49.635110000000005" lon="-116.5395">
    <ele>1273.14</ele>
   </trkpt>
   <trkpt lat="49.63543000000001" lon="-116.53959">
    <ele>1268.37</ele>
   </trkpt>
   <trkpt lat="49.636120000000005" lon="-116.53955">
    <ele>1264.43</ele>
   </trkpt>
   <trkpt lat="49.63656000041832" lon="-116.53974999830486">
    <ele>1263.5400000000002</ele>
   </trkpt>
   <trkpt lat="49.63700000000001" lon="-116.53995">
    <ele>1264.31</ele>
   </trkpt>
   <trkpt lat="49.637240000000006" lon="-116.54009">
    <ele>1264.7400000000002</ele>
   </trkpt>
   <trkpt lat="49.63738000000001" lon="-116.54013">
    <ele>1265.2800000000002</ele>
   </trkpt>
   <trkpt lat="49.637660000000004" lon="-116.53999">
    <ele>1266.5300000000002</ele>
   </trkpt>
   <trkpt lat="49.6381" lon="-116.53955">
    <ele>1268.5700000000002</ele>
   </trkpt>
   <trkpt lat="49.638160000000006" lon="-116.53946">
    <ele>1268.5700000000002</ele>
   </trkpt>
   <trkpt lat="49.63844" lon="-116.53928">
    <ele>1271.4</ele>
   </trkpt>
   <trkpt lat="49.638630000000006" lon="-116.53902000000001">
    <ele>1272.54</ele>
   </trkpt>
   <trkpt lat="49.63871" lon="-116.53900000000002">
    <ele>1273.0400000000002</ele>
   </trkpt>
   <trkpt lat="49.63889" lon="-116.53900000000002">
    <ele>1273.89</ele>
   </trkpt>
   <trkpt lat="49.63908000000001" lon="-116.53913000000001">
    <ele>1274.41</ele>
   </trkpt>
   <trkpt lat="49.63924" lon="-116.53942">
    <ele>1274.73</ele>
   </trkpt>
   <trkpt lat="49.639720000000004" lon="-116.53999">
    <ele>1274.69</ele>
   </trkpt>
   <trkpt lat="49.63985" lon="-116.53995">
    <ele>1274.6399999999999</ele>
   </trkpt>
   <trkpt lat="49.63989" lon="-116.53987000000001">
    <ele>1274.63</ele>
   </trkpt>
   <trkpt lat="49.640040000000006" lon="-116.53932">
    <ele>1274.8799999999999</ele>
   </trkpt>
   <trkpt lat="49.640060000000005" lon="-116.53900000000002">
    <ele>1275.0400000000002</ele>
   </trkpt>
   <trkpt lat="49.63983" lon="-116.53829">
    <ele>1276.8799999999999</ele>
   </trkpt>
   <trkpt lat="49.639860000000006" lon="-116.53692000000001">
    <ele>1280.4</ele>
   </trkpt>
   <trkpt lat="49.63991000000001" lon="-116.53686">
    <ele>1280.31</ele>
   </trkpt>
   <trkpt lat="49.64011000000001" lon="-116.53609000000002">
    <ele>1278.76</ele>
   </trkpt>
   <trkpt lat="49.640240000000006" lon="-116.53589000000001">
    <ele>1278.5900000000001</ele>
   </trkpt>
   <trkpt lat="49.64038000000001" lon="-116.53578">
    <ele>1278.51</ele>
   </trkpt>
   <trkpt lat="49.64043" lon="-116.53552">
    <ele>1278.8400000000001</ele>
   </trkpt>
   <trkpt lat="49.64061" lon="-116.53521">
    <ele>1280.3200000000002</ele>
   </trkpt>
   <trkpt lat="49.64087000000001" lon="-116.53490000000001">
    <ele>1283.2</ele>
   </trkpt>
   <trkpt lat="49.64115" lon="-116.53475">
    <ele>1285.0600000000002</ele>
   </trkpt>
   <trkpt lat="49.64128" lon="-116.53475">
    <ele>1285.39</ele>
   </trkpt>
   <trkpt lat="49.641470000000005" lon="-116.53454">
    <ele>1286.25</ele>
   </trkpt>
   <trkpt lat="49.641740000000006" lon="-116.53405000000001">
    <ele>1288.2</ele>
   </trkpt>
   <trkpt lat="49.64215" lon="-116.53359">
    <ele>1289.29</ele>
   </trkpt>
   <trkpt lat="49.64249" lon="-116.53364">
    <ele>1289.19</ele>
   </trkpt>
   <trkpt lat="49.643060000000006" lon="-116.53363000000002">
    <ele>1289.7500000000002</ele>
   </trkpt>
   <trkpt lat="49.64322000000001" lon="-116.53356000000001">
    <ele>1290.3200000000002</ele>
   </trkpt>
   <trkpt lat="49.643440000000005" lon="-116.53337">
    <ele>1292.43</ele>
   </trkpt>
   <trkpt lat="49.64368" lon="-116.53296">
    <ele>1293.23</ele>
   </trkpt>
   <trkpt lat="49.643820000000005" lon="-116.53229">
    <ele>1297.05</ele>
   </trkpt>
   <trkpt lat="49.64401" lon="-116.53167">
    <ele>1298.8600000000001</ele>
   </trkpt>
   <trkpt lat="49.64401000279048" lon="-116.53086499993812">
    <ele>1302.0</ele>
   </trkpt>
   <trkpt lat="49.64401" lon="-116.53006">
    <ele>1303.64</ele>
   </trkpt>
   <trkpt lat="49.64416000000001" lon="-116.52911">
    <ele>1306.4900000000002</ele>
   </trkpt>
   <trkpt lat="49.644360000000006" lon="-116.52866000000002">
    <ele>1306.3200000000002</ele>
   </trkpt>
   <trkpt lat="49.64443000000001" lon="-116.52857000000002">
    <ele>1305.73</ele>
   </trkpt>
   <trkpt lat="49.644800000000004" lon="-116.52831">
    <ele>1301.2100000000003</ele>
   </trkpt>
   <trkpt lat="49.645160000000004" lon="-116.52777">
    <ele>1296.5300000000002</ele>
   </trkpt>
   <trkpt lat="49.64542" lon="-116.52732">
    <ele>1293.68</ele>
   </trkpt>
   <trkpt lat="49.645570000000006" lon="-116.52688">
    <ele>1292.51</ele>
   </trkpt>
   <trkpt lat="49.64566000000001" lon="-116.5267">
    <ele>1291.46</ele>
   </trkpt>
   <trkpt lat="49.645900000000005" lon="-116.52575000000002">
    <ele>1287.8200000000002</ele>
   </trkpt>
   <trkpt lat="49.646040000000006" lon="-116.52549">
    <ele>1285.56</ele>
   </trkpt>
   <trkpt lat="49.64611000000001" lon="-116.52508">
    <ele>1283.5800000000002</ele>
   </trkpt>
   <trkpt lat="49.64620000000001" lon="-116.52482">
    <ele>1282.0600000000002</ele>
   </trkpt>
   <trkpt lat="49.64636" lon="-116.52459">
    <ele>1279.7800000000002</ele>
   </trkpt>
   <trkpt lat="49.64656" lon="-116.52445000000002">
    <ele>1275.68</ele>
   </trkpt>
   <trkpt lat="49.64674" lon="-116.52424">
    <ele>1273.43</ele>
   </trkpt>
   <trkpt lat="49.64681" lon="-116.52401">
    <ele>1272.44</ele>
   </trkpt>
   <trkpt lat="49.64692" lon="-116.52378000000002">
    <ele>1270.49</ele>
   </trkpt>
   <trkpt lat="49.647200000000005" lon="-116.52334">
    <ele>1269.49</ele>
   </trkpt>
   <trkpt lat="49.647330000000004" lon="-116.52307">
    <ele>1269.5800000000002</ele>
   </trkpt>
   <trkpt lat="49.64759" lon="-116.52271">
    <ele>1269.9600000000003</ele>
   </trkpt>
   <trkpt lat="49.64781000000001" lon="-116.52262">
    <ele>1269.94</ele>
   </trkpt>
   <trkpt lat="49.648210000000006" lon="-116.52268000000001">
    <ele>1270.51</ele>
   </trkpt>
   <trkpt lat="49.648720000000004" lon="-116.52268000000001">
    <ele>1271.76</ele>
   </trkpt>
   <trkpt lat="49.64902000000001" lon="-116.52245">
    <ele>1272.3000000000002</ele>
   </trkpt>
   <trkpt lat="49.64911000000001" lon="-116.52226">
    <ele>1272.7</ele>
   </trkpt>
   <trkpt lat="49.64920000000001" lon="-116.522">
    <ele>1273.0800000000002</ele>
   </trkpt>
   <trkpt lat="49.64920000000001" lon="-116.52182">
    <ele>1273.39</ele>
   </trkpt>
   <trkpt lat="49.64925" lon="-116.52173">
    <ele>1273.76</ele>
   </trkpt>
   <trkpt lat="49.64920000000001" lon="-116.52164">
    <ele>1274.37</ele>
   </trkpt>
   <trkpt lat="49.64912" lon="-116.52060000000002">
    <ele>1275.88</ele>
   </trkpt>
   <trkpt lat="49.649060000000006" lon="-116.52040000000001">
    <ele>1276.07</ele>
   </trkpt>
   <trkpt lat="49.648990000000005" lon="-116.51984000000002">
    <ele>1276.61</ele>
   </trkpt>
   <trkpt lat="49.64896" lon="-116.51905000000001">
    <ele>1277.64</ele>
   </trkpt>
   <trkpt lat="49.64898" lon="-116.51883000000001">
    <ele>1277.92</ele>
   </trkpt>
   <trkpt lat="49.64913000000001" lon="-116.51820000000001">
    <ele>1278.2600000000002</ele>
   </trkpt>
   <trkpt lat="49.64922000000001" lon="-116.51796000000002">
    <ele>1278.85</ele>
   </trkpt>
   <trkpt lat="49.64952" lon="-116.51738">
    <ele>1279.2800000000002</ele>
   </trkpt>
   <trkpt lat="49.649980000000006" lon="-116.5168">
    <ele>1279.4800000000002</ele>
   </trkpt>
   <trkpt lat="49.650450000000006" lon="-116.51613">
    <ele>1282.0600000000002</ele>
   </trkpt>
   <trkpt lat="49.65057" lon="-116.516">
    <ele>1282.73</ele>
   </trkpt>
   <trkpt lat="49.65084" lon="-116.516">
    <ele>1283.0400000000002</ele>
   </trkpt>
   <trkpt lat="49.651270000000004" lon="-116.51609">
    <ele>1281.16</ele>
   </trkpt>
   <trkpt lat="49.651720000000005" lon="-116.51626">
    <ele>1277.23</ele>
   </trkpt>
   <trkpt lat="49.651970000000006" lon="-116.51631">
    <ele>1275.7</ele>
   </trkpt>
   <trkpt lat="49.65211000000001" lon="-116.51637000000001">
    <ele>1275.17</ele>
   </trkpt>
   <trkpt lat="49.65232" lon="-116.5164">
    <ele>1275.05</ele>
   </trkpt>
   <trkpt lat="49.652460000000005" lon="-116.51649">
    <ele>1275.4</ele>
   </trkpt>
   <trkpt lat="49.65278000000001" lon="-116.51649">
    <ele>1277.29</ele>
   </trkpt>
   <trkpt lat="49.653040000000004" lon="-116.51644">
    <ele>1278.14</ele>
   </trkpt>
   <trkpt lat="49.653510000000004" lon="-116.51613">
    <ele>1277.92</ele>
   </trkpt>
   <trkpt lat="49.65364" lon="-116.51601000000001">
    <ele>1277.92</ele>
   </trkpt>
   <trkpt lat="49.654070000000004" lon="-116.51582">
    <ele>1277.16</ele>
   </trkpt>
   <trkpt lat="49.654630000000004" lon="-116.51546">
    <ele>1277.93</ele>
   </trkpt>
   <trkpt lat="49.654770000000006" lon="-116.51543000000001">
    <ele>1278.17</ele>
   </trkpt>
   <trkpt lat="49.65514" lon="-116.51516000000001">
    <ele>1278.0900000000001</ele>
   </trkpt>
   <trkpt lat="49.655350000000006" lon="-116.5151">
    <ele>1277.3300000000002</ele>
   </trkpt>
   <trkpt lat="49.65563" lon="-116.51477000000001">
    <ele>1277.0800000000002</ele>
   </trkpt>
   <trkpt lat="49.65597" lon="-116.51429">
    <ele>1277.6200000000001</ele>
   </trkpt>
   <trkpt lat="49.656200000000005" lon="-116.51367">
    <ele>1277.3700000000001</ele>
   </trkpt>
   <trkpt lat="49.656420000000004" lon="-116.51335">
    <ele>1276.91</ele>
   </trkpt>
   <trkpt lat="49.65657" lon="-116.513">
    <ele>1276.7700000000002</ele>
   </trkpt>
   <trkpt lat="49.656690000000005" lon="-116.51283000000001">
    <ele>1276.69</ele>
   </trkpt>
   <trkpt lat="49.65693" lon="-116.51229000000001">
    <ele>1276.95</ele>
   </trkpt>
   <trkpt lat="49.6572" lon="-116.51152">
    <ele>1277.49</ele>
   </trkpt>
   <trkpt lat="49.657445001473924" lon="-116.51091500329802">
    <ele>1277.65</ele>
   </trkpt>
   <trkpt lat="49.65769" lon="-116.51031">
    <ele>1276.8799999999999</ele>
   </trkpt>
   <trkpt lat="49.657900000000005" lon="-116.51004">
    <ele>1276.71</ele>
   </trkpt>
   <trkpt lat="49.658010000000004" lon="-116.50977">
    <ele>1276.76</ele>
   </trkpt>
   <trkpt lat="49.658080000000005" lon="-116.50928">
    <ele>1276.7400000000002</ele>
   </trkpt>
   <trkpt lat="49.65822000000001" lon="-116.50897">
    <ele>1276.0</ele>
   </trkpt>
   <trkpt lat="49.65836" lon="-116.50844000000001">
    <ele>1274.25</ele>
   </trkpt>
   <trkpt lat="49.65841" lon="-116.50843">
    <ele>1274.25</ele>
   </trkpt>
   <trkpt lat="49.65861000308743" lon="-116.5075800035933">
    <ele>1269.12</ele>
   </trkpt>
   <trkpt lat="49.65881" lon="-116.50673">
    <ele>1265.5</ele>
   </trkpt>
   <trkpt lat="49.65907000000001" lon="-116.50579">
    <ele>1260.76</ele>
   </trkpt>
   <trkpt lat="49.659110000000005" lon="-116.50539">
    <ele>1257.88</ele>
   </trkpt>
   <trkpt lat="49.6593" lon="-116.5049">
    <ele>1253.41</ele>
   </trkpt>
   <trkpt lat="49.659380000000006" lon="-116.50418">
    <ele>1250.95</ele>
   </trkpt>
   <trkpt lat="49.65937" lon="-116.504">
    <ele>1250.49</ele>
   </trkpt>
   <trkpt lat="49.6593" lon="-116.50364">
    <ele>1249.8700000000001</ele>
   </trkpt>
   <trkpt lat="49.659290000000006" lon="-116.50301">
    <ele>1247.64</ele>
   </trkpt>
   <trkpt lat="49.659440000000004" lon="-116.50193000000002">
    <ele>1244.73</ele>
   </trkpt>
   <trkpt lat="49.65983000000001" lon="-116.50077">
    <ele>1243.93</ele>
   </trkpt>
   <trkpt lat="49.659960000000005" lon="-116.50055">
    <ele>1243.0500000000002</ele>
   </trkpt>
   <trkpt lat="49.66010000000001" lon="-116.50019">
    <ele>1241.64</ele>
   </trkpt>
   <trkpt lat="49.66030000000001" lon="-116.49952">
    <ele>1238.5400000000002</ele>
   </trkpt>
   <trkpt lat="49.66042" lon="-116.49934">
    <ele>1238.01</ele>
   </trkpt>
   <trkpt lat="49.660560000000004" lon="-116.49903">
    <ele>1236.82</ele>
   </trkpt>
   <trkpt lat="49.66062" lon="-116.4988">
    <ele>1236.63</ele>
   </trkpt>
   <trkpt lat="49.66077000000001" lon="-116.49846000000001">
    <ele>1236.17</ele>
   </trkpt>
   <trkpt lat="49.661300000000004" lon="-116.49764">
    <ele>1232.9</ele>
   </trkpt>
   <trkpt lat="49.661530000000006" lon="-116.49679">
    <ele>1232.46</ele>
   </trkpt>
   <trkpt lat="49.66163" lon="-116.49620000000002">
    <ele>1232.5900000000001</ele>
   </trkpt>
   <trkpt lat="49.6617" lon="-116.49531">
    <ele>1233.2800000000002</ele>
   </trkpt>
   <trkpt lat="49.661820000000006" lon="-116.49491">
    <ele>1233.94</ele>
   </trkpt>
   <trkpt lat="49.66198000000001" lon="-116.49403000000001">
    <ele>1234.48</ele>
   </trkpt>
   <trkpt lat="49.66212" lon="-116.49352">
    <ele>1235.2500000000002</ele>
   </trkpt>
   <trkpt lat="49.66223" lon="-116.49325">
    <ele>1235.71</ele>
   </trkpt>
   <trkpt lat="49.662310000000005" lon="-116.49282000000001">
    <ele>1235.8200000000002</ele>
   </trkpt>
   <trkpt lat="49.66255" lon="-116.49232">
    <ele>1234.91</ele>
   </trkpt>
   <trkpt lat="49.662940000000006" lon="-116.49205">
    <ele>1234.01</ele>
   </trkpt>
   <trkpt lat="49.66322" lon="-116.49197000000001">
    <ele>1231.8999999999999</ele>
   </trkpt>
   <trkpt lat="49.66358" lon="-116.49173">
    <ele>1228.92</ele>
   </trkpt>
   <trkpt lat="49.66366000000001" lon="-116.49159000000002">
    <ele>1228.28</ele>
   </trkpt>
   <trkpt lat="49.663720000000005" lon="-116.49137">
    <ele>1227.3100000000002</ele>
   </trkpt>
   <trkpt lat="49.66376" lon="-116.49077000000001">
    <ele>1227.69</ele>
   </trkpt>
   <trkpt lat="49.66378" lon="-116.49009000000001">
    <ele>1230.22</ele>
   </trkpt>
   <trkpt lat="49.66373" lon="-116.48936">
    <ele>1231.64</ele>
   </trkpt>
   <trkpt lat="49.663720000000005" lon="-116.48869">
    <ele>1231.99</ele>
   </trkpt>
   <trkpt lat="49.663760004980695" lon="-116.48761500074927">
    <ele>1232.73</ele>
   </trkpt>
   <trkpt lat="49.6638" lon="-116.48654">
    <ele>1232.79</ele>
   </trkpt>
   <trkpt lat="49.663940000000004" lon="-116.48609">
    <ele>1232.2700000000002</ele>
   </trkpt>
   <trkpt lat="49.663970000000006" lon="-116.48582">
    <ele>1232.13</ele>
   </trkpt>
   <trkpt lat="49.66443" lon="-116.48483000000002">
    <ele>1232.02</ele>
   </trkpt>
   <trkpt lat="49.664590000000004" lon="-116.48398">
    <ele>1231.5500000000002</ele>
   </trkpt>
   <trkpt lat="49.664620000000006" lon="-116.48368">
    <ele>1230.05</ele>
   </trkpt>
   <trkpt lat="49.66485" lon="-116.48274">
    <ele>1224.11</ele>
   </trkpt>
   <trkpt lat="49.664860000000004" lon="-116.48246">
    <ele>1223.1100000000001</ele>
   </trkpt>
   <trkpt lat="49.665020000000005" lon="-116.48211">
    <ele>1222.6200000000001</ele>
   </trkpt>
   <trkpt lat="49.66508" lon="-116.48193">
    <ele>1222.8400000000001</ele>
   </trkpt>
   <trkpt lat="49.66528" lon="-116.48162">
    <ele>1223.74</ele>
   </trkpt>
   <trkpt lat="49.66543" lon="-116.48125">
    <ele>1224.8000000000002</ele>
   </trkpt>
   <trkpt lat="49.66559" lon="-116.48092000000001">
    <ele>1225.67</ele>
   </trkpt>
   <trkpt lat="49.666070000000005" lon="-116.48053000000002">
    <ele>1227.19</ele>
   </trkpt>
   <trkpt lat="49.66610000000001" lon="-116.4804">
    <ele>1227.3400000000001</ele>
   </trkpt>
   <trkpt lat="49.666470000000004" lon="-116.48004">
    <ele>1229.66</ele>
   </trkpt>
   <trkpt lat="49.66651" lon="-116.47987">
    <ele>1230.75</ele>
   </trkpt>
   <trkpt lat="49.66709" lon="-116.47955">
    <ele>1233.1000000000001</ele>
   </trkpt>
   <trkpt lat="49.6677" lon="-116.47897">
    <ele>1233.97</ele>
   </trkpt>
   <trkpt lat="49.66783" lon="-116.47888">
    <ele>1234.2700000000002</ele>
   </trkpt>
   <trkpt lat="49.668200000000006" lon="-116.47836000000001">
    <ele>1234.9</ele>
   </trkpt>
   <trkpt lat="49.668310000000005" lon="-116.47816">
    <ele>1235.48</ele>
   </trkpt>
   <trkpt lat="49.66832" lon="-116.47794">
    <ele>1235.68</ele>
   </trkpt>
   <trkpt lat="49.66846" lon="-116.4775">
    <ele>1236.18</ele>
   </trkpt>
   <trkpt lat="49.66854000000001" lon="-116.47688000000001">
    <ele>1236.42</ele>
   </trkpt>
   <trkpt lat="49.66868" lon="-116.47651">
    <ele>1236.7100000000003</ele>
   </trkpt>
   <trkpt lat="49.668980000000005" lon="-116.47584">
    <ele>1237.81</ele>
   </trkpt>
   <trkpt lat="49.66912000000001" lon="-116.4753">
    <ele>1239.0800000000002</ele>
   </trkpt>
   <trkpt lat="49.66924" lon="-116.47406000000001">
    <ele>1239.43</ele>
   </trkpt>
   <trkpt lat="49.66933" lon="-116.47369">
    <ele>1240.1100000000001</ele>
   </trkpt>
   <trkpt lat="49.66937" lon="-116.47328">
    <ele>1240.88</ele>
   </trkpt>
   <trkpt lat="49.66957000000001" lon="-116.47288">
    <ele>1242.82</ele>
   </trkpt>
   <trkpt lat="49.66968000000001" lon="-116.47248">
    <ele>1245.19</ele>
   </trkpt>
   <trkpt lat="49.669850000000004" lon="-116.47216000000002">
    <ele>1246.0600000000002</ele>
   </trkpt>
   <trkpt lat="49.67009" lon="-116.47136">
    <ele>1248.6200000000001</ele>
   </trkpt>
   <trkpt lat="49.670320000000004" lon="-116.47096">
    <ele>1249.5</ele>
   </trkpt>
   <trkpt lat="49.67049" lon="-116.47030000000001">
    <ele>1250.55</ele>
   </trkpt>
   <trkpt lat="49.670500000000004" lon="-116.46992000000002">
    <ele>1251.45</ele>
   </trkpt>
   <trkpt lat="49.67060000000001" lon="-116.46903">
    <ele>1252.75</ele>
   </trkpt>
   <trkpt lat="49.670730000000006" lon="-116.46859">
    <ele>1252.24</ele>
   </trkpt>
   <trkpt lat="49.670770000000005" lon="-116.46833000000001">
    <ele>1251.88</ele>
   </trkpt>
   <trkpt lat="49.67096" lon="-116.46791">
    <ele>1250.99</ele>
   </trkpt>
   <trkpt lat="49.67099" lon="-116.46765">
    <ele>1250.82</ele>
   </trkpt>
   <trkpt lat="49.67121" lon="-116.46679">
    <ele>1249.67</ele>
   </trkpt>
   <trkpt lat="49.67134000516545" lon="-116.46569500290046">
    <ele>1248.78</ele>
   </trkpt>
   <trkpt lat="49.67147000000001" lon="-116.4646">
    <ele>1247.4900000000002</ele>
   </trkpt>
   <trkpt lat="49.67146" lon="-116.46375">
    <ele>1246.21</ele>
   </trkpt>
   <trkpt lat="49.67158000202451" lon="-116.46305500203391">
    <ele>1245.83</ele>
   </trkpt>
   <trkpt lat="49.6717" lon="-116.46236">
    <ele>1246.6200000000001</ele>
   </trkpt>
   <trkpt lat="49.67168" lon="-116.4612">
    <ele>1248.9</ele>
   </trkpt>
   <trkpt lat="49.671640000000004" lon="-116.46088">
    <ele>1250.63</ele>
   </trkpt>
   <trkpt lat="49.67163000000001" lon="-116.4603">
    <ele>1252.1000000000001</ele>
   </trkpt>
   <trkpt lat="49.67168" lon="-116.45985">
    <ele>1251.73</ele>
   </trkpt>
   <trkpt lat="49.671870000000006" lon="-116.45963">
    <ele>1250.5600000000002</ele>
   </trkpt>
   <trkpt lat="49.67204" lon="-116.45918">
    <ele>1247.17</ele>
   </trkpt>
   <trkpt lat="49.67210000000001" lon="-116.45888000000001">
    <ele>1244.75</ele>
   </trkpt>
   <trkpt lat="49.67203000000001" lon="-116.45824">
    <ele>1241.66</ele>
   </trkpt>
   <trkpt lat="49.672000000000004" lon="-116.45738000000001">
    <ele>1240.01</ele>
   </trkpt>
   <trkpt lat="49.671820000000004" lon="-116.45667">
    <ele>1240.64</ele>
   </trkpt>
   <trkpt lat="49.671750002883066" lon="-116.45584999868034">
    <ele>1241.53</ele>
   </trkpt>
   <trkpt lat="49.67168" lon="-116.45503000000001">
    <ele>1242.01</ele>
   </trkpt>
   <trkpt lat="49.671400000000006" lon="-116.45399">
    <ele>1240.73</ele>
   </trkpt>
   <trkpt lat="49.67125" lon="-116.45324000000001">
    <ele>1240.61</ele>
   </trkpt>
   <trkpt lat="49.67081" lon="-116.45224">
    <ele>1240.8400000000001</ele>
   </trkpt>
   <trkpt lat="49.67039000268525" lon="-116.45143999295851">
    <ele>1239.98</ele>
   </trkpt>
   <trkpt lat="49.669970000000006" lon="-116.45064">
    <ele>1238.18</ele>
   </trkpt>
   <trkpt lat="49.66973" lon="-116.45009">
    <ele>1236.92</ele>
   </trkpt>
   <trkpt lat="49.669470000000004" lon="-116.4496">
    <ele>1235.0800000000002</ele>
   </trkpt>
   <trkpt lat="49.66931" lon="-116.44921000000001">
    <ele>1233.4900000000002</ele>
   </trkpt>
   <trkpt lat="49.669290000000004" lon="-116.44876000000001">
    <ele>1232.38</ele>
   </trkpt>
   <trkpt lat="49.669340000000005" lon="-116.44854000000001">
    <ele>1231.6100000000001</ele>
   </trkpt>
   <trkpt lat="49.669430000000006" lon="-116.44835">
    <ele>1231.6100000000001</ele>
   </trkpt>
   <trkpt lat="49.66967" lon="-116.44812">
    <ele>1229.54</ele>
   </trkpt>
   <trkpt lat="49.66977000000001" lon="-116.44785">
    <ele>1228.8700000000001</ele>
   </trkpt>
   <trkpt lat="49.66977000000001" lon="-116.44745">
    <ele>1229.12</ele>
   </trkpt>
   <trkpt lat="49.669740000000004" lon="-116.44727">
    <ele>1229.45</ele>
   </trkpt>
   <trkpt lat="49.669650000000004" lon="-116.44709">
    <ele>1229.8500000000001</ele>
   </trkpt>
   <trkpt lat="49.66948000000001" lon="-116.44696">
    <ele>1230.66</ele>
   </trkpt>
   <trkpt lat="49.668730000000004" lon="-116.44679000000001">
    <ele>1231.45</ele>
   </trkpt>
   <trkpt lat="49.668600000000005" lon="-116.44668000000001">
    <ele>1230.97</ele>
   </trkpt>
   <trkpt lat="49.66841" lon="-116.44642">
    <ele>1230.5400000000002</ele>
   </trkpt>
   <trkpt lat="49.66825000000001" lon="-116.44615">
    <ele>1230.28</ele>
   </trkpt>
   <trkpt lat="49.66794" lon="-116.44543000000002">
    <ele>1230.0000000000002</ele>
   </trkpt>
   <trkpt lat="49.66780000000001" lon="-116.44500000000001">
    <ele>1229.68</ele>
   </trkpt>
   <trkpt lat="49.667680000000004" lon="-116.4445">
    <ele>1229.66</ele>
   </trkpt>
   <trkpt lat="49.66760000000001" lon="-116.44432">
    <ele>1229.78</ele>
   </trkpt>
   <trkpt lat="49.66725" lon="-116.4436">
    <ele>1230.0300000000002</ele>
   </trkpt>
   <trkpt lat="49.666990000000006" lon="-116.44326000000001">
    <ele>1230.69</ele>
   </trkpt>
   <trkpt lat="49.666920000000005" lon="-116.44306">
    <ele>1230.4</ele>
   </trkpt>
   <trkpt lat="49.66687" lon="-116.44279000000002">
    <ele>1230.4</ele>
   </trkpt>
   <trkpt lat="49.666880000000006" lon="-116.44194">
    <ele>1229.2</ele>
   </trkpt>
   <trkpt lat="49.66696" lon="-116.44129000000001">
    <ele>1228.82</ele>
   </trkpt>
   <trkpt lat="49.66714" lon="-116.44051">
    <ele>1228.2</ele>
   </trkpt>
   <trkpt lat="49.667210000000004" lon="-116.43939">
    <ele>1228.7100000000003</ele>
   </trkpt>
   <trkpt lat="49.66713000000001" lon="-116.43854">
    <ele>1227.68</ele>
   </trkpt>
   <trkpt lat="49.66691500559738" lon="-116.43739999497164">
    <ele>1227.03</ele>
   </trkpt>
   <trkpt lat="49.666700000000006" lon="-116.43626">
    <ele>1227.6200000000001</ele>
   </trkpt>
   <trkpt lat="49.66662" lon="-116.43604">
    <ele>1227.0800000000002</ele>
   </trkpt>
   <trkpt lat="49.6664" lon="-116.43558000000002">
    <ele>1225.2200000000003</ele>
   </trkpt>
   <trkpt lat="49.66619000000001" lon="-116.43545">
    <ele>1223.0800000000002</ele>
   </trkpt>
   <trkpt lat="49.666050000000006" lon="-116.43527">
    <ele>1220.9</ele>
   </trkpt>
   <trkpt lat="49.66564" lon="-116.43457000000001">
    <ele>1215.5600000000002</ele>
   </trkpt>
   <trkpt lat="49.6655" lon="-116.43425">
    <ele>1214.11</ele>
   </trkpt>
   <trkpt lat="49.66526" lon="-116.43384">
    <ele>1212.8000000000002</ele>
   </trkpt>
   <trkpt lat="49.6649" lon="-116.43295">
    <ele>1208.5</ele>
   </trkpt>
   <trkpt lat="49.664590006275695" lon="-116.43173999218013">
    <ele>1206.7</ele>
   </trkpt>
   <trkpt lat="49.664280000000005" lon="-116.43053">
    <ele>1206.8400000000001</ele>
   </trkpt>
   <trkpt lat="49.663970000000006" lon="-116.42986">
    <ele>1207.0500000000002</ele>
   </trkpt>
   <trkpt lat="49.6638" lon="-116.42927">
    <ele>1207.14</ele>
   </trkpt>
   <trkpt lat="49.663590000000006" lon="-116.42869">
    <ele>1206.63</ele>
   </trkpt>
   <trkpt lat="49.66353" lon="-116.42821">
    <ele>1204.91</ele>
   </trkpt>
   <trkpt lat="49.66335" lon="-116.42775">
    <ele>1203.94</ele>
   </trkpt>
   <trkpt lat="49.663230000000006" lon="-116.42713">
    <ele>1202.0700000000002</ele>
   </trkpt>
   <trkpt lat="49.66299" lon="-116.42641">
    <ele>1200.88</ele>
   </trkpt>
   <trkpt lat="49.66288" lon="-116.42596">
    <ele>1199.8600000000001</ele>
   </trkpt>
   <trkpt lat="49.66286" lon="-116.42578">
    <ele>1198.56</ele>
   </trkpt>
   <trkpt lat="49.662760000000006" lon="-116.42551">
    <ele>1198.0700000000002</ele>
   </trkpt>
   <trkpt lat="49.662620000000004" lon="-116.42533">
    <ele>1196.52</ele>
   </trkpt>
   <trkpt lat="49.6625" lon="-116.42521">
    <ele>1196.05</ele>
   </trkpt>
   <trkpt lat="49.66227000000001" lon="-116.42476">
    <ele>1194.1000000000001</ele>
   </trkpt>
   <trkpt lat="49.661620000000006" lon="-116.42399">
    <ele>1190.8899999999999</ele>
   </trkpt>
   <trkpt lat="49.661440000000006" lon="-116.42354">
    <ele>1188.53</ele>
   </trkpt>
   <trkpt lat="49.661350000000006" lon="-116.42301">
    <ele>1187.17</ele>
   </trkpt>
   <trkpt lat="49.66114" lon="-116.42244000000001">
    <ele>1187.93</ele>
   </trkpt>
   <trkpt lat="49.66085" lon="-116.42197000000002">
    <ele>1187.93</ele>
   </trkpt>
   <trkpt lat="49.660590000000006" lon="-116.42157">
    <ele>1187.21</ele>
   </trkpt>
   <trkpt lat="49.660560000000004" lon="-116.42148">
    <ele>1187.21</ele>
   </trkpt>
   <trkpt lat="49.66057000000001" lon="-116.42113">
    <ele>1186.21</ele>
   </trkpt>
   <trkpt lat="49.66066000000001" lon="-116.42073">
    <ele>1185.18</ele>
   </trkpt>
   <trkpt lat="49.660700000000006" lon="-116.42032">
    <ele>1184.56</ele>
   </trkpt>
   <trkpt lat="49.660720000000005" lon="-116.42005">
    <ele>1184.46</ele>
   </trkpt>
   <trkpt lat="49.660700000000006" lon="-116.41969">
    <ele>1184.44</ele>
   </trkpt>
   <trkpt lat="49.66055000260797" lon="-116.41890499734292">
    <ele>1184.3300000000002</ele>
   </trkpt>
   <trkpt lat="49.6604" lon="-116.41812000000002">
    <ele>1183.3200000000002</ele>
   </trkpt>
   <trkpt lat="49.66035" lon="-116.418">
    <ele>1183.3400000000001</ele>
   </trkpt>
   <trkpt lat="49.66026" lon="-116.41755">
    <ele>1183.8000000000002</ele>
   </trkpt>
   <trkpt lat="49.660000000000004" lon="-116.41678">
    <ele>1186.32</ele>
   </trkpt>
   <trkpt lat="49.659800000000004" lon="-116.41598">
    <ele>1188.2</ele>
   </trkpt>
   <trkpt lat="49.65961" lon="-116.41553">
    <ele>1188.72</ele>
   </trkpt>
   <trkpt lat="49.659200000000006" lon="-116.4149">
    <ele>1190.05</ele>
   </trkpt>
   <trkpt lat="49.6589" lon="-116.41428">
    <ele>1191.38</ele>
   </trkpt>
   <trkpt lat="49.65856" lon="-116.41378">
    <ele>1191.7300000000002</ele>
   </trkpt>
   <trkpt lat="49.65841" lon="-116.41343">
    <ele>1191.43</ele>
   </trkpt>
   <trkpt lat="49.658100000000005" lon="-116.41306000000002">
    <ele>1191.6</ele>
   </trkpt>
   <trkpt lat="49.657770000000006" lon="-116.41231">
    <ele>1191.2500000000002</ele>
   </trkpt>
   <trkpt lat="49.657450000000004" lon="-116.41139000000001">
    <ele>1192.59</ele>
   </trkpt>
   <trkpt lat="49.65702" lon="-116.41061">
    <ele>1197.87</ele>
   </trkpt>
   <trkpt lat="49.6567300023325" lon="-116.40986999552558">
    <ele>1201.44</ele>
   </trkpt>
   <trkpt lat="49.65644" lon="-116.40913">
    <ele>1205.03</ele>
   </trkpt>
   <trkpt lat="49.65616000000001" lon="-116.40828">
    <ele>1208.56</ele>
   </trkpt>
   <trkpt lat="49.65603" lon="-116.4077">
    <ele>1210.44</ele>
   </trkpt>
   <trkpt lat="49.655770000000004" lon="-116.40695000000001">
    <ele>1212.52</ele>
   </trkpt>
   <trkpt lat="49.65534" lon="-116.40601000000001">
    <ele>1214.52</ele>
   </trkpt>
   <trkpt lat="49.65505" lon="-116.4056">
    <ele>1215.43</ele>
   </trkpt>
   <trkpt lat="49.65458" lon="-116.4051">
    <ele>1216.7800000000002</ele>
   </trkpt>
   <trkpt lat="49.653955001138854" lon="-116.40458999346616">
    <ele>1220.28</ele>
   </trkpt>
   <trkpt lat="49.653330000000004" lon="-116.40408000000001">
    <ele>1226.15</ele>
   </trkpt>
   <trkpt lat="49.65308" lon="-116.40371">
    <ele>1227.42</ele>
   </trkpt>
   <trkpt lat="49.652820000000006" lon="-116.40322">
    <ele>1229.39</ele>
   </trkpt>
   <trkpt lat="49.6527" lon="-116.40273">
    <ele>1229.99</ele>
   </trkpt>
   <trkpt lat="49.65269000000001" lon="-116.40219">
    <ele>1228.7400000000002</ele>
   </trkpt>
   <trkpt lat="49.65272" lon="-116.40192">
    <ele>1228.0000000000002</ele>
   </trkpt>
   <trkpt lat="49.65287000000001" lon="-116.40107">
    <ele>1225.38</ele>
   </trkpt>
   <trkpt lat="49.65288" lon="-116.40068000000001">
    <ele>1225.38</ele>
   </trkpt>
   <trkpt lat="49.65296000000001" lon="-116.39995">
    <ele>1223.96</ele>
   </trkpt>
   <trkpt lat="49.652950000000004" lon="-116.39945000000002">
    <ele>1222.93</ele>
   </trkpt>
   <trkpt lat="49.652890000000006" lon="-116.39923">
    <ele>1222.68</ele>
   </trkpt>
   <trkpt lat="49.652890000000006" lon="-116.39906">
    <ele>1222.5000000000002</ele>
   </trkpt>
   <trkpt lat="49.652840000000005" lon="-116.39902000000001">
    <ele>1222.5000000000002</ele>
   </trkpt>
   <trkpt lat="49.65267" lon="-116.39866">
    <ele>1222.2</ele>
   </trkpt>
   <trkpt lat="49.65258000000001" lon="-116.39838">
    <ele>1221.8600000000001</ele>
   </trkpt>
   <trkpt lat="49.65245" lon="-116.39713">
    <ele>1219.6299999999999</ele>
   </trkpt>
   <trkpt lat="49.65206000194413" lon="-116.39645999465074">
    <ele>1218.26</ele>
   </trkpt>
   <trkpt lat="49.65167" lon="-116.39579">
    <ele>1216.6000000000001</ele>
   </trkpt>
   <trkpt lat="49.651540000000004" lon="-116.39551000000002">
    <ele>1215.94</ele>
   </trkpt>
   <trkpt lat="49.651430000000005" lon="-116.39511">
    <ele>1214.5900000000001</ele>
   </trkpt>
   <trkpt lat="49.65135" lon="-116.3944">
    <ele>1211.6</ele>
   </trkpt>
   <trkpt lat="49.65129" lon="-116.39431">
    <ele>1211.6</ele>
   </trkpt>
   <trkpt lat="49.65129" lon="-116.39417">
    <ele>1211.16</ele>
   </trkpt>
   <trkpt lat="49.65097" lon="-116.39328">
    <ele>1207.78</ele>
   </trkpt>
   <trkpt lat="49.65091" lon="-116.39297">
    <ele>1204.75</ele>
   </trkpt>
   <trkpt lat="49.650670000000005" lon="-116.39234">
    <ele>1204.19</ele>
   </trkpt>
   <trkpt lat="49.650420000000004" lon="-116.3919">
    <ele>1200.9800000000002</ele>
   </trkpt>
   <trkpt lat="49.65026" lon="-116.39131">
    <ele>1198.16</ele>
   </trkpt>
   <trkpt lat="49.64996000000001" lon="-116.39052000000001">
    <ele>1195.2</ele>
   </trkpt>
   <trkpt lat="49.64987000000001" lon="-116.3901">
    <ele>1193.65</ele>
   </trkpt>
   <trkpt lat="49.649840000000005" lon="-116.38979">
    <ele>1192.6000000000001</ele>
   </trkpt>
   <trkpt lat="49.64978000000001" lon="-116.38957">
    <ele>1190.44</ele>
   </trkpt>
   <trkpt lat="49.64945" lon="-116.38871">
    <ele>1187.2800000000002</ele>
   </trkpt>
   <trkpt lat="49.64909" lon="-116.38795">
    <ele>1185.5600000000002</ele>
   </trkpt>
   <trkpt lat="49.64905" lon="-116.38777">
    <ele>1185.5600000000002</ele>
   </trkpt>
   <trkpt lat="49.64905" lon="-116.38755">
    <ele>1184.28</ele>
   </trkpt>
   <trkpt lat="49.648970000000006" lon="-116.38701">
    <ele>1183.74</ele>
   </trkpt>
   <trkpt lat="49.64875000000001" lon="-116.38594">
    <ele>1180.44</ele>
   </trkpt>
   <trkpt lat="49.648680000000006" lon="-116.38541000000001">
    <ele>1179.5300000000002</ele>
   </trkpt>
   <trkpt lat="49.64847" lon="-116.38491">
    <ele>1178.3000000000002</ele>
   </trkpt>
   <trkpt lat="49.64806" lon="-116.38416000000001">
    <ele>1177.24</ele>
   </trkpt>
   <trkpt lat="49.647600000000004" lon="-116.38303">
    <ele>1178.5</ele>
   </trkpt>
   <trkpt lat="49.647540000000006" lon="-116.38267">
    <ele>1178.26</ele>
   </trkpt>
   <trkpt lat="49.64755" lon="-116.38246000000001">
    <ele>1178.2100000000003</ele>
   </trkpt>
   <trkpt lat="49.64735" lon="-116.38182">
    <ele>1178.8400000000001</ele>
   </trkpt>
   <trkpt lat="49.647270000000006" lon="-116.38141">
    <ele>1178.98</ele>
   </trkpt>
   <trkpt lat="49.647220000000004" lon="-116.38016">
    <ele>1176.62</ele>
   </trkpt>
   <trkpt lat="49.64717" lon="-116.37976">
    <ele>1174.3700000000001</ele>
   </trkpt>
   <trkpt lat="49.647200000000005" lon="-116.37962">
    <ele>1174.3700000000001</ele>
   </trkpt>
   <trkpt lat="49.64715" lon="-116.37927">
    <ele>1172.96</ele>
   </trkpt>
   <trkpt lat="49.64701" lon="-116.37868">
    <ele>1167.44</ele>
   </trkpt>
   <trkpt lat="49.64678000201682" lon="-116.37799499675266">
    <ele>1163.0900000000001</ele>
   </trkpt>
   <trkpt lat="49.646550000000005" lon="-116.37731000000001">
    <ele>1160.95</ele>
   </trkpt>
   <trkpt lat="49.646370000000005" lon="-116.37695000000001">
    <ele>1157.5300000000002</ele>
   </trkpt>
   <trkpt lat="49.64614" lon="-116.37623">
    <ele>1154.6200000000001</ele>
   </trkpt>
   <trkpt lat="49.64587" lon="-116.37569">
    <ele>1153.03</ele>
   </trkpt>
   <trkpt lat="49.64575000000001" lon="-116.37538">
    <ele>1150.7900000000002</ele>
   </trkpt>
   <trkpt lat="49.64573000000001" lon="-116.37515">
    <ele>1150.16</ele>
   </trkpt>
   <trkpt lat="49.64566000000001" lon="-116.37479">
    <ele>1148.4800000000002</ele>
   </trkpt>
   <trkpt lat="49.64556" lon="-116.37449000000001">
    <ele>1146.9900000000002</ele>
   </trkpt>
   <trkpt lat="49.64539500382078" lon="-116.373544996656">
    <ele>1142.76</ele>
   </trkpt>
   <trkpt lat="49.645230000000005" lon="-116.3726">
    <ele>1142.43</ele>
   </trkpt>
   <trkpt lat="49.64499000380849" lon="-116.3716599953803">
    <ele>1144.1000000000001</ele>
   </trkpt>
   <trkpt lat="49.64475" lon="-116.37072">
    <ele>1141.47</ele>
   </trkpt>
   <trkpt lat="49.64463000000001" lon="-116.36973">
    <ele>1136.7500000000002</ele>
   </trkpt>
   <trkpt lat="49.644580000000005" lon="-116.36888">
    <ele>1131.43</ele>
   </trkpt>
   <trkpt lat="49.64448" lon="-116.36839">
    <ele>1129.25</ele>
   </trkpt>
   <trkpt lat="49.64428000210768" lon="-116.36769499724134">
    <ele>1125.82</ele>
   </trkpt>
   <trkpt lat="49.64408" lon="-116.367">
    <ele>1121.66</ele>
   </trkpt>
   <trkpt lat="49.64396000000001" lon="-116.36642">
    <ele>1119.5600000000002</ele>
   </trkpt>
   <trkpt lat="49.643660000000004" lon="-116.36535">
    <ele>1117.68</ele>
   </trkpt>
   <trkpt lat="49.64342500187983" lon="-116.36468999682586">
    <ele>1116.0400000000002</ele>
   </trkpt>
   <trkpt lat="49.643190000000004" lon="-116.36403000000001">
    <ele>1114.68</ele>
   </trkpt>
   <trkpt lat="49.64282000000001" lon="-116.36316000000001">
    <ele>1109.76</ele>
   </trkpt>
   <trkpt lat="49.64262" lon="-116.36249000000001">
    <ele>1104.09</ele>
   </trkpt>
   <trkpt lat="49.6426" lon="-116.36221">
    <ele>1103.22</ele>
   </trkpt>
   <trkpt lat="49.642520000000005" lon="-116.36218000000001">
    <ele>1102.0800000000002</ele>
   </trkpt>
   <trkpt lat="49.64247" lon="-116.36181">
    <ele>1099.7700000000002</ele>
   </trkpt>
   <trkpt lat="49.6424" lon="-116.36078">
    <ele>1095.9</ele>
   </trkpt>
   <trkpt lat="49.64238" lon="-116.35966">
    <ele>1091.93</ele>
   </trkpt>
   <trkpt lat="49.64249001017429" lon="-116.35857333819895">
    <ele>1087.63</ele>
   </trkpt>
   <trkpt lat="49.6426000101788" lon="-116.35748667148766">
    <ele>1080.96</ele>
   </trkpt>
   <trkpt lat="49.64271" lon="-116.35640000000001">
    <ele>1075.75</ele>
   </trkpt>
   <trkpt lat="49.64276500384756" lon="-116.35545500103197">
    <ele>1071.96</ele>
   </trkpt>
   <trkpt lat="49.64282000000001" lon="-116.35451">
    <ele>1069.31</ele>
   </trkpt>
   <trkpt lat="49.64294000210228" lon="-116.35381500158378">
    <ele>1067.41</ele>
   </trkpt>
   <trkpt lat="49.643060000000006" lon="-116.35312">
    <ele>1065.5700000000002</ele>
   </trkpt>
   <trkpt lat="49.64316" lon="-116.35231">
    <ele>1062.09</ele>
   </trkpt>
   <trkpt lat="49.64335500490896" lon="-116.35124500412974">
    <ele>1057.0900000000001</ele>
   </trkpt>
   <trkpt lat="49.643550000000005" lon="-116.35018000000001">
    <ele>1053.41</ele>
   </trkpt>
   <trkpt lat="49.643600000000006" lon="-116.34980000000002">
    <ele>1052.45</ele>
   </trkpt>
   <trkpt lat="49.64383" lon="-116.34891">
    <ele>1051.5100000000002</ele>
   </trkpt>
   <trkpt lat="49.64392" lon="-116.34829">
    <ele>1050.78</ele>
   </trkpt>
   <trkpt lat="49.644110000000005" lon="-116.34743">
    <ele>1048.64</ele>
   </trkpt>
   <trkpt lat="49.64426" lon="-116.34712">
    <ele>1046.98</ele>
   </trkpt>
   <trkpt lat="49.644380000000005" lon="-116.34694">
    <ele>1045.2100000000003</ele>
   </trkpt>
   <trkpt lat="49.64463000000001" lon="-116.34672">
    <ele>1041.49</ele>
   </trkpt>
   <trkpt lat="49.64524" lon="-116.346">
    <ele>1033.1000000000001</ele>
   </trkpt>
   <trkpt lat="49.645390000000006" lon="-116.34574">
    <ele>1030.47</ele>
   </trkpt>
   <trkpt lat="49.64573000000001" lon="-116.34533">
    <ele>1024.45</ele>
   </trkpt>
   <trkpt lat="49.64591" lon="-116.3452">
    <ele>1023.2400000000001</ele>
   </trkpt>
   <trkpt lat="49.64612" lon="-116.34497">
    <ele>1019.6800000000002</ele>
   </trkpt>
   <trkpt lat="49.646565001586794" lon="-116.34439000512155">
    <ele>1016.3100000000001</ele>
   </trkpt>
   <trkpt lat="49.64701" lon="-116.34381">
    <ele>1014.7700000000001</ele>
   </trkpt>
   <trkpt lat="49.64737" lon="-116.34319">
    <ele>1014.21</ele>
   </trkpt>
   <trkpt lat="49.647940000000006" lon="-116.34237">
    <ele>1012.7099999999999</ele>
   </trkpt>
   <trkpt lat="49.64844" lon="-116.34152">
    <ele>1011.9100000000001</ele>
   </trkpt>
   <trkpt lat="49.648720000000004" lon="-116.34112">
    <ele>1011.23</ele>
   </trkpt>
   <trkpt lat="49.64889" lon="-116.34081">
    <ele>1009.44</ele>
   </trkpt>
   <trkpt lat="49.64903" lon="-116.34037000000001">
    <ele>1008.78</ele>
   </trkpt>
   <trkpt lat="49.649060000000006" lon="-116.34018">
    <ele>1008.5700000000002</ele>
   </trkpt>
   <trkpt lat="49.64905" lon="-116.3396">
    <ele>1008.11</ele>
   </trkpt>
   <trkpt lat="49.64894" lon="-116.33928000000002">
    <ele>1007.6400000000001</ele>
   </trkpt>
   <trkpt lat="49.64887" lon="-116.33888">
    <ele>1007.05</ele>
   </trkpt>
   <trkpt lat="49.648880000000005" lon="-116.33818000000001">
    <ele>1006.68</ele>
   </trkpt>
   <trkpt lat="49.64904000000001" lon="-116.33767">
    <ele>1006.35</ele>
   </trkpt>
   <trkpt lat="49.64911000000001" lon="-116.33733000000001">
    <ele>1006.0600000000002</ele>
   </trkpt>
   <trkpt lat="49.649190000000004" lon="-116.33718">
    <ele>1005.87</ele>
   </trkpt>
   <trkpt lat="49.6495" lon="-116.33603000000001">
    <ele>1005.0100000000001</ele>
   </trkpt>
   <trkpt lat="49.64976" lon="-116.33536000000001">
    <ele>1004.4399999999999</ele>
   </trkpt>
   <trkpt lat="49.64988" lon="-116.33512">
    <ele>1003.7500000000001</ele>
   </trkpt>
   <trkpt lat="49.650040000000004" lon="-116.33467">
    <ele>1003.0400000000001</ele>
   </trkpt>
   <trkpt lat="49.6501" lon="-116.33437">
    <ele>1002.03</ele>
   </trkpt>
   <trkpt lat="49.65019" lon="-116.33422000000002">
    <ele>1002.03</ele>
   </trkpt>
   <trkpt lat="49.650400000000005" lon="-116.33311">
    <ele>1001.0000000000001</ele>
   </trkpt>
   <trkpt lat="49.65057" lon="-116.33257">
    <ele>1000.7900000000001</ele>
   </trkpt>
   <trkpt lat="49.65075000435861" lon="-116.33156500366351">
    <ele>1000.3600000000001</ele>
   </trkpt>
   <trkpt lat="49.65093" lon="-116.33056">
    <ele>1000.27</ele>
   </trkpt>
   <trkpt lat="49.65109" lon="-116.32988">
    <ele>1000.81</ele>
   </trkpt>
   <trkpt lat="49.65131" lon="-116.32927000000001">
    <ele>1003.4300000000001</ele>
   </trkpt>
   <trkpt lat="49.65144" lon="-116.32909000000001">
    <ele>1003.8599999999999</ele>
   </trkpt>
   <trkpt lat="49.651630000000004" lon="-116.32906000000001">
    <ele>1003.7900000000002</ele>
   </trkpt>
   <trkpt lat="49.65223" lon="-116.32912">
    <ele>1002.0200000000001</ele>
   </trkpt>
   <trkpt lat="49.652550000000005" lon="-116.32912">
    <ele>1001.3000000000001</ele>
   </trkpt>
   <trkpt lat="49.652800000000006" lon="-116.3289">
    <ele>1000.88</ele>
   </trkpt>
   <trkpt lat="49.653110000000005" lon="-116.32823">
    <ele>1001.5</ele>
   </trkpt>
   <trkpt lat="49.65298000000001" lon="-116.32802000000001">
    <ele>1002.1600000000002</ele>
   </trkpt>
   <trkpt lat="49.65283" lon="-116.32788000000001">
    <ele>1003.23</ele>
   </trkpt>
   <trkpt lat="49.65202000000001" lon="-116.32733">
    <ele>1007.93</ele>
   </trkpt>
   <trkpt lat="49.651830000000004" lon="-116.32706">
    <ele>1009.15</ele>
   </trkpt>
   <trkpt lat="49.65157000000001" lon="-116.32679">
    <ele>1010.2500000000001</ele>
   </trkpt>
   <trkpt lat="49.651340000000005" lon="-116.32648">
    <ele>1009.5</ele>
   </trkpt>
   <trkpt lat="49.651030001386765" lon="-116.32589999619056">
    <ele>1007.12</ele>
   </trkpt>
   <trkpt lat="49.65072000000001" lon="-116.32532">
    <ele>1007.4800000000001</ele>
   </trkpt>
   <trkpt lat="49.650090000000006" lon="-116.32465">
    <ele>1005.8</ele>
   </trkpt>
   <trkpt lat="49.649710000000006" lon="-116.32437000000002">
    <ele>1005.6</ele>
   </trkpt>
   <trkpt lat="49.649440000000006" lon="-116.32429">
    <ele>1006.1900000000002</ele>
   </trkpt>
   <trkpt lat="49.64896" lon="-116.32407">
    <ele>1008.4900000000001</ele>
   </trkpt>
   <trkpt lat="49.6488" lon="-116.32397">
    <ele>1009.0799999999999</ele>
   </trkpt>
   <trkpt lat="49.64842" lon="-116.32357">
    <ele>1010.3100000000001</ele>
   </trkpt>
   <trkpt lat="49.648210000000006" lon="-116.32344">
    <ele>1010.4699999999999</ele>
   </trkpt>
   <trkpt lat="49.647830000000006" lon="-116.32308">
    <ele>1009.76</ele>
   </trkpt>
   <trkpt lat="49.64766" lon="-116.32303">
    <ele>1009.19</ele>
   </trkpt>
   <trkpt lat="49.64724000016656" lon="-116.32274499741686">
    <ele>1006.38</ele>
   </trkpt>
   <trkpt lat="49.646820000000005" lon="-116.32246">
    <ele>1004.2800000000001</ele>
   </trkpt>
   <trkpt lat="49.64629000000001" lon="-116.32178">
    <ele>1003.44</ele>
   </trkpt>
   <trkpt lat="49.64620000000001" lon="-116.32173000000002">
    <ele>1003.6100000000001</ele>
   </trkpt>
   <trkpt lat="49.645920000000004" lon="-116.32138">
    <ele>1004.9100000000002</ele>
   </trkpt>
   <trkpt lat="49.64549" lon="-116.32115">
    <ele>1006.9700000000001</ele>
   </trkpt>
   <trkpt lat="49.64528000000001" lon="-116.32090000000001">
    <ele>1007.15</ele>
   </trkpt>
   <trkpt lat="49.645010000000006" lon="-116.32067">
    <ele>1007.4800000000001</ele>
   </trkpt>
   <trkpt lat="49.64486" lon="-116.3204">
    <ele>1007.4800000000001</ele>
   </trkpt>
   <trkpt lat="49.64462" lon="-116.31981">
    <ele>1009.05</ele>
   </trkpt>
   <trkpt lat="49.644490000000005" lon="-116.31958000000002">
    <ele>1009.86</ele>
   </trkpt>
   <trkpt lat="49.64432000000001" lon="-116.31932">
    <ele>1010.4000000000002</ele>
   </trkpt>
   <trkpt lat="49.643910000000005" lon="-116.31891">
    <ele>1009.1800000000002</ele>
   </trkpt>
   <trkpt lat="49.64377" lon="-116.31865">
    <ele>1007.7800000000001</ele>
   </trkpt>
   <trkpt lat="49.64338000000001" lon="-116.31817000000001">
    <ele>1004.24</ele>
   </trkpt>
   <trkpt lat="49.64289" lon="-116.31748">
    <ele>1002.51</ele>
   </trkpt>
   <trkpt lat="49.64247" lon="-116.31677">
    <ele>1002.85</ele>
   </trkpt>
   <trkpt lat="49.64226000000001" lon="-116.31654">
    <ele>1003.2700000000001</ele>
   </trkpt>
   <trkpt lat="49.642030000000005" lon="-116.31623">
    <ele>1003.2700000000001</ele>
   </trkpt>
   <trkpt lat="49.64184" lon="-116.31588">
    <ele>1002.4000000000002</ele>
   </trkpt>
   <trkpt lat="49.641650000000006" lon="-116.31556">
    <ele>1001.4800000000001</ele>
   </trkpt>
   <trkpt lat="49.641400000000004" lon="-116.31484">
    <ele>999.48</ele>
   </trkpt>
   <trkpt lat="49.64125000000001" lon="-116.31475">
    <ele>999.7900000000001</ele>
   </trkpt>
   <trkpt lat="49.640620000000006" lon="-116.31421">
    <ele>1001.4000000000001</ele>
   </trkpt>
   <trkpt lat="49.64032" lon="-116.31381">
    <ele>1000.2300000000001</ele>
   </trkpt>
   <trkpt lat="49.639990000000004" lon="-116.31278">
    <ele>996.7600000000001</ele>
   </trkpt>
   <trkpt lat="49.63994" lon="-116.3122">
    <ele>995.95</ele>
   </trkpt>
   <trkpt lat="49.63987" lon="-116.31206">
    <ele>995.95</ele>
   </trkpt>
   <trkpt lat="49.63975000000001" lon="-116.31157">
    <ele>995.89</ele>
   </trkpt>
   <trkpt lat="49.63969" lon="-116.31104">
    <ele>996.08</ele>
   </trkpt>
   <trkpt lat="49.63956" lon="-116.31082">
    <ele>996.7600000000001</ele>
   </trkpt>
   <trkpt lat="49.63913" lon="-116.31059">
    <ele>997.4600000000002</ele>
   </trkpt>
   <trkpt lat="49.638920000000006" lon="-116.31055">
    <ele>997.5400000000001</ele>
   </trkpt>
   <trkpt lat="49.63875" lon="-116.31045">
    <ele>997.33</ele>
   </trkpt>
   <trkpt lat="49.63859" lon="-116.31023">
    <ele>996.89</ele>
   </trkpt>
   <trkpt lat="49.63816000437" lon="-116.30921999102794">
    <ele>996.94</ele>
   </trkpt>
   <trkpt lat="49.637730000000005" lon="-116.30821">
    <ele>998.2</ele>
   </trkpt>
   <trkpt lat="49.637480000000004" lon="-116.30719">
    <ele>998.33</ele>
   </trkpt>
   <trkpt lat="49.637470002794295" lon="-116.30638500013382">
    <ele>997.44</ele>
   </trkpt>
   <trkpt lat="49.637460000000004" lon="-116.30558">
    <ele>994.4200000000001</ele>
   </trkpt>
   <trkpt lat="49.63734" lon="-116.305">
    <ele>992.7300000000001</ele>
   </trkpt>
   <trkpt lat="49.63694" lon="-116.30392">
    <ele>993.6800000000001</ele>
   </trkpt>
   <trkpt lat="49.63683" lon="-116.30365">
    <ele>993.98</ele>
   </trkpt>
   <trkpt lat="49.63667" lon="-116.30342">
    <ele>994.3900000000001</ele>
   </trkpt>
   <trkpt lat="49.636370001943305" lon="-116.30274999589548">
    <ele>995.6300000000001</ele>
   </trkpt>
   <trkpt lat="49.636070000000004" lon="-116.30208">
    <ele>998.0200000000001</ele>
   </trkpt>
   <trkpt lat="49.63598" lon="-116.30194000000002">
    <ele>998.3900000000001</ele>
   </trkpt>
   <trkpt lat="49.635690000000004" lon="-116.30163">
    <ele>998.87</ele>
   </trkpt>
   <trkpt lat="49.63532000000001" lon="-116.30132">
    <ele>997.83</ele>
   </trkpt>
   <trkpt lat="49.6351" lon="-116.30105">
    <ele>997.09</ele>
   </trkpt>
   <trkpt lat="49.634820000000005" lon="-116.3006">
    <ele>994.83</ele>
   </trkpt>
   <trkpt lat="49.6347" lon="-116.30016">
    <ele>993.5600000000001</ele>
   </trkpt>
   <trkpt lat="49.634550000000004" lon="-116.29985">
    <ele>993.1500000000001</ele>
   </trkpt>
   <trkpt lat="49.634240000000005" lon="-116.29957">
    <ele>993.1400000000001</ele>
   </trkpt>
   <trkpt lat="49.633790000000005" lon="-116.29930000000002">
    <ele>993.5800000000002</ele>
   </trkpt>
   <trkpt lat="49.63344000000001" lon="-116.29891">
    <ele>995.6300000000001</ele>
   </trkpt>
   <trkpt lat="49.63317000000001" lon="-116.29819">
    <ele>996.71</ele>
   </trkpt>
   <trkpt lat="49.633" lon="-116.29800000000002">
    <ele>995.6700000000001</ele>
   </trkpt>
   <trkpt lat="49.63293" lon="-116.29783">
    <ele>994.3600000000001</ele>
   </trkpt>
   <trkpt lat="49.63290000000001" lon="-116.29751">
    <ele>992.4600000000002</ele>
   </trkpt>
   <trkpt lat="49.63286" lon="-116.29741000000001">
    <ele>992.0000000000001</ele>
   </trkpt>
   <trkpt lat="49.63286" lon="-116.29702">
    <ele>991.5200000000001</ele>
   </trkpt>
   <trkpt lat="49.632720000000006" lon="-116.29657">
    <ele>991.99</ele>
   </trkpt>
   <trkpt lat="49.63205000000001" lon="-116.29581">
    <ele>992.62</ele>
   </trkpt>
   <trkpt lat="49.631930000000004" lon="-116.29559">
    <ele>991.6800000000001</ele>
   </trkpt>
   <trkpt lat="49.631710000000005" lon="-116.29496">
    <ele>990.6</ele>
   </trkpt>
   <trkpt lat="49.63141" lon="-116.29451">
    <ele>990.2900000000001</ele>
   </trkpt>
   <trkpt lat="49.63103" lon="-116.29371">
    <ele>990.26</ele>
   </trkpt>
   <trkpt lat="49.63087" lon="-116.29353">
    <ele>990.1800000000001</ele>
   </trkpt>
   <trkpt lat="49.630570000000006" lon="-116.29309">
    <ele>989.94</ele>
   </trkpt>
   <trkpt lat="49.63031" lon="-116.29281">
    <ele>989.87</ele>
   </trkpt>
   <trkpt lat="49.62999000000001" lon="-116.29256000000001">
    <ele>989.48</ele>
   </trkpt>
   <trkpt lat="49.62986" lon="-116.29238000000001">
    <ele>989.48</ele>
   </trkpt>
   <trkpt lat="49.62964" lon="-116.29229000000001">
    <ele>989.32</ele>
   </trkpt>
   <trkpt lat="49.62957" lon="-116.29219">
    <ele>989.3000000000001</ele>
   </trkpt>
   <trkpt lat="49.62946" lon="-116.29193000000001">
    <ele>989.3600000000001</ele>
   </trkpt>
   <trkpt lat="49.62935" lon="-116.29183">
    <ele>989.4300000000001</ele>
   </trkpt>
   <trkpt lat="49.62914000000001" lon="-116.29126000000001">
    <ele>990.2900000000001</ele>
   </trkpt>
   <trkpt lat="49.62877" lon="-116.2908">
    <ele>991.6800000000001</ele>
   </trkpt>
   <trkpt lat="49.62863" lon="-116.29057">
    <ele>991.48</ele>
   </trkpt>
   <trkpt lat="49.62838000000001" lon="-116.28995">
    <ele>989.7900000000001</ele>
   </trkpt>
   <trkpt lat="49.6283" lon="-116.28955">
    <ele>988.8500000000001</ele>
   </trkpt>
   <trkpt lat="49.62809000000001" lon="-116.28919">
    <ele>988.35</ele>
   </trkpt>
   <trkpt lat="49.62782000000001" lon="-116.28892">
    <ele>988.3900000000001</ele>
   </trkpt>
   <trkpt lat="49.62764000000001" lon="-116.28869">
    <ele>989.0000000000001</ele>
   </trkpt>
   <trkpt lat="49.62751" lon="-116.28843">
    <ele>990.23</ele>
   </trkpt>
   <trkpt lat="49.627430000000004" lon="-116.28803">
    <ele>991.8500000000001</ele>
   </trkpt>
   <trkpt lat="49.62717000000001" lon="-116.28737000000001">
    <ele>992.25</ele>
   </trkpt>
   <trkpt lat="49.626850000000005" lon="-116.28667000000002">
    <ele>991.9700000000001</ele>
   </trkpt>
   <trkpt lat="49.626740000000005" lon="-116.28654000000002">
    <ele>991.9700000000001</ele>
   </trkpt>
   <trkpt lat="49.626560000000005" lon="-116.28605">
    <ele>990.45</ele>
   </trkpt>
   <trkpt lat="49.626430000000006" lon="-116.28556">
    <ele>987.5600000000001</ele>
   </trkpt>
   <trkpt lat="49.62635" lon="-116.28466000000002">
    <ele>987.1</ele>
   </trkpt>
   <trkpt lat="49.626270000000005" lon="-116.28445">
    <ele>987.2400000000001</ele>
   </trkpt>
   <trkpt lat="49.626180000000005" lon="-116.28377">
    <ele>987.4800000000001</ele>
   </trkpt>
   <trkpt lat="49.625870000000006" lon="-116.28267000000001">
    <ele>987.0500000000001</ele>
   </trkpt>
   <trkpt lat="49.62556000000001" lon="-116.28199000000001">
    <ele>987.23</ele>
   </trkpt>
   <trkpt lat="49.62545" lon="-116.28190000000001">
    <ele>987.2700000000001</ele>
   </trkpt>
   <trkpt lat="49.6253" lon="-116.28184">
    <ele>987.5500000000001</ele>
   </trkpt>
   <trkpt lat="49.624590000000005" lon="-116.28184">
    <ele>988.2400000000001</ele>
   </trkpt>
   <trkpt lat="49.62451" lon="-116.28171">
    <ele>988.25</ele>
   </trkpt>
   <trkpt lat="49.62443500235104" lon="-116.28096999878937">
    <ele>989.13</ele>
   </trkpt>
   <trkpt lat="49.62436" lon="-116.28023">
    <ele>988.3000000000001</ele>
   </trkpt>
   <trkpt lat="49.62427" lon="-116.27992">
    <ele>987.8000000000001</ele>
   </trkpt>
   <trkpt lat="49.624230000000004" lon="-116.27965">
    <ele>987.59</ele>
   </trkpt>
   <trkpt lat="49.62422" lon="-116.27938">
    <ele>987.59</ele>
   </trkpt>
   <trkpt lat="49.62425" lon="-116.27886000000001">
    <ele>987.2900000000001</ele>
   </trkpt>
   <trkpt lat="49.62445" lon="-116.27845">
    <ele>986.6400000000001</ele>
   </trkpt>
   <trkpt lat="49.62453000000001" lon="-116.27822">
    <ele>986.6400000000001</ele>
   </trkpt>
   <trkpt lat="49.624750000000006" lon="-116.27792000000001">
    <ele>986.13</ele>
   </trkpt>
   <trkpt lat="49.62501" lon="-116.2775">
    <ele>985.6700000000001</ele>
   </trkpt>
   <trkpt lat="49.625130000000006" lon="-116.27719">
    <ele>985.7000000000002</ele>
   </trkpt>
   <trkpt lat="49.62514" lon="-116.27692">
    <ele>985.6800000000001</ele>
   </trkpt>
   <trkpt lat="49.62505" lon="-116.27652">
    <ele>985.96</ele>
   </trkpt>
   <trkpt lat="49.62491000000001" lon="-116.27625">
    <ele>986.01</ele>
   </trkpt>
   <trkpt lat="49.624750000000006" lon="-116.27607">
    <ele>985.99</ele>
   </trkpt>
   <trkpt lat="49.624590000000005" lon="-116.27602">
    <ele>986.2900000000001</ele>
   </trkpt>
   <trkpt lat="49.624370000000006" lon="-116.27584000000002">
    <ele>987.0200000000001</ele>
   </trkpt>
   <trkpt lat="49.624320000000004" lon="-116.27563">
    <ele>987.5</ele>
   </trkpt>
   <trkpt lat="49.62402" lon="-116.27505000000001">
    <ele>987.87</ele>
   </trkpt>
   <trkpt lat="49.62395" lon="-116.27473">
    <ele>988.0500000000001</ele>
   </trkpt>
   <trkpt lat="49.62388000000001" lon="-116.27419">
    <ele>988.01</ele>
   </trkpt>
   <trkpt lat="49.62386" lon="-116.27334">
    <ele>986.4800000000001</ele>
   </trkpt>
   <trkpt lat="49.62393" lon="-116.27274000000001">
    <ele>985.23</ele>
   </trkpt>
   <trkpt lat="49.623960000000004" lon="-116.27219000000001">
    <ele>984.5300000000001</ele>
   </trkpt>
   <trkpt lat="49.623830000000005" lon="-116.27159">
    <ele>984.19</ele>
   </trkpt>
   <trkpt lat="49.62355" lon="-116.27089000000001">
    <ele>984.1</ele>
   </trkpt>
   <trkpt lat="49.62355" lon="-116.27016">
    <ele>984.6400000000001</ele>
   </trkpt>
   <trkpt lat="49.623580000000004" lon="-116.26971">
    <ele>984.9300000000001</ele>
   </trkpt>
   <trkpt lat="49.62353" lon="-116.269">
    <ele>984.7900000000001</ele>
   </trkpt>
   <trkpt lat="49.623430000000006" lon="-116.26847000000001">
    <ele>984.6800000000001</ele>
   </trkpt>
   <trkpt lat="49.62342" lon="-116.26829000000001">
    <ele>984.4800000000001</ele>
   </trkpt>
   <trkpt lat="49.623420004748056" lon="-116.26724000022818">
    <ele>984.6400000000001</ele>
   </trkpt>
   <trkpt lat="49.62342" lon="-116.26619000000001">
    <ele>985.1200000000001</ele>
   </trkpt>
   <trkpt lat="49.62344" lon="-116.26595">
    <ele>984.8800000000001</ele>
   </trkpt>
   <trkpt lat="49.623540000000006" lon="-116.26564">
    <ele>984.8800000000001</ele>
   </trkpt>
   <trkpt lat="49.62373" lon="-116.26461">
    <ele>984.74</ele>
   </trkpt>
   <trkpt lat="49.62371" lon="-116.2638">
    <ele>984.99</ele>
   </trkpt>
   <trkpt lat="49.6236" lon="-116.26277">
    <ele>985.8700000000001</ele>
   </trkpt>
   <trkpt lat="49.62332000000001" lon="-116.26205000000002">
    <ele>986.08</ele>
   </trkpt>
   <trkpt lat="49.62285000000001" lon="-116.26129">
    <ele>985.1400000000001</ele>
   </trkpt>
   <trkpt lat="49.62259" lon="-116.26049">
    <ele>985.4800000000001</ele>
   </trkpt>
   <trkpt lat="49.622580000000006" lon="-116.25970000000001">
    <ele>985.62</ele>
   </trkpt>
   <trkpt lat="49.62268" lon="-116.25934000000001">
    <ele>985.46</ele>
   </trkpt>
   <trkpt lat="49.62266" lon="-116.25861">
    <ele>984.5600000000001</ele>
   </trkpt>
   <trkpt lat="49.622620000000005" lon="-116.25838">
    <ele>984.4200000000001</ele>
   </trkpt>
   <trkpt lat="49.62267000000001" lon="-116.25754">
    <ele>984.6600000000001</ele>
   </trkpt>
   <trkpt lat="49.62259" lon="-116.25713">
    <ele>984.6300000000001</ele>
   </trkpt>
   <trkpt lat="49.62241000231927" lon="-116.25638999710573">
    <ele>984.0300000000001</ele>
   </trkpt>
   <trkpt lat="49.62223" lon="-116.25565">
    <ele>984.44</ele>
   </trkpt>
   <trkpt lat="49.62203" lon="-116.25517">
    <ele>984.3100000000001</ele>
   </trkpt>
   <trkpt lat="49.621880000000004" lon="-116.25458">
    <ele>985.11</ele>
   </trkpt>
   <trkpt lat="49.62156" lon="-116.25404">
    <ele>986.1400000000001</ele>
   </trkpt>
   <trkpt lat="49.62145" lon="-116.25368">
    <ele>986.9000000000001</ele>
   </trkpt>
   <trkpt lat="49.6214" lon="-116.25342">
    <ele>987.4200000000001</ele>
   </trkpt>
   <trkpt lat="49.621370000000006" lon="-116.25296000000002">
    <ele>987.84</ele>
   </trkpt>
   <trkpt lat="49.621410000000004" lon="-116.25274">
    <ele>988.1700000000001</ele>
   </trkpt>
   <trkpt lat="49.621550000000006" lon="-116.25226">
    <ele>988.7500000000001</ele>
   </trkpt>
   <trkpt lat="49.62149" lon="-116.25212">
    <ele>988.82</ele>
   </trkpt>
   <trkpt lat="49.621230000000004" lon="-116.25176">
    <ele>988.8000000000001</ele>
   </trkpt>
   <trkpt lat="49.620720000000006" lon="-116.2514">
    <ele>987.3100000000001</ele>
   </trkpt>
   <trkpt lat="49.62026" lon="-116.25095">
    <ele>986.69</ele>
   </trkpt>
   <trkpt lat="49.620050000000006" lon="-116.25061000000001">
    <ele>987.0300000000001</ele>
   </trkpt>
   <trkpt lat="49.619910000000004" lon="-116.25046">
    <ele>987.22</ele>
   </trkpt>
   <trkpt lat="49.619620000000005" lon="-116.24983">
    <ele>988.0500000000001</ele>
   </trkpt>
   <trkpt lat="49.619510000000005" lon="-116.24925">
    <ele>989.3700000000001</ele>
   </trkpt>
   <trkpt lat="49.61937" lon="-116.24904000000001">
    <ele>989.74</ele>
   </trkpt>
   <trkpt lat="49.619200000000006" lon="-116.2489">
    <ele>990.1200000000001</ele>
   </trkpt>
   <trkpt lat="49.61885" lon="-116.2488">
    <ele>990.08</ele>
   </trkpt>
   <trkpt lat="49.61853000000001" lon="-116.24862">
    <ele>990.34</ele>
   </trkpt>
   <trkpt lat="49.61824000000001" lon="-116.24836">
    <ele>990.8800000000001</ele>
   </trkpt>
   <trkpt lat="49.61809" lon="-116.24810000000001">
    <ele>991.4000000000001</ele>
   </trkpt>
   <trkpt lat="49.61788000000001" lon="-116.24759">
    <ele>991.72</ele>
   </trkpt>
   <trkpt lat="49.617740000000005" lon="-116.24737">
    <ele>991.84</ele>
   </trkpt>
   <trkpt lat="49.617540000000005" lon="-116.24716000000001">
    <ele>991.8800000000001</ele>
   </trkpt>
   <trkpt lat="49.6174" lon="-116.24694000000001">
    <ele>991.77</ele>
   </trkpt>
   <trkpt lat="49.61731" lon="-116.24665">
    <ele>991.74</ele>
   </trkpt>
   <trkpt lat="49.61722" lon="-116.24620000000002">
    <ele>992.1700000000001</ele>
   </trkpt>
   <trkpt lat="49.617230000000006" lon="-116.24495">
    <ele>996.4600000000002</ele>
   </trkpt>
   <trkpt lat="49.61731" lon="-116.24455">
    <ele>998.87</ele>
   </trkpt>
   <trkpt lat="49.61733" lon="-116.24367000000001">
    <ele>1003.39</ele>
   </trkpt>
   <trkpt lat="49.61724" lon="-116.24307">
    <ele>1004.9000000000001</ele>
   </trkpt>
   <trkpt lat="49.617140000000006" lon="-116.24281">
    <ele>1005.44</ele>
   </trkpt>
   <trkpt lat="49.617020000000004" lon="-116.24227">
    <ele>1006.7099999999999</ele>
   </trkpt>
   <trkpt lat="49.617020000000004" lon="-116.24165">
    <ele>1009.7800000000001</ele>
   </trkpt>
   <trkpt lat="49.61692000000001" lon="-116.24106">
    <ele>1012.13</ele>
   </trkpt>
   <trkpt lat="49.61692000000001" lon="-116.24047000000002">
    <ele>1014.0900000000001</ele>
   </trkpt>
   <trkpt lat="49.61684" lon="-116.24004000000001">
    <ele>1016.34</ele>
   </trkpt>
   <trkpt lat="49.61684" lon="-116.23949">
    <ele>1018.1200000000001</ele>
   </trkpt>
   <trkpt lat="49.616980000000005" lon="-116.23878">
    <ele>1019.84</ele>
   </trkpt>
   <trkpt lat="49.61688" lon="-116.23753">
    <ele>1020.7000000000002</ele>
   </trkpt>
   <trkpt lat="49.61688" lon="-116.23716">
    <ele>1019.4500000000002</ele>
   </trkpt>
   <trkpt lat="49.61693" lon="-116.23685">
    <ele>1017.9500000000002</ele>
   </trkpt>
   <trkpt lat="49.61704" lon="-116.23657000000001">
    <ele>1016.71</ele>
   </trkpt>
   <trkpt lat="49.61713" lon="-116.23649">
    <ele>1016.2600000000001</ele>
   </trkpt>
   <trkpt lat="49.61739000000001" lon="-116.23635000000002">
    <ele>1015.7400000000001</ele>
   </trkpt>
   <trkpt lat="49.61751" lon="-116.23609">
    <ele>1014.96</ele>
   </trkpt>
   <trkpt lat="49.61759000000001" lon="-116.23579000000001">
    <ele>1014.14</ele>
   </trkpt>
   <trkpt lat="49.61764" lon="-116.23532000000002">
    <ele>1012.98</ele>
   </trkpt>
   <trkpt lat="49.61762" lon="-116.23461">
    <ele>1011.9500000000002</ele>
   </trkpt>
   <trkpt lat="49.61739000000001" lon="-116.23381">
    <ele>1010.07</ele>
   </trkpt>
   <trkpt lat="49.617380000000004" lon="-116.23331">
    <ele>1008.7700000000001</ele>
   </trkpt>
   <trkpt lat="49.617580000000004" lon="-116.23197">
    <ele>1007.7800000000001</ele>
   </trkpt>
   <trkpt lat="49.6176550023238" lon="-116.23123500115881">
    <ele>1007.5899999999999</ele>
   </trkpt>
   <trkpt lat="49.61773" lon="-116.2305">
    <ele>1008.1200000000001</ele>
   </trkpt>
   <trkpt lat="49.617720000000006" lon="-116.22943000000001">
    <ele>1009.5</ele>
   </trkpt>
   <trkpt lat="49.6176" lon="-116.22808">
    <ele>1009.9500000000002</ele>
   </trkpt>
   <trkpt lat="49.6176" lon="-116.22776">
    <ele>1010.6600000000001</ele>
   </trkpt>
   <trkpt lat="49.61752000480121" lon="-116.22670499836916">
    <ele>1011.26</ele>
   </trkpt>
   <trkpt lat="49.61744" lon="-116.22565000000002">
    <ele>1011.1700000000001</ele>
   </trkpt>
   <trkpt lat="49.617450005354804" lon="-116.22453500016994">
    <ele>1010.07</ele>
   </trkpt>
   <trkpt lat="49.61746" lon="-116.22342">
    <ele>1008.2300000000001</ele>
   </trkpt>
   <trkpt lat="49.617490000000004" lon="-116.22234">
    <ele>1006.27</ele>
   </trkpt>
   <trkpt lat="49.61755" lon="-116.22180000000002">
    <ele>1005.4000000000001</ele>
   </trkpt>
   <trkpt lat="49.61772500173621" lon="-116.22115500252086">
    <ele>1004.9700000000001</ele>
   </trkpt>
   <trkpt lat="49.617900000000006" lon="-116.22051">
    <ele>1005.0700000000002</ele>
   </trkpt>
   <trkpt lat="49.61797000000001" lon="-116.22010000000002">
    <ele>1005.1600000000001</ele>
   </trkpt>
   <trkpt lat="49.618010000000005" lon="-116.21939">
    <ele>1004.59</ele>
   </trkpt>
   <trkpt lat="49.618" lon="-116.21832">
    <ele>1003.1000000000001</ele>
   </trkpt>
   <trkpt lat="49.618" lon="-116.21711">
    <ele>1001.9200000000001</ele>
   </trkpt>
   <trkpt lat="49.618030000000005" lon="-116.21658000000001">
    <ele>1001.63</ele>
   </trkpt>
   <trkpt lat="49.61804" lon="-116.21567">
    <ele>1001.1100000000001</ele>
   </trkpt>
   <trkpt lat="49.618010000000005" lon="-116.21433">
    <ele>1000.8700000000001</ele>
   </trkpt>
   <trkpt lat="49.618010002080275" lon="-116.21363500026071">
    <ele>1000.82</ele>
   </trkpt>
   <trkpt lat="49.618010000000005" lon="-116.21294">
    <ele>1000.96</ele>
   </trkpt>
   <trkpt lat="49.61799334223862" lon="-116.21192333277598">
    <ele>1001.0100000000001</ele>
   </trkpt>
   <trkpt lat="49.617976675574226" lon="-116.21090666624721">
    <ele>1002.0200000000001</ele>
   </trkpt>
   <trkpt lat="49.617960000000004" lon="-116.20989000000002">
    <ele>1003.7500000000001</ele>
   </trkpt>
   <trkpt lat="49.61799000240835" lon="-116.20914000081696">
    <ele>1005.2100000000002</ele>
   </trkpt>
   <trkpt lat="49.61802" lon="-116.20839000000001">
    <ele>1005.9600000000002</ele>
   </trkpt>
   <trkpt lat="49.618140000000004" lon="-116.20721">
    <ele>1008.27</ele>
   </trkpt>
   <trkpt lat="49.61827" lon="-116.20641">
    <ele>1009.4100000000001</ele>
   </trkpt>
   <trkpt lat="49.618430000000004" lon="-116.20557000000001">
    <ele>1010.37</ele>
   </trkpt>
   <trkpt lat="49.618680000000005" lon="-116.20472000000001">
    <ele>1010.4300000000002</ele>
   </trkpt>
   <trkpt lat="49.618880000000004" lon="-116.20422">
    <ele>1010.0100000000001</ele>
   </trkpt>
   <trkpt lat="49.619110000000006" lon="-116.20351000000001">
    <ele>1009.9600000000002</ele>
   </trkpt>
   <trkpt lat="49.619240000000005" lon="-116.20284000000001">
    <ele>1010.7300000000001</ele>
   </trkpt>
   <trkpt lat="49.619310000000006" lon="-116.20233">
    <ele>1011.4800000000001</ele>
   </trkpt>
   <trkpt lat="49.61934" lon="-116.20190000000001">
    <ele>1012.7900000000001</ele>
   </trkpt>
   <trkpt lat="49.619350000000004" lon="-116.20136000000001">
    <ele>1013.5800000000002</ele>
   </trkpt>
   <trkpt lat="49.619310000000006" lon="-116.20082000000001">
    <ele>1013.6700000000001</ele>
   </trkpt>
   <trkpt lat="49.619240000000005" lon="-116.20027">
    <ele>1013.3700000000001</ele>
   </trkpt>
   <trkpt lat="49.61895500416429" lon="-116.19928499419007">
    <ele>1011.63</ele>
   </trkpt>
   <trkpt lat="49.61867" lon="-116.1983">
    <ele>1009.5500000000002</ele>
   </trkpt>
   <trkpt lat="49.61856" lon="-116.19800000000001">
    <ele>1008.96</ele>
   </trkpt>
   <trkpt lat="49.61844000000001" lon="-116.19777">
    <ele>1008.4600000000002</ele>
   </trkpt>
   <trkpt lat="49.618030000000005" lon="-116.19711000000001">
    <ele>1006.0200000000001</ele>
   </trkpt>
   <trkpt lat="49.617670000000004" lon="-116.1966">
    <ele>1004.95</ele>
   </trkpt>
   <trkpt lat="49.61724" lon="-116.19589">
    <ele>1004.24</ele>
   </trkpt>
   <trkpt lat="49.61712000000001" lon="-116.19566">
    <ele>1004.2300000000001</ele>
   </trkpt>
   <trkpt lat="49.6169" lon="-116.19485">
    <ele>1004.5300000000001</ele>
   </trkpt>
   <trkpt lat="49.61667500430932" lon="-116.19384999539436">
    <ele>1004.0600000000002</ele>
   </trkpt>
   <trkpt lat="49.61645000000001" lon="-116.19285">
    <ele>1002.41</ele>
   </trkpt>
   <trkpt lat="49.61634" lon="-116.19221">
    <ele>999.9100000000001</ele>
   </trkpt>
   <trkpt lat="49.61621" lon="-116.19096">
    <ele>991.6800000000001</ele>
   </trkpt>
   <trkpt lat="49.616170000000004" lon="-116.19025">
    <ele>988.19</ele>
   </trkpt>
   <trkpt lat="49.616080000000004" lon="-116.18944">
    <ele>985.6300000000001</ele>
   </trkpt>
   <trkpt lat="49.615840000000006" lon="-116.18854">
    <ele>984.5300000000001</ele>
   </trkpt>
   <trkpt lat="49.61553000000001" lon="-116.18787">
    <ele>981.4100000000001</ele>
   </trkpt>
   <trkpt lat="49.61542000000001" lon="-116.18756">
    <ele>980.98</ele>
   </trkpt>
   <trkpt lat="49.61522500313869" lon="-116.18670999671677">
    <ele>980.0200000000001</ele>
   </trkpt>
   <trkpt lat="49.615030000000004" lon="-116.18586">
    <ele>980.2400000000001</ele>
   </trkpt>
   <trkpt lat="49.61491" lon="-116.18501">
    <ele>982.3100000000001</ele>
   </trkpt>
   <trkpt lat="49.614610000000006" lon="-116.18442">
    <ele>980.89</ele>
   </trkpt>
   <trkpt lat="49.61455" lon="-116.1842">
    <ele>980.84</ele>
   </trkpt>
   <trkpt lat="49.61450001585315" lon="-116.18284333053036">
    <ele>981.7500000000001</ele>
   </trkpt>
   <trkpt lat="49.61445001585242" lon="-116.18148666384391">
    <ele>983.3900000000001</ele>
   </trkpt>
   <trkpt lat="49.6144" lon="-116.18013">
    <ele>982.2400000000001</ele>
   </trkpt>
   <trkpt lat="49.614340000000006" lon="-116.17963">
    <ele>983.2600000000001</ele>
   </trkpt>
   <trkpt lat="49.61426" lon="-116.17932">
    <ele>984.5800000000002</ele>
   </trkpt>
   <trkpt lat="49.613980000000005" lon="-116.17833">
    <ele>988.77</ele>
   </trkpt>
   <trkpt lat="49.61381" lon="-116.17757">
    <ele>992.7500000000001</ele>
   </trkpt>
   <trkpt lat="49.613578612920264" lon="-116.1763028210389">
    <ele>996.92</ele>
   </trkpt>
   <trkpt lat="49.61334721200925" lon="-116.17503565410986">
    <ele>999.2400000000001</ele>
   </trkpt>
   <trkpt lat="49.613115797267184" lon="-116.17376849921337">
    <ele>1001.0800000000002</ele>
   </trkpt>
   <trkpt lat="49.61288436869432" lon="-116.17250135634997">
    <ele>1003.0600000000001</ele>
   </trkpt>
   <trkpt lat="49.61265292629088" lon="-116.17123422552018">
    <ele>1004.2900000000001</ele>
   </trkpt>
   <trkpt lat="49.61242147005713" lon="-116.16996710672447">
    <ele>1002.7099999999999</ele>
   </trkpt>
   <trkpt lat="49.612190000000005" lon="-116.16870000000002">
    <ele>998.9700000000001</ele>
   </trkpt>
   <trkpt lat="49.611990000000006" lon="-116.16746">
    <ele>994.3400000000001</ele>
   </trkpt>
   <trkpt lat="49.611990000000006" lon="-116.16683">
    <ele>991.8100000000001</ele>
   </trkpt>
   <trkpt lat="49.61206000000001" lon="-116.16633000000002">
    <ele>989.9200000000001</ele>
   </trkpt>
   <trkpt lat="49.612230000000004" lon="-116.16568000000001">
    <ele>988.3000000000001</ele>
   </trkpt>
   <trkpt lat="49.61255334226721" lon="-116.16466001362078">
    <ele>986.8700000000001</ele>
   </trkpt>
   <trkpt lat="49.61287667557275" lon="-116.16364001370866">
    <ele>987.22</ele>
   </trkpt>
   <trkpt lat="49.613200000000006" lon="-116.16262">
    <ele>988.22</ele>
   </trkpt>
   <trkpt lat="49.613440002668476" lon="-116.16182000423241">
    <ele>990.4000000000001</ele>
   </trkpt>
   <trkpt lat="49.61368" lon="-116.16102000000001">
    <ele>989.9700000000001</ele>
   </trkpt>
   <trkpt lat="49.613850000000006" lon="-116.16029">
    <ele>988.69</ele>
   </trkpt>
   <trkpt lat="49.61392000000001" lon="-116.15984">
    <ele>986.71</ele>
   </trkpt>
   <trkpt lat="49.614050000000006" lon="-116.15872">
    <ele>983.94</ele>
   </trkpt>
   <trkpt lat="49.614050000000006" lon="-116.1577">
    <ele>979.5500000000001</ele>
   </trkpt>
   <trkpt lat="49.614090000000004" lon="-116.15684">
    <ele>978.23</ele>
   </trkpt>
   <trkpt lat="49.614180000000005" lon="-116.15610000000001">
    <ele>977.52</ele>
   </trkpt>
   <trkpt lat="49.614433342828036" lon="-116.15505001092333">
    <ele>978.47</ele>
   </trkpt>
   <trkpt lat="49.61468667615957" lon="-116.15400001093094">
    <ele>979.7500000000001</ele>
   </trkpt>
   <trkpt lat="49.614940000000004" lon="-116.15295">
    <ele>980.59</ele>
   </trkpt>
   <trkpt lat="49.61504668019426" lon="-116.15169667218923">
    <ele>980.34</ele>
   </trkpt>
   <trkpt lat="49.61515334685789" lon="-116.15044333889192">
    <ele>979.9000000000001</ele>
   </trkpt>
   <trkpt lat="49.615260000000006" lon="-116.14919">
    <ele>979.19</ele>
   </trkpt>
   <trkpt lat="49.6154" lon="-116.14852">
    <ele>979.0400000000001</ele>
   </trkpt>
   <trkpt lat="49.61575500199566" lon="-116.14784500485344">
    <ele>978.6300000000001</ele>
   </trkpt>
   <trkpt lat="49.616110000000006" lon="-116.14717">
    <ele>978.2900000000001</ele>
   </trkpt>
   <trkpt lat="49.61638000000001" lon="-116.14637">
    <ele>977.9700000000001</ele>
   </trkpt>
   <trkpt lat="49.61654" lon="-116.14521">
    <ele>977.3600000000001</ele>
   </trkpt>
   <trkpt lat="49.61666002108688" lon="-116.1439325094284">
    <ele>976.44</ele>
   </trkpt>
   <trkpt lat="49.61678002811649" lon="-116.14265501256479">
    <ele>975.2100000000002</ele>
   </trkpt>
   <trkpt lat="49.6169000210887" lon="-116.1413775094098">
    <ele>974.07</ele>
   </trkpt>
   <trkpt lat="49.617020000000004" lon="-116.1401">
    <ele>973.5400000000001</ele>
   </trkpt>
   <trkpt lat="49.617250000000006" lon="-116.13904000000001">
    <ele>972.71</ele>
   </trkpt>
   <trkpt lat="49.61758334315234" lon="-116.13797334786561">
    <ele>972.1400000000001</ele>
   </trkpt>
   <trkpt lat="49.61791667650452" lon="-116.13690668113887">
    <ele>971.8000000000001</ele>
   </trkpt>
   <trkpt lat="49.61825" lon="-116.13584000000002">
    <ele>971.2900000000001</ele>
   </trkpt>
   <trkpt lat="49.618370000000006" lon="-116.13553">
    <ele>971.1600000000001</ele>
   </trkpt>
   <trkpt lat="49.61851" lon="-116.13531">
    <ele>970.8200000000002</ele>
   </trkpt>
   <trkpt lat="49.618970000000004" lon="-116.13486">
    <ele>970.1800000000001</ele>
   </trkpt>
   <trkpt lat="49.61918000000001" lon="-116.13456000000001">
    <ele>970.1800000000001</ele>
   </trkpt>
   <trkpt lat="49.6193" lon="-116.13425000000001">
    <ele>969.7</ele>
   </trkpt>
   <trkpt lat="49.619420000000005" lon="-116.13379">
    <ele>969.7</ele>
   </trkpt>
   <trkpt lat="49.6195" lon="-116.13307">
    <ele>969.11</ele>
   </trkpt>
   <trkpt lat="49.619530007504665" lon="-116.1317500007845">
    <ele>968.37</ele>
   </trkpt>
   <trkpt lat="49.61956000000001" lon="-116.13043">
    <ele>967.8100000000001</ele>
   </trkpt>
   <trkpt lat="49.619600000000005" lon="-116.12989">
    <ele>967.44</ele>
   </trkpt>
   <trkpt lat="49.61965000000001" lon="-116.12950000000001">
    <ele>966.9900000000001</ele>
   </trkpt>
   <trkpt lat="49.619780000000006" lon="-116.12910000000001">
    <ele>966.69</ele>
   </trkpt>
   <trkpt lat="49.6202300035669" lon="-116.12820000815456">
    <ele>966.3100000000001</ele>
   </trkpt>
   <trkpt lat="49.62068000000001" lon="-116.1273">
    <ele>966.0300000000001</ele>
   </trkpt>
   <trkpt lat="49.620960000000004" lon="-116.12662">
    <ele>965.73</ele>
   </trkpt>
   <trkpt lat="49.621170000000006" lon="-116.12595">
    <ele>965.28</ele>
   </trkpt>
   <trkpt lat="49.62139000414837" lon="-116.12497000437027">
    <ele>965.0000000000001</ele>
   </trkpt>
   <trkpt lat="49.621610000000004" lon="-116.12399">
    <ele>965.01</ele>
   </trkpt>
   <trkpt lat="49.62179334150002" lon="-116.12301667395602">
    <ele>964.9000000000001</ele>
   </trkpt>
   <trkpt lat="49.62197667484004" lon="-116.12204334058735">
    <ele>964.79</ele>
   </trkpt>
   <trkpt lat="49.62216" lon="-116.12107">
    <ele>964.58</ele>
   </trkpt>
   <trkpt lat="49.62231500455288" lon="-116.12004500307413">
    <ele>965.1</ele>
   </trkpt>
   <trkpt lat="49.62247000000001" lon="-116.11902">
    <ele>964.71</ele>
   </trkpt>
   <trkpt lat="49.622630013246095" lon="-116.11778000812586">
    <ele>963.3800000000001</ele>
   </trkpt>
   <trkpt lat="49.622790013248505" lon="-116.11654000810748">
    <ele>962.6000000000001</ele>
   </trkpt>
   <trkpt lat="49.62295" lon="-116.1153">
    <ele>962.0400000000001</ele>
   </trkpt>
   <trkpt lat="49.62296000802377" lon="-116.11393500034298">
    <ele>961.37</ele>
   </trkpt>
   <trkpt lat="49.62297" lon="-116.11257">
    <ele>960.5600000000001</ele>
   </trkpt>
   <trkpt lat="49.62301" lon="-116.11162000000002">
    <ele>960.32</ele>
   </trkpt>
   <trkpt lat="49.6231" lon="-116.11046">
    <ele>959.7500000000001</ele>
   </trkpt>
   <trkpt lat="49.623160000000006" lon="-116.11007000000001">
    <ele>959.7500000000001</ele>
   </trkpt>
   <trkpt lat="49.623270000000005" lon="-116.1098">
    <ele>959.6500000000001</ele>
   </trkpt>
   <trkpt lat="49.62369" lon="-116.10939">
    <ele>959.13</ele>
   </trkpt>
   <trkpt lat="49.623920000000005" lon="-116.10909000000001">
    <ele>958.8700000000001</ele>
   </trkpt>
   <trkpt lat="49.62407" lon="-116.10876">
    <ele>958.73</ele>
   </trkpt>
   <trkpt lat="49.62415000000001" lon="-116.1084">
    <ele>958.49</ele>
   </trkpt>
   <trkpt lat="49.62415000000001" lon="-116.10778">
    <ele>958.0500000000001</ele>
   </trkpt>
   <trkpt lat="49.624080000000006" lon="-116.10752000000001">
    <ele>957.3100000000001</ele>
   </trkpt>
   <trkpt lat="49.623810000000006" lon="-116.10693">
    <ele>956.9900000000001</ele>
   </trkpt>
   <trkpt lat="49.62362" lon="-116.10634">
    <ele>956.79</ele>
   </trkpt>
   <trkpt lat="49.62348" lon="-116.10576">
    <ele>956.5300000000001</ele>
   </trkpt>
   <trkpt lat="49.62341000000001" lon="-116.10524000000001">
    <ele>956.2100000000002</ele>
   </trkpt>
   <trkpt lat="49.62339" lon="-116.10446">
    <ele>955.9200000000001</ele>
   </trkpt>
   <trkpt lat="49.6234300078271" lon="-116.10350666825586">
    <ele>955.71</ele>
   </trkpt>
   <trkpt lat="49.62347000782611" lon="-116.10255333494624">
    <ele>955.4800000000001</ele>
   </trkpt>
   <trkpt lat="49.62351" lon="-116.1016">
    <ele>955.25</ele>
   </trkpt>
   <trkpt lat="49.62362667470499" lon="-116.10063333804786">
    <ele>954.9300000000001</ele>
   </trkpt>
   <trkpt lat="49.62374334136142" lon="-116.09966667146612">
    <ele>954.7</ele>
   </trkpt>
   <trkpt lat="49.62386" lon="-116.09870000000001">
    <ele>954.58</ele>
   </trkpt>
   <trkpt lat="49.623920000000005" lon="-116.09797">
    <ele>954.2700000000001</ele>
   </trkpt>
   <trkpt lat="49.62391" lon="-116.09731000000001">
    <ele>953.8900000000001</ele>
   </trkpt>
   <trkpt lat="49.62385500313453" lon="-116.0964549988218">
    <ele>953.71</ele>
   </trkpt>
   <trkpt lat="49.6238" lon="-116.0956">
    <ele>953.4800000000001</ele>
   </trkpt>
   <trkpt lat="49.62379000000001" lon="-116.09498">
    <ele>953.25</ele>
   </trkpt>
   <trkpt lat="49.62384500400117" lon="-116.0940150012518">
    <ele>953.01</ele>
   </trkpt>
   <trkpt lat="49.623900000000006" lon="-116.09305">
    <ele>952.6600000000001</ele>
   </trkpt>
   <trkpt lat="49.62391" lon="-116.0922">
    <ele>952.4</ele>
   </trkpt>
   <trkpt lat="49.62387802947228" lon="-116.09089199656935">
    <ele>952.1600000000001</ele>
   </trkpt>
   <trkpt lat="49.623846044208435" lon="-116.08958399485566">
    <ele>951.88</ele>
   </trkpt>
   <trkpt lat="49.62381404420852" lon="-116.08827599485979">
    <ele>951.25</ele>
   </trkpt>
   <trkpt lat="49.623782029472565" lon="-116.08696799658246">
    <ele>950.85</ele>
   </trkpt>
   <trkpt lat="49.62375" lon="-116.08566">
    <ele>950.57</ele>
   </trkpt>
   <trkpt lat="49.623780000000004" lon="-116.08485">
    <ele>950.32</ele>
   </trkpt>
   <trkpt lat="49.62395" lon="-116.0836">
    <ele>949.95</ele>
   </trkpt>
   <trkpt lat="49.62394000497792" lon="-116.08252499989636">
    <ele>949.8000000000001</ele>
   </trkpt>
   <trkpt lat="49.62393" lon="-116.08145">
    <ele>949.95</ele>
   </trkpt>
   <trkpt lat="49.62395" lon="-116.08093000000001">
    <ele>949.91</ele>
   </trkpt>
   <trkpt lat="49.624030000000005" lon="-116.08039000000001">
    <ele>949.8100000000001</ele>
   </trkpt>
   <trkpt lat="49.62430000485072" lon="-116.07933000582794">
    <ele>949.6700000000001</ele>
   </trkpt>
   <trkpt lat="49.624570000000006" lon="-116.07827">
    <ele>949.61</ele>
   </trkpt>
   <trkpt lat="49.62472" lon="-116.07756">
    <ele>949.5500000000001</ele>
   </trkpt>
   <trkpt lat="49.62478" lon="-116.07702">
    <ele>949.6700000000001</ele>
   </trkpt>
   <trkpt lat="49.62480667948551" lon="-116.07580000138188">
    <ele>950.5600000000001</ele>
   </trkpt>
   <trkpt lat="49.62483334615117" lon="-116.0745800014279">
    <ele>953.0600000000001</ele>
   </trkpt>
   <trkpt lat="49.624860000000005" lon="-116.07336000000001">
    <ele>954.46</ele>
   </trkpt>
   <trkpt lat="49.624950000000005" lon="-116.07272">
    <ele>956.2800000000001</ele>
   </trkpt>
   <trkpt lat="49.62511000000001" lon="-116.07223">
    <ele>957.7200000000001</ele>
   </trkpt>
   <trkpt lat="49.625520002000755" lon="-116.07155500561709">
    <ele>959.03</ele>
   </trkpt>
   <trkpt lat="49.625930000000004" lon="-116.07088">
    <ele>961.0500000000001</ele>
   </trkpt>
   <trkpt lat="49.626360000000005" lon="-116.07003">
    <ele>962.1400000000001</ele>
   </trkpt>
   <trkpt lat="49.62657" lon="-116.06941">
    <ele>962.85</ele>
   </trkpt>
   <trkpt lat="49.62679000000001" lon="-116.06845000000001">
    <ele>964.25</ele>
   </trkpt>
   <trkpt lat="49.626870000000004" lon="-116.06753">
    <ele>964.69</ele>
   </trkpt>
   <trkpt lat="49.62688000311127" lon="-116.06668000019258">
    <ele>965.0300000000001</ele>
   </trkpt>
   <trkpt lat="49.62689" lon="-116.06583">
    <ele>964.5300000000001</ele>
   </trkpt>
   <trkpt lat="49.626940000000005" lon="-116.06497">
    <ele>963.91</ele>
   </trkpt>
   <trkpt lat="49.62709" lon="-116.06400000000001">
    <ele>963.79</ele>
   </trkpt>
   <trkpt lat="49.62738" lon="-116.06301">
    <ele>965.0600000000001</ele>
   </trkpt>
   <trkpt lat="49.627700000000004" lon="-116.06230000000001">
    <ele>967.19</ele>
   </trkpt>
   <trkpt lat="49.62809000000001" lon="-116.06160000000001">
    <ele>968.1800000000001</ele>
   </trkpt>
   <trkpt lat="49.628440001173246" lon="-116.06107000386322">
    <ele>967.34</ele>
   </trkpt>
   <trkpt lat="49.62879" lon="-116.06054">
    <ele>965.74</ele>
   </trkpt>
   <trkpt lat="49.62903000000001" lon="-116.06002000000001">
    <ele>964.0000000000001</ele>
   </trkpt>
   <trkpt lat="49.62926" lon="-116.05938">
    <ele>963.6500000000001</ele>
   </trkpt>
   <trkpt lat="49.62942" lon="-116.05862">
    <ele>963.96</ele>
   </trkpt>
   <trkpt lat="49.62946" lon="-116.05831">
    <ele>963.9700000000001</ele>
   </trkpt>
   <trkpt lat="49.62954001584442" lon="-116.05720250548356">
    <ele>964.88</ele>
   </trkpt>
   <trkpt lat="49.62962002112466" lon="-116.0560950073289">
    <ele>969.28</ele>
   </trkpt>
   <trkpt lat="49.629700015840626" lon="-116.05498750553652">
    <ele>972.7</ele>
   </trkpt>
   <trkpt lat="49.629780000000004" lon="-116.05388">
    <ele>973.8800000000001</ele>
   </trkpt>
   <trkpt lat="49.62993" lon="-116.05287000000001">
    <ele>973.9100000000001</ele>
   </trkpt>
   <trkpt lat="49.630290010687425" lon="-116.05175668308716">
    <ele>973.71</ele>
   </trkpt>
   <trkpt lat="49.630650010699185" lon="-116.0506433497177">
    <ele>973.7500000000001</ele>
   </trkpt>
   <trkpt lat="49.63101" lon="-116.04953">
    <ele>972.2</ele>
   </trkpt>
   <trkpt lat="49.631220002129986" lon="-116.04882500307447">
    <ele>971.86</ele>
   </trkpt>
   <trkpt lat="49.63143" lon="-116.04812000000001">
    <ele>971.1400000000001</ele>
   </trkpt>
   <trkpt lat="49.63170251177688" lon="-116.04716501604867">
    <ele>969.98</ele>
   </trkpt>
   <trkpt lat="49.63197501569882" lon="-116.04621002141145">
    <ele>968.58</ele>
   </trkpt>
   <trkpt lat="49.632247511765655" lon="-116.04525501608852">
    <ele>967.85</ele>
   </trkpt>
   <trkpt lat="49.63252000000001" lon="-116.0443">
    <ele>966.9700000000001</ele>
   </trkpt>
   <trkpt lat="49.63279000000001" lon="-116.04308">
    <ele>965.23</ele>
   </trkpt>
   <trkpt lat="49.63299002294381" lon="-116.04192601892939">
    <ele>963.34</ele>
   </trkpt>
   <trkpt lat="49.63319003441814" lon="-116.04077202838073">
    <ele>961.6800000000001</ele>
   </trkpt>
   <trkpt lat="49.63339003442281" lon="-116.03961802835444">
    <ele>959.57</ele>
   </trkpt>
   <trkpt lat="49.63359002295763" lon="-116.03846401885092">
    <ele>958.49</ele>
   </trkpt>
   <trkpt lat="49.633790000000005" lon="-116.03731">
    <ele>955.44</ele>
   </trkpt>
   <trkpt lat="49.63396" lon="-116.03668">
    <ele>954.09</ele>
   </trkpt>
   <trkpt lat="49.634260000000005" lon="-116.03580000000001">
    <ele>953.69</ele>
   </trkpt>
   <trkpt lat="49.63440000000001" lon="-116.03526000000001">
    <ele>953.73</ele>
   </trkpt>
   <trkpt lat="49.63447000000001" lon="-116.0348">
    <ele>953.79</ele>
   </trkpt>
   <trkpt lat="49.63448" lon="-116.03426">
    <ele>953.74</ele>
   </trkpt>
   <trkpt lat="49.63441" lon="-116.03372">
    <ele>953.2</ele>
   </trkpt>
   <trkpt lat="49.634260000000005" lon="-116.03323">
    <ele>952.32</ele>
   </trkpt>
   <trkpt lat="49.63383" lon="-116.03225">
    <ele>948.3600000000001</ele>
   </trkpt>
   <trkpt lat="49.633680000000005" lon="-116.03176">
    <ele>947.33</ele>
   </trkpt>
   <trkpt lat="49.6336" lon="-116.03131">
    <ele>947.33</ele>
   </trkpt>
   <trkpt lat="49.633610000000004" lon="-116.03078000000001">
    <ele>944.1700000000001</ele>
   </trkpt>
   <trkpt lat="49.633720000000004" lon="-116.03020000000001">
    <ele>944.1700000000001</ele>
   </trkpt>
   <trkpt lat="49.63394" lon="-116.02961">
    <ele>942.1600000000001</ele>
   </trkpt>
   <trkpt lat="49.63426000106871" lon="-116.0290900035722">
    <ele>940.94</ele>
   </trkpt>
   <trkpt lat="49.63458000000001" lon="-116.02857000000002">
    <ele>940.97</ele>
   </trkpt>
   <trkpt lat="49.63487000000001" lon="-116.02791">
    <ele>942.4100000000001</ele>
   </trkpt>
   <trkpt lat="49.635040000000004" lon="-116.02728">
    <ele>944.6200000000001</ele>
   </trkpt>
   <trkpt lat="49.63512" lon="-116.02653000000001">
    <ele>947.6000000000001</ele>
   </trkpt>
   <trkpt lat="49.6351" lon="-116.0258">
    <ele>948.83</ele>
   </trkpt>
   <trkpt lat="49.635000000000005" lon="-116.02522">
    <ele>948.6500000000001</ele>
   </trkpt>
   <trkpt lat="49.63459334589177" lon="-116.02401331323533">
    <ele>947.57</ele>
   </trkpt>
   <trkpt lat="49.63418667924284" lon="-116.02280664662166">
    <ele>945.7800000000001</ele>
   </trkpt>
   <trkpt lat="49.63378" lon="-116.0216">
    <ele>942.2800000000001</ele>
   </trkpt>
   <trkpt lat="49.63354" lon="-116.02114">
    <ele>940.5700000000002</ele>
   </trkpt>
   <trkpt lat="49.63284" lon="-116.02038">
    <ele>935.85</ele>
   </trkpt>
   <trkpt lat="49.63262" lon="-116.01999">
    <ele>935.19</ele>
   </trkpt>
   <trkpt lat="49.63244" lon="-116.01926">
    <ele>935.03</ele>
   </trkpt>
   <trkpt lat="49.63241000000001" lon="-116.01873">
    <ele>935.86</ele>
   </trkpt>
   <trkpt lat="49.63253000658673" lon="-116.01749500285243">
    <ele>941.36</ele>
   </trkpt>
   <trkpt lat="49.632650000000005" lon="-116.01626">
    <ele>945.7800000000001</ele>
   </trkpt>
   <trkpt lat="49.632740000000005" lon="-116.01573">
    <ele>948.22</ele>
   </trkpt>
   <trkpt lat="49.63288000000001" lon="-116.01528">
    <ele>949.0500000000001</ele>
   </trkpt>
   <trkpt lat="49.633295002341676" lon="-116.01454500623566">
    <ele>954.6000000000001</ele>
   </trkpt>
   <trkpt lat="49.63371" lon="-116.01381">
    <ele>958.6300000000001</ele>
   </trkpt>
   <trkpt lat="49.633860000000006" lon="-116.0134">
    <ele>960.01</ele>
   </trkpt>
   <trkpt lat="49.63410500438703" lon="-116.01239000510499">
    <ele>963.25</ele>
   </trkpt>
   <trkpt lat="49.634350000000005" lon="-116.01138">
    <ele>965.9300000000001</ele>
   </trkpt>
   <trkpt lat="49.634530000000005" lon="-116.0109">
    <ele>966.5300000000001</ele>
   </trkpt>
   <trkpt lat="49.63490500202618" lon="-116.01022500508202">
    <ele>967.0500000000001</ele>
   </trkpt>
   <trkpt lat="49.63528" lon="-116.00955">
    <ele>967.1400000000001</ele>
   </trkpt>
   <trkpt lat="49.635380000000005" lon="-116.00923000000002">
    <ele>967.3100000000001</ele>
   </trkpt>
   <trkpt lat="49.63542" lon="-116.00865">
    <ele>967.5600000000001</ele>
   </trkpt>
   <trkpt lat="49.63534501555913" lon="-116.00755249490187">
    <ele>967.9200000000001</ele>
   </trkpt>
   <trkpt lat="49.63527002074419" lon="-116.00645499318352">
    <ele>967.74</ele>
   </trkpt>
   <trkpt lat="49.63519501555524" lon="-116.00535749484547">
    <ele>966.0200000000001</ele>
   </trkpt>
   <trkpt lat="49.63512" lon="-116.00426000000002">
    <ele>965.61</ele>
   </trkpt>
   <trkpt lat="49.63515" lon="-116.00369">
    <ele>966.3600000000001</ele>
   </trkpt>
   <trkpt lat="49.63533" lon="-116.00271000000001">
    <ele>968.61</ele>
   </trkpt>
   <trkpt lat="49.635380000000005" lon="-116.0023">
    <ele>970.1200000000001</ele>
   </trkpt>
   <trkpt lat="49.63537" lon="-116.00189">
    <ele>971.3600000000001</ele>
   </trkpt>
   <trkpt lat="49.635270000000006" lon="-116.00149">
    <ele>972.0400000000001</ele>
   </trkpt>
   <trkpt lat="49.634980000000006" lon="-116.00077">
    <ele>973.55</ele>
   </trkpt>
   <trkpt lat="49.6349" lon="-116.00037">
    <ele>974.4800000000001</ele>
   </trkpt>
   <trkpt lat="49.634890000000006" lon="-115.99921">
    <ele>975.89</ele>
   </trkpt>
   <trkpt lat="49.63492" lon="-115.99886000000001">
    <ele>976.0600000000001</ele>
   </trkpt>
   <trkpt lat="49.63515" lon="-115.99768">
    <ele>975.9900000000001</ele>
   </trkpt>
   <trkpt lat="49.63523000000001" lon="-115.99706">
    <ele>975.25</ele>
   </trkpt>
   <trkpt lat="49.635200000000005" lon="-115.99625">
    <ele>974.07</ele>
   </trkpt>
   <trkpt lat="49.63521" lon="-115.99495">
    <ele>972.49</ele>
   </trkpt>
   <trkpt lat="49.63520500245273" lon="-115.99419499962315">
    <ele>971.7</ele>
   </trkpt>
   <trkpt lat="49.635200000000005" lon="-115.99344">
    <ele>970.8700000000001</ele>
   </trkpt>
   <trkpt lat="49.635250000000006" lon="-115.99276">
    <ele>970.89</ele>
   </trkpt>
   <trkpt lat="49.63543000000001" lon="-115.99174000000001">
    <ele>972.58</ele>
   </trkpt>
   <trkpt lat="49.63573" lon="-115.99048">
    <ele>975.5600000000001</ele>
   </trkpt>
   <trkpt lat="49.635780000000004" lon="-115.98994">
    <ele>976.7300000000001</ele>
   </trkpt>
   <trkpt lat="49.63565000421056" lon="-115.98895499761664">
    <ele>977.8700000000001</ele>
   </trkpt>
   <trkpt lat="49.63552000000001" lon="-115.98797">
    <ele>976.86</ele>
   </trkpt>
   <trkpt lat="49.635375004368946" lon="-115.98695999682602">
    <ele>974.5600000000001</ele>
   </trkpt>
   <trkpt lat="49.63523000000001" lon="-115.98595">
    <ele>972.0200000000001</ele>
   </trkpt>
   <trkpt lat="49.635090000000005" lon="-115.9847">
    <ele>971.8800000000001</ele>
   </trkpt>
   <trkpt lat="49.635070000000006" lon="-115.98425">
    <ele>972.64</ele>
   </trkpt>
   <trkpt lat="49.63515000773606" lon="-115.98291000214103">
    <ele>977.7000000000002</ele>
   </trkpt>
   <trkpt lat="49.63523000000001" lon="-115.98157">
    <ele>982.2400000000001</ele>
   </trkpt>
   <trkpt lat="49.6353000023878" lon="-115.98083000075007">
    <ele>983.11</ele>
   </trkpt>
   <trkpt lat="49.63537" lon="-115.98009">
    <ele>984.2600000000001</ele>
   </trkpt>
   <trkpt lat="49.63556000217991" lon="-115.97938000273602">
    <ele>985.2700000000001</ele>
   </trkpt>
   <trkpt lat="49.63575" lon="-115.97867000000001">
    <ele>985.6800000000001</ele>
   </trkpt>
   <trkpt lat="49.63613" lon="-115.97751000000001">
    <ele>986.2700000000001</ele>
   </trkpt>
   <trkpt lat="49.636300000000006" lon="-115.97692">
    <ele>986.57</ele>
   </trkpt>
   <trkpt lat="49.63644000000001" lon="-115.97584">
    <ele>986.5800000000002</ele>
   </trkpt>
   <trkpt lat="49.63655000000001" lon="-115.97464000000001">
    <ele>985.08</ele>
   </trkpt>
   <trkpt lat="49.63658" lon="-115.97397000000001">
    <ele>983.4800000000001</ele>
   </trkpt>
   <trkpt lat="49.636480000000006" lon="-115.9736">
    <ele>982.1700000000001</ele>
   </trkpt>
   <trkpt lat="49.636300000000006" lon="-115.97324">
    <ele>980.7000000000002</ele>
   </trkpt>
   <trkpt lat="49.636010000000006" lon="-115.97284">
    <ele>976.4800000000001</ele>
   </trkpt>
   <trkpt lat="49.63591" lon="-115.97252">
    <ele>976.4800000000001</ele>
   </trkpt>
   <trkpt lat="49.63588000000001" lon="-115.97221">
    <ele>974.6600000000001</ele>
   </trkpt>
   <trkpt lat="49.63591" lon="-115.97189000000002">
    <ele>972.8100000000001</ele>
   </trkpt>
   <trkpt lat="49.63626000000001" lon="-115.97095000000002">
    <ele>969.73</ele>
   </trkpt>
   <trkpt lat="49.636630004819196" lon="-115.97020334464365">
    <ele>967.9200000000001</ele>
   </trkpt>
   <trkpt lat="49.63700000483684" lon="-115.96945667794152">
    <ele>967.85</ele>
   </trkpt>
   <trkpt lat="49.637370000000004" lon="-115.96871000000002">
    <ele>969.9900000000001</ele>
   </trkpt>
   <trkpt lat="49.637745001752194" lon="-115.96806500503453">
    <ele>973.59</ele>
   </trkpt>
   <trkpt lat="49.63812" lon="-115.96742">
    <ele>977.5600000000001</ele>
   </trkpt>
   <trkpt lat="49.63852500182314" lon="-115.9667700054">
    <ele>981.0500000000001</ele>
   </trkpt>
   <trkpt lat="49.63893" lon="-115.96612">
    <ele>982.0200000000001</ele>
   </trkpt>
   <trkpt lat="49.63917000000001" lon="-115.9659">
    <ele>981.1500000000001</ele>
   </trkpt>
   <trkpt lat="49.63935000000001" lon="-115.96585">
    <ele>980.1700000000001</ele>
   </trkpt>
   <trkpt lat="49.639540000000004" lon="-115.96591000000001">
    <ele>978.89</ele>
   </trkpt>
   <trkpt lat="49.63967" lon="-115.96608">
    <ele>977.0500000000001</ele>
   </trkpt>
   <trkpt lat="49.639720000000004" lon="-115.9663">
    <ele>975.49</ele>
   </trkpt>
   <trkpt lat="49.639720000000004" lon="-115.96663000000001">
    <ele>975.49</ele>
   </trkpt>
   <trkpt lat="49.63978" lon="-115.96702">
    <ele>971.49</ele>
   </trkpt>
   <trkpt lat="49.63984000000001" lon="-115.96725">
    <ele>970.8000000000001</ele>
   </trkpt>
   <trkpt lat="49.64002000000001" lon="-115.96746">
    <ele>969.0200000000001</ele>
   </trkpt>
   <trkpt lat="49.6403" lon="-115.96757000000001">
    <ele>967.8100000000001</ele>
   </trkpt>
   <trkpt lat="49.641070000000006" lon="-115.96773">
    <ele>968.46</ele>
   </trkpt>
   <trkpt lat="49.64125000000001" lon="-115.96761000000001">
    <ele>969.5600000000001</ele>
   </trkpt>
   <trkpt lat="49.6417150028917" lon="-115.96842999216227">
    <ele>971.0600000000001</ele>
   </trkpt>
   <trkpt lat="49.64218" lon="-115.96925">
    <ele>972.9000000000001</ele>
   </trkpt>
   <trkpt lat="49.64251000085993" lon="-115.9697249966199">
    <ele>973.32</ele>
   </trkpt>
   <trkpt lat="49.64284000000001" lon="-115.9702">
    <ele>974.6500000000001</ele>
   </trkpt>
   <trkpt lat="49.643210000803656" lon="-115.97062999674094">
    <ele>975.37</ele>
   </trkpt>
   <trkpt lat="49.64358000000001" lon="-115.97106000000001">
    <ele>975.9200000000001</ele>
   </trkpt>
   <trkpt lat="49.64394" lon="-115.97136">
    <ele>977.1500000000001</ele>
   </trkpt>
   <trkpt lat="49.64444" lon="-115.97163">
    <ele>977.8200000000002</ele>
   </trkpt>
   <trkpt lat="49.64521200161354" lon="-115.9719359805909">
    <ele>979.96</ele>
   </trkpt>
   <trkpt lat="49.645984002420725" lon="-115.97224197088595">
    <ele>982.9200000000001</ele>
   </trkpt>
   <trkpt lat="49.64675600242153" lon="-115.97254797088567">
    <ele>989.3700000000001</ele>
   </trkpt>
   <trkpt lat="49.647528001615925" lon="-115.97285398059068">
    <ele>994.0300000000001</ele>
   </trkpt>
   <trkpt lat="49.648300000000006" lon="-115.97316000000001">
    <ele>996.5100000000001</ele>
   </trkpt>
   <trkpt lat="49.64885" lon="-115.97333">
    <ele>997.9300000000001</ele>
   </trkpt>
   <trkpt lat="49.64922000000001" lon="-115.97337">
    <ele>998.1200000000001</ele>
   </trkpt>
   <trkpt lat="49.649770000251145" lon="-115.97324000142673">
    <ele>997.9700000000001</ele>
   </trkpt>
   <trkpt lat="49.65032" lon="-115.97311">
    <ele>998.04</ele>
   </trkpt>
   <trkpt lat="49.65100000002523" lon="-115.97310999999999">
    <ele>999.1800000000001</ele>
   </trkpt>
   <trkpt lat="49.651680000000006" lon="-115.97311">
    <ele>1000.4900000000001</ele>
   </trkpt>
   <trkpt lat="49.65234" lon="-115.97303000000001">
    <ele>1002.11</ele>
   </trkpt>
   <trkpt lat="49.65321" lon="-115.97292000000002">
    <ele>1004.59</ele>
   </trkpt>
   <trkpt lat="49.653800000000004" lon="-115.97275">
    <ele>1007.19</ele>
   </trkpt>
   <trkpt lat="49.65464" lon="-115.97265000000002">
    <ele>1009.26</ele>
   </trkpt>
   <trkpt lat="49.65536333358426" lon="-115.97246667212617">
    <ele>1011.5100000000001</ele>
   </trkpt>
   <trkpt lat="49.6560866668791" lon="-115.97228333880268">
    <ele>1013.66</ele>
   </trkpt>
   <trkpt lat="49.65681000000001" lon="-115.97210000000001">
    <ele>1016.5000000000001</ele>
   </trkpt>
   <trkpt lat="49.65744" lon="-115.97199">
    <ele>1019.2100000000002</ele>
   </trkpt>
   <trkpt lat="49.658010000000004" lon="-115.97182000000001">
    <ele>1020.5200000000001</ele>
   </trkpt>
   <trkpt lat="49.65856" lon="-115.97163">
    <ele>1022.3</ele>
   </trkpt>
   <trkpt lat="49.65867" lon="-115.9715">
    <ele>1022.3</ele>
   </trkpt>
   <trkpt lat="49.65916000000001" lon="-115.9706">
    <ele>1024.3300000000002</ele>
   </trkpt>
   <trkpt lat="49.65951500351124" lon="-115.9697050063726">
    <ele>1026.78</ele>
   </trkpt>
   <trkpt lat="49.659870000000005" lon="-115.96881">
    <ele>1030.48</ele>
   </trkpt>
   <trkpt lat="49.660270000000004" lon="-115.96791">
    <ele>1032.84</ele>
   </trkpt>
   <trkpt lat="49.660450000000004" lon="-115.96753000000001">
    <ele>1035.02</ele>
   </trkpt>
   <trkpt lat="49.660680000000006" lon="-115.96716">
    <ele>1037.66</ele>
   </trkpt>
   <trkpt lat="49.660790000000006" lon="-115.96701000000002">
    <ele>1038.47</ele>
   </trkpt>
   <trkpt lat="49.661150000000006" lon="-115.96675">
    <ele>1040.2</ele>
   </trkpt>
   <trkpt lat="49.66161" lon="-115.96672000000001">
    <ele>1040.2</ele>
   </trkpt>
  </trkseg>
 </trk>
</gpx>
