<?xml version="1.0" encoding="UTF-8"?>
<gpx creator="StravaGPX" version="1.1" xmlns="http://www.topografix.com/GPX/1/1" xmlns:xsi="http://www.w3.org/2001/XMLSchema-instance" xsi:schemaLocation="http://www.topografix.com/GPX/1/1 http://www.topografix.com/GPX/1/1/gpx.xsd">
 <metadata>
  <name>Day 1 Penticton-Beaverdell</name>
  <author>
   <name>Stephan Becker</name>
   <link href="https://www.strava.com/athletes/349770"/>
  </author>
  <copyright author="OpenStreetMap contributors">
   <year>2020</year>
   <license>https://www.openstreetmap.org/copyright</license>
  </copyright>
  <link href="https://www.strava.com/routes/3489462905036029742"/>
 </metadata>
 <wpt lat="49.69377" lon="-119.53387">
  <name>Chute Lake</name>
  <desc></desc>
  <sym>Water Source</sym>
  <type>Water Source</type>
 </wpt>
 <wpt lat="49.79558" lon="-119.2022">
  <name>water</name>
  <desc></desc>
  <sym>Water Source</sym>
  <type>Water Source</type>
 </wpt>
 <wpt lat="49.78387" lon="-119.18393">
  <name>Hydraulic Lake</name>
  <desc></desc>
  <sym>Camp Site</sym>
  <type>Camp Site</type>
 </wpt>
 <wpt lat="49.77997" lon="-119.17252">
  <name>Shops</name>
  <desc></desc>
  <sym>Gas Station</sym>
  <type>Gas Station</type>
 </wpt>
 <wpt lat="49.69263" lon="-119.10132">
  <name>water</name>
  <desc></desc>
  <sym>Water Source</sym>
  <type>Water Source</type>
 </wpt>
 <wpt lat="49.43643" lon="-119.08736">
  <name>Moms Good Food</name>
  <desc></desc>
  <sym>Restaurant</sym>
  <type>Restaurant</type>
 </wpt>
 <wpt lat="49.43451" lon="-119.0884">
  <name>General Store</name>
  <desc></desc>
  <sym>Grocery</sym>
  <type>Grocery</type>
 </wpt>
 <trk>
  <name>Day 1 Penticton-Beaverdell</name>
  <link href="https://www.strava.com/routes/3489462905036029742"/>
  <type>mountain_biking</type>
  <trkseg>
   <trkpt lat="49.475060000000006" lon="-119.58189000000002">
    <ele>361.51000000000005</ele>
   </trkpt>
   <trkpt lat="49.47554" lon="-119.58205000000001">
    <ele>361.89000000000004</ele>
   </trkpt>
   <trkpt lat="49.47554" lon="-119.58188000000001">
    <ele>362.12000000000006</ele>
   </trkpt>
   <trkpt lat="49.47615000019089" lon="-119.58208999738476">
    <ele>362.04</ele>
   </trkpt>
   <trkpt lat="49.476760000000006" lon="-119.5823">
    <ele>361.13</ele>
   </trkpt>
   <trkpt lat="49.47684" lon="-119.58175000000001">
    <ele>361.13</ele>
   </trkpt>
   <trkpt lat="49.477630000000005" lon="-119.58199">
    <ele>361.2</ele>
   </trkpt>
   <trkpt lat="49.47767" lon="-119.58168">
    <ele>362.50000000000006</ele>
   </trkpt>
   <trkpt lat="49.47842500085799" lon="-119.58193248833295">
    <ele>361.28000000000003</ele>
   </trkpt>
   <trkpt lat="49.47918000116643" lon="-119.58218498445113">
    <ele>362.25</ele>
   </trkpt>
   <trkpt lat="49.47993500092527" lon="-119.582437488355">
    <ele>361.74</ele>
   </trkpt>
   <trkpt lat="49.48069" lon="-119.58269000000001">
    <ele>361.43</ele>
   </trkpt>
   <trkpt lat="49.480700000000006" lon="-119.58304000000001">
    <ele>361.12000000000006</ele>
   </trkpt>
   <trkpt lat="49.480990000000006" lon="-119.58302">
    <ele>361.01000000000005</ele>
   </trkpt>
   <trkpt lat="49.480940000000004" lon="-119.58249">
    <ele>361.62000000000006</ele>
   </trkpt>
   <trkpt lat="49.48095000000001" lon="-119.5815">
    <ele>363.66</ele>
   </trkpt>
   <trkpt lat="49.48091" lon="-119.58127">
    <ele>363.99</ele>
   </trkpt>
   <trkpt lat="49.48093" lon="-119.58083">
    <ele>364.72</ele>
   </trkpt>
   <trkpt lat="49.480900000000005" lon="-119.58019000000002">
    <ele>366.56000000000006</ele>
   </trkpt>
   <trkpt lat="49.48089" lon="-119.57952000000002">
    <ele>368.62</ele>
   </trkpt>
   <trkpt lat="49.480830000000005" lon="-119.57888000000001">
    <ele>369.9</ele>
   </trkpt>
   <trkpt lat="49.4808" lon="-119.57814">
    <ele>372.66</ele>
   </trkpt>
   <trkpt lat="49.48042" lon="-119.57821000000001">
    <ele>371.79</ele>
   </trkpt>
   <trkpt lat="49.480326673856894" lon="-119.57729666318022">
    <ele>376.99000000000007</ele>
   </trkpt>
   <trkpt lat="49.48023334052304" lon="-119.57638332984186">
    <ele>379.19</ele>
   </trkpt>
   <trkpt lat="49.480140000000006" lon="-119.57547000000001">
    <ele>383.14000000000004</ele>
   </trkpt>
   <trkpt lat="49.48042" lon="-119.57543000000001">
    <ele>383.15000000000003</ele>
   </trkpt>
   <trkpt lat="49.480920000000005" lon="-119.57527">
    <ele>383.21999999999997</ele>
   </trkpt>
   <trkpt lat="49.481080000000006" lon="-119.57527">
    <ele>383.21999999999997</ele>
   </trkpt>
   <trkpt lat="49.481280000000005" lon="-119.57532">
    <ele>383.3</ele>
   </trkpt>
   <trkpt lat="49.48143" lon="-119.57538000000001">
    <ele>383.39</ele>
   </trkpt>
   <trkpt lat="49.48158" lon="-119.57546">
    <ele>383.41</ele>
   </trkpt>
   <trkpt lat="49.48178" lon="-119.57563">
    <ele>383.53000000000003</ele>
   </trkpt>
   <trkpt lat="49.481970000000004" lon="-119.57582000000001">
    <ele>383.56</ele>
   </trkpt>
   <trkpt lat="49.48212" lon="-119.57608">
    <ele>383.48</ele>
   </trkpt>
   <trkpt lat="49.48227000000001" lon="-119.57636000000001">
    <ele>383.3</ele>
   </trkpt>
   <trkpt lat="49.48252" lon="-119.57688">
    <ele>382.99000000000007</ele>
   </trkpt>
   <trkpt lat="49.482780000000005" lon="-119.5772">
    <ele>382.66</ele>
   </trkpt>
   <trkpt lat="49.482910000000004" lon="-119.57728000000002">
    <ele>382.26000000000005</ele>
   </trkpt>
   <trkpt lat="49.48331" lon="-119.57747">
    <ele>382.1</ele>
   </trkpt>
   <trkpt lat="49.48412500025367" lon="-119.57772999566019">
    <ele>378.76000000000005</ele>
   </trkpt>
   <trkpt lat="49.48494" lon="-119.57799000000001">
    <ele>377.66</ele>
   </trkpt>
   <trkpt lat="49.485555000202524" lon="-119.57820499730049">
    <ele>377.83000000000004</ele>
   </trkpt>
   <trkpt lat="49.48617" lon="-119.57842000000001">
    <ele>378.34</ele>
   </trkpt>
   <trkpt lat="49.48683250062464" lon="-119.57863999106843">
    <ele>378.57</ele>
   </trkpt>
   <trkpt lat="49.48749500083209" lon="-119.57885998809078">
    <ele>379.0</ele>
   </trkpt>
   <trkpt lat="49.488157500622336" lon="-119.57907999106736">
    <ele>379.23</ele>
   </trkpt>
   <trkpt lat="49.488820000000004" lon="-119.5793">
    <ele>379.26000000000005</ele>
   </trkpt>
   <trkpt lat="49.48886" lon="-119.57904">
    <ele>378.83000000000004</ele>
   </trkpt>
   <trkpt lat="49.48865000000001" lon="-119.57899">
    <ele>378.46000000000004</ele>
   </trkpt>
   <trkpt lat="49.48866" lon="-119.57888000000001">
    <ele>378.46000000000004</ele>
   </trkpt>
   <trkpt lat="49.48866" lon="-119.5789">
    <ele>378.47</ele>
   </trkpt>
   <trkpt lat="49.48865000000001" lon="-119.57899">
    <ele>378.47</ele>
   </trkpt>
   <trkpt lat="49.48886" lon="-119.57904">
    <ele>378.83000000000004</ele>
   </trkpt>
   <trkpt lat="49.488820000000004" lon="-119.5793">
    <ele>379.26000000000005</ele>
   </trkpt>
   <trkpt lat="49.48962800127616" lon="-119.57957198204195">
    <ele>379.38000000000005</ele>
   </trkpt>
   <trkpt lat="49.49043600191466" lon="-119.57984397306255">
    <ele>379.69</ele>
   </trkpt>
   <trkpt lat="49.491244001915454" lon="-119.58011597306225">
    <ele>379.95</ele>
   </trkpt>
   <trkpt lat="49.49205200127852" lon="-119.58038798204164">
    <ele>379.6</ele>
   </trkpt>
   <trkpt lat="49.49286000000001" lon="-119.58066000000001">
    <ele>378.53000000000003</ele>
   </trkpt>
   <trkpt lat="49.49315000000001" lon="-119.58081000000001">
    <ele>378.14000000000004</ele>
   </trkpt>
   <trkpt lat="49.49392" lon="-119.58122000000002">
    <ele>376.18</ele>
   </trkpt>
   <trkpt lat="49.49446500028764" lon="-119.58148999698044">
    <ele>375.44000000000005</ele>
   </trkpt>
   <trkpt lat="49.49501" lon="-119.58176">
    <ele>374.48</ele>
   </trkpt>
   <trkpt lat="49.495090000000005" lon="-119.58181">
    <ele>373.73</ele>
   </trkpt>
   <trkpt lat="49.49522" lon="-119.58195">
    <ele>373.73</ele>
   </trkpt>
   <trkpt lat="49.495340000000006" lon="-119.58211000000001">
    <ele>373.43</ele>
   </trkpt>
   <trkpt lat="49.49493000047646" lon="-119.58246000297588">
    <ele>372.57</ele>
   </trkpt>
   <trkpt lat="49.49452" lon="-119.58281000000001">
    <ele>372.54</ele>
   </trkpt>
   <trkpt lat="49.49447000000001" lon="-119.58289">
    <ele>372.54</ele>
   </trkpt>
   <trkpt lat="49.49441" lon="-119.58290000000001">
    <ele>372.48</ele>
   </trkpt>
   <trkpt lat="49.49413503394107" lon="-119.58415503525153">
    <ele>369.36</ele>
   </trkpt>
   <trkpt lat="49.4938600543056" lon="-119.58541005640166">
    <ele>367.03000000000003</ele>
   </trkpt>
   <trkpt lat="49.49358506109393" lon="-119.58666506345001">
    <ele>364.73</ele>
   </trkpt>
   <trkpt lat="49.49331005430629" lon="-119.58792005639619">
    <ele>361.96</ele>
   </trkpt>
   <trkpt lat="49.493035033942995" lon="-119.58917503523973">
    <ele>360.32000000000005</ele>
   </trkpt>
   <trkpt lat="49.492760000000004" lon="-119.59043000000001">
    <ele>358.19</ele>
   </trkpt>
   <trkpt lat="49.492760000000004" lon="-119.59045">
    <ele>358.17</ele>
   </trkpt>
   <trkpt lat="49.493035034120986" lon="-119.58919170201162">
    <ele>360.32000000000005</ele>
   </trkpt>
   <trkpt lat="49.49331005459438" lon="-119.58793338988275">
    <ele>361.96</ele>
   </trkpt>
   <trkpt lat="49.49358506141991" lon="-119.58667506361384">
    <ele>364.73</ele>
   </trkpt>
   <trkpt lat="49.49386005459727" lon="-119.5854167232053">
    <ele>367.03000000000003</ele>
   </trkpt>
   <trkpt lat="49.49413503412619" lon="-119.58415836865754">
    <ele>370.57</ele>
   </trkpt>
   <trkpt lat="49.49441" lon="-119.58290000000001">
    <ele>372.48</ele>
   </trkpt>
   <trkpt lat="49.49447000000001" lon="-119.58289">
    <ele>372.54</ele>
   </trkpt>
   <trkpt lat="49.49452" lon="-119.58281000000001">
    <ele>372.54</ele>
   </trkpt>
   <trkpt lat="49.494950000491606" lon="-119.58244000333532">
    <ele>372.6700000000001</ele>
   </trkpt>
   <trkpt lat="49.495380000000004" lon="-119.58207000000002">
    <ele>373.28000000000003</ele>
   </trkpt>
   <trkpt lat="49.495650000000005" lon="-119.58191000000001">
    <ele>373.00000000000006</ele>
   </trkpt>
   <trkpt lat="49.49566" lon="-119.58185">
    <ele>373.00000000000006</ele>
   </trkpt>
   <trkpt lat="49.49555" lon="-119.58164000000001">
    <ele>372.92</ele>
   </trkpt>
   <trkpt lat="49.49557" lon="-119.58159">
    <ele>372.92</ele>
   </trkpt>
   <trkpt lat="49.49559000000001" lon="-119.58156000000001">
    <ele>372.92</ele>
   </trkpt>
   <trkpt lat="49.495720000000006" lon="-119.58181">
    <ele>372.75</ele>
   </trkpt>
   <trkpt lat="49.49602" lon="-119.58132">
    <ele>374.61000000000007</ele>
   </trkpt>
   <trkpt lat="49.49606000000001" lon="-119.58128">
    <ele>374.61000000000007</ele>
   </trkpt>
   <trkpt lat="49.496100000000006" lon="-119.58128">
    <ele>374.61000000000007</ele>
   </trkpt>
   <trkpt lat="49.496280000000006" lon="-119.58137">
    <ele>375.03000000000003</ele>
   </trkpt>
   <trkpt lat="49.49671000000001" lon="-119.58176">
    <ele>375.37</ele>
   </trkpt>
   <trkpt lat="49.49727500672478" lon="-119.58247997509177">
    <ele>376.05000000000007</ele>
   </trkpt>
   <trkpt lat="49.4978400089815" lon="-119.58319996680775">
    <ele>377.79</ele>
   </trkpt>
   <trkpt lat="49.49840500676996" lon="-119.58391997514852">
    <ele>378.50000000000006</ele>
   </trkpt>
   <trkpt lat="49.49897000000001" lon="-119.58464000000001">
    <ele>380.62</ele>
   </trkpt>
   <trkpt lat="49.49951" lon="-119.58494">
    <ele>380.98</ele>
   </trkpt>
   <trkpt lat="49.499860000000005" lon="-119.58504">
    <ele>381.06</ele>
   </trkpt>
   <trkpt lat="49.50012" lon="-119.58503">
    <ele>381.3</ele>
   </trkpt>
   <trkpt lat="49.50043" lon="-119.58499">
    <ele>381.51</ele>
   </trkpt>
   <trkpt lat="49.500840000000004" lon="-119.58476">
    <ele>381.84000000000003</ele>
   </trkpt>
   <trkpt lat="49.501110000000004" lon="-119.5845">
    <ele>382.14000000000004</ele>
   </trkpt>
   <trkpt lat="49.50177000000001" lon="-119.58368000000002">
    <ele>383.36</ele>
   </trkpt>
   <trkpt lat="49.50216" lon="-119.58311">
    <ele>383.76000000000005</ele>
   </trkpt>
   <trkpt lat="49.50262000156554" lon="-119.5825000057851">
    <ele>384.36</ele>
   </trkpt>
   <trkpt lat="49.503080000000004" lon="-119.58189000000002">
    <ele>385.03000000000003</ele>
   </trkpt>
   <trkpt lat="49.50318000000001" lon="-119.58180000000002">
    <ele>385.02000000000004</ele>
   </trkpt>
   <trkpt lat="49.503280000000004" lon="-119.58185">
    <ele>384.69</ele>
   </trkpt>
   <trkpt lat="49.50334" lon="-119.58169000000001">
    <ele>384.48</ele>
   </trkpt>
   <trkpt lat="49.50345" lon="-119.58168">
    <ele>383.74</ele>
   </trkpt>
   <trkpt lat="49.50377" lon="-119.58136">
    <ele>383.47</ele>
   </trkpt>
   <trkpt lat="49.50412000000001" lon="-119.58091">
    <ele>386.67</ele>
   </trkpt>
   <trkpt lat="49.504360000000005" lon="-119.58065">
    <ele>387.90000000000003</ele>
   </trkpt>
   <trkpt lat="49.504870000000004" lon="-119.58028000000002">
    <ele>389.04</ele>
   </trkpt>
   <trkpt lat="49.504960000000004" lon="-119.57995000000001">
    <ele>389.39</ele>
   </trkpt>
   <trkpt lat="49.50524" lon="-119.57984">
    <ele>390.23</ele>
   </trkpt>
   <trkpt lat="49.505765000166605" lon="-119.57968500164465">
    <ele>391.57</ele>
   </trkpt>
   <trkpt lat="49.50629000000001" lon="-119.57953">
    <ele>392.48</ele>
   </trkpt>
   <trkpt lat="49.506880000512396" lon="-119.57926000316539">
    <ele>393.72</ele>
   </trkpt>
   <trkpt lat="49.507470000000005" lon="-119.57899">
    <ele>394.8</ele>
   </trkpt>
   <trkpt lat="49.50770000000001" lon="-119.57894">
    <ele>395.02000000000004</ele>
   </trkpt>
   <trkpt lat="49.50788000000001" lon="-119.57895">
    <ele>395.32</ele>
   </trkpt>
   <trkpt lat="49.508300000000006" lon="-119.57908">
    <ele>395.70000000000005</ele>
   </trkpt>
   <trkpt lat="49.50882500021145" lon="-119.57934999704958">
    <ele>395.52000000000004</ele>
   </trkpt>
   <trkpt lat="49.509350000000005" lon="-119.57962">
    <ele>395.91</ele>
   </trkpt>
   <trkpt lat="49.50986" lon="-119.57970000000002">
    <ele>396.26000000000005</ele>
   </trkpt>
   <trkpt lat="49.510160000000006" lon="-119.57965000000002">
    <ele>396.6</ele>
   </trkpt>
   <trkpt lat="49.51066" lon="-119.57961000000002">
    <ele>397.0400000000001</ele>
   </trkpt>
   <trkpt lat="49.511140000000005" lon="-119.57963000000001">
    <ele>397.68</ele>
   </trkpt>
   <trkpt lat="49.51145" lon="-119.57975">
    <ele>398.21</ele>
   </trkpt>
   <trkpt lat="49.51176" lon="-119.57988">
    <ele>398.47</ele>
   </trkpt>
   <trkpt lat="49.512060000000005" lon="-119.57993">
    <ele>398.53000000000003</ele>
   </trkpt>
   <trkpt lat="49.51271499996784" lon="-119.57984000121441">
    <ele>399.3</ele>
   </trkpt>
   <trkpt lat="49.51337" lon="-119.57975">
    <ele>399.69000000000005</ele>
   </trkpt>
   <trkpt lat="49.51406" lon="-119.57958">
    <ele>400.1</ele>
   </trkpt>
   <trkpt lat="49.51452500043038" lon="-119.57939500164629">
    <ele>400.18</ele>
   </trkpt>
   <trkpt lat="49.514990000000004" lon="-119.57921">
    <ele>400.93</ele>
   </trkpt>
   <trkpt lat="49.51557666780165" lon="-119.57885000862555">
    <ele>400.74</ele>
   </trkpt>
   <trkpt lat="49.51616333448636" lon="-119.5784900086146">
    <ele>401.3</ele>
   </trkpt>
   <trkpt lat="49.51675" lon="-119.57813000000002">
    <ele>401.73</ele>
   </trkpt>
   <trkpt lat="49.517526003553215" lon="-119.57767602881546">
    <ele>402.18</ele>
   </trkpt>
   <trkpt lat="49.51830200533022" lon="-119.57722204322384">
    <ele>402.86000000000007</ele>
   </trkpt>
   <trkpt lat="49.51907800533092" lon="-119.5767680432243">
    <ele>403.1</ele>
   </trkpt>
   <trkpt lat="49.51985400355517" lon="-119.57631402881609">
    <ele>403.4200000000001</ele>
   </trkpt>
   <trkpt lat="49.520630000000004" lon="-119.57586">
    <ele>404.44</ele>
   </trkpt>
   <trkpt lat="49.52091" lon="-119.57546">
    <ele>404.98</ele>
   </trkpt>
   <trkpt lat="49.52140500041834" lon="-119.57512000349666">
    <ele>405.51000000000005</ele>
   </trkpt>
   <trkpt lat="49.5219" lon="-119.57478">
    <ele>402.9200000000001</ele>
   </trkpt>
   <trkpt lat="49.52226" lon="-119.57425">
    <ele>400.93</ele>
   </trkpt>
   <trkpt lat="49.52259" lon="-119.57367">
    <ele>401.27</ele>
   </trkpt>
   <trkpt lat="49.522940000000006" lon="-119.57268">
    <ele>407.53000000000003</ele>
   </trkpt>
   <trkpt lat="49.523050000000005" lon="-119.57224000000001">
    <ele>407.71000000000004</ele>
   </trkpt>
   <trkpt lat="49.523230000000005" lon="-119.57102">
    <ele>407.65</ele>
   </trkpt>
   <trkpt lat="49.52322" lon="-119.57084">
    <ele>408.17</ele>
   </trkpt>
   <trkpt lat="49.523120000000006" lon="-119.57048">
    <ele>408.85</ele>
   </trkpt>
   <trkpt lat="49.522780000000004" lon="-119.5695">
    <ele>408.61</ele>
   </trkpt>
   <trkpt lat="49.52264" lon="-119.56896">
    <ele>408.93</ele>
   </trkpt>
   <trkpt lat="49.52257" lon="-119.5686">
    <ele>409.34000000000003</ele>
   </trkpt>
   <trkpt lat="49.52253" lon="-119.56830000000001">
    <ele>409.34000000000003</ele>
   </trkpt>
   <trkpt lat="49.52252000000001" lon="-119.56704">
    <ele>410.96000000000004</ele>
   </trkpt>
   <trkpt lat="49.52252000000001" lon="-119.56699">
    <ele>410.96000000000004</ele>
   </trkpt>
   <trkpt lat="49.52277500153092" lon="-119.56636500363281">
    <ele>411.07000000000005</ele>
   </trkpt>
   <trkpt lat="49.523030000000006" lon="-119.56574">
    <ele>411.1</ele>
   </trkpt>
   <trkpt lat="49.523250000000004" lon="-119.56538">
    <ele>411.2</ele>
   </trkpt>
   <trkpt lat="49.523450000000004" lon="-119.56515">
    <ele>411.13000000000005</ele>
   </trkpt>
   <trkpt lat="49.523860000000006" lon="-119.56484">
    <ele>411.73</ele>
   </trkpt>
   <trkpt lat="49.524" lon="-119.56476">
    <ele>411.57000000000005</ele>
   </trkpt>
   <trkpt lat="49.524820000000005" lon="-119.56449">
    <ele>413.0</ele>
   </trkpt>
   <trkpt lat="49.52546" lon="-119.5643">
    <ele>413.87</ele>
   </trkpt>
   <trkpt lat="49.5259900001208" lon="-119.56410500212974">
    <ele>415.18000000000006</ele>
   </trkpt>
   <trkpt lat="49.526520000000005" lon="-119.56391">
    <ele>416.31</ele>
   </trkpt>
   <trkpt lat="49.526880000000006" lon="-119.56372">
    <ele>417.19000000000005</ele>
   </trkpt>
   <trkpt lat="49.52707" lon="-119.56359">
    <ele>417.65000000000003</ele>
   </trkpt>
   <trkpt lat="49.527420000000006" lon="-119.56329000000001">
    <ele>418.87</ele>
   </trkpt>
   <trkpt lat="49.52808000199647" lon="-119.56261500907897">
    <ele>421.02000000000004</ele>
   </trkpt>
   <trkpt lat="49.528740000000006" lon="-119.56194">
    <ele>422.23</ele>
   </trkpt>
   <trkpt lat="49.52902" lon="-119.5618">
    <ele>422.76</ele>
   </trkpt>
   <trkpt lat="49.52947" lon="-119.56171">
    <ele>423.43</ele>
   </trkpt>
   <trkpt lat="49.529720000000005" lon="-119.56175">
    <ele>424.17</ele>
   </trkpt>
   <trkpt lat="49.53056500015627" lon="-119.56194499662742">
    <ele>426.2900000000001</ele>
   </trkpt>
   <trkpt lat="49.53141" lon="-119.56214000000001">
    <ele>428.36</ele>
   </trkpt>
   <trkpt lat="49.53211" lon="-119.56233">
    <ele>429.84000000000003</ele>
   </trkpt>
   <trkpt lat="49.53228000000001" lon="-119.56235000000001">
    <ele>429.84000000000003</ele>
   </trkpt>
   <trkpt lat="49.53257000000001" lon="-119.56235000000001">
    <ele>431.31</ele>
   </trkpt>
   <trkpt lat="49.53287" lon="-119.56232000000001">
    <ele>431.31</ele>
   </trkpt>
   <trkpt lat="49.53325" lon="-119.56225">
    <ele>432.59000000000003</ele>
   </trkpt>
   <trkpt lat="49.53336" lon="-119.56217000000001">
    <ele>432.59000000000003</ele>
   </trkpt>
   <trkpt lat="49.533370000000005" lon="-119.56207">
    <ele>432.68</ele>
   </trkpt>
   <trkpt lat="49.53340000000001" lon="-119.56199000000001">
    <ele>432.68</ele>
   </trkpt>
   <trkpt lat="49.533640000000005" lon="-119.56202">
    <ele>432.79</ele>
   </trkpt>
   <trkpt lat="49.533750000000005" lon="-119.56206000000002">
    <ele>432.96</ele>
   </trkpt>
   <trkpt lat="49.534090000000006" lon="-119.56190000000001">
    <ele>433.55</ele>
   </trkpt>
   <trkpt lat="49.53439" lon="-119.5618">
    <ele>434.74</ele>
   </trkpt>
   <trkpt lat="49.534760000000006" lon="-119.56172000000001">
    <ele>434.93</ele>
   </trkpt>
   <trkpt lat="49.53497" lon="-119.56172000000001">
    <ele>435.35</ele>
   </trkpt>
   <trkpt lat="49.53519000000001" lon="-119.56175">
    <ele>435.8</ele>
   </trkpt>
   <trkpt lat="49.535430000000005" lon="-119.56181000000001">
    <ele>436.32000000000005</ele>
   </trkpt>
   <trkpt lat="49.536165000380805" lon="-119.56205499635615">
    <ele>438.29</ele>
   </trkpt>
   <trkpt lat="49.5369" lon="-119.56230000000001">
    <ele>440.29</ele>
   </trkpt>
   <trkpt lat="49.53737" lon="-119.56247">
    <ele>440.94000000000005</ele>
   </trkpt>
   <trkpt lat="49.53784" lon="-119.56257000000001">
    <ele>442.51</ele>
   </trkpt>
   <trkpt lat="49.53815" lon="-119.5626">
    <ele>443.1</ele>
   </trkpt>
   <trkpt lat="49.538380000000004" lon="-119.5626">
    <ele>443.67</ele>
   </trkpt>
   <trkpt lat="49.5388500002067" lon="-119.56257500022957">
    <ele>444.90000000000003</ele>
   </trkpt>
   <trkpt lat="49.539320000000004" lon="-119.56255000000002">
    <ele>445.96000000000004</ele>
   </trkpt>
   <trkpt lat="49.54019" lon="-119.56241000000001">
    <ele>448.56</ele>
   </trkpt>
   <trkpt lat="49.54074000000001" lon="-119.56257000000001">
    <ele>448.6</ele>
   </trkpt>
   <trkpt lat="49.54101000000001" lon="-119.56275000000001">
    <ele>449.81000000000006</ele>
   </trkpt>
   <trkpt lat="49.54122" lon="-119.56296">
    <ele>449.81000000000006</ele>
   </trkpt>
   <trkpt lat="49.541450000000005" lon="-119.56327">
    <ele>450.86</ele>
   </trkpt>
   <trkpt lat="49.54189000165412" lon="-119.56390499416186">
    <ele>451.97</ele>
   </trkpt>
   <trkpt lat="49.54233000000001" lon="-119.56454000000001">
    <ele>453.90000000000003</ele>
   </trkpt>
   <trkpt lat="49.54280000000001" lon="-119.56507">
    <ele>454.78000000000003</ele>
   </trkpt>
   <trkpt lat="49.54334" lon="-119.56543">
    <ele>456.15000000000003</ele>
   </trkpt>
   <trkpt lat="49.54377" lon="-119.56565">
    <ele>456.85</ele>
   </trkpt>
   <trkpt lat="49.544560000000004" lon="-119.56593000000001">
    <ele>458.81000000000006</ele>
   </trkpt>
   <trkpt lat="49.54502" lon="-119.56605">
    <ele>460.37000000000006</ele>
   </trkpt>
   <trkpt lat="49.545390000000005" lon="-119.5661">
    <ele>461.35</ele>
   </trkpt>
   <trkpt lat="49.545840000000005" lon="-119.56606000000001">
    <ele>462.19000000000005</ele>
   </trkpt>
   <trkpt lat="49.54666" lon="-119.56597000000001">
    <ele>463.57000000000005</ele>
   </trkpt>
   <trkpt lat="49.54713" lon="-119.56596">
    <ele>465.64000000000004</ele>
   </trkpt>
   <trkpt lat="49.547270000000005" lon="-119.56590000000001">
    <ele>465.84000000000003</ele>
   </trkpt>
   <trkpt lat="49.54746" lon="-119.56588">
    <ele>466.0</ele>
   </trkpt>
   <trkpt lat="49.548210000000005" lon="-119.56601">
    <ele>467.35</ele>
   </trkpt>
   <trkpt lat="49.54908666760254" lon="-119.56621831463953">
    <ele>470.01000000000005</ele>
   </trkpt>
   <trkpt lat="49.549963334831155" lon="-119.56642663675599">
    <ele>472.61</ele>
   </trkpt>
   <trkpt lat="49.5508400016858" lon="-119.56663496634992">
    <ele>473.98</ele>
   </trkpt>
   <trkpt lat="49.55171666816644" lon="-119.5668433034218">
    <ele>476.29</ele>
   </trkpt>
   <trkpt lat="49.55259333427307" lon="-119.56705164797211">
    <ele>478.27000000000004</ele>
   </trkpt>
   <trkpt lat="49.553470000000004" lon="-119.56726">
    <ele>480.25000000000006</ele>
   </trkpt>
   <trkpt lat="49.55424000000001" lon="-119.56726">
    <ele>482.36000000000007</ele>
   </trkpt>
   <trkpt lat="49.554774999980594" lon="-119.567170000995">
    <ele>483.82</ele>
   </trkpt>
   <trkpt lat="49.555310000000006" lon="-119.56708">
    <ele>484.49</ele>
   </trkpt>
   <trkpt lat="49.555710000000005" lon="-119.56708">
    <ele>485.74000000000007</ele>
   </trkpt>
   <trkpt lat="49.555910000000004" lon="-119.56712">
    <ele>486.43</ele>
   </trkpt>
   <trkpt lat="49.556400000000004" lon="-119.56735">
    <ele>487.65000000000003</ele>
   </trkpt>
   <trkpt lat="49.55669" lon="-119.56752000000002">
    <ele>488.71000000000004</ele>
   </trkpt>
   <trkpt lat="49.55741500243122" lon="-119.56826498898118">
    <ele>491.00000000000006</ele>
   </trkpt>
   <trkpt lat="49.55814" lon="-119.56901">
    <ele>493.18000000000006</ele>
   </trkpt>
   <trkpt lat="49.558350000000004" lon="-119.56919">
    <ele>493.18000000000006</ele>
   </trkpt>
   <trkpt lat="49.55866" lon="-119.56937">
    <ele>494.00000000000006</ele>
   </trkpt>
   <trkpt lat="49.558910000000004" lon="-119.56945">
    <ele>494.00000000000006</ele>
   </trkpt>
   <trkpt lat="49.55915" lon="-119.56945">
    <ele>494.87</ele>
   </trkpt>
   <trkpt lat="49.559400000000004" lon="-119.56936">
    <ele>495.39000000000004</ele>
   </trkpt>
   <trkpt lat="49.56015000000001" lon="-119.56905">
    <ele>497.44000000000005</ele>
   </trkpt>
   <trkpt lat="49.560550000000006" lon="-119.56892">
    <ele>497.87</ele>
   </trkpt>
   <trkpt lat="49.56080000000001" lon="-119.56888000000001">
    <ele>498.18000000000006</ele>
   </trkpt>
   <trkpt lat="49.56112" lon="-119.56892">
    <ele>498.76000000000005</ele>
   </trkpt>
   <trkpt lat="49.561350000000004" lon="-119.56897000000001">
    <ele>499.87</ele>
   </trkpt>
   <trkpt lat="49.56216222820047" lon="-119.5693866112145">
    <ele>501.52000000000004</ele>
   </trkpt>
   <trkpt lat="49.56297445490541" lon="-119.56980323628949">
    <ele>503.17</ele>
   </trkpt>
   <trkpt lat="49.563786680114745" lon="-119.57021987522582">
    <ele>505.40000000000003</ele>
   </trkpt>
   <trkpt lat="49.56459890382836" lon="-119.57063652802428">
    <ele>506.6700000000001</ele>
   </trkpt>
   <trkpt lat="49.56541112604618" lon="-119.57105319468575">
    <ele>509.75</ele>
   </trkpt>
   <trkpt lat="49.56622334676809" lon="-119.57146987521105">
    <ele>511.75</ele>
   </trkpt>
   <trkpt lat="49.56703556599402" lon="-119.571886569601">
    <ele>515.15</ele>
   </trkpt>
   <trkpt lat="49.567847783723884" lon="-119.57230327785646">
    <ele>516.12</ele>
   </trkpt>
   <trkpt lat="49.56866" lon="-119.57272">
    <ele>517.6800000000001</ele>
   </trkpt>
   <trkpt lat="49.569165000258394" lon="-119.57298499723544">
    <ele>519.3000000000001</ele>
   </trkpt>
   <trkpt lat="49.56967" lon="-119.57325000000002">
    <ele>520.54</ele>
   </trkpt>
   <trkpt lat="49.57049000000001" lon="-119.57370000000002">
    <ele>523.0100000000001</ele>
   </trkpt>
   <trkpt lat="49.571270000000005" lon="-119.57402">
    <ele>524.58</ele>
   </trkpt>
   <trkpt lat="49.57155" lon="-119.57411">
    <ele>525.47</ele>
   </trkpt>
   <trkpt lat="49.57184" lon="-119.57415">
    <ele>525.7900000000001</ele>
   </trkpt>
   <trkpt lat="49.57227" lon="-119.57412000000001">
    <ele>527.05</ele>
   </trkpt>
   <trkpt lat="49.57301250036551" lon="-119.57395250764363">
    <ele>528.6899999999999</ele>
   </trkpt>
   <trkpt lat="49.573755000489285" lon="-119.57378501019123">
    <ele>530.48</ele>
   </trkpt>
   <trkpt lat="49.57449750037136" lon="-119.57361750764261">
    <ele>532.03</ele>
   </trkpt>
   <trkpt lat="49.57524" lon="-119.57345000000001">
    <ele>534.35</ele>
   </trkpt>
   <trkpt lat="49.575880000000005" lon="-119.57335">
    <ele>535.37</ele>
   </trkpt>
   <trkpt lat="49.576460000000004" lon="-119.5734">
    <ele>536.78</ele>
   </trkpt>
   <trkpt lat="49.57712999995339" lon="-119.5735299981921">
    <ele>538.44</ele>
   </trkpt>
   <trkpt lat="49.5778" lon="-119.57366">
    <ele>539.85</ele>
   </trkpt>
   <trkpt lat="49.57825499991226" lon="-119.57372999933062">
    <ele>541.07</ele>
   </trkpt>
   <trkpt lat="49.57871" lon="-119.5738">
    <ele>542.1</ele>
   </trkpt>
   <trkpt lat="49.57929000000001" lon="-119.57372000000001">
    <ele>543.6500000000001</ele>
   </trkpt>
   <trkpt lat="49.57977" lon="-119.57358">
    <ele>544.63</ele>
   </trkpt>
   <trkpt lat="49.58048" lon="-119.57322">
    <ele>546.61</ele>
   </trkpt>
   <trkpt lat="49.58119000307226" lon="-119.57279802455955">
    <ele>548.47</ele>
   </trkpt>
   <trkpt lat="49.58190000461042" lon="-119.57237603683879">
    <ele>550.44</ele>
   </trkpt>
   <trkpt lat="49.58261000461435" lon="-119.57195403683714">
    <ele>552.21</ele>
   </trkpt>
   <trkpt lat="49.583320003084026" lon="-119.57153202455392">
    <ele>554.44</ele>
   </trkpt>
   <trkpt lat="49.584030000000006" lon="-119.57111">
    <ele>556.25</ele>
   </trkpt>
   <trkpt lat="49.5844" lon="-119.57085000000001">
    <ele>556.86</ele>
   </trkpt>
   <trkpt lat="49.585100000000004" lon="-119.57020000000001">
    <ele>558.9300000000001</ele>
   </trkpt>
   <trkpt lat="49.58522000000001" lon="-119.57031">
    <ele>559.55</ele>
   </trkpt>
   <trkpt lat="49.58594" lon="-119.56991000000001">
    <ele>560.86</ele>
   </trkpt>
   <trkpt lat="49.58637500047765" lon="-119.56959000282637">
    <ele>561.73</ele>
   </trkpt>
   <trkpt lat="49.58681000000001" lon="-119.56927">
    <ele>562.77</ele>
   </trkpt>
   <trkpt lat="49.58728500082762" lon="-119.5688500040295">
    <ele>563.7</ele>
   </trkpt>
   <trkpt lat="49.58776" lon="-119.56843">
    <ele>565.3100000000001</ele>
   </trkpt>
   <trkpt lat="49.58832" lon="-119.56806000000002">
    <ele>566.9300000000001</ele>
   </trkpt>
   <trkpt lat="49.58856" lon="-119.56793">
    <ele>567.7500000000001</ele>
   </trkpt>
   <trkpt lat="49.58887000000001" lon="-119.56781000000001">
    <ele>568.1</ele>
   </trkpt>
   <trkpt lat="49.589130000000004" lon="-119.56779000000002">
    <ele>569.0400000000001</ele>
   </trkpt>
   <trkpt lat="49.58997499994663" lon="-119.56779999982614">
    <ele>571.06</ele>
   </trkpt>
   <trkpt lat="49.59082" lon="-119.56781000000001">
    <ele>572.96</ele>
   </trkpt>
   <trkpt lat="49.591280000000005" lon="-119.56775">
    <ele>574.23</ele>
   </trkpt>
   <trkpt lat="49.59152" lon="-119.56767">
    <ele>574.23</ele>
   </trkpt>
   <trkpt lat="49.591840000000005" lon="-119.56753">
    <ele>575.07</ele>
   </trkpt>
   <trkpt lat="49.59241" lon="-119.56704">
    <ele>577.88</ele>
   </trkpt>
   <trkpt lat="49.592670000000005" lon="-119.56676000000002">
    <ele>579.37</ele>
   </trkpt>
   <trkpt lat="49.593080001327344" lon="-119.56622500437398">
    <ele>581.28</ele>
   </trkpt>
   <trkpt lat="49.59349" lon="-119.56569">
    <ele>581.73</ele>
   </trkpt>
   <trkpt lat="49.59367" lon="-119.56550000000001">
    <ele>581.3600000000001</ele>
   </trkpt>
   <trkpt lat="49.59398" lon="-119.56543">
    <ele>580.1700000000001</ele>
   </trkpt>
   <trkpt lat="49.594170000000005" lon="-119.56542">
    <ele>579.95</ele>
   </trkpt>
   <trkpt lat="49.59441" lon="-119.56547">
    <ele>579.95</ele>
   </trkpt>
   <trkpt lat="49.59463" lon="-119.56556">
    <ele>579.83</ele>
   </trkpt>
   <trkpt lat="49.59485" lon="-119.56573000000002">
    <ele>579.73</ele>
   </trkpt>
   <trkpt lat="49.595000000000006" lon="-119.56592">
    <ele>580.99</ele>
   </trkpt>
   <trkpt lat="49.59521" lon="-119.56628">
    <ele>583.9000000000001</ele>
   </trkpt>
   <trkpt lat="49.59559667409873" lon="-119.56720998520831">
    <ele>586.25</ele>
   </trkpt>
   <trkpt lat="49.5959833407468" lon="-119.56813998516336">
    <ele>587.69</ele>
   </trkpt>
   <trkpt lat="49.59637000000001" lon="-119.56907000000001">
    <ele>589.1800000000001</ele>
   </trkpt>
   <trkpt lat="49.59646000000001" lon="-119.56932">
    <ele>589.48</ele>
   </trkpt>
   <trkpt lat="49.596650000000004" lon="-119.56968">
    <ele>589.77</ele>
   </trkpt>
   <trkpt lat="49.596880000000006" lon="-119.57003">
    <ele>590.71</ele>
   </trkpt>
   <trkpt lat="49.59727" lon="-119.57035">
    <ele>591.6</ele>
   </trkpt>
   <trkpt lat="49.597976667715656" lon="-119.5706966566263">
    <ele>593.31</ele>
   </trkpt>
   <trkpt lat="49.59868333439609" lon="-119.57104332329953">
    <ele>594.86</ele>
   </trkpt>
   <trkpt lat="49.59939000000001" lon="-119.57139000000001">
    <ele>597.1800000000001</ele>
   </trkpt>
   <trkpt lat="49.59978" lon="-119.57169">
    <ele>597.82</ele>
   </trkpt>
   <trkpt lat="49.60005" lon="-119.57215000000001">
    <ele>598.47</ele>
   </trkpt>
   <trkpt lat="49.600170000000006" lon="-119.57245">
    <ele>599.21</ele>
   </trkpt>
   <trkpt lat="49.600280000000005" lon="-119.57281">
    <ele>599.21</ele>
   </trkpt>
   <trkpt lat="49.60031000000001" lon="-119.57317">
    <ele>599.8100000000001</ele>
   </trkpt>
   <trkpt lat="49.60033000000001" lon="-119.57428000000002">
    <ele>601.5200000000001</ele>
   </trkpt>
   <trkpt lat="49.60040000000001" lon="-119.57474">
    <ele>602.1700000000001</ele>
   </trkpt>
   <trkpt lat="49.600460000000005" lon="-119.57496">
    <ele>602.1700000000001</ele>
   </trkpt>
   <trkpt lat="49.60061" lon="-119.57532">
    <ele>603.59</ele>
   </trkpt>
   <trkpt lat="49.60078000000001" lon="-119.57559">
    <ele>603.59</ele>
   </trkpt>
   <trkpt lat="49.600930000000005" lon="-119.57577">
    <ele>604.28</ele>
   </trkpt>
   <trkpt lat="49.601130000000005" lon="-119.57591000000001">
    <ele>604.28</ele>
   </trkpt>
   <trkpt lat="49.601780000000005" lon="-119.57613">
    <ele>606.0500000000001</ele>
   </trkpt>
   <trkpt lat="49.602626000650986" lon="-119.57632598639414">
    <ele>608.0000000000001</ele>
   </trkpt>
   <trkpt lat="49.603472000971074" lon="-119.57652197958951">
    <ele>609.58</ele>
   </trkpt>
   <trkpt lat="49.60431800096024" lon="-119.57671797958656">
    <ele>612.51</ele>
   </trkpt>
   <trkpt lat="49.605164000618494" lon="-119.57691398638573">
    <ele>614.04</ele>
   </trkpt>
   <trkpt lat="49.606010000000005" lon="-119.57711">
    <ele>616.0300000000001</ele>
   </trkpt>
   <trkpt lat="49.60652" lon="-119.57729">
    <ele>617.5</ele>
   </trkpt>
   <trkpt lat="49.60699" lon="-119.57748000000001">
    <ele>618.62</ele>
   </trkpt>
   <trkpt lat="49.60762500059072" lon="-119.57782999547577">
    <ele>620.6700000000001</ele>
   </trkpt>
   <trkpt lat="49.60826" lon="-119.57818">
    <ele>621.83</ele>
   </trkpt>
   <trkpt lat="49.60858" lon="-119.57827">
    <ele>622.4000000000001</ele>
   </trkpt>
   <trkpt lat="49.60902" lon="-119.57832">
    <ele>623.1600000000001</ele>
   </trkpt>
   <trkpt lat="49.60952000000122" lon="-119.57829500025652">
    <ele>624.65</ele>
   </trkpt>
   <trkpt lat="49.610020000000006" lon="-119.57827">
    <ele>626.2</ele>
   </trkpt>
   <trkpt lat="49.61068" lon="-119.57818">
    <ele>628.0600000000001</ele>
   </trkpt>
   <trkpt lat="49.611200000000004" lon="-119.57814">
    <ele>629.05</ele>
   </trkpt>
   <trkpt lat="49.612010000116136" lon="-119.57827999767892">
    <ele>631.1000000000001</ele>
   </trkpt>
   <trkpt lat="49.612820000000006" lon="-119.57842000000001">
    <ele>632.56</ele>
   </trkpt>
   <trkpt lat="49.61358000017808" lon="-119.57857499759827">
    <ele>634.3700000000001</ele>
   </trkpt>
   <trkpt lat="49.614340000000006" lon="-119.57873000000001">
    <ele>636.4300000000001</ele>
   </trkpt>
   <trkpt lat="49.61515000000001" lon="-119.57894">
    <ele>638.1600000000001</ele>
   </trkpt>
   <trkpt lat="49.615750000000006" lon="-119.57926">
    <ele>639.9</ele>
   </trkpt>
   <trkpt lat="49.616265000988065" lon="-119.57973499499552">
    <ele>641.0400000000001</ele>
   </trkpt>
   <trkpt lat="49.616780000000006" lon="-119.58021000000001">
    <ele>642.6200000000001</ele>
   </trkpt>
   <trkpt lat="49.61720000069578" lon="-119.58063499625409">
    <ele>643.83</ele>
   </trkpt>
   <trkpt lat="49.61762" lon="-119.58106000000001">
    <ele>645.0400000000001</ele>
   </trkpt>
   <trkpt lat="49.61782" lon="-119.58151000000001">
    <ele>645.29</ele>
   </trkpt>
   <trkpt lat="49.618190000000006" lon="-119.58248">
    <ele>647.0100000000001</ele>
   </trkpt>
   <trkpt lat="49.618410000000004" lon="-119.58297">
    <ele>648.08</ele>
   </trkpt>
   <trkpt lat="49.61887" lon="-119.58351">
    <ele>648.95</ele>
   </trkpt>
   <trkpt lat="49.61941500076501" lon="-119.58391499551391">
    <ele>650.1300000000001</ele>
   </trkpt>
   <trkpt lat="49.619960000000006" lon="-119.58432">
    <ele>651.57</ele>
   </trkpt>
   <trkpt lat="49.620160000000006" lon="-119.58467">
    <ele>652.0400000000001</ele>
   </trkpt>
   <trkpt lat="49.620340000000006" lon="-119.58504">
    <ele>652.6</ele>
   </trkpt>
   <trkpt lat="49.62073751612651" lon="-119.58615747262847">
    <ele>654.25</ele>
   </trkpt>
   <trkpt lat="49.62113502149692" lon="-119.58727496348968">
    <ele>657.0</ele>
   </trkpt>
   <trkpt lat="49.62153251611093" lon="-119.58839247258365">
    <ele>659.03</ele>
   </trkpt>
   <trkpt lat="49.621930000000006" lon="-119.58951">
    <ele>660.72</ele>
   </trkpt>
   <trkpt lat="49.62209000000001" lon="-119.58982">
    <ele>661.24</ele>
   </trkpt>
   <trkpt lat="49.62247000000001" lon="-119.59032">
    <ele>662.42</ele>
   </trkpt>
   <trkpt lat="49.62292" lon="-119.59072">
    <ele>663.98</ele>
   </trkpt>
   <trkpt lat="49.62353000096375" lon="-119.59117499435725">
    <ele>665.54</ele>
   </trkpt>
   <trkpt lat="49.624140000000004" lon="-119.59163000000001">
    <ele>666.78</ele>
   </trkpt>
   <trkpt lat="49.62447" lon="-119.59215">
    <ele>667.74</ele>
   </trkpt>
   <trkpt lat="49.62489500983105" lon="-119.59302247715797">
    <ele>670.3800000000001</ele>
   </trkpt>
   <trkpt lat="49.62532001310549" lon="-119.5938949695382">
    <ele>671.6200000000001</ele>
   </trkpt>
   <trkpt lat="49.625745009823106" lon="-119.59476747714096">
    <ele>673.09</ele>
   </trkpt>
   <trkpt lat="49.62617" lon="-119.59564">
    <ele>675.0400000000001</ele>
   </trkpt>
   <trkpt lat="49.62642" lon="-119.59636">
    <ele>675.8100000000001</ele>
   </trkpt>
   <trkpt lat="49.62653" lon="-119.59677">
    <ele>676.69</ele>
   </trkpt>
   <trkpt lat="49.62667500369946" lon="-119.59768999760692">
    <ele>678.25</ele>
   </trkpt>
   <trkpt lat="49.62682" lon="-119.59861000000001">
    <ele>679.6300000000001</ele>
   </trkpt>
   <trkpt lat="49.626900000000006" lon="-119.59887">
    <ele>680.0500000000001</ele>
   </trkpt>
   <trkpt lat="49.627120000000005" lon="-119.59934000000001">
    <ele>680.61</ele>
   </trkpt>
   <trkpt lat="49.62729" lon="-119.59954">
    <ele>681.1600000000001</ele>
   </trkpt>
   <trkpt lat="49.62778" lon="-119.59985">
    <ele>682.12</ele>
   </trkpt>
   <trkpt lat="49.62809000000001" lon="-119.59994">
    <ele>682.84</ele>
   </trkpt>
   <trkpt lat="49.62834" lon="-119.59999">
    <ele>683.73</ele>
   </trkpt>
   <trkpt lat="49.628620000000005" lon="-119.5999">
    <ele>684.79</ele>
   </trkpt>
   <trkpt lat="49.629310000000004" lon="-119.59966000000001">
    <ele>686.6300000000001</ele>
   </trkpt>
   <trkpt lat="49.62961000000001" lon="-119.59958">
    <ele>686.98</ele>
   </trkpt>
   <trkpt lat="49.629830000000005" lon="-119.59958">
    <ele>687.27</ele>
   </trkpt>
   <trkpt lat="49.63022" lon="-119.59959">
    <ele>688.74</ele>
   </trkpt>
   <trkpt lat="49.63085000023526" lon="-119.59969999860927">
    <ele>689.61</ele>
   </trkpt>
   <trkpt lat="49.63148" lon="-119.59981">
    <ele>691.6500000000001</ele>
   </trkpt>
   <trkpt lat="49.632360000000006" lon="-119.5999">
    <ele>693.83</ele>
   </trkpt>
   <trkpt lat="49.63275" lon="-119.59985">
    <ele>694.88</ele>
   </trkpt>
   <trkpt lat="49.63354500030655" lon="-119.59963000356387">
    <ele>697.2700000000001</ele>
   </trkpt>
   <trkpt lat="49.63434" lon="-119.59941">
    <ele>698.9200000000001</ele>
   </trkpt>
   <trkpt lat="49.635130000000004" lon="-119.59923">
    <ele>700.71</ele>
   </trkpt>
   <trkpt lat="49.635490000000004" lon="-119.59918">
    <ele>701.5100000000001</ele>
   </trkpt>
   <trkpt lat="49.63582" lon="-119.59918">
    <ele>702.37</ele>
   </trkpt>
   <trkpt lat="49.636160000000004" lon="-119.59932">
    <ele>702.85</ele>
   </trkpt>
   <trkpt lat="49.63665" lon="-119.59954">
    <ele>704.07</ele>
   </trkpt>
   <trkpt lat="49.63731000415589" lon="-119.60002997345116">
    <ele>705.84</ele>
   </trkpt>
   <trkpt lat="49.6379700062441" lon="-119.60051996018363">
    <ele>707.47</ele>
   </trkpt>
   <trkpt lat="49.638630006264485" lon="-119.60100996019807">
    <ele>709.6</ele>
   </trkpt>
   <trkpt lat="49.639290004216946" lon="-119.60149997349508">
    <ele>712.0600000000001</ele>
   </trkpt>
   <trkpt lat="49.639950000000006" lon="-119.60199000000001">
    <ele>713.25</ele>
   </trkpt>
   <trkpt lat="49.640350000000005" lon="-119.60222000000002">
    <ele>714.32</ele>
   </trkpt>
   <trkpt lat="49.64081" lon="-119.60231">
    <ele>715.35</ele>
   </trkpt>
   <trkpt lat="49.64128" lon="-119.60219000000001">
    <ele>716.32</ele>
   </trkpt>
   <trkpt lat="49.64162" lon="-119.60196">
    <ele>717.2700000000001</ele>
   </trkpt>
   <trkpt lat="49.641920000000006" lon="-119.60164">
    <ele>717.94</ele>
   </trkpt>
   <trkpt lat="49.64213" lon="-119.60133">
    <ele>718.58</ele>
   </trkpt>
   <trkpt lat="49.64249" lon="-119.60075">
    <ele>719.9300000000001</ele>
   </trkpt>
   <trkpt lat="49.64275000000001" lon="-119.60039">
    <ele>721.01</ele>
   </trkpt>
   <trkpt lat="49.64302000000001" lon="-119.60012">
    <ele>721.71</ele>
   </trkpt>
   <trkpt lat="49.64327" lon="-119.60000000000001">
    <ele>722.14</ele>
   </trkpt>
   <trkpt lat="49.643530000000005" lon="-119.59994">
    <ele>722.57</ele>
   </trkpt>
   <trkpt lat="49.64379" lon="-119.59998000000002">
    <ele>723.04</ele>
   </trkpt>
   <trkpt lat="49.64412" lon="-119.60008">
    <ele>723.5100000000001</ele>
   </trkpt>
   <trkpt lat="49.644810000810516" lon="-119.60052499366599">
    <ele>725.38</ele>
   </trkpt>
   <trkpt lat="49.645500000000006" lon="-119.60097">
    <ele>727.16</ele>
   </trkpt>
   <trkpt lat="49.645950000000006" lon="-119.60111">
    <ele>729.01</ele>
   </trkpt>
   <trkpt lat="49.64661" lon="-119.60125000000001">
    <ele>730.04</ele>
   </trkpt>
   <trkpt lat="49.64712" lon="-119.60142">
    <ele>730.97</ele>
   </trkpt>
   <trkpt lat="49.64764" lon="-119.60173">
    <ele>732.28</ele>
   </trkpt>
   <trkpt lat="49.64831666900716" lon="-119.60225331877007">
    <ele>734.57</ele>
   </trkpt>
   <trkpt lat="49.64899333565573" lon="-119.60277665208912">
    <ele>735.97</ele>
   </trkpt>
   <trkpt lat="49.64967000000001" lon="-119.6033">
    <ele>738.2500000000001</ele>
   </trkpt>
   <trkpt lat="49.650180000000006" lon="-119.60361">
    <ele>739.46</ele>
   </trkpt>
   <trkpt lat="49.65075" lon="-119.60379">
    <ele>740.24</ele>
   </trkpt>
   <trkpt lat="49.65109" lon="-119.60379">
    <ele>740.92</ele>
   </trkpt>
   <trkpt lat="49.65155000000001" lon="-119.60375">
    <ele>742.84</ele>
   </trkpt>
   <trkpt lat="49.65210500031584" lon="-119.60355000222877">
    <ele>743.82</ele>
   </trkpt>
   <trkpt lat="49.652660000000004" lon="-119.60335">
    <ele>744.97</ele>
   </trkpt>
   <trkpt lat="49.653160000103554" lon="-119.60321000143288">
    <ele>746.09</ele>
   </trkpt>
   <trkpt lat="49.65366" lon="-119.60307000000002">
    <ele>747.4000000000001</ele>
   </trkpt>
   <trkpt lat="49.654050000000005" lon="-119.60299">
    <ele>748.6100000000001</ele>
   </trkpt>
   <trkpt lat="49.654929999927056" lon="-119.60293500099988">
    <ele>750.7900000000001</ele>
   </trkpt>
   <trkpt lat="49.65581" lon="-119.60288000000001">
    <ele>753.58</ele>
   </trkpt>
   <trkpt lat="49.656614999899034" lon="-119.60287000016669">
    <ele>755.23</ele>
   </trkpt>
   <trkpt lat="49.65742" lon="-119.60286">
    <ele>756.5400000000001</ele>
   </trkpt>
   <trkpt lat="49.657920000000004" lon="-119.60281">
    <ele>758.1500000000001</ele>
   </trkpt>
   <trkpt lat="49.658240000000006" lon="-119.60289000000002">
    <ele>758.9100000000001</ele>
   </trkpt>
   <trkpt lat="49.658590000000004" lon="-119.60299">
    <ele>759.41</ele>
   </trkpt>
   <trkpt lat="49.65885" lon="-119.60312">
    <ele>760.23</ele>
   </trkpt>
   <trkpt lat="49.65925000000001" lon="-119.60343">
    <ele>761.4000000000001</ele>
   </trkpt>
   <trkpt lat="49.65983250440267" lon="-119.60401247910046">
    <ele>762.2800000000001</ele>
   </trkpt>
   <trkpt lat="49.66041500588357" lon="-119.60459497214683">
    <ele>764.7600000000001</ele>
   </trkpt>
   <trkpt lat="49.66099750444254" lon="-119.60517747913966">
    <ele>766.05</ele>
   </trkpt>
   <trkpt lat="49.66158" lon="-119.60576">
    <ele>767.6200000000001</ele>
   </trkpt>
   <trkpt lat="49.66181" lon="-119.6059">
    <ele>768.57</ele>
   </trkpt>
   <trkpt lat="49.6621" lon="-119.60599">
    <ele>769.05</ele>
   </trkpt>
   <trkpt lat="49.662400000000005" lon="-119.60599">
    <ele>769.69</ele>
   </trkpt>
   <trkpt lat="49.66299" lon="-119.60581">
    <ele>770.7700000000001</ele>
   </trkpt>
   <trkpt lat="49.663320000000006" lon="-119.60554">
    <ele>771.75</ele>
   </trkpt>
   <trkpt lat="49.66349" lon="-119.60527">
    <ele>772.26</ele>
   </trkpt>
   <trkpt lat="49.6638" lon="-119.60455">
    <ele>773.21</ele>
   </trkpt>
   <trkpt lat="49.66393" lon="-119.6038">
    <ele>774.2800000000001</ele>
   </trkpt>
   <trkpt lat="49.663940000000004" lon="-119.60339">
    <ele>774.96</ele>
   </trkpt>
   <trkpt lat="49.66389" lon="-119.60298000000002">
    <ele>775.88</ele>
   </trkpt>
   <trkpt lat="49.6638" lon="-119.60258">
    <ele>776.32</ele>
   </trkpt>
   <trkpt lat="49.66368000000001" lon="-119.60226000000002">
    <ele>776.8900000000001</ele>
   </trkpt>
   <trkpt lat="49.663520000000005" lon="-119.60197000000001">
    <ele>777.22</ele>
   </trkpt>
   <trkpt lat="49.663270000000004" lon="-119.60164">
    <ele>777.34</ele>
   </trkpt>
   <trkpt lat="49.662940000000006" lon="-119.60137">
    <ele>778.2500000000001</ele>
   </trkpt>
   <trkpt lat="49.662620000000004" lon="-119.60121000000001">
    <ele>778.96</ele>
   </trkpt>
   <trkpt lat="49.662220000000005" lon="-119.60119000000002">
    <ele>780.1</ele>
   </trkpt>
   <trkpt lat="49.661408333360534" lon="-119.6012283365308">
    <ele>781.11</ele>
   </trkpt>
   <trkpt lat="49.66059666670841" lon="-119.60126667178257">
    <ele>783.4300000000001</ele>
   </trkpt>
   <trkpt lat="49.65978500004362" lon="-119.6013050057554">
    <ele>785.4100000000001</ele>
   </trkpt>
   <trkpt lat="49.65897333336619" lon="-119.60134333844942">
    <ele>787.34</ele>
   </trkpt>
   <trkpt lat="49.6581616666761" lon="-119.6013816698647">
    <ele>788.58</ele>
   </trkpt>
   <trkpt lat="49.65735" lon="-119.60142">
    <ele>790.2800000000001</ele>
   </trkpt>
   <trkpt lat="49.656530000000004" lon="-119.60142">
    <ele>792.1300000000001</ele>
   </trkpt>
   <trkpt lat="49.65574" lon="-119.60129">
    <ele>793.95</ele>
   </trkpt>
   <trkpt lat="49.65509" lon="-119.60107">
    <ele>796.0400000000001</ele>
   </trkpt>
   <trkpt lat="49.65444" lon="-119.60088">
    <ele>796.98</ele>
   </trkpt>
   <trkpt lat="49.653594001709834" lon="-119.60056597817243">
    <ele>798.6200000000001</ele>
   </trkpt>
   <trkpt lat="49.6527480025705" lon="-119.60025196726147">
    <ele>800.8900000000001</ele>
   </trkpt>
   <trkpt lat="49.65190200258204" lon="-119.5999379672665">
    <ele>803.2900000000001</ele>
   </trkpt>
   <trkpt lat="49.65105600174451" lon="-119.59962397818674">
    <ele>805.48</ele>
   </trkpt>
   <trkpt lat="49.65021" lon="-119.59931000000002">
    <ele>807.25</ele>
   </trkpt>
   <trkpt lat="49.64944500089589" lon="-119.59904248737827">
    <ele>808.7700000000001</ele>
   </trkpt>
   <trkpt lat="49.64868000117551" lon="-119.59877498316469">
    <ele>811.44</ele>
   </trkpt>
   <trkpt lat="49.64791500083888" lon="-119.59850748735883">
    <ele>813.45</ele>
   </trkpt>
   <trkpt lat="49.64715" lon="-119.59824">
    <ele>814.82</ele>
   </trkpt>
   <trkpt lat="49.64643" lon="-119.59784">
    <ele>816.4800000000001</ele>
   </trkpt>
   <trkpt lat="49.64570333453092" lon="-119.59746665552035">
    <ele>818.35</ele>
   </trkpt>
   <trkpt lat="49.64497666786146" lon="-119.59709332218578">
    <ele>820.0400000000001</ele>
   </trkpt>
   <trkpt lat="49.64425000000001" lon="-119.59672">
    <ele>822.07</ele>
   </trkpt>
   <trkpt lat="49.64352" lon="-119.59628000000001">
    <ele>824.06</ele>
   </trkpt>
   <trkpt lat="49.64323" lon="-119.596">
    <ele>824.49</ele>
   </trkpt>
   <trkpt lat="49.64284500181418" lon="-119.59534999485147">
    <ele>825.6600000000001</ele>
   </trkpt>
   <trkpt lat="49.64246000000001" lon="-119.5947">
    <ele>827.5400000000001</ele>
   </trkpt>
   <trkpt lat="49.64208000000001" lon="-119.59426">
    <ele>828.58</ele>
   </trkpt>
   <trkpt lat="49.641680000401" lon="-119.59392999723295">
    <ele>830.0</ele>
   </trkpt>
   <trkpt lat="49.64128" lon="-119.59360000000001">
    <ele>830.85</ele>
   </trkpt>
   <trkpt lat="49.64051333626212" lon="-119.59301998175974">
    <ele>833.2</ele>
   </trkpt>
   <trkpt lat="49.63974666962691" lon="-119.59243998178391">
    <ele>834.32</ele>
   </trkpt>
   <trkpt lat="49.638980000000004" lon="-119.59186000000001">
    <ele>837.16</ele>
   </trkpt>
   <trkpt lat="49.63821" lon="-119.5913">
    <ele>839.67</ele>
   </trkpt>
   <trkpt lat="49.637620000000005" lon="-119.59076">
    <ele>840.77</ele>
   </trkpt>
   <trkpt lat="49.63740000000001" lon="-119.59041">
    <ele>841.4100000000001</ele>
   </trkpt>
   <trkpt lat="49.637220000000006" lon="-119.59001">
    <ele>841.98</ele>
   </trkpt>
   <trkpt lat="49.637060000000005" lon="-119.58938">
    <ele>843.21</ele>
   </trkpt>
   <trkpt lat="49.63684000000001" lon="-119.58808">
    <ele>845.37</ele>
   </trkpt>
   <trkpt lat="49.63669" lon="-119.58755000000001">
    <ele>846.61</ele>
   </trkpt>
   <trkpt lat="49.636410000000005" lon="-119.58691">
    <ele>847.55</ele>
   </trkpt>
   <trkpt lat="49.63587000236837" lon="-119.58617999200507">
    <ele>849.7300000000001</ele>
   </trkpt>
   <trkpt lat="49.63533" lon="-119.58545000000001">
    <ele>851.33</ele>
   </trkpt>
   <trkpt lat="49.63505000000001" lon="-119.58503">
    <ele>852.3100000000001</ele>
   </trkpt>
   <trkpt lat="49.634750000000004" lon="-119.58441">
    <ele>853.95</ele>
   </trkpt>
   <trkpt lat="49.63465" lon="-119.58413000000002">
    <ele>853.95</ele>
   </trkpt>
   <trkpt lat="49.634570000000004" lon="-119.58361000000001">
    <ele>854.5600000000001</ele>
   </trkpt>
   <trkpt lat="49.63454" lon="-119.58306">
    <ele>854.8800000000001</ele>
   </trkpt>
   <trkpt lat="49.634620000000005" lon="-119.58211000000001">
    <ele>856.45</ele>
   </trkpt>
   <trkpt lat="49.634710000000005" lon="-119.58078">
    <ele>858.4</ele>
   </trkpt>
   <trkpt lat="49.63465" lon="-119.58029">
    <ele>859.0600000000001</ele>
   </trkpt>
   <trkpt lat="49.6345" lon="-119.57971">
    <ele>860.1</ele>
   </trkpt>
   <trkpt lat="49.63436" lon="-119.57938000000001">
    <ele>860.5800000000002</ele>
   </trkpt>
   <trkpt lat="49.63411000000001" lon="-119.57907000000002">
    <ele>861.2400000000001</ele>
   </trkpt>
   <trkpt lat="49.63344000000001" lon="-119.57837">
    <ele>863.1</ele>
   </trkpt>
   <trkpt lat="49.632835001544194" lon="-119.57777999271535">
    <ele>864.7300000000001</ele>
   </trkpt>
   <trkpt lat="49.63223000000001" lon="-119.57719000000002">
    <ele>866.14</ele>
   </trkpt>
   <trkpt lat="49.63154000385175" lon="-119.57652331446836">
    <ele>867.98</ele>
   </trkpt>
   <trkpt lat="49.63085000387546" lon="-119.57585664782496">
    <ele>870.2200000000001</ele>
   </trkpt>
   <trkpt lat="49.630160000000004" lon="-119.57519">
    <ele>873.08</ele>
   </trkpt>
   <trkpt lat="49.629580010267" lon="-119.57441796323266">
    <ele>874.2900000000001</ele>
   </trkpt>
   <trkpt lat="49.62900001540042" lon="-119.57364594484987">
    <ele>876.09</ele>
   </trkpt>
   <trkpt lat="49.628420015400536" lon="-119.57287394485098">
    <ele>878.4000000000001</ele>
   </trkpt>
   <trkpt lat="49.62784001026757" lon="-119.57210196323534">
    <ele>879.94</ele>
   </trkpt>
   <trkpt lat="49.62726000000001" lon="-119.57133">
    <ele>882.2</ele>
   </trkpt>
   <trkpt lat="49.62688000000001" lon="-119.57075">
    <ele>883.35</ele>
   </trkpt>
   <trkpt lat="49.62669" lon="-119.57035">
    <ele>884.1500000000001</ele>
   </trkpt>
   <trkpt lat="49.62651" lon="-119.56987000000001">
    <ele>884.9300000000001</ele>
   </trkpt>
   <trkpt lat="49.62633" lon="-119.56924000000001">
    <ele>885.4300000000001</ele>
   </trkpt>
   <trkpt lat="49.626190002107684" lon="-119.56853999797572">
    <ele>886.96</ele>
   </trkpt>
   <trkpt lat="49.626050000000006" lon="-119.56784">
    <ele>888.33</ele>
   </trkpt>
   <trkpt lat="49.625800000000005" lon="-119.56695">
    <ele>889.4900000000001</ele>
   </trkpt>
   <trkpt lat="49.62558000000001" lon="-119.56641">
    <ele>890.32</ele>
   </trkpt>
   <trkpt lat="49.62521" lon="-119.56569">
    <ele>891.87</ele>
   </trkpt>
   <trkpt lat="49.625080000000004" lon="-119.56547">
    <ele>892.59</ele>
   </trkpt>
   <trkpt lat="49.62487" lon="-119.56517000000001">
    <ele>892.9</ele>
   </trkpt>
   <trkpt lat="49.624520000000004" lon="-119.56479000000002">
    <ele>893.72</ele>
   </trkpt>
   <trkpt lat="49.62417000000001" lon="-119.56449">
    <ele>895.35</ele>
   </trkpt>
   <trkpt lat="49.62374500031349" lon="-119.5642199976445">
    <ele>896.36</ele>
   </trkpt>
   <trkpt lat="49.62332000000001" lon="-119.56395">
    <ele>897.34</ele>
   </trkpt>
   <trkpt lat="49.62273000018127" lon="-119.56383499863168">
    <ele>898.4000000000001</ele>
   </trkpt>
   <trkpt lat="49.62214" lon="-119.56372">
    <ele>900.12</ele>
   </trkpt>
   <trkpt lat="49.621387500147556" lon="-119.56360749478547">
    <ele>901.9800000000001</ele>
   </trkpt>
   <trkpt lat="49.6206350001861" lon="-119.56349499304581">
    <ele>903.8900000000001</ele>
   </trkpt>
   <trkpt lat="49.61988250011563" lon="-119.56338249478088">
    <ele>905.39</ele>
   </trkpt>
   <trkpt lat="49.619130000000006" lon="-119.56327">
    <ele>907.5000000000001</ele>
   </trkpt>
   <trkpt lat="49.618244999992285" lon="-119.56315999799487">
    <ele>909.1600000000001</ele>
   </trkpt>
   <trkpt lat="49.617360000000005" lon="-119.56305">
    <ele>911.1600000000001</ele>
   </trkpt>
   <trkpt lat="49.61665000000001" lon="-119.56287">
    <ele>912.93</ele>
   </trkpt>
   <trkpt lat="49.61621" lon="-119.56264000000002">
    <ele>913.5600000000001</ele>
   </trkpt>
   <trkpt lat="49.61565" lon="-119.56216">
    <ele>915.6</ele>
   </trkpt>
   <trkpt lat="49.614900019649646" lon="-119.56144790139048">
    <ele>917.9200000000001</ele>
   </trkpt>
   <trkpt lat="49.61415003493157" lon="-119.56073582469676">
    <ele>918.94</ele>
   </trkpt>
   <trkpt lat="49.61340004584603" lon="-119.56002376991772">
    <ele>921.73</ele>
   </trkpt>
   <trkpt lat="49.61265005239326" lon="-119.55931173705218">
    <ele>923.78</ele>
   </trkpt>
   <trkpt lat="49.61190005457353" lon="-119.55859972609909">
    <ele>925.4300000000001</ele>
   </trkpt>
   <trkpt lat="49.611150052387096" lon="-119.55788773705724">
    <ele>927.9900000000001</ele>
   </trkpt>
   <trkpt lat="49.610400045834176" lon="-119.55717576992556">
    <ele>929.6700000000001</ele>
   </trkpt>
   <trkpt lat="49.60965003491505" lon="-119.55646382470293">
    <ele>932.47</ele>
   </trkpt>
   <trkpt lat="49.608900019629935" lon="-119.55575190138816">
    <ele>934.6</ele>
   </trkpt>
   <trkpt lat="49.60815" lon="-119.55504">
    <ele>937.98</ele>
   </trkpt>
   <trkpt lat="49.608180000000004" lon="-119.55499">
    <ele>938.36</ele>
   </trkpt>
   <trkpt lat="49.608250000000005" lon="-119.55503000000002">
    <ele>939.58</ele>
   </trkpt>
   <trkpt lat="49.60848000000001" lon="-119.55518000000001">
    <ele>941.76</ele>
   </trkpt>
   <trkpt lat="49.608810000000005" lon="-119.55530000000002">
    <ele>944.9900000000001</ele>
   </trkpt>
   <trkpt lat="49.60916" lon="-119.55535">
    <ele>947.73</ele>
   </trkpt>
   <trkpt lat="49.60953000000001" lon="-119.55544">
    <ele>951.6600000000001</ele>
   </trkpt>
   <trkpt lat="49.60972" lon="-119.55544">
    <ele>953.09</ele>
   </trkpt>
   <trkpt lat="49.609880000000004" lon="-119.55548">
    <ele>953.82</ele>
   </trkpt>
   <trkpt lat="49.61007000000001" lon="-119.55558">
    <ele>954.2900000000001</ele>
   </trkpt>
   <trkpt lat="49.61047000000001" lon="-119.55598">
    <ele>955.01</ele>
   </trkpt>
   <trkpt lat="49.61119000199554" lon="-119.55645998582679">
    <ele>956.4100000000001</ele>
   </trkpt>
   <trkpt lat="49.6119100020065" lon="-119.55693998583384">
    <ele>958.08</ele>
   </trkpt>
   <trkpt lat="49.61263" lon="-119.55742000000001">
    <ele>960.71</ele>
   </trkpt>
   <trkpt lat="49.613350000000004" lon="-119.55791">
    <ele>962.8100000000001</ele>
   </trkpt>
   <trkpt lat="49.61399" lon="-119.55827000000001">
    <ele>964.6000000000001</ele>
   </trkpt>
   <trkpt lat="49.614270000000005" lon="-119.55839">
    <ele>964.6000000000001</ele>
   </trkpt>
   <trkpt lat="49.61487" lon="-119.55848">
    <ele>965.52</ele>
   </trkpt>
   <trkpt lat="49.6156" lon="-119.55845000000001">
    <ele>967.9400000000002</ele>
   </trkpt>
   <trkpt lat="49.61628" lon="-119.55839">
    <ele>969.08</ele>
   </trkpt>
   <trkpt lat="49.616910000000004" lon="-119.55848">
    <ele>970.3100000000001</ele>
   </trkpt>
   <trkpt lat="49.61750500004354" lon="-119.55867999751483">
    <ele>971.55</ele>
   </trkpt>
   <trkpt lat="49.618100000000005" lon="-119.55888000000002">
    <ele>972.98</ele>
   </trkpt>
   <trkpt lat="49.618960000278385" lon="-119.55912999559062">
    <ele>975.1800000000001</ele>
   </trkpt>
   <trkpt lat="49.619820000000004" lon="-119.55938">
    <ele>976.6000000000001</ele>
   </trkpt>
   <trkpt lat="49.620364999936974" lon="-119.55942999943402">
    <ele>977.7000000000002</ele>
   </trkpt>
   <trkpt lat="49.62091" lon="-119.55948000000001">
    <ele>979.0000000000001</ele>
   </trkpt>
   <trkpt lat="49.621762500101816" lon="-119.55938500498807">
    <ele>980.82</ele>
   </trkpt>
   <trkpt lat="49.62261500012588" lon="-119.55929000665203">
    <ele>983.11</ele>
   </trkpt>
   <trkpt lat="49.62346750007224" lon="-119.55919500499161">
    <ele>984.1200000000001</ele>
   </trkpt>
   <trkpt lat="49.624320000000004" lon="-119.55910000000002">
    <ele>985.69</ele>
   </trkpt>
   <trkpt lat="49.624300000000005" lon="-119.55911">
    <ele>985.6300000000001</ele>
   </trkpt>
   <trkpt lat="49.62498000006183" lon="-119.55902000125262">
    <ele>987.26</ele>
   </trkpt>
   <trkpt lat="49.62566" lon="-119.55893">
    <ele>988.5100000000001</ele>
   </trkpt>
   <trkpt lat="49.62639" lon="-119.55875">
    <ele>990.2400000000001</ele>
   </trkpt>
   <trkpt lat="49.627010000000006" lon="-119.55871">
    <ele>991.0200000000001</ele>
   </trkpt>
   <trkpt lat="49.627610000000004" lon="-119.5588">
    <ele>992.9100000000001</ele>
   </trkpt>
   <trkpt lat="49.62801" lon="-119.55902">
    <ele>993.8500000000001</ele>
   </trkpt>
   <trkpt lat="49.628550000000004" lon="-119.55942">
    <ele>995.47</ele>
   </trkpt>
   <trkpt lat="49.62904" lon="-119.56001">
    <ele>996.16</ele>
   </trkpt>
   <trkpt lat="49.62949500239175" lon="-119.560759992944">
    <ele>997.72</ele>
   </trkpt>
   <trkpt lat="49.62995" lon="-119.56151000000001">
    <ele>999.83</ele>
   </trkpt>
   <trkpt lat="49.630493340781534" lon="-119.5624433124179">
    <ele>1001.6200000000001</ele>
   </trkpt>
   <trkpt lat="49.63103667406042" lon="-119.56337664565734">
    <ele>1002.9100000000002</ele>
   </trkpt>
   <trkpt lat="49.63158000000001" lon="-119.56431">
    <ele>1005.4000000000001</ele>
   </trkpt>
   <trkpt lat="49.63177" lon="-119.56457">
    <ele>1006.0600000000002</ele>
   </trkpt>
   <trkpt lat="49.63197" lon="-119.56479000000002">
    <ele>1006.3300000000002</ele>
   </trkpt>
   <trkpt lat="49.632160000000006" lon="-119.56497000000002">
    <ele>1007.0100000000002</ele>
   </trkpt>
   <trkpt lat="49.63239" lon="-119.56511">
    <ele>1007.3199999999999</ele>
   </trkpt>
   <trkpt lat="49.633120000000005" lon="-119.56542">
    <ele>1008.8900000000001</ele>
   </trkpt>
   <trkpt lat="49.63385" lon="-119.56587">
    <ele>1010.4300000000002</ele>
   </trkpt>
   <trkpt lat="49.63409000000001" lon="-119.5661">
    <ele>1011.6500000000001</ele>
   </trkpt>
   <trkpt lat="49.63448" lon="-119.56659">
    <ele>1012.0200000000001</ele>
   </trkpt>
   <trkpt lat="49.63479" lon="-119.56713">
    <ele>1013.63</ele>
   </trkpt>
   <trkpt lat="49.635200000000005" lon="-119.56829">
    <ele>1015.39</ele>
   </trkpt>
   <trkpt lat="49.635540000000006" lon="-119.56914">
    <ele>1017.0700000000002</ele>
   </trkpt>
   <trkpt lat="49.63591" lon="-119.56972">
    <ele>1017.97</ele>
   </trkpt>
   <trkpt lat="49.63645" lon="-119.57017">
    <ele>1019.33</ele>
   </trkpt>
   <trkpt lat="49.636810000000004" lon="-119.57044">
    <ele>1020.58</ele>
   </trkpt>
   <trkpt lat="49.637673334039036" lon="-119.57072332329187">
    <ele>1022.1900000000002</ele>
   </trkpt>
   <trkpt lat="49.638536667386695" lon="-119.57100665662969">
    <ele>1024.6000000000001</ele>
   </trkpt>
   <trkpt lat="49.6394" lon="-119.57129">
    <ele>1026.79</ele>
   </trkpt>
   <trkpt lat="49.640260000000005" lon="-119.57165">
    <ele>1029.08</ele>
   </trkpt>
   <trkpt lat="49.64067000000001" lon="-119.57192">
    <ele>1029.38</ele>
   </trkpt>
   <trkpt lat="49.64103" lon="-119.57232">
    <ele>1030.8000000000002</ele>
   </trkpt>
   <trkpt lat="49.641350001544154" lon="-119.57291999604541">
    <ele>1031.5</ele>
   </trkpt>
   <trkpt lat="49.641670000000005" lon="-119.57352000000002">
    <ele>1032.93</ele>
   </trkpt>
   <trkpt lat="49.642112513437716" lon="-119.5745399721843">
    <ele>1035.2100000000003</ele>
   </trkpt>
   <trkpt lat="49.64255501791549" lon="-119.57555996290836">
    <ele>1036.7700000000002</ele>
   </trkpt>
   <trkpt lat="49.64299751343301" lon="-119.57657997217248">
    <ele>1039.41</ele>
   </trkpt>
   <trkpt lat="49.643440000000005" lon="-119.5776">
    <ele>1040.6000000000001</ele>
   </trkpt>
   <trkpt lat="49.643800002557086" lon="-119.57835999452791">
    <ele>1041.76</ele>
   </trkpt>
   <trkpt lat="49.64416000000001" lon="-119.57912">
    <ele>1043.55</ele>
   </trkpt>
   <trkpt lat="49.64449000140287" lon="-119.57967999629328">
    <ele>1044.95</ele>
   </trkpt>
   <trkpt lat="49.64482" lon="-119.58024">
    <ele>1045.45</ele>
   </trkpt>
   <trkpt lat="49.64522500095298" lon="-119.58070999609222">
    <ele>1047.3400000000001</ele>
   </trkpt>
   <trkpt lat="49.645630000000004" lon="-119.58118">
    <ele>1049.0000000000002</ele>
   </trkpt>
   <trkpt lat="49.64609500044712" lon="-119.58153999647554">
    <ele>1049.7500000000002</ele>
   </trkpt>
   <trkpt lat="49.64656" lon="-119.5819">
    <ele>1051.01</ele>
   </trkpt>
   <trkpt lat="49.647015000078554" lon="-119.58214499761326">
    <ele>1051.92</ele>
   </trkpt>
   <trkpt lat="49.647470000000006" lon="-119.58239">
    <ele>1052.8600000000001</ele>
   </trkpt>
   <trkpt lat="49.64793" lon="-119.58250000000001">
    <ele>1053.63</ele>
   </trkpt>
   <trkpt lat="49.648778334545014" lon="-119.58273664604566">
    <ele>1056.0200000000002</ele>
   </trkpt>
   <trkpt lat="49.649626668607745" lon="-119.58297330033967">
    <ele>1057.7800000000002</ele>
   </trkpt>
   <trkpt lat="49.650475002188124" lon="-119.58320996288256">
    <ele>1060.41</ele>
   </trkpt>
   <trkpt lat="49.65132333528615" lon="-119.58344663367484">
    <ele>1061.43</ele>
   </trkpt>
   <trkpt lat="49.652171667901776" lon="-119.58368331271708">
    <ele>1063.94</ele>
   </trkpt>
   <trkpt lat="49.653020000000005" lon="-119.58392">
    <ele>1066.3600000000001</ele>
   </trkpt>
   <trkpt lat="49.65370500014347" lon="-119.58409999746765">
    <ele>1068.5500000000002</ele>
   </trkpt>
   <trkpt lat="49.65439000000001" lon="-119.58428">
    <ele>1070.1200000000001</ele>
   </trkpt>
   <trkpt lat="49.654880000000006" lon="-119.58440000000002">
    <ele>1071.02</ele>
   </trkpt>
   <trkpt lat="49.65542000000001" lon="-119.58445">
    <ele>1072.1900000000003</ele>
   </trkpt>
   <trkpt lat="49.656090000000006" lon="-119.58445">
    <ele>1073.79</ele>
   </trkpt>
   <trkpt lat="49.65661" lon="-119.58436">
    <ele>1075.1000000000001</ele>
   </trkpt>
   <trkpt lat="49.65745666682481" lon="-119.58424000417078">
    <ele>1077.64</ele>
   </trkpt>
   <trkpt lat="49.65830333352562" lon="-119.58412000416604">
    <ele>1079.19</ele>
   </trkpt>
   <trkpt lat="49.659150000000004" lon="-119.584">
    <ele>1081.6100000000001</ele>
   </trkpt>
   <trkpt lat="49.659790000211814" lon="-119.58389000141935">
    <ele>1083.5</ele>
   </trkpt>
   <trkpt lat="49.660430000000005" lon="-119.58378">
    <ele>1084.2500000000002</ele>
   </trkpt>
   <trkpt lat="49.66103000037297" lon="-119.58358333817053">
    <ele>1086.3500000000001</ele>
   </trkpt>
   <trkpt lat="49.66163000041285" lon="-119.58338667149087">
    <ele>1087.93</ele>
   </trkpt>
   <trkpt lat="49.66223" lon="-119.58319000000002">
    <ele>1089.63</ele>
   </trkpt>
   <trkpt lat="49.662855000685155" lon="-119.5827900051407">
    <ele>1091.7100000000003</ele>
   </trkpt>
   <trkpt lat="49.66348000000001" lon="-119.58239">
    <ele>1092.91</ele>
   </trkpt>
   <trkpt lat="49.66389000017842" lon="-119.5821050025208">
    <ele>1093.5900000000001</ele>
   </trkpt>
   <trkpt lat="49.664300000000004" lon="-119.58182000000001">
    <ele>1095.3700000000001</ele>
   </trkpt>
   <trkpt lat="49.6649466699441" lon="-119.58120334972428">
    <ele>1097.21</ele>
   </trkpt>
   <trkpt lat="49.665593336613625" lon="-119.58058668305515">
    <ele>1099.25</ele>
   </trkpt>
   <trkpt lat="49.66624" lon="-119.57997">
    <ele>1101.5900000000001</ele>
   </trkpt>
   <trkpt lat="49.666650001008485" lon="-119.57950500383109">
    <ele>1102.51</ele>
   </trkpt>
   <trkpt lat="49.667060000000006" lon="-119.57904">
    <ele>1103.8000000000002</ele>
   </trkpt>
   <trkpt lat="49.667680012539925" lon="-119.5782767153156">
    <ele>1105.25</ele>
   </trkpt>
   <trkpt lat="49.66830002006289" lon="-119.57751341117425">
    <ele>1108.1000000000001</ele>
   </trkpt>
   <trkpt lat="49.66892002256862" lon="-119.5767500875752">
    <ele>1109.97</ele>
   </trkpt>
   <trkpt lat="49.669540020056935" lon="-119.57598674451772">
    <ele>1111.94</ele>
   </trkpt>
   <trkpt lat="49.670160012527546" lon="-119.575223382001">
    <ele>1113.64</ele>
   </trkpt>
   <trkpt lat="49.67078" lon="-119.57446000000002">
    <ele>1115.85</ele>
   </trkpt>
   <trkpt lat="49.67136667146602" lon="-119.57371335134688">
    <ele>1118.02</ele>
   </trkpt>
   <trkpt lat="49.67195333813151" lon="-119.57296668468204">
    <ele>1119.45</ele>
   </trkpt>
   <trkpt lat="49.672540000000005" lon="-119.57222000000002">
    <ele>1121.4700000000003</ele>
   </trkpt>
   <trkpt lat="49.672905001269896" lon="-119.57166500425062">
    <ele>1122.77</ele>
   </trkpt>
   <trkpt lat="49.67327" lon="-119.57111">
    <ele>1123.8300000000002</ele>
   </trkpt>
   <trkpt lat="49.67380000000001" lon="-119.57008">
    <ele>1126.3500000000001</ele>
   </trkpt>
   <trkpt lat="49.67424667556208" lon="-119.5690633520185">
    <ele>1127.78</ele>
   </trkpt>
   <trkpt lat="49.67469334222417" lon="-119.5680466853626">
    <ele>1129.6200000000001</ele>
   </trkpt>
   <trkpt lat="49.675140000000006" lon="-119.56703000000002">
    <ele>1131.6200000000001</ele>
   </trkpt>
   <trkpt lat="49.675430000000006" lon="-119.56649000000002">
    <ele>1132.22</ele>
   </trkpt>
   <trkpt lat="49.675935006762984" lon="-119.56576502262294">
    <ele>1133.54</ele>
   </trkpt>
   <trkpt lat="49.676440009000146" lon="-119.56504003018898">
    <ele>1135.75</ele>
   </trkpt>
   <trkpt lat="49.67694500671137" lon="-119.56431502269771">
    <ele>1137.45</ele>
   </trkpt>
   <trkpt lat="49.67745000000001" lon="-119.56359">
    <ele>1138.8700000000001</ele>
   </trkpt>
   <trkpt lat="49.677800000000005" lon="-119.56297">
    <ele>1140.3400000000001</ele>
   </trkpt>
   <trkpt lat="49.678070000000005" lon="-119.56242">
    <ele>1141.34</ele>
   </trkpt>
   <trkpt lat="49.678270000000005" lon="-119.56185">
    <ele>1142.3700000000001</ele>
   </trkpt>
   <trkpt lat="49.6784" lon="-119.56135">
    <ele>1143.61</ele>
   </trkpt>
   <trkpt lat="49.678580000000004" lon="-119.56033000000001">
    <ele>1144.8400000000001</ele>
   </trkpt>
   <trkpt lat="49.678716680852745" lon="-119.559046673833">
    <ele>1147.04</ele>
   </trkpt>
   <trkpt lat="49.67885334752452" lon="-119.55776334045194">
    <ele>1149.25</ele>
   </trkpt>
   <trkpt lat="49.678990000000006" lon="-119.55648000000001">
    <ele>1150.7800000000002</ele>
   </trkpt>
   <trkpt lat="49.6791500159219" lon="-119.55512000898456">
    <ele>1153.03</ele>
   </trkpt>
   <trkpt lat="49.6793100159179" lon="-119.5537600090188">
    <ele>1154.94</ele>
   </trkpt>
   <trkpt lat="49.67947" lon="-119.5524">
    <ele>1157.21</ele>
   </trkpt>
   <trkpt lat="49.67956" lon="-119.55199">
    <ele>1157.21</ele>
   </trkpt>
   <trkpt lat="49.67972" lon="-119.55136000000002">
    <ele>1158.89</ele>
   </trkpt>
   <trkpt lat="49.679970000000004" lon="-119.55082000000002">
    <ele>1159.8700000000001</ele>
   </trkpt>
   <trkpt lat="49.68052" lon="-119.54985">
    <ele>1161.96</ele>
   </trkpt>
   <trkpt lat="49.68097" lon="-119.54913">
    <ele>1163.41</ele>
   </trkpt>
   <trkpt lat="49.681390002559304" lon="-119.54837000643346">
    <ele>1164.67</ele>
   </trkpt>
   <trkpt lat="49.681810000000006" lon="-119.54761">
    <ele>1166.01</ele>
   </trkpt>
   <trkpt lat="49.68202" lon="-119.54703">
    <ele>1167.15</ele>
   </trkpt>
   <trkpt lat="49.68223000362912" lon="-119.5461100040384">
    <ele>1168.9</ele>
   </trkpt>
   <trkpt lat="49.68244000000001" lon="-119.54519">
    <ele>1169.8000000000002</ele>
   </trkpt>
   <trkpt lat="49.68269" lon="-119.54456">
    <ele>1170.63</ele>
   </trkpt>
   <trkpt lat="49.68292" lon="-119.54408000000001">
    <ele>1171.21</ele>
   </trkpt>
   <trkpt lat="49.683260000000004" lon="-119.54358">
    <ele>1172.5100000000002</ele>
   </trkpt>
   <trkpt lat="49.683980000000005" lon="-119.54287000000001">
    <ele>1174.9</ele>
   </trkpt>
   <trkpt lat="49.684520000000006" lon="-119.54206">
    <ele>1176.68</ele>
   </trkpt>
   <trkpt lat="49.68475" lon="-119.54156">
    <ele>1177.38</ele>
   </trkpt>
   <trkpt lat="49.68497500250359" lon="-119.54079500359443">
    <ele>1178.63</ele>
   </trkpt>
   <trkpt lat="49.6852" lon="-119.54003000000002">
    <ele>1179.7000000000003</ele>
   </trkpt>
   <trkpt lat="49.68535000000001" lon="-119.53959">
    <ele>1180.38</ele>
   </trkpt>
   <trkpt lat="49.68582000000001" lon="-119.53854000000001">
    <ele>1183.0500000000002</ele>
   </trkpt>
   <trkpt lat="49.68634" lon="-119.53767">
    <ele>1184.3300000000002</ele>
   </trkpt>
   <trkpt lat="49.68694000000001" lon="-119.53692000000001">
    <ele>1185.94</ele>
   </trkpt>
   <trkpt lat="49.687540000000006" lon="-119.53637">
    <ele>1187.0800000000002</ele>
   </trkpt>
   <trkpt lat="49.68800500037586" lon="-119.53608000276547">
    <ele>1187.2600000000002</ele>
   </trkpt>
   <trkpt lat="49.68847" lon="-119.53579">
    <ele>1187.4600000000003</ele>
   </trkpt>
   <trkpt lat="49.68905500040632" lon="-119.53556000269779">
    <ele>1187.2500000000002</ele>
   </trkpt>
   <trkpt lat="49.689640000000004" lon="-119.53533000000002">
    <ele>1187.5200000000002</ele>
   </trkpt>
   <trkpt lat="49.68979" lon="-119.5353">
    <ele>1187.39</ele>
   </trkpt>
   <trkpt lat="49.69050000032404" lon="-119.53502500401754">
    <ele>1187.3</ele>
   </trkpt>
   <trkpt lat="49.691210000000005" lon="-119.53475000000002">
    <ele>1187.8500000000001</ele>
   </trkpt>
   <trkpt lat="49.69206333409387" lon="-119.53445667695998">
    <ele>1187.38</ele>
   </trkpt>
   <trkpt lat="49.692916667446944" lon="-119.53416334362008">
    <ele>1187.14</ele>
   </trkpt>
   <trkpt lat="49.69377" lon="-119.53387000000001">
    <ele>1186.97</ele>
   </trkpt>
   <trkpt lat="49.694480000295464" lon="-119.53362500356644">
    <ele>1187.27</ele>
   </trkpt>
   <trkpt lat="49.695190000000004" lon="-119.53338000000001">
    <ele>1187.17</ele>
   </trkpt>
   <trkpt lat="49.69581500007653" lon="-119.5333050009583">
    <ele>1187.3600000000001</ele>
   </trkpt>
   <trkpt lat="49.69644" lon="-119.53323">
    <ele>1187.67</ele>
   </trkpt>
   <trkpt lat="49.697270000251365" lon="-119.53311200806017">
    <ele>1187.1100000000001</ele>
   </trkpt>
   <trkpt lat="49.69810000038287" lon="-119.5329940120897">
    <ele>1187.16</ele>
   </trkpt>
   <trkpt lat="49.69893000039449" lon="-119.53287601208828">
    <ele>1186.97</ele>
   </trkpt>
   <trkpt lat="49.69976000028624" lon="-119.53275800805575">
    <ele>1187.42</ele>
   </trkpt>
   <trkpt lat="49.700590000000005" lon="-119.53264000000001">
    <ele>1188.46</ele>
   </trkpt>
   <trkpt lat="49.70058" lon="-119.53264000000001">
    <ele>1188.45</ele>
   </trkpt>
   <trkpt lat="49.701467143264075" lon="-119.53251429948695">
    <ele>1189.3700000000001</ele>
   </trkpt>
   <trkpt lat="49.70235428639211" lon="-119.53238859438355">
    <ele>1190.3400000000001</ele>
   </trkpt>
   <trkpt lat="49.7032414293841" lon="-119.53226288468956">
    <ele>1191.0900000000001</ele>
   </trkpt>
   <trkpt lat="49.70412857224003" lon="-119.53213717040465">
    <ele>1192.4800000000002</ele>
   </trkpt>
   <trkpt lat="49.70501571495988" lon="-119.5320114515285">
    <ele>1194.04</ele>
   </trkpt>
   <trkpt lat="49.70590285754367" lon="-119.53188572806079">
    <ele>1194.8899999999999</ele>
   </trkpt>
   <trkpt lat="49.706790000000005" lon="-119.53176">
    <ele>1195.64</ele>
   </trkpt>
   <trkpt lat="49.707685000017655" lon="-119.53164500212385">
    <ele>1196.49</ele>
   </trkpt>
   <trkpt lat="49.708580000000005" lon="-119.53153">
    <ele>1197.43</ele>
   </trkpt>
   <trkpt lat="49.709446000356365" lon="-119.53139000998101">
    <ele>1198.59</ele>
   </trkpt>
   <trkpt lat="49.710312000544" lon="-119.53125001497031">
    <ele>1199.23</ele>
   </trkpt>
   <trkpt lat="49.7111780005629" lon="-119.53111001496757">
    <ele>1199.68</ele>
   </trkpt>
   <trkpt lat="49.71204400041308" lon="-119.5309700099725">
    <ele>1200.68</ele>
   </trkpt>
   <trkpt lat="49.71291" lon="-119.53083000000001">
    <ele>1201.13</ele>
   </trkpt>
   <trkpt lat="49.713680000000004" lon="-119.5306">
    <ele>1201.3600000000001</ele>
   </trkpt>
   <trkpt lat="49.714295000355925" lon="-119.53029500388439">
    <ele>1202.0600000000002</ele>
   </trkpt>
   <trkpt lat="49.71491" lon="-119.52999000000001">
    <ele>1202.9800000000002</ele>
   </trkpt>
   <trkpt lat="49.715714290969615" lon="-119.5295386162919">
    <ele>1204.26</ele>
   </trkpt>
   <trkpt lat="49.71651858018517" lon="-119.52908721763224">
    <ele>1205.47</ele>
   </trkpt>
   <trkpt lat="49.71732286764657" lon="-119.52863580402007">
    <ele>1205.95</ele>
   </trkpt>
   <trkpt lat="49.7181271533537" lon="-119.52818437545457">
    <ele>1206.6100000000001</ele>
   </trkpt>
   <trkpt lat="49.718931437306445" lon="-119.52773293193479">
    <ele>1207.4</ele>
   </trkpt>
   <trkpt lat="49.71973571950471" lon="-119.5272814734599">
    <ele>1208.9800000000002</ele>
   </trkpt>
   <trkpt lat="49.72054000000001" lon="-119.52683">
    <ele>1209.71</ele>
   </trkpt>
   <trkpt lat="49.72105000038912" lon="-119.52652500321038">
    <ele>1210.31</ele>
   </trkpt>
   <trkpt lat="49.721560000000004" lon="-119.52622000000001">
    <ele>1210.69</ele>
   </trkpt>
   <trkpt lat="49.72233000000001" lon="-119.52585">
    <ele>1211.19</ele>
   </trkpt>
   <trkpt lat="49.72280000000001" lon="-119.52566000000002">
    <ele>1211.16</ele>
   </trkpt>
   <trkpt lat="49.72321" lon="-119.52557000000002">
    <ele>1211.18</ele>
   </trkpt>
   <trkpt lat="49.72364" lon="-119.52549">
    <ele>1211.1100000000001</ele>
   </trkpt>
   <trkpt lat="49.72441666684545" lon="-119.52540000719861">
    <ele>1211.2200000000003</ele>
   </trkpt>
   <trkpt lat="49.7251933336212" lon="-119.5253100115178">
    <ele>1211.4900000000002</ele>
   </trkpt>
   <trkpt lat="49.7259700003272" lon="-119.52522001295738">
    <ele>1211.63</ele>
   </trkpt>
   <trkpt lat="49.72674666696347" lon="-119.52513001151722">
    <ele>1212.23</ele>
   </trkpt>
   <trkpt lat="49.72752333353004" lon="-119.5250400071971">
    <ele>1212.68</ele>
   </trkpt>
   <trkpt lat="49.728300000000004" lon="-119.52495">
    <ele>1213.63</ele>
   </trkpt>
   <trkpt lat="49.72916200014632" lon="-119.5248600063924">
    <ele>1215.0800000000002</ele>
   </trkpt>
   <trkpt lat="49.7300240002229" lon="-119.52477000958847">
    <ele>1215.8</ele>
   </trkpt>
   <trkpt lat="49.730886000229766" lon="-119.52468000958798">
    <ele>1216.8700000000001</ele>
   </trkpt>
   <trkpt lat="49.7317480001669" lon="-119.52459000639068">
    <ele>1217.99</ele>
   </trkpt>
   <trkpt lat="49.73261" lon="-119.5245">
    <ele>1218.9500000000003</ele>
   </trkpt>
   <trkpt lat="49.73350000000001" lon="-119.52445000000002">
    <ele>1219.6100000000001</ele>
   </trkpt>
   <trkpt lat="49.73409" lon="-119.52432">
    <ele>1220.13</ele>
   </trkpt>
   <trkpt lat="49.73449" lon="-119.52415">
    <ele>1221.15</ele>
   </trkpt>
   <trkpt lat="49.734860000000005" lon="-119.52392">
    <ele>1221.15</ele>
   </trkpt>
   <trkpt lat="49.735435001331844" lon="-119.52338000632602">
    <ele>1221.64</ele>
   </trkpt>
   <trkpt lat="49.73601000000001" lon="-119.52284000000002">
    <ele>1222.24</ele>
   </trkpt>
   <trkpt lat="49.736430000000006" lon="-119.52238000000001">
    <ele>1223.13</ele>
   </trkpt>
   <trkpt lat="49.736987505175094" lon="-119.5217475217884">
    <ele>1224.17</ele>
   </trkpt>
   <trkpt lat="49.73754500690679" lon="-119.52111502904405">
    <ele>1225.27</ele>
   </trkpt>
   <trkpt lat="49.73810250519499" lon="-119.52048252176652">
    <ele>1226.0000000000002</ele>
   </trkpt>
   <trkpt lat="49.73866" lon="-119.51985">
    <ele>1226.5100000000002</ele>
   </trkpt>
   <trkpt lat="49.738730000000004" lon="-119.51968000000001">
    <ele>1226.55</ele>
   </trkpt>
   <trkpt lat="49.738910000000004" lon="-119.51937000000001">
    <ele>1226.75</ele>
   </trkpt>
   <trkpt lat="49.739000000000004" lon="-119.51913">
    <ele>1226.8600000000001</ele>
   </trkpt>
   <trkpt lat="49.73922751369789" lon="-119.51810001448577">
    <ele>1226.88</ele>
   </trkpt>
   <trkpt lat="49.739455018264245" lon="-119.51707001931287">
    <ele>1226.49</ele>
   </trkpt>
   <trkpt lat="49.739682513698924" lon="-119.51604001448162">
    <ele>1227.64</ele>
   </trkpt>
   <trkpt lat="49.73991" lon="-119.51501">
    <ele>1227.69</ele>
   </trkpt>
   <trkpt lat="49.74013" lon="-119.51389">
    <ele>1227.1100000000001</ele>
   </trkpt>
   <trkpt lat="49.74016" lon="-119.51344">
    <ele>1226.7100000000003</ele>
   </trkpt>
   <trkpt lat="49.74013" lon="-119.51304">
    <ele>1226.63</ele>
   </trkpt>
   <trkpt lat="49.73996" lon="-119.51183">
    <ele>1226.23</ele>
   </trkpt>
   <trkpt lat="49.739900000000006" lon="-119.51112">
    <ele>1226.28</ele>
   </trkpt>
   <trkpt lat="49.73993" lon="-119.51064000000001">
    <ele>1226.0000000000002</ele>
   </trkpt>
   <trkpt lat="49.740030000000004" lon="-119.51018">
    <ele>1225.93</ele>
   </trkpt>
   <trkpt lat="49.740170000000006" lon="-119.50986">
    <ele>1226.0300000000002</ele>
   </trkpt>
   <trkpt lat="49.74059000272615" lon="-119.50905500708848">
    <ele>1226.5000000000002</ele>
   </trkpt>
   <trkpt lat="49.74101" lon="-119.50825">
    <ele>1225.68</ele>
   </trkpt>
   <trkpt lat="49.741240000000005" lon="-119.50764000000001">
    <ele>1225.72</ele>
   </trkpt>
   <trkpt lat="49.741290000000006" lon="-119.50745">
    <ele>1225.74</ele>
   </trkpt>
   <trkpt lat="49.74129000384331" lon="-119.5065050000341">
    <ele>1225.8999999999999</ele>
   </trkpt>
   <trkpt lat="49.741290000000006" lon="-119.50556">
    <ele>1225.5200000000002</ele>
   </trkpt>
   <trkpt lat="49.74137" lon="-119.50508">
    <ele>1225.3700000000001</ele>
   </trkpt>
   <trkpt lat="49.7415" lon="-119.50471">
    <ele>1225.6200000000001</ele>
   </trkpt>
   <trkpt lat="49.74175" lon="-119.50431">
    <ele>1225.77</ele>
   </trkpt>
   <trkpt lat="49.74232000000001" lon="-119.50387">
    <ele>1226.4</ele>
   </trkpt>
   <trkpt lat="49.742900000000006" lon="-119.50388000000001">
    <ele>1226.23</ele>
   </trkpt>
   <trkpt lat="49.74349" lon="-119.50392000000001">
    <ele>1226.25</ele>
   </trkpt>
   <trkpt lat="49.74409000007511" lon="-119.50400666452451">
    <ele>1226.23</ele>
   </trkpt>
   <trkpt lat="49.744690000085576" lon="-119.50409333119265">
    <ele>1226.72</ele>
   </trkpt>
   <trkpt lat="49.745290000000004" lon="-119.50418">
    <ele>1227.44</ele>
   </trkpt>
   <trkpt lat="49.745610000000006" lon="-119.50408000000002">
    <ele>1227.71</ele>
   </trkpt>
   <trkpt lat="49.74597000000001" lon="-119.50382">
    <ele>1228.38</ele>
   </trkpt>
   <trkpt lat="49.74622" lon="-119.50346">
    <ele>1228.68</ele>
   </trkpt>
   <trkpt lat="49.74645" lon="-119.50305000000002">
    <ele>1228.8600000000001</ele>
   </trkpt>
   <trkpt lat="49.74672" lon="-119.50248">
    <ele>1228.88</ele>
   </trkpt>
   <trkpt lat="49.747110000000006" lon="-119.50202000000002">
    <ele>1228.69</ele>
   </trkpt>
   <trkpt lat="49.74753500058799" lon="-119.50175500214358">
    <ele>1228.4</ele>
   </trkpt>
   <trkpt lat="49.747960000000006" lon="-119.50149">
    <ele>1227.77</ele>
   </trkpt>
   <trkpt lat="49.748566672332124" lon="-119.50068002023652">
    <ele>1227.2500000000002</ele>
   </trkpt>
   <trkpt lat="49.74917333901729" lon="-119.49987002021217">
    <ele>1227.5900000000001</ele>
   </trkpt>
   <trkpt lat="49.74978" lon="-119.49906000000001">
    <ele>1226.8600000000001</ele>
   </trkpt>
   <trkpt lat="49.74978" lon="-119.49907">
    <ele>1226.8700000000001</ele>
   </trkpt>
   <trkpt lat="49.75027500178695" lon="-119.4984300065001">
    <ele>1226.48</ele>
   </trkpt>
   <trkpt lat="49.75077" lon="-119.49779000000001">
    <ele>1226.9</ele>
   </trkpt>
   <trkpt lat="49.751290000000004" lon="-119.49707000000001">
    <ele>1226.7400000000002</ele>
   </trkpt>
   <trkpt lat="49.75175" lon="-119.49676000000001">
    <ele>1226.5600000000002</ele>
   </trkpt>
   <trkpt lat="49.75197000000001" lon="-119.4967">
    <ele>1226.5100000000002</ele>
   </trkpt>
   <trkpt lat="49.75231" lon="-119.49666">
    <ele>1226.55</ele>
   </trkpt>
   <trkpt lat="49.75302666661135" lon="-119.49665666676545">
    <ele>1226.28</ele>
   </trkpt>
   <trkpt lat="49.75374333322258" lon="-119.49665333343236">
    <ele>1226.2700000000002</ele>
   </trkpt>
   <trkpt lat="49.75446" lon="-119.49665000000002">
    <ele>1226.3600000000001</ele>
   </trkpt>
   <trkpt lat="49.754740000000005" lon="-119.49661">
    <ele>1226.42</ele>
   </trkpt>
   <trkpt lat="49.755140000000004" lon="-119.49644">
    <ele>1226.3600000000001</ele>
   </trkpt>
   <trkpt lat="49.75544000000001" lon="-119.49621">
    <ele>1226.0900000000001</ele>
   </trkpt>
   <trkpt lat="49.75612667128003" lon="-119.49547668745063">
    <ele>1226.23</ele>
   </trkpt>
   <trkpt lat="49.7568133379317" lon="-119.49474335413369">
    <ele>1225.94</ele>
   </trkpt>
   <trkpt lat="49.75750000000001" lon="-119.49401">
    <ele>1226.24</ele>
   </trkpt>
   <trkpt lat="49.757810000000006" lon="-119.49366">
    <ele>1225.97</ele>
   </trkpt>
   <trkpt lat="49.758120000000005" lon="-119.49302000000002">
    <ele>1226.1000000000001</ele>
   </trkpt>
   <trkpt lat="49.758300000000006" lon="-119.49246000000001">
    <ele>1226.1200000000001</ele>
   </trkpt>
   <trkpt lat="49.758370000000006" lon="-119.492">
    <ele>1226.13</ele>
   </trkpt>
   <trkpt lat="49.75845500538497" lon="-119.49088000213526">
    <ele>1226.16</ele>
   </trkpt>
   <trkpt lat="49.75854" lon="-119.48976">
    <ele>1226.49</ele>
   </trkpt>
   <trkpt lat="49.75862000000001" lon="-119.48922">
    <ele>1226.6200000000001</ele>
   </trkpt>
   <trkpt lat="49.758750000000006" lon="-119.48878">
    <ele>1226.28</ele>
   </trkpt>
   <trkpt lat="49.75893000000001" lon="-119.48842">
    <ele>1226.18</ele>
   </trkpt>
   <trkpt lat="49.75921" lon="-119.48802">
    <ele>1226.25</ele>
   </trkpt>
   <trkpt lat="49.75958000084259" lon="-119.4875750034072">
    <ele>1226.5900000000001</ele>
   </trkpt>
   <trkpt lat="49.75995" lon="-119.48713000000001">
    <ele>1226.63</ele>
   </trkpt>
   <trkpt lat="49.76014000000001" lon="-119.48673000000001">
    <ele>1226.39</ele>
   </trkpt>
   <trkpt lat="49.76024" lon="-119.4864">
    <ele>1226.43</ele>
   </trkpt>
   <trkpt lat="49.7603" lon="-119.48606000000001">
    <ele>1226.5700000000002</ele>
   </trkpt>
   <trkpt lat="49.76035" lon="-119.48561000000001">
    <ele>1226.63</ele>
   </trkpt>
   <trkpt lat="49.76039667752666" lon="-119.48448666883584">
    <ele>1226.7100000000003</ele>
   </trkpt>
   <trkpt lat="49.76044334419306" lon="-119.4833633355091">
    <ele>1226.43</ele>
   </trkpt>
   <trkpt lat="49.760490000000004" lon="-119.48224">
    <ele>1226.8000000000002</ele>
   </trkpt>
   <trkpt lat="49.760490000000004" lon="-119.48225000000001">
    <ele>1226.79</ele>
   </trkpt>
   <trkpt lat="49.76056504058084" lon="-119.48087667727604">
    <ele>1226.8600000000001</ele>
   </trkpt>
   <trkpt lat="49.760640064929795" lon="-119.47950335030166">
    <ele>1226.66</ele>
   </trkpt>
   <trkpt lat="49.76071507304671" lon="-119.47813001907772">
    <ele>1226.3200000000002</ele>
   </trkpt>
   <trkpt lat="49.76079006493154" lon="-119.47675668360515">
    <ele>1226.64</ele>
   </trkpt>
   <trkpt lat="49.76086504058416" lon="-119.47538334388481">
    <ele>1226.99</ele>
   </trkpt>
   <trkpt lat="49.760940000000005" lon="-119.47401">
    <ele>1226.8400000000001</ele>
   </trkpt>
   <trkpt lat="49.76091" lon="-119.47275">
    <ele>1226.4</ele>
   </trkpt>
   <trkpt lat="49.760840002673994" lon="-119.47196499911612">
    <ele>1226.5000000000002</ele>
   </trkpt>
   <trkpt lat="49.76077" lon="-119.47118">
    <ele>1226.5900000000001</ele>
   </trkpt>
   <trkpt lat="49.760590015620274" lon="-119.4700799877464">
    <ele>1226.8400000000001</ele>
   </trkpt>
   <trkpt lat="49.76041002082661" lon="-119.46897998365965">
    <ele>1226.52</ele>
   </trkpt>
   <trkpt lat="49.760230015619165" lon="-119.4678799877401">
    <ele>1226.5400000000002</ele>
   </trkpt>
   <trkpt lat="49.76005000000001" lon="-119.46678000000001">
    <ele>1226.9500000000003</ele>
   </trkpt>
   <trkpt lat="49.7598150076671" lon="-119.46544499351704">
    <ele>1226.7400000000002</ele>
   </trkpt>
   <trkpt lat="49.75958000000001" lon="-119.46411">
    <ele>1226.3600000000001</ele>
   </trkpt>
   <trkpt lat="49.75937001544699" lon="-119.46276998834928">
    <ele>1226.3500000000001</ele>
   </trkpt>
   <trkpt lat="49.75916001544" lon="-119.46142998830508">
    <ele>1226.0000000000002</ele>
   </trkpt>
   <trkpt lat="49.758950000000006" lon="-119.46009000000001">
    <ele>1225.81</ele>
   </trkpt>
   <trkpt lat="49.7588" lon="-119.45928">
    <ele>1225.8600000000001</ele>
   </trkpt>
   <trkpt lat="49.758630000000004" lon="-119.45859000000002">
    <ele>1225.8999999999999</ele>
   </trkpt>
   <trkpt lat="49.75842" lon="-119.45806">
    <ele>1226.42</ele>
   </trkpt>
   <trkpt lat="49.75795" lon="-119.45716000000002">
    <ele>1226.64</ele>
   </trkpt>
   <trkpt lat="49.75770000166154" lon="-119.45655999717634">
    <ele>1226.6000000000001</ele>
   </trkpt>
   <trkpt lat="49.757450000000006" lon="-119.45596">
    <ele>1226.0300000000002</ele>
   </trkpt>
   <trkpt lat="49.757180000000005" lon="-119.45476000000001">
    <ele>1226.3000000000002</ele>
   </trkpt>
   <trkpt lat="49.757090000000005" lon="-119.45399">
    <ele>1226.22</ele>
   </trkpt>
   <trkpt lat="49.75690000274025" lon="-119.45318499664086">
    <ele>1225.97</ele>
   </trkpt>
   <trkpt lat="49.756710000000005" lon="-119.45238">
    <ele>1225.75</ele>
   </trkpt>
   <trkpt lat="49.75638000000001" lon="-119.4513">
    <ele>1225.5800000000002</ele>
   </trkpt>
   <trkpt lat="49.756130000000006" lon="-119.45067000000002">
    <ele>1224.99</ele>
   </trkpt>
   <trkpt lat="49.75584500182332" lon="-119.45002499628409">
    <ele>1225.75</ele>
   </trkpt>
   <trkpt lat="49.75556" lon="-119.44938">
    <ele>1226.0600000000002</ele>
   </trkpt>
   <trkpt lat="49.75529" lon="-119.44892000000002">
    <ele>1226.23</ele>
   </trkpt>
   <trkpt lat="49.754940000000005" lon="-119.44834000000002">
    <ele>1226.3300000000002</ele>
   </trkpt>
   <trkpt lat="49.754720000000006" lon="-119.44801000000001">
    <ele>1226.5900000000001</ele>
   </trkpt>
   <trkpt lat="49.75450000000001" lon="-119.44772">
    <ele>1226.5400000000002</ele>
   </trkpt>
   <trkpt lat="49.75413" lon="-119.44728">
    <ele>1226.3500000000001</ele>
   </trkpt>
   <trkpt lat="49.753600000000006" lon="-119.44687">
    <ele>1226.6100000000001</ele>
   </trkpt>
   <trkpt lat="49.75321" lon="-119.44661">
    <ele>1226.5400000000002</ele>
   </trkpt>
   <trkpt lat="49.75271000000001" lon="-119.44642">
    <ele>1226.46</ele>
   </trkpt>
   <trkpt lat="49.752190000000006" lon="-119.44615">
    <ele>1226.43</ele>
   </trkpt>
   <trkpt lat="49.75186" lon="-119.44584">
    <ele>1226.4</ele>
   </trkpt>
   <trkpt lat="49.751630000000006" lon="-119.44552000000002">
    <ele>1226.3600000000001</ele>
   </trkpt>
   <trkpt lat="49.75144" lon="-119.44499">
    <ele>1226.0900000000001</ele>
   </trkpt>
   <trkpt lat="49.75137" lon="-119.4445">
    <ele>1225.92</ele>
   </trkpt>
   <trkpt lat="49.75133" lon="-119.44396">
    <ele>1225.47</ele>
   </trkpt>
   <trkpt lat="49.751400000000004" lon="-119.44356">
    <ele>1225.3500000000001</ele>
   </trkpt>
   <trkpt lat="49.75153" lon="-119.44308000000001">
    <ele>1225.6200000000001</ele>
   </trkpt>
   <trkpt lat="49.75189" lon="-119.44253">
    <ele>1226.45</ele>
   </trkpt>
   <trkpt lat="49.75217000000001" lon="-119.44231">
    <ele>1226.46</ele>
   </trkpt>
   <trkpt lat="49.752390000000005" lon="-119.44223000000001">
    <ele>1226.46</ele>
   </trkpt>
   <trkpt lat="49.752750000000006" lon="-119.44218000000001">
    <ele>1226.23</ele>
   </trkpt>
   <trkpt lat="49.75347499996382" lon="-119.44217750011224">
    <ele>1226.19</ele>
   </trkpt>
   <trkpt lat="49.75419999992757" lon="-119.44217500014975">
    <ele>1225.81</ele>
   </trkpt>
   <trkpt lat="49.75492499989127" lon="-119.44217250011249">
    <ele>1225.7600000000002</ele>
   </trkpt>
   <trkpt lat="49.75565" lon="-119.44217">
    <ele>1225.95</ele>
   </trkpt>
   <trkpt lat="49.755950000000006" lon="-119.44208">
    <ele>1226.0000000000002</ele>
   </trkpt>
   <trkpt lat="49.75632" lon="-119.44186">
    <ele>1225.98</ele>
   </trkpt>
   <trkpt lat="49.756640000000004" lon="-119.44141">
    <ele>1226.2</ele>
   </trkpt>
   <trkpt lat="49.75685000000001" lon="-119.44092">
    <ele>1226.21</ele>
   </trkpt>
   <trkpt lat="49.756930000000004" lon="-119.44038">
    <ele>1226.17</ele>
   </trkpt>
   <trkpt lat="49.756930000000004" lon="-119.43993">
    <ele>1225.99</ele>
   </trkpt>
   <trkpt lat="49.756870000000006" lon="-119.43948">
    <ele>1225.8300000000002</ele>
   </trkpt>
   <trkpt lat="49.75662334439818" lon="-119.43834665518327">
    <ele>1225.54</ele>
   </trkpt>
   <trkpt lat="49.75637667774151" lon="-119.43721332189602">
    <ele>1225.8500000000001</ele>
   </trkpt>
   <trkpt lat="49.756130000000006" lon="-119.43608">
    <ele>1226.17</ele>
   </trkpt>
   <trkpt lat="49.75603000236338" lon="-119.43533999852482">
    <ele>1225.95</ele>
   </trkpt>
   <trkpt lat="49.755930000000006" lon="-119.4346">
    <ele>1225.92</ele>
   </trkpt>
   <trkpt lat="49.755827517224155" lon="-119.43344499269716">
    <ele>1225.98</ele>
   </trkpt>
   <trkpt lat="49.75572502296672" lon="-119.4322899902763">
    <ele>1225.95</ele>
   </trkpt>
   <trkpt lat="49.755622517227735" lon="-119.43113499273797">
    <ele>1225.88</ele>
   </trkpt>
   <trkpt lat="49.755520000000004" lon="-119.42998000000001">
    <ele>1225.84</ele>
   </trkpt>
   <trkpt lat="49.75545500259135" lon="-119.42920499904046">
    <ele>1225.8600000000001</ele>
   </trkpt>
   <trkpt lat="49.755390000000006" lon="-119.42843">
    <ele>1225.78</ele>
   </trkpt>
   <trkpt lat="49.75526000000001" lon="-119.42775">
    <ele>1225.81</ele>
   </trkpt>
   <trkpt lat="49.75511" lon="-119.42718">
    <ele>1225.81</ele>
   </trkpt>
   <trkpt lat="49.75493" lon="-119.42660000000001">
    <ele>1225.74</ele>
   </trkpt>
   <trkpt lat="49.754630000000006" lon="-119.42584000000001">
    <ele>1225.8200000000002</ele>
   </trkpt>
   <trkpt lat="49.7541233422589" lon="-119.42482331214968">
    <ele>1225.7</ele>
   </trkpt>
   <trkpt lat="49.75361667562157" lon="-119.42380664554226">
    <ele>1225.71</ele>
   </trkpt>
   <trkpt lat="49.75311000000001" lon="-119.42279">
    <ele>1225.88</ele>
   </trkpt>
   <trkpt lat="49.752600004435294" lon="-119.42177998946926">
    <ele>1225.89</ele>
   </trkpt>
   <trkpt lat="49.75209" lon="-119.42077">
    <ele>1225.95</ele>
   </trkpt>
   <trkpt lat="49.75182" lon="-119.42028">
    <ele>1225.88</ele>
   </trkpt>
   <trkpt lat="49.75162" lon="-119.42000000000002">
    <ele>1225.97</ele>
   </trkpt>
   <trkpt lat="49.75091500245677" lon="-119.41923998892207">
    <ele>1225.91</ele>
   </trkpt>
   <trkpt lat="49.75021" lon="-119.41848000000002">
    <ele>1225.8</ele>
   </trkpt>
   <trkpt lat="49.74949" lon="-119.41777">
    <ele>1226.0000000000002</ele>
   </trkpt>
   <trkpt lat="49.74902" lon="-119.41754000000002">
    <ele>1226.02</ele>
   </trkpt>
   <trkpt lat="49.748560000000005" lon="-119.41741">
    <ele>1226.0300000000002</ele>
   </trkpt>
   <trkpt lat="49.748340000000006" lon="-119.41737">
    <ele>1226.04</ele>
   </trkpt>
   <trkpt lat="49.74753999996823" lon="-119.41734499958663">
    <ele>1225.93</ele>
   </trkpt>
   <trkpt lat="49.74674" lon="-119.41732">
    <ele>1225.87</ele>
   </trkpt>
   <trkpt lat="49.74638" lon="-119.41723">
    <ele>1226.04</ele>
   </trkpt>
   <trkpt lat="49.74589" lon="-119.41705">
    <ele>1226.4</ele>
   </trkpt>
   <trkpt lat="49.74530000000001" lon="-119.41661">
    <ele>1226.16</ele>
   </trkpt>
   <trkpt lat="49.74469500275003" lon="-119.41580498990939">
    <ele>1226.0000000000002</ele>
   </trkpt>
   <trkpt lat="49.74409000000001" lon="-119.415">
    <ele>1225.72</ele>
   </trkpt>
   <trkpt lat="49.743430000000004" lon="-119.41406">
    <ele>1225.7</ele>
   </trkpt>
   <trkpt lat="49.74291" lon="-119.41353000000001">
    <ele>1225.51</ele>
   </trkpt>
   <trkpt lat="49.742300000872795" lon="-119.41307499426586">
    <ele>1225.77</ele>
   </trkpt>
   <trkpt lat="49.741690000000006" lon="-119.41262">
    <ele>1225.3500000000001</ele>
   </trkpt>
   <trkpt lat="49.74143" lon="-119.41231">
    <ele>1225.24</ele>
   </trkpt>
   <trkpt lat="49.74132" lon="-119.41199">
    <ele>1225.24</ele>
   </trkpt>
   <trkpt lat="49.741220000000006" lon="-119.41137">
    <ele>1225.53</ele>
   </trkpt>
   <trkpt lat="49.74119" lon="-119.41089000000001">
    <ele>1225.41</ele>
   </trkpt>
   <trkpt lat="49.741220000000006" lon="-119.41047">
    <ele>1225.39</ele>
   </trkpt>
   <trkpt lat="49.741290000000006" lon="-119.41011">
    <ele>1225.54</ele>
   </trkpt>
   <trkpt lat="49.741420000000005" lon="-119.40976">
    <ele>1225.4900000000002</ele>
   </trkpt>
   <trkpt lat="49.74165000000001" lon="-119.40944">
    <ele>1225.4900000000002</ele>
   </trkpt>
   <trkpt lat="49.741910000000004" lon="-119.40914000000001">
    <ele>1225.6299999999999</ele>
   </trkpt>
   <trkpt lat="49.742160000000005" lon="-119.40899">
    <ele>1225.6299999999999</ele>
   </trkpt>
   <trkpt lat="49.742340000000006" lon="-119.40893000000001">
    <ele>1225.6299999999999</ele>
   </trkpt>
   <trkpt lat="49.742470000000004" lon="-119.40895">
    <ele>1225.5600000000002</ele>
   </trkpt>
   <trkpt lat="49.74334" lon="-119.40926">
    <ele>1225.51</ele>
   </trkpt>
   <trkpt lat="49.743810000185" lon="-119.40950999753342">
    <ele>1225.43</ele>
   </trkpt>
   <trkpt lat="49.74428" lon="-119.40976">
    <ele>1225.43</ele>
   </trkpt>
   <trkpt lat="49.74481500024531" lon="-119.41001499717144">
    <ele>1225.5900000000001</ele>
   </trkpt>
   <trkpt lat="49.74535" lon="-119.41027000000001">
    <ele>1225.6299999999999</ele>
   </trkpt>
   <trkpt lat="49.74616000069407" lon="-119.4106599935071">
    <ele>1225.7</ele>
   </trkpt>
   <trkpt lat="49.746970000000005" lon="-119.41105">
    <ele>1225.77</ele>
   </trkpt>
   <trkpt lat="49.747550000000004" lon="-119.41115">
    <ele>1226.1399999999999</ele>
   </trkpt>
   <trkpt lat="49.74819" lon="-119.41114">
    <ele>1226.3200000000002</ele>
   </trkpt>
   <trkpt lat="49.74853" lon="-119.41118000000002">
    <ele>1225.88</ele>
   </trkpt>
   <trkpt lat="49.748990000000006" lon="-119.41142">
    <ele>1225.8200000000002</ele>
   </trkpt>
   <trkpt lat="49.74924000000001" lon="-119.41181">
    <ele>1225.78</ele>
   </trkpt>
   <trkpt lat="49.749480000000005" lon="-119.41204">
    <ele>1225.78</ele>
   </trkpt>
   <trkpt lat="49.74999500010697" lon="-119.41226999750408">
    <ele>1225.7300000000002</ele>
   </trkpt>
   <trkpt lat="49.750510000000006" lon="-119.41250000000001">
    <ele>1225.6200000000001</ele>
   </trkpt>
   <trkpt lat="49.75112000006859" lon="-119.41262999836414">
    <ele>1225.69</ele>
   </trkpt>
   <trkpt lat="49.75173" lon="-119.41276">
    <ele>1225.87</ele>
   </trkpt>
   <trkpt lat="49.752120000000005" lon="-119.4128">
    <ele>1225.69</ele>
   </trkpt>
   <trkpt lat="49.75255000000001" lon="-119.41293">
    <ele>1225.8999999999999</ele>
   </trkpt>
   <trkpt lat="49.753417500503375" lon="-119.41313248912743">
    <ele>1225.94</ele>
   </trkpt>
   <trkpt lat="49.75428500065383" lon="-119.41333498549885">
    <ele>1225.91</ele>
   </trkpt>
   <trkpt lat="49.755152500451366" lon="-119.4135374891148">
    <ele>1226.07</ele>
   </trkpt>
   <trkpt lat="49.75602000000001" lon="-119.41374">
    <ele>1225.94</ele>
   </trkpt>
   <trkpt lat="49.75667666696395" lon="-119.41390332892662">
    <ele>1225.87</ele>
   </trkpt>
   <trkpt lat="49.757333333698305" lon="-119.4140666622767">
    <ele>1225.72</ele>
   </trkpt>
   <trkpt lat="49.75799000000001" lon="-119.41423">
    <ele>1225.46</ele>
   </trkpt>
   <trkpt lat="49.758840000000006" lon="-119.41465000000001">
    <ele>1225.44</ele>
   </trkpt>
   <trkpt lat="49.75958000000001" lon="-119.41495">
    <ele>1225.5500000000002</ele>
   </trkpt>
   <trkpt lat="49.760210000368836" lon="-119.41514666156722">
    <ele>1225.5800000000002</ele>
   </trkpt>
   <trkpt lat="49.76084000040479" lon="-119.41534332824504">
    <ele>1225.43</ele>
   </trkpt>
   <trkpt lat="49.76147" lon="-119.41554000000001">
    <ele>1225.54</ele>
   </trkpt>
   <trkpt lat="49.76196" lon="-119.41575">
    <ele>1225.51</ele>
   </trkpt>
   <trkpt lat="49.76272" lon="-119.41616">
    <ele>1225.6299999999999</ele>
   </trkpt>
   <trkpt lat="49.76347500073004" lon="-119.41657999344322">
    <ele>1225.68</ele>
   </trkpt>
   <trkpt lat="49.764230000000005" lon="-119.41700000000002">
    <ele>1225.44</ele>
   </trkpt>
   <trkpt lat="49.764770000000006" lon="-119.41723">
    <ele>1225.44</ele>
   </trkpt>
   <trkpt lat="49.76525" lon="-119.41732">
    <ele>1225.5200000000002</ele>
   </trkpt>
   <trkpt lat="49.76563" lon="-119.41728">
    <ele>1225.54</ele>
   </trkpt>
   <trkpt lat="49.766500000367294" lon="-119.41701000482902">
    <ele>1225.3400000000001</ele>
   </trkpt>
   <trkpt lat="49.76737000000001" lon="-119.41674">
    <ele>1225.3400000000001</ele>
   </trkpt>
   <trkpt lat="49.76807666722552" lon="-119.41649000728184">
    <ele>1225.5200000000002</ele>
   </trkpt>
   <trkpt lat="49.768783333913184" lon="-119.41624000727454">
    <ele>1225.46</ele>
   </trkpt>
   <trkpt lat="49.769490000000005" lon="-119.41599000000001">
    <ele>1225.53</ele>
   </trkpt>
   <trkpt lat="49.77" lon="-119.41562">
    <ele>1225.51</ele>
   </trkpt>
   <trkpt lat="49.77031" lon="-119.41521000000002">
    <ele>1225.45</ele>
   </trkpt>
   <trkpt lat="49.77066000171718" lon="-119.41457500461787">
    <ele>1225.5</ele>
   </trkpt>
   <trkpt lat="49.771010000000004" lon="-119.41394000000001">
    <ele>1226.05</ele>
   </trkpt>
   <trkpt lat="49.771440000000005" lon="-119.41325">
    <ele>1225.95</ele>
   </trkpt>
   <trkpt lat="49.77213000207048" lon="-119.41255500990246">
    <ele>1225.94</ele>
   </trkpt>
   <trkpt lat="49.77282" lon="-119.41186">
    <ele>1225.64</ele>
   </trkpt>
   <trkpt lat="49.77311" lon="-119.41145000000002">
    <ele>1225.68</ele>
   </trkpt>
   <trkpt lat="49.773390000000006" lon="-119.41088">
    <ele>1225.89</ele>
   </trkpt>
   <trkpt lat="49.7736" lon="-119.41035000000001">
    <ele>1225.99</ele>
   </trkpt>
   <trkpt lat="49.773830000000004" lon="-119.40962">
    <ele>1226.01</ele>
   </trkpt>
   <trkpt lat="49.77409" lon="-119.40873">
    <ele>1225.8600000000001</ele>
   </trkpt>
   <trkpt lat="49.77441" lon="-119.40788">
    <ele>1225.88</ele>
   </trkpt>
   <trkpt lat="49.7745" lon="-119.4077">
    <ele>1225.84</ele>
   </trkpt>
   <trkpt lat="49.77487000000001" lon="-119.40708000000001">
    <ele>1225.68</ele>
   </trkpt>
   <trkpt lat="49.7751" lon="-119.40666000000002">
    <ele>1225.7</ele>
   </trkpt>
   <trkpt lat="49.77555" lon="-119.40568">
    <ele>1226.1200000000001</ele>
   </trkpt>
   <trkpt lat="49.77554000000001" lon="-119.40568">
    <ele>1226.1200000000001</ele>
   </trkpt>
   <trkpt lat="49.77561000000001" lon="-119.40555">
    <ele>1226.1200000000001</ele>
   </trkpt>
   <trkpt lat="49.77586500255607" lon="-119.40476500442458">
    <ele>1226.1200000000001</ele>
   </trkpt>
   <trkpt lat="49.776120000000006" lon="-119.40398">
    <ele>1226.6000000000001</ele>
   </trkpt>
   <trkpt lat="49.77635" lon="-119.40320000000001">
    <ele>1226.96</ele>
   </trkpt>
   <trkpt lat="49.77667" lon="-119.40232">
    <ele>1227.2</ele>
   </trkpt>
   <trkpt lat="49.77703" lon="-119.40144000000001">
    <ele>1227.27</ele>
   </trkpt>
   <trkpt lat="49.77734" lon="-119.40093000000002">
    <ele>1227.29</ele>
   </trkpt>
   <trkpt lat="49.777820000000006" lon="-119.4">
    <ele>1227.98</ele>
   </trkpt>
   <trkpt lat="49.77819" lon="-119.39914">
    <ele>1228.64</ele>
   </trkpt>
   <trkpt lat="49.77849000264877" lon="-119.39836000474862">
    <ele>1228.7100000000003</ele>
   </trkpt>
   <trkpt lat="49.77879" lon="-119.39758">
    <ele>1228.58</ele>
   </trkpt>
   <trkpt lat="49.779115003662135" lon="-119.39666000611334">
    <ele>1229.2200000000003</ele>
   </trkpt>
   <trkpt lat="49.77944" lon="-119.39574">
    <ele>1229.23</ele>
   </trkpt>
   <trkpt lat="49.77962" lon="-119.39499">
    <ele>1229.7</ele>
   </trkpt>
   <trkpt lat="49.77980000357726" lon="-119.39407500352671">
    <ele>1230.19</ele>
   </trkpt>
   <trkpt lat="49.77998" lon="-119.39316000000001">
    <ele>1230.5300000000002</ele>
   </trkpt>
   <trkpt lat="49.780190000000005" lon="-119.39248">
    <ele>1230.73</ele>
   </trkpt>
   <trkpt lat="49.78042000000001" lon="-119.39186000000001">
    <ele>1231.12</ele>
   </trkpt>
   <trkpt lat="49.780866676331414" lon="-119.39080001955412">
    <ele>1231.3200000000002</ele>
   </trkpt>
   <trkpt lat="49.781313342993954" lon="-119.38974001956424">
    <ele>1232.02</ele>
   </trkpt>
   <trkpt lat="49.781760000000006" lon="-119.38868000000001">
    <ele>1232.07</ele>
   </trkpt>
   <trkpt lat="49.78207500272741" lon="-119.38787000551208">
    <ele>1232.34</ele>
   </trkpt>
   <trkpt lat="49.78239000000001" lon="-119.38706">
    <ele>1232.8100000000002</ele>
   </trkpt>
   <trkpt lat="49.78268001619448" lon="-119.38594002010137">
    <ele>1233.2500000000002</ele>
   </trkpt>
   <trkpt lat="49.78297002159472" lon="-119.3848200267943">
    <ele>1233.43</ele>
   </trkpt>
   <trkpt lat="49.78326001620046" lon="-119.38370002007902">
    <ele>1233.75</ele>
   </trkpt>
   <trkpt lat="49.783550000000005" lon="-119.38258">
    <ele>1233.8200000000002</ele>
   </trkpt>
   <trkpt lat="49.78379000488829" lon="-119.38151000546922">
    <ele>1234.15</ele>
   </trkpt>
   <trkpt lat="49.78403" lon="-119.38044000000001">
    <ele>1234.2600000000002</ele>
   </trkpt>
   <trkpt lat="49.78412" lon="-119.37967">
    <ele>1235.0700000000002</ele>
   </trkpt>
   <trkpt lat="49.784130000000005" lon="-119.37918">
    <ele>1235.16</ele>
   </trkpt>
   <trkpt lat="49.78412" lon="-119.37868">
    <ele>1235.3400000000001</ele>
   </trkpt>
   <trkpt lat="49.78414" lon="-119.37815">
    <ele>1235.18</ele>
   </trkpt>
   <trkpt lat="49.784220000000005" lon="-119.37752">
    <ele>1235.18</ele>
   </trkpt>
   <trkpt lat="49.78443000000001" lon="-119.3769">
    <ele>1234.9</ele>
   </trkpt>
   <trkpt lat="49.784780000000005" lon="-119.37632">
    <ele>1234.9800000000002</ele>
   </trkpt>
   <trkpt lat="49.785320000000006" lon="-119.37577">
    <ele>1236.0000000000002</ele>
   </trkpt>
   <trkpt lat="49.7860920073845" lon="-119.37511604167018">
    <ele>1236.38</ele>
   </trkpt>
   <trkpt lat="49.78686401108878" lon="-119.3744620624964">
    <ele>1237.0700000000002</ele>
   </trkpt>
   <trkpt lat="49.78763601111264" lon="-119.37380806247751">
    <ele>1237.5</ele>
   </trkpt>
   <trkpt lat="49.78840800745585" lon="-119.37315404161237">
    <ele>1237.8300000000002</ele>
   </trkpt>
   <trkpt lat="49.78918" lon="-119.37250000000002">
    <ele>1238.2700000000002</ele>
   </trkpt>
   <trkpt lat="49.78961" lon="-119.37193">
    <ele>1238.5000000000002</ele>
   </trkpt>
   <trkpt lat="49.79024000386742" lon="-119.37097501250744">
    <ele>1239.0800000000002</ele>
   </trkpt>
   <trkpt lat="49.790870000000005" lon="-119.37002000000001">
    <ele>1239.4</ele>
   </trkpt>
   <trkpt lat="49.79121000000001" lon="-119.36942">
    <ele>1239.5</ele>
   </trkpt>
   <trkpt lat="49.79159000000001" lon="-119.36866">
    <ele>1239.7600000000002</ele>
   </trkpt>
   <trkpt lat="49.791880000000006" lon="-119.36767">
    <ele>1240.2900000000002</ele>
   </trkpt>
   <trkpt lat="49.79226002259923" lon="-119.36652403597338">
    <ele>1240.43</ele>
   </trkpt>
   <trkpt lat="49.792640033898145" lon="-119.36537805396317">
    <ele>1240.9</ele>
   </trkpt>
   <trkpt lat="49.793020033896404" lon="-119.36423205396946">
    <ele>1241.3100000000002</ele>
   </trkpt>
   <trkpt lat="49.79340002259366" lon="-119.3630860359922">
    <ele>1241.42</ele>
   </trkpt>
   <trkpt lat="49.793780000000005" lon="-119.36194">
    <ele>1241.6200000000001</ele>
   </trkpt>
   <trkpt lat="49.79412000000001" lon="-119.36078">
    <ele>1241.98</ele>
   </trkpt>
   <trkpt lat="49.794400013933355" lon="-119.35950668147329">
    <ele>1242.2300000000002</ele>
   </trkpt>
   <trkpt lat="49.794680013915354" lon="-119.35823334822213">
    <ele>1243.54</ele>
   </trkpt>
   <trkpt lat="49.79496" lon="-119.35696000000002">
    <ele>1243.3200000000002</ele>
   </trkpt>
   <trkpt lat="49.79496" lon="-119.35697">
    <ele>1243.3200000000002</ele>
   </trkpt>
   <trkpt lat="49.79513000293238" lon="-119.35614000306752">
    <ele>1243.36</ele>
   </trkpt>
   <trkpt lat="49.795300000000005" lon="-119.35531">
    <ele>1243.7900000000002</ele>
   </trkpt>
   <trkpt lat="49.79538500247338" lon="-119.35455000143804">
    <ele>1244.0900000000001</ele>
   </trkpt>
   <trkpt lat="49.79547" lon="-119.35379">
    <ele>1244.3000000000002</ele>
   </trkpt>
   <trkpt lat="49.79555000379628" lon="-119.35285000161467">
    <ele>1244.7</ele>
   </trkpt>
   <trkpt lat="49.79563" lon="-119.35191">
    <ele>1244.88</ele>
   </trkpt>
   <trkpt lat="49.79560000000001" lon="-119.35124">
    <ele>1244.95</ele>
   </trkpt>
   <trkpt lat="49.795500000000004" lon="-119.35008">
    <ele>1245.9</ele>
   </trkpt>
   <trkpt lat="49.795320000000004" lon="-119.34923">
    <ele>1246.0500000000002</ele>
   </trkpt>
   <trkpt lat="49.795006679627015" lon="-119.34800331750964">
    <ele>1246.48</ele>
   </trkpt>
   <trkpt lat="49.79469334630626" lon="-119.34677665089256">
    <ele>1246.95</ele>
   </trkpt>
   <trkpt lat="49.794380000000004" lon="-119.34555">
    <ele>1247.5800000000002</ele>
   </trkpt>
   <trkpt lat="49.79426" lon="-119.34515">
    <ele>1247.5800000000002</ele>
   </trkpt>
   <trkpt lat="49.79406" lon="-119.34479">
    <ele>1247.9900000000002</ele>
   </trkpt>
   <trkpt lat="49.79365500156477" lon="-119.34417499476208">
    <ele>1248.45</ele>
   </trkpt>
   <trkpt lat="49.79325000000001" lon="-119.34356000000001">
    <ele>1248.5700000000002</ele>
   </trkpt>
   <trkpt lat="49.7926950050754" lon="-119.34247498758691">
    <ele>1248.64</ele>
   </trkpt>
   <trkpt lat="49.79214" lon="-119.34139">
    <ele>1249.44</ele>
   </trkpt>
   <trkpt lat="49.79186000000001" lon="-119.34055000000001">
    <ele>1249.92</ele>
   </trkpt>
   <trkpt lat="49.791790000000006" lon="-119.34023">
    <ele>1250.0300000000002</ele>
   </trkpt>
   <trkpt lat="49.79178" lon="-119.33991">
    <ele>1250.0300000000002</ele>
   </trkpt>
   <trkpt lat="49.791830000000004" lon="-119.33933">
    <ele>1250.3500000000001</ele>
   </trkpt>
   <trkpt lat="49.79196" lon="-119.33888">
    <ele>1250.45</ele>
   </trkpt>
   <trkpt lat="49.79233500182732" lon="-119.33825500459481">
    <ele>1250.7700000000002</ele>
   </trkpt>
   <trkpt lat="49.79271000000001" lon="-119.33763">
    <ele>1250.79</ele>
   </trkpt>
   <trkpt lat="49.793160001628536" lon="-119.33703000546879">
    <ele>1251.1000000000001</ele>
   </trkpt>
   <trkpt lat="49.79361" lon="-119.33643000000001">
    <ele>1251.64</ele>
   </trkpt>
   <trkpt lat="49.79413" lon="-119.33584">
    <ele>1251.8200000000002</ele>
   </trkpt>
   <trkpt lat="49.79478" lon="-119.33518000000001">
    <ele>1252.17</ele>
   </trkpt>
   <trkpt lat="49.79516" lon="-119.33469000000001">
    <ele>1252.34</ele>
   </trkpt>
   <trkpt lat="49.79533000000001" lon="-119.33423">
    <ele>1252.52</ele>
   </trkpt>
   <trkpt lat="49.795390000000005" lon="-119.33396">
    <ele>1252.76</ele>
   </trkpt>
   <trkpt lat="49.79543" lon="-119.3336">
    <ele>1252.78</ele>
   </trkpt>
   <trkpt lat="49.79543" lon="-119.33333">
    <ele>1252.78</ele>
   </trkpt>
   <trkpt lat="49.79536" lon="-119.3328">
    <ele>1252.9800000000002</ele>
   </trkpt>
   <trkpt lat="49.795280000000005" lon="-119.33253">
    <ele>1253.02</ele>
   </trkpt>
   <trkpt lat="49.795080000000006" lon="-119.33208">
    <ele>1253.0</ele>
   </trkpt>
   <trkpt lat="49.79471000145042" lon="-119.33151999587463">
    <ele>1253.0</ele>
   </trkpt>
   <trkpt lat="49.794340000000005" lon="-119.33096">
    <ele>1252.9</ele>
   </trkpt>
   <trkpt lat="49.794060002377584" lon="-119.3302199957786">
    <ele>1253.3200000000002</ele>
   </trkpt>
   <trkpt lat="49.793780000000005" lon="-119.32948">
    <ele>1253.63</ele>
   </trkpt>
   <trkpt lat="49.793670000000006" lon="-119.3293">
    <ele>1253.8100000000002</ele>
   </trkpt>
   <trkpt lat="49.79336000000001" lon="-119.3289">
    <ele>1253.8700000000001</ele>
   </trkpt>
   <trkpt lat="49.792840002205814" lon="-119.32839332245022">
    <ele>1254.21</ele>
   </trkpt>
   <trkpt lat="49.792320002202636" lon="-119.3278866557806">
    <ele>1254.43</ele>
   </trkpt>
   <trkpt lat="49.7918" lon="-119.32738">
    <ele>1254.7400000000002</ele>
   </trkpt>
   <trkpt lat="49.79144" lon="-119.32706">
    <ele>1254.9800000000002</ele>
   </trkpt>
   <trkpt lat="49.791230000000006" lon="-119.32690000000001">
    <ele>1255.2</ele>
   </trkpt>
   <trkpt lat="49.79106" lon="-119.32685000000001">
    <ele>1255.24</ele>
   </trkpt>
   <trkpt lat="49.790890000000005" lon="-119.32685000000001">
    <ele>1255.22</ele>
   </trkpt>
   <trkpt lat="49.790530000000004" lon="-119.32694000000001">
    <ele>1255.3</ele>
   </trkpt>
   <trkpt lat="49.79026" lon="-119.32706">
    <ele>1255.48</ele>
   </trkpt>
   <trkpt lat="49.789750000000005" lon="-119.32739000000001">
    <ele>1255.98</ele>
   </trkpt>
   <trkpt lat="49.78929" lon="-119.32757000000001">
    <ele>1256.3600000000001</ele>
   </trkpt>
   <trkpt lat="49.788990000000005" lon="-119.32765">
    <ele>1256.67</ele>
   </trkpt>
   <trkpt lat="49.78869" lon="-119.32761">
    <ele>1256.8400000000001</ele>
   </trkpt>
   <trkpt lat="49.788470000000004" lon="-119.32751">
    <ele>1256.8600000000001</ele>
   </trkpt>
   <trkpt lat="49.788160000000005" lon="-119.32729">
    <ele>1256.96</ele>
   </trkpt>
   <trkpt lat="49.78788" lon="-119.32689">
    <ele>1256.92</ele>
   </trkpt>
   <trkpt lat="49.78753500228633" lon="-119.32616999498867">
    <ele>1257.2</ele>
   </trkpt>
   <trkpt lat="49.78719" lon="-119.32545">
    <ele>1257.42</ele>
   </trkpt>
   <trkpt lat="49.78683" lon="-119.325">
    <ele>1257.65</ele>
   </trkpt>
   <trkpt lat="49.78615500168686" lon="-119.32434999081676">
    <ele>1257.8700000000001</ele>
   </trkpt>
   <trkpt lat="49.78548000000001" lon="-119.32370000000002">
    <ele>1258.21</ele>
   </trkpt>
   <trkpt lat="49.78499" lon="-119.3233">
    <ele>1258.28</ele>
   </trkpt>
   <trkpt lat="49.78452" lon="-119.32312">
    <ele>1258.43</ele>
   </trkpt>
   <trkpt lat="49.78428" lon="-119.32303">
    <ele>1258.71</ele>
   </trkpt>
   <trkpt lat="49.78403" lon="-119.32299">
    <ele>1259.12</ele>
   </trkpt>
   <trkpt lat="49.78372" lon="-119.32303">
    <ele>1259.3400000000001</ele>
   </trkpt>
   <trkpt lat="49.78302000000001" lon="-119.3233">
    <ele>1259.46</ele>
   </trkpt>
   <trkpt lat="49.78247500065219" lon="-119.32369000438872">
    <ele>1259.32</ele>
   </trkpt>
   <trkpt lat="49.78193" lon="-119.32408000000001">
    <ele>1258.93</ele>
   </trkpt>
   <trkpt lat="49.78159" lon="-119.32403000000001">
    <ele>1257.9600000000003</ele>
   </trkpt>
   <trkpt lat="49.78144" lon="-119.32411">
    <ele>1257.93</ele>
   </trkpt>
   <trkpt lat="49.7813" lon="-119.32424">
    <ele>1258.5000000000002</ele>
   </trkpt>
   <trkpt lat="49.78114" lon="-119.32448000000001">
    <ele>1259.7600000000002</ele>
   </trkpt>
   <trkpt lat="49.78063" lon="-119.32483">
    <ele>1260.42</ele>
   </trkpt>
   <trkpt lat="49.78029" lon="-119.32501">
    <ele>1260.49</ele>
   </trkpt>
   <trkpt lat="49.77957000000001" lon="-119.32515000000001">
    <ele>1260.7</ele>
   </trkpt>
   <trkpt lat="49.779250000000005" lon="-119.32531000000002">
    <ele>1260.85</ele>
   </trkpt>
   <trkpt lat="49.77897" lon="-119.32549000000002">
    <ele>1260.85</ele>
   </trkpt>
   <trkpt lat="49.77855" lon="-119.32603">
    <ele>1260.93</ele>
   </trkpt>
   <trkpt lat="49.77825000000001" lon="-119.32652000000002">
    <ele>1261.45</ele>
   </trkpt>
   <trkpt lat="49.778110000000005" lon="-119.32671">
    <ele>1261.6200000000001</ele>
   </trkpt>
   <trkpt lat="49.778000000000006" lon="-119.32681000000001">
    <ele>1261.6200000000001</ele>
   </trkpt>
   <trkpt lat="49.777710000000006" lon="-119.32702">
    <ele>1261.83</ele>
   </trkpt>
   <trkpt lat="49.777530000000006" lon="-119.32710000000002">
    <ele>1261.93</ele>
   </trkpt>
   <trkpt lat="49.77694" lon="-119.32718000000001">
    <ele>1262.14</ele>
   </trkpt>
   <trkpt lat="49.77667" lon="-119.32724">
    <ele>1262.2300000000002</ele>
   </trkpt>
   <trkpt lat="49.77617000000001" lon="-119.32747">
    <ele>1262.2300000000002</ele>
   </trkpt>
   <trkpt lat="49.77552333524319" lon="-119.32794667942157">
    <ele>1262.5900000000001</ele>
   </trkpt>
   <trkpt lat="49.77487666853103" lon="-119.32842334612155">
    <ele>1262.8100000000002</ele>
   </trkpt>
   <trkpt lat="49.77423" lon="-119.3289">
    <ele>1263.49</ele>
   </trkpt>
   <trkpt lat="49.773920000000004" lon="-119.32907000000002">
    <ele>1263.7200000000003</ele>
   </trkpt>
   <trkpt lat="49.77369" lon="-119.32908">
    <ele>1263.8700000000001</ele>
   </trkpt>
   <trkpt lat="49.77344" lon="-119.32904">
    <ele>1264.18</ele>
   </trkpt>
   <trkpt lat="49.77333" lon="-119.32899">
    <ele>1264.18</ele>
   </trkpt>
   <trkpt lat="49.77315" lon="-119.3289">
    <ele>1264.3000000000002</ele>
   </trkpt>
   <trkpt lat="49.772980000000004" lon="-119.32872">
    <ele>1264.54</ele>
   </trkpt>
   <trkpt lat="49.772740000000006" lon="-119.32841">
    <ele>1264.54</ele>
   </trkpt>
   <trkpt lat="49.772580000000005" lon="-119.32805">
    <ele>1264.68</ele>
   </trkpt>
   <trkpt lat="49.77248" lon="-119.32770000000001">
    <ele>1264.65</ele>
   </trkpt>
   <trkpt lat="49.77243000000001" lon="-119.32738">
    <ele>1264.49</ele>
   </trkpt>
   <trkpt lat="49.772380000000005" lon="-119.32660000000001">
    <ele>1264.54</ele>
   </trkpt>
   <trkpt lat="49.77235" lon="-119.32612">
    <ele>1264.69</ele>
   </trkpt>
   <trkpt lat="49.77239" lon="-119.32567000000002">
    <ele>1264.7400000000002</ele>
   </trkpt>
   <trkpt lat="49.772470000000006" lon="-119.32528">
    <ele>1265.1000000000001</ele>
   </trkpt>
   <trkpt lat="49.77272000000001" lon="-119.32469">
    <ele>1265.3400000000001</ele>
   </trkpt>
   <trkpt lat="49.77288" lon="-119.32446000000002">
    <ele>1265.47</ele>
   </trkpt>
   <trkpt lat="49.773250000000004" lon="-119.32411">
    <ele>1265.38</ele>
   </trkpt>
   <trkpt lat="49.773990000000005" lon="-119.32353">
    <ele>1265.65</ele>
   </trkpt>
   <trkpt lat="49.77440500044285" lon="-119.32323500247755">
    <ele>1265.74</ele>
   </trkpt>
   <trkpt lat="49.774820000000005" lon="-119.32294">
    <ele>1266.07</ele>
   </trkpt>
   <trkpt lat="49.775240000000004" lon="-119.32255">
    <ele>1266.52</ele>
   </trkpt>
   <trkpt lat="49.77539" lon="-119.32236">
    <ele>1266.5900000000001</ele>
   </trkpt>
   <trkpt lat="49.77553" lon="-119.32209">
    <ele>1266.75</ele>
   </trkpt>
   <trkpt lat="49.77602" lon="-119.32107">
    <ele>1267.0</ele>
   </trkpt>
   <trkpt lat="49.77622" lon="-119.3208">
    <ele>1266.8600000000001</ele>
   </trkpt>
   <trkpt lat="49.776390000000006" lon="-119.32062">
    <ele>1266.8600000000001</ele>
   </trkpt>
   <trkpt lat="49.7772" lon="-119.32003">
    <ele>1267.6200000000001</ele>
   </trkpt>
   <trkpt lat="49.77765" lon="-119.31986">
    <ele>1267.76</ele>
   </trkpt>
   <trkpt lat="49.77781" lon="-119.31972">
    <ele>1267.8100000000002</ele>
   </trkpt>
   <trkpt lat="49.777930000000005" lon="-119.31954">
    <ele>1268.04</ele>
   </trkpt>
   <trkpt lat="49.778040000000004" lon="-119.31932">
    <ele>1268.1200000000001</ele>
   </trkpt>
   <trkpt lat="49.77817" lon="-119.31901">
    <ele>1268.24</ele>
   </trkpt>
   <trkpt lat="49.7783" lon="-119.31857000000001">
    <ele>1268.3600000000001</ele>
   </trkpt>
   <trkpt lat="49.778380000000006" lon="-119.31824">
    <ele>1268.51</ele>
   </trkpt>
   <trkpt lat="49.77843000000001" lon="-119.31785">
    <ele>1268.49</ele>
   </trkpt>
   <trkpt lat="49.778420000000004" lon="-119.31731">
    <ele>1268.6200000000001</ele>
   </trkpt>
   <trkpt lat="49.778360000000006" lon="-119.31694000000002">
    <ele>1268.81</ele>
   </trkpt>
   <trkpt lat="49.77828" lon="-119.31664">
    <ele>1268.96</ele>
   </trkpt>
   <trkpt lat="49.77817" lon="-119.31637">
    <ele>1268.96</ele>
   </trkpt>
   <trkpt lat="49.77787000000001" lon="-119.31587">
    <ele>1269.29</ele>
   </trkpt>
   <trkpt lat="49.77769000000001" lon="-119.31565">
    <ele>1269.29</ele>
   </trkpt>
   <trkpt lat="49.77741" lon="-119.31547">
    <ele>1269.39</ele>
   </trkpt>
   <trkpt lat="49.776850000259515" lon="-119.31519999685369">
    <ele>1269.67</ele>
   </trkpt>
   <trkpt lat="49.77629" lon="-119.31493">
    <ele>1270.0900000000001</ele>
   </trkpt>
   <trkpt lat="49.77584" lon="-119.31457">
    <ele>1270.1100000000001</ele>
   </trkpt>
   <trkpt lat="49.77544" lon="-119.31409000000001">
    <ele>1270.3600000000001</ele>
   </trkpt>
   <trkpt lat="49.77523" lon="-119.31381">
    <ele>1270.42</ele>
   </trkpt>
   <trkpt lat="49.774680000000004" lon="-119.31278">
    <ele>1270.5700000000002</ele>
   </trkpt>
   <trkpt lat="49.77443" lon="-119.31207">
    <ele>1270.65</ele>
   </trkpt>
   <trkpt lat="49.77423000250775" lon="-119.31130499680314">
    <ele>1270.67</ele>
   </trkpt>
   <trkpt lat="49.77403" lon="-119.31054">
    <ele>1270.8300000000002</ele>
   </trkpt>
   <trkpt lat="49.773810000000005" lon="-119.30978">
    <ele>1271.17</ele>
   </trkpt>
   <trkpt lat="49.773740000000004" lon="-119.30947">
    <ele>1271.23</ele>
   </trkpt>
   <trkpt lat="49.773700000000005" lon="-119.30888000000002">
    <ele>1271.23</ele>
   </trkpt>
   <trkpt lat="49.773740000000004" lon="-119.30848">
    <ele>1271.44</ele>
   </trkpt>
   <trkpt lat="49.773860000000006" lon="-119.30804">
    <ele>1271.8700000000001</ele>
   </trkpt>
   <trkpt lat="49.774010000000004" lon="-119.30768">
    <ele>1271.91</ele>
   </trkpt>
   <trkpt lat="49.77414" lon="-119.30745">
    <ele>1271.8400000000001</ele>
   </trkpt>
   <trkpt lat="49.77431000000001" lon="-119.30725000000001">
    <ele>1271.97</ele>
   </trkpt>
   <trkpt lat="49.774550000000005" lon="-119.30705">
    <ele>1272.28</ele>
   </trkpt>
   <trkpt lat="49.77478000000001" lon="-119.30696">
    <ele>1272.44</ele>
   </trkpt>
   <trkpt lat="49.775130000000004" lon="-119.30693000000001">
    <ele>1272.6000000000001</ele>
   </trkpt>
   <trkpt lat="49.77535" lon="-119.30698000000001">
    <ele>1272.5700000000002</ele>
   </trkpt>
   <trkpt lat="49.775580000000005" lon="-119.30714">
    <ele>1272.4</ele>
   </trkpt>
   <trkpt lat="49.77595500079047" lon="-119.30758999642069">
    <ele>1272.5000000000002</ele>
   </trkpt>
   <trkpt lat="49.77633" lon="-119.30804">
    <ele>1273.21</ele>
   </trkpt>
   <trkpt lat="49.7766" lon="-119.30832000000001">
    <ele>1273.2800000000002</ele>
   </trkpt>
   <trkpt lat="49.776790000000005" lon="-119.30848">
    <ele>1273.47</ele>
   </trkpt>
   <trkpt lat="49.776990000000005" lon="-119.30857">
    <ele>1273.47</ele>
   </trkpt>
   <trkpt lat="49.77716" lon="-119.30860000000001">
    <ele>1273.5500000000002</ele>
   </trkpt>
   <trkpt lat="49.777440000000006" lon="-119.30862">
    <ele>1273.73</ele>
   </trkpt>
   <trkpt lat="49.77788" lon="-119.30862">
    <ele>1274.18</ele>
   </trkpt>
   <trkpt lat="49.778000000000006" lon="-119.30857">
    <ele>1274.18</ele>
   </trkpt>
   <trkpt lat="49.778110000000005" lon="-119.30848">
    <ele>1274.2</ele>
   </trkpt>
   <trkpt lat="49.77828" lon="-119.30829000000001">
    <ele>1274.1100000000001</ele>
   </trkpt>
   <trkpt lat="49.778470000000006" lon="-119.30813">
    <ele>1274.0800000000002</ele>
   </trkpt>
   <trkpt lat="49.77879" lon="-119.30776000000002">
    <ele>1274.07</ele>
   </trkpt>
   <trkpt lat="49.77904" lon="-119.30729000000001">
    <ele>1274.0200000000002</ele>
   </trkpt>
   <trkpt lat="49.77928000000001" lon="-119.30678">
    <ele>1274.43</ele>
   </trkpt>
   <trkpt lat="49.77939000000001" lon="-119.30646000000002">
    <ele>1274.6000000000001</ele>
   </trkpt>
   <trkpt lat="49.77938" lon="-119.30646000000002">
    <ele>1274.5900000000001</ele>
   </trkpt>
   <trkpt lat="49.77953" lon="-119.30571">
    <ele>1274.72</ele>
   </trkpt>
   <trkpt lat="49.779650000000004" lon="-119.30472">
    <ele>1275.22</ele>
   </trkpt>
   <trkpt lat="49.77985" lon="-119.30423">
    <ele>1275.0800000000002</ele>
   </trkpt>
   <trkpt lat="49.779970000000006" lon="-119.30405">
    <ele>1275.0800000000002</ele>
   </trkpt>
   <trkpt lat="49.78022000000001" lon="-119.30378">
    <ele>1275.0800000000002</ele>
   </trkpt>
   <trkpt lat="49.78040000000001" lon="-119.30365">
    <ele>1274.99</ele>
   </trkpt>
   <trkpt lat="49.78058000000001" lon="-119.30356">
    <ele>1275.06</ele>
   </trkpt>
   <trkpt lat="49.78085" lon="-119.30352">
    <ele>1275.0700000000002</ele>
   </trkpt>
   <trkpt lat="49.7813" lon="-119.30364000000002">
    <ele>1275.7</ele>
   </trkpt>
   <trkpt lat="49.781580000000005" lon="-119.30384000000001">
    <ele>1275.7900000000002</ele>
   </trkpt>
   <trkpt lat="49.78183000000001" lon="-119.30419">
    <ele>1275.73</ele>
   </trkpt>
   <trkpt lat="49.78201000000001" lon="-119.30459">
    <ele>1275.74</ele>
   </trkpt>
   <trkpt lat="49.782140000000005" lon="-119.30517">
    <ele>1275.7</ele>
   </trkpt>
   <trkpt lat="49.782180000000004" lon="-119.30626000000001">
    <ele>1275.93</ele>
   </trkpt>
   <trkpt lat="49.782140000000005" lon="-119.30678">
    <ele>1275.97</ele>
   </trkpt>
   <trkpt lat="49.782160000000005" lon="-119.30705">
    <ele>1275.88</ele>
   </trkpt>
   <trkpt lat="49.78222" lon="-119.30724000000001">
    <ele>1275.89</ele>
   </trkpt>
   <trkpt lat="49.78258" lon="-119.30773">
    <ele>1275.98</ele>
   </trkpt>
   <trkpt lat="49.782680000000006" lon="-119.3079">
    <ele>1275.7900000000002</ele>
   </trkpt>
   <trkpt lat="49.78295000000001" lon="-119.30817">
    <ele>1275.76</ele>
   </trkpt>
   <trkpt lat="49.7832" lon="-119.30827000000001">
    <ele>1275.83</ele>
   </trkpt>
   <trkpt lat="49.78360000000001" lon="-119.30831">
    <ele>1275.43</ele>
   </trkpt>
   <trkpt lat="49.78385" lon="-119.30826">
    <ele>1274.99</ele>
   </trkpt>
   <trkpt lat="49.78403" lon="-119.30812000000002">
    <ele>1274.82</ele>
   </trkpt>
   <trkpt lat="49.784780000000005" lon="-119.30764">
    <ele>1273.8700000000001</ele>
   </trkpt>
   <trkpt lat="49.784940000000006" lon="-119.30759">
    <ele>1273.8700000000001</ele>
   </trkpt>
   <trkpt lat="49.785230000000006" lon="-119.30758000000002">
    <ele>1273.5500000000002</ele>
   </trkpt>
   <trkpt lat="49.7858000000788" lon="-119.30769999859157">
    <ele>1272.8400000000001</ele>
   </trkpt>
   <trkpt lat="49.786370000000005" lon="-119.30782">
    <ele>1272.6000000000001</ele>
   </trkpt>
   <trkpt lat="49.787150000000004" lon="-119.30804">
    <ele>1272.24</ele>
   </trkpt>
   <trkpt lat="49.78737" lon="-119.30817">
    <ele>1272.0500000000002</ele>
   </trkpt>
   <trkpt lat="49.78761" lon="-119.30836000000001">
    <ele>1272.0200000000002</ele>
   </trkpt>
   <trkpt lat="49.78784" lon="-119.30867">
    <ele>1271.94</ele>
   </trkpt>
   <trkpt lat="49.78795" lon="-119.30889">
    <ele>1271.88</ele>
   </trkpt>
   <trkpt lat="49.788050000000005" lon="-119.30911">
    <ele>1271.7900000000002</ele>
   </trkpt>
   <trkpt lat="49.78828000000001" lon="-119.31009000000002">
    <ele>1271.5200000000002</ele>
   </trkpt>
   <trkpt lat="49.78848000000001" lon="-119.31079000000001">
    <ele>1271.41</ele>
   </trkpt>
   <trkpt lat="49.788650000000004" lon="-119.31117">
    <ele>1271.29</ele>
   </trkpt>
   <trkpt lat="49.7888" lon="-119.31144">
    <ele>1271.2</ele>
   </trkpt>
   <trkpt lat="49.78915000000001" lon="-119.31189">
    <ele>1270.92</ele>
   </trkpt>
   <trkpt lat="49.789370000000005" lon="-119.31207">
    <ele>1270.73</ele>
   </trkpt>
   <trkpt lat="49.78974" lon="-119.31225">
    <ele>1270.3300000000002</ele>
   </trkpt>
   <trkpt lat="49.790189999929154" lon="-119.31237999875073">
    <ele>1270.17</ele>
   </trkpt>
   <trkpt lat="49.79064" lon="-119.31251">
    <ele>1270.17</ele>
   </trkpt>
   <trkpt lat="49.79088" lon="-119.31252">
    <ele>1270.3000000000002</ele>
   </trkpt>
   <trkpt lat="49.79126" lon="-119.31226000000001">
    <ele>1270.1100000000001</ele>
   </trkpt>
   <trkpt lat="49.79167500057119" lon="-119.3119100029618">
    <ele>1270.0300000000002</ele>
   </trkpt>
   <trkpt lat="49.79209" lon="-119.31156000000001">
    <ele>1269.88</ele>
   </trkpt>
   <trkpt lat="49.792860000000005" lon="-119.31096000000001">
    <ele>1269.53</ele>
   </trkpt>
   <trkpt lat="49.793110000000006" lon="-119.31078000000001">
    <ele>1269.47</ele>
   </trkpt>
   <trkpt lat="49.79345000000001" lon="-119.31067000000002">
    <ele>1269.09</ele>
   </trkpt>
   <trkpt lat="49.79365000000001" lon="-119.31067000000002">
    <ele>1269.09</ele>
   </trkpt>
   <trkpt lat="49.79388" lon="-119.31069000000001">
    <ele>1269.0</ele>
   </trkpt>
   <trkpt lat="49.79410000000001" lon="-119.31077">
    <ele>1268.94</ele>
   </trkpt>
   <trkpt lat="49.794320000000006" lon="-119.31095">
    <ele>1268.75</ele>
   </trkpt>
   <trkpt lat="49.79449" lon="-119.31117">
    <ele>1268.31</ele>
   </trkpt>
   <trkpt lat="49.79482" lon="-119.31188000000002">
    <ele>1268.18</ele>
   </trkpt>
   <trkpt lat="49.79496" lon="-119.31239000000001">
    <ele>1268.0300000000002</ele>
   </trkpt>
   <trkpt lat="49.79531" lon="-119.31341">
    <ele>1268.01</ele>
   </trkpt>
   <trkpt lat="49.795550000000006" lon="-119.31372">
    <ele>1267.92</ele>
   </trkpt>
   <trkpt lat="49.79583" lon="-119.31399">
    <ele>1267.56</ele>
   </trkpt>
   <trkpt lat="49.7961" lon="-119.31409000000001">
    <ele>1267.4500000000003</ele>
   </trkpt>
   <trkpt lat="49.79652" lon="-119.31408">
    <ele>1267.32</ele>
   </trkpt>
   <trkpt lat="49.797410000000006" lon="-119.31395">
    <ele>1266.85</ele>
   </trkpt>
   <trkpt lat="49.797940000000004" lon="-119.31381">
    <ele>1266.7</ele>
   </trkpt>
   <trkpt lat="49.79824000000001" lon="-119.31363">
    <ele>1266.44</ele>
   </trkpt>
   <trkpt lat="49.79887" lon="-119.31296">
    <ele>1266.19</ele>
   </trkpt>
   <trkpt lat="49.7993" lon="-119.3126">
    <ele>1265.9</ele>
   </trkpt>
   <trkpt lat="49.7997" lon="-119.31239000000001">
    <ele>1265.7500000000002</ele>
   </trkpt>
   <trkpt lat="49.79994000000001" lon="-119.31225">
    <ele>1265.9900000000002</ele>
   </trkpt>
   <trkpt lat="49.80001000000001" lon="-119.31224">
    <ele>1265.9900000000002</ele>
   </trkpt>
   <trkpt lat="49.800090000000004" lon="-119.3122">
    <ele>1266.01</ele>
   </trkpt>
   <trkpt lat="49.80031" lon="-119.31247">
    <ele>1265.67</ele>
   </trkpt>
   <trkpt lat="49.80059000000001" lon="-119.31265">
    <ele>1265.5200000000002</ele>
   </trkpt>
   <trkpt lat="49.80096" lon="-119.31269">
    <ele>1265.4800000000002</ele>
   </trkpt>
   <trkpt lat="49.80162000000001" lon="-119.31263000000001">
    <ele>1265.42</ele>
   </trkpt>
   <trkpt lat="49.80236666719822" lon="-119.31238334093906">
    <ele>1264.94</ele>
   </trkpt>
   <trkpt lat="49.80311333387292" lon="-119.31213667426988">
    <ele>1264.55</ele>
   </trkpt>
   <trkpt lat="49.80386000000001" lon="-119.31189">
    <ele>1264.39</ele>
   </trkpt>
   <trkpt lat="49.80449500020573" lon="-119.31168500268092">
    <ele>1263.68</ele>
   </trkpt>
   <trkpt lat="49.805130000000005" lon="-119.31148">
    <ele>1263.3700000000001</ele>
   </trkpt>
   <trkpt lat="49.805580000000006" lon="-119.31126">
    <ele>1263.2500000000002</ele>
   </trkpt>
   <trkpt lat="49.805800000000005" lon="-119.31113">
    <ele>1263.18</ele>
   </trkpt>
   <trkpt lat="49.80622000087061" lon="-119.3107250033548">
    <ele>1262.8000000000002</ele>
   </trkpt>
   <trkpt lat="49.80664" lon="-119.31032">
    <ele>1262.7</ele>
   </trkpt>
   <trkpt lat="49.807120000000005" lon="-119.30978">
    <ele>1262.4</ele>
   </trkpt>
   <trkpt lat="49.80735000000001" lon="-119.30940000000001">
    <ele>1262.27</ele>
   </trkpt>
   <trkpt lat="49.80751" lon="-119.30903">
    <ele>1262.01</ele>
   </trkpt>
   <trkpt lat="49.80762000000001" lon="-119.30866">
    <ele>1262.01</ele>
   </trkpt>
   <trkpt lat="49.807660000000006" lon="-119.30841000000001">
    <ele>1261.7500000000002</ele>
   </trkpt>
   <trkpt lat="49.80769" lon="-119.30796000000001">
    <ele>1261.64</ele>
   </trkpt>
   <trkpt lat="49.807680000000005" lon="-119.30767000000002">
    <ele>1261.6200000000001</ele>
   </trkpt>
   <trkpt lat="49.807590000000005" lon="-119.30705">
    <ele>1261.53</ele>
   </trkpt>
   <trkpt lat="49.80751" lon="-119.30674">
    <ele>1261.53</ele>
   </trkpt>
   <trkpt lat="49.80727000168145" lon="-119.30613499726964">
    <ele>1261.09</ele>
   </trkpt>
   <trkpt lat="49.807030000000005" lon="-119.30553">
    <ele>1261.0</ele>
   </trkpt>
   <trkpt lat="49.80693" lon="-119.30504">
    <ele>1260.76</ele>
   </trkpt>
   <trkpt lat="49.80688000000001" lon="-119.3045">
    <ele>1260.5900000000001</ele>
   </trkpt>
   <trkpt lat="49.80688000000001" lon="-119.30419">
    <ele>1260.5900000000001</ele>
   </trkpt>
   <trkpt lat="49.806940000000004" lon="-119.30378">
    <ele>1260.61</ele>
   </trkpt>
   <trkpt lat="49.80720000540127" lon="-119.30266000599511">
    <ele>1260.3000000000002</ele>
   </trkpt>
   <trkpt lat="49.807460000000006" lon="-119.30154">
    <ele>1259.93</ele>
   </trkpt>
   <trkpt lat="49.80756" lon="-119.30074">
    <ele>1259.8700000000001</ele>
   </trkpt>
   <trkpt lat="49.80761000578885" lon="-119.29958000119714">
    <ele>1259.5900000000001</ele>
   </trkpt>
   <trkpt lat="49.807660000000006" lon="-119.29842000000001">
    <ele>1259.3500000000001</ele>
   </trkpt>
   <trkpt lat="49.80763" lon="-119.29729">
    <ele>1259.1100000000001</ele>
   </trkpt>
   <trkpt lat="49.80754" lon="-119.29643000000002">
    <ele>1258.9800000000002</ele>
   </trkpt>
   <trkpt lat="49.807336678256796" lon="-119.29526999032586">
    <ele>1258.3700000000001</ele>
   </trkpt>
   <trkpt lat="49.807133344935856" lon="-119.29410999039682">
    <ele>1257.95</ele>
   </trkpt>
   <trkpt lat="49.80693" lon="-119.29295">
    <ele>1258.0200000000002</ele>
   </trkpt>
   <trkpt lat="49.806760000000004" lon="-119.29223">
    <ele>1257.65</ele>
   </trkpt>
   <trkpt lat="49.8066" lon="-119.29183">
    <ele>1257.5200000000002</ele>
   </trkpt>
   <trkpt lat="49.80642" lon="-119.29156">
    <ele>1257.42</ele>
   </trkpt>
   <trkpt lat="49.80601" lon="-119.29084">
    <ele>1256.91</ele>
   </trkpt>
   <trkpt lat="49.805800000000005" lon="-119.29031">
    <ele>1256.69</ele>
   </trkpt>
   <trkpt lat="49.80568" lon="-119.28963000000002">
    <ele>1256.72</ele>
   </trkpt>
   <trkpt lat="49.805670000000006" lon="-119.28914">
    <ele>1256.63</ele>
   </trkpt>
   <trkpt lat="49.80575" lon="-119.28856">
    <ele>1256.44</ele>
   </trkpt>
   <trkpt lat="49.80594000000001" lon="-119.28799000000001">
    <ele>1256.4</ele>
   </trkpt>
   <trkpt lat="49.806160000000006" lon="-119.28758">
    <ele>1256.07</ele>
   </trkpt>
   <trkpt lat="49.80653" lon="-119.28708">
    <ele>1255.6100000000001</ele>
   </trkpt>
   <trkpt lat="49.80653" lon="-119.28709">
    <ele>1255.6200000000001</ele>
   </trkpt>
   <trkpt lat="49.80677000000001" lon="-119.28677">
    <ele>1255.63</ele>
   </trkpt>
   <trkpt lat="49.807050000000004" lon="-119.28628">
    <ele>1255.5800000000002</ele>
   </trkpt>
   <trkpt lat="49.80715000000001" lon="-119.28592">
    <ele>1255.3100000000002</ele>
   </trkpt>
   <trkpt lat="49.80726000000001" lon="-119.28534">
    <ele>1255.17</ele>
   </trkpt>
   <trkpt lat="49.80729" lon="-119.28490000000001">
    <ele>1255.18</ele>
   </trkpt>
   <trkpt lat="49.80722" lon="-119.28431">
    <ele>1254.99</ele>
   </trkpt>
   <trkpt lat="49.807080000000006" lon="-119.28378000000001">
    <ele>1254.46</ele>
   </trkpt>
   <trkpt lat="49.806745025246784" lon="-119.28269662918696">
    <ele>1254.49</ele>
   </trkpt>
   <trkpt lat="49.80641004039514" lon="-119.28161327336775">
    <ele>1254.0600000000002</ele>
   </trkpt>
   <trkpt lat="49.806075045445326" lon="-119.28052993254249">
    <ele>1253.8700000000001</ele>
   </trkpt>
   <trkpt lat="49.80574004039764" lon="-119.27944660671122">
    <ele>1253.88</ele>
   </trkpt>
   <trkpt lat="49.805405025252284" lon="-119.27836329587403">
    <ele>1253.92</ele>
   </trkpt>
   <trkpt lat="49.80507" lon="-119.27728">
    <ele>1253.7600000000002</ele>
   </trkpt>
   <trkpt lat="49.80487" lon="-119.27647">
    <ele>1253.9</ele>
   </trkpt>
   <trkpt lat="49.80481" lon="-119.27598">
    <ele>1253.97</ele>
   </trkpt>
   <trkpt lat="49.80481000650864" lon="-119.27474999993424">
    <ele>1254.42</ele>
   </trkpt>
   <trkpt lat="49.80481" lon="-119.27352">
    <ele>1254.22</ele>
   </trkpt>
   <trkpt lat="49.80477500213415" lon="-119.27281499940767">
    <ele>1254.15</ele>
   </trkpt>
   <trkpt lat="49.80474" lon="-119.27211000000001">
    <ele>1254.13</ele>
   </trkpt>
   <trkpt lat="49.804657514775684" lon="-119.27103999451961">
    <ele>1254.55</ele>
   </trkpt>
   <trkpt lat="49.80457501970033" lon="-119.26996999268572">
    <ele>1254.07</ele>
   </trkpt>
   <trkpt lat="49.804492514774054" lon="-119.26889999449872">
    <ele>1254.3600000000001</ele>
   </trkpt>
   <trkpt lat="49.804410000000004" lon="-119.26783">
    <ele>1254.31</ele>
   </trkpt>
   <trkpt lat="49.804210000000005" lon="-119.26653">
    <ele>1254.0900000000001</ele>
   </trkpt>
   <trkpt lat="49.803960000000004" lon="-119.2655">
    <ele>1253.9</ele>
   </trkpt>
   <trkpt lat="49.80378" lon="-119.26443">
    <ele>1253.66</ele>
   </trkpt>
   <trkpt lat="49.803760000000004" lon="-119.26398">
    <ele>1253.68</ele>
   </trkpt>
   <trkpt lat="49.80377000000001" lon="-119.2634">
    <ele>1253.91</ele>
   </trkpt>
   <trkpt lat="49.803920000000005" lon="-119.26273">
    <ele>1253.88</ele>
   </trkpt>
   <trkpt lat="49.80415500239951" lon="-119.26199000345459">
    <ele>1253.7</ele>
   </trkpt>
   <trkpt lat="49.804390000000005" lon="-119.26125">
    <ele>1253.7600000000002</ele>
   </trkpt>
   <trkpt lat="49.80453000000001" lon="-119.26067">
    <ele>1254.1</ele>
   </trkpt>
   <trkpt lat="49.80458" lon="-119.26027">
    <ele>1254.15</ele>
   </trkpt>
   <trkpt lat="49.8046" lon="-119.25987">
    <ele>1254.16</ele>
   </trkpt>
   <trkpt lat="49.80458" lon="-119.25924">
    <ele>1254.0300000000002</ele>
   </trkpt>
   <trkpt lat="49.80449" lon="-119.25879">
    <ele>1253.7</ele>
   </trkpt>
   <trkpt lat="49.804280000000006" lon="-119.25816">
    <ele>1253.8500000000001</ele>
   </trkpt>
   <trkpt lat="49.804010000000005" lon="-119.25759000000001">
    <ele>1253.8500000000001</ele>
   </trkpt>
   <trkpt lat="49.803685001109386" lon="-119.25706999642293">
    <ele>1253.88</ele>
   </trkpt>
   <trkpt lat="49.803360000000005" lon="-119.25655">
    <ele>1253.4</ele>
   </trkpt>
   <trkpt lat="49.803070000000005" lon="-119.25597">
    <ele>1253.3200000000002</ele>
   </trkpt>
   <trkpt lat="49.802910000000004" lon="-119.25543">
    <ele>1253.38</ele>
   </trkpt>
   <trkpt lat="49.80281" lon="-119.25494">
    <ele>1253.7600000000002</ele>
   </trkpt>
   <trkpt lat="49.80274500206781" lon="-119.25424499895736">
    <ele>1253.92</ele>
   </trkpt>
   <trkpt lat="49.80268" lon="-119.25355">
    <ele>1254.27</ele>
   </trkpt>
   <trkpt lat="49.80256000000001" lon="-119.25297">
    <ele>1253.9900000000002</ele>
   </trkpt>
   <trkpt lat="49.802150000000005" lon="-119.25185">
    <ele>1254.0800000000002</ele>
   </trkpt>
   <trkpt lat="49.801930000000006" lon="-119.25135000000002">
    <ele>1254.0300000000002</ele>
   </trkpt>
   <trkpt lat="49.80178" lon="-119.25074000000001">
    <ele>1253.9900000000002</ele>
   </trkpt>
   <trkpt lat="49.801750000000006" lon="-119.25007000000001">
    <ele>1253.73</ele>
   </trkpt>
   <trkpt lat="49.80181" lon="-119.24953000000001">
    <ele>1253.7900000000002</ele>
   </trkpt>
   <trkpt lat="49.80196" lon="-119.24894">
    <ele>1253.91</ele>
   </trkpt>
   <trkpt lat="49.80212" lon="-119.24862000000002">
    <ele>1254.0600000000002</ele>
   </trkpt>
   <trkpt lat="49.80234" lon="-119.24831">
    <ele>1254.17</ele>
   </trkpt>
   <trkpt lat="49.802580000000006" lon="-119.248">
    <ele>1254.19</ele>
   </trkpt>
   <trkpt lat="49.80315" lon="-119.24770000000001">
    <ele>1254.1200000000001</ele>
   </trkpt>
   <trkpt lat="49.80379333403813" lon="-119.24741000771593">
    <ele>1253.97</ele>
   </trkpt>
   <trkpt lat="49.80443666735266" lon="-119.24712000772456">
    <ele>1254.1</ele>
   </trkpt>
   <trkpt lat="49.805080000000004" lon="-119.24683">
    <ele>1254.1100000000001</ele>
   </trkpt>
   <trkpt lat="49.80507" lon="-119.24683">
    <ele>1254.1100000000001</ele>
   </trkpt>
   <trkpt lat="49.805920001918956" lon="-119.24644502027797">
    <ele>1253.71</ele>
   </trkpt>
   <trkpt lat="49.806770002562644" lon="-119.24606002703608">
    <ele>1253.68</ele>
   </trkpt>
   <trkpt lat="49.807620001931014" lon="-119.24567502027342">
    <ele>1254.15</ele>
   </trkpt>
   <trkpt lat="49.80847000000001" lon="-119.24529000000001">
    <ele>1254.13</ele>
   </trkpt>
   <trkpt lat="49.809270000000005" lon="-119.24487">
    <ele>1254.27</ele>
   </trkpt>
   <trkpt lat="49.809560000000005" lon="-119.24464">
    <ele>1254.3000000000002</ele>
   </trkpt>
   <trkpt lat="49.809830000000005" lon="-119.24434000000001">
    <ele>1254.3600000000001</ele>
   </trkpt>
   <trkpt lat="49.81002" lon="-119.24397">
    <ele>1254.3300000000002</ele>
   </trkpt>
   <trkpt lat="49.81017000000001" lon="-119.24358000000001">
    <ele>1254.3300000000002</ele>
   </trkpt>
   <trkpt lat="49.81024000000001" lon="-119.24325">
    <ele>1254.4</ele>
   </trkpt>
   <trkpt lat="49.810280000000006" lon="-119.24285">
    <ele>1254.4</ele>
   </trkpt>
   <trkpt lat="49.810280000000006" lon="-119.24245">
    <ele>1254.41</ele>
   </trkpt>
   <trkpt lat="49.81025" lon="-119.24196">
    <ele>1254.4700000000003</ele>
   </trkpt>
   <trkpt lat="49.81011" lon="-119.24151">
    <ele>1254.4700000000003</ele>
   </trkpt>
   <trkpt lat="49.80968000000001" lon="-119.24052">
    <ele>1254.5700000000002</ele>
   </trkpt>
   <trkpt lat="49.80913" lon="-119.23945">
    <ele>1254.6000000000001</ele>
   </trkpt>
   <trkpt lat="49.80888" lon="-119.23878">
    <ele>1254.8300000000002</ele>
   </trkpt>
   <trkpt lat="49.808800000000005" lon="-119.23819">
    <ele>1254.72</ele>
   </trkpt>
   <trkpt lat="49.808820000000004" lon="-119.23761">
    <ele>1254.75</ele>
   </trkpt>
   <trkpt lat="49.80895" lon="-119.2369">
    <ele>1254.8700000000001</ele>
   </trkpt>
   <trkpt lat="49.80923000000001" lon="-119.23622">
    <ele>1254.66</ele>
   </trkpt>
   <trkpt lat="49.80959333932463" lon="-119.23538667914015">
    <ele>1254.41</ele>
   </trkpt>
   <trkpt lat="49.809956672674346" lon="-119.23455334576936">
    <ele>1254.3700000000001</ele>
   </trkpt>
   <trkpt lat="49.810320000000004" lon="-119.23372">
    <ele>1254.5000000000002</ele>
   </trkpt>
   <trkpt lat="49.81045" lon="-119.23322">
    <ele>1254.34</ele>
   </trkpt>
   <trkpt lat="49.810480000000005" lon="-119.233">
    <ele>1254.34</ele>
   </trkpt>
   <trkpt lat="49.81051" lon="-119.23251">
    <ele>1254.42</ele>
   </trkpt>
   <trkpt lat="49.810500000000005" lon="-119.23224">
    <ele>1254.42</ele>
   </trkpt>
   <trkpt lat="49.810410000000005" lon="-119.23165000000002">
    <ele>1254.38</ele>
   </trkpt>
   <trkpt lat="49.810300000000005" lon="-119.23131000000001">
    <ele>1254.38</ele>
   </trkpt>
   <trkpt lat="49.81017000000001" lon="-119.23108">
    <ele>1254.28</ele>
   </trkpt>
   <trkpt lat="49.80995" lon="-119.23072">
    <ele>1254.22</ele>
   </trkpt>
   <trkpt lat="49.809540000000005" lon="-119.23023">
    <ele>1254.0900000000001</ele>
   </trkpt>
   <trkpt lat="49.80905500084917" lon="-119.22975499512155">
    <ele>1253.98</ele>
   </trkpt>
   <trkpt lat="49.80857" lon="-119.22928">
    <ele>1253.7500000000002</ele>
   </trkpt>
   <trkpt lat="49.80827000000001" lon="-119.22885000000001">
    <ele>1253.7500000000002</ele>
   </trkpt>
   <trkpt lat="49.808130000000006" lon="-119.22861">
    <ele>1253.7500000000002</ele>
   </trkpt>
   <trkpt lat="49.80794" lon="-119.22799">
    <ele>1253.68</ele>
   </trkpt>
   <trkpt lat="49.80779500502344" lon="-119.22690999680623">
    <ele>1253.6100000000001</ele>
   </trkpt>
   <trkpt lat="49.80765" lon="-119.22583000000002">
    <ele>1253.5200000000002</ele>
   </trkpt>
   <trkpt lat="49.80751" lon="-119.22522000000001">
    <ele>1253.33</ele>
   </trkpt>
   <trkpt lat="49.80729" lon="-119.22458">
    <ele>1253.3500000000001</ele>
   </trkpt>
   <trkpt lat="49.806900000000006" lon="-119.22368000000002">
    <ele>1253.5500000000002</ele>
   </trkpt>
   <trkpt lat="49.806445002623434" lon="-119.2228999926789">
    <ele>1253.89</ele>
   </trkpt>
   <trkpt lat="49.80599" lon="-119.22212">
    <ele>1253.7600000000002</ele>
   </trkpt>
   <trkpt lat="49.80566" lon="-119.22158">
    <ele>1253.68</ele>
   </trkpt>
   <trkpt lat="49.80528" lon="-119.22118">
    <ele>1253.7</ele>
   </trkpt>
   <trkpt lat="49.804950000000005" lon="-119.22096">
    <ele>1253.63</ele>
   </trkpt>
   <trkpt lat="49.80465" lon="-119.22086000000002">
    <ele>1253.63</ele>
   </trkpt>
   <trkpt lat="49.80408500010321" lon="-119.22079499925117">
    <ele>1253.68</ele>
   </trkpt>
   <trkpt lat="49.803520000000006" lon="-119.22073">
    <ele>1253.66</ele>
   </trkpt>
   <trkpt lat="49.803090000000005" lon="-119.22051">
    <ele>1253.71</ele>
   </trkpt>
   <trkpt lat="49.802550000000004" lon="-119.22002">
    <ele>1253.9600000000003</ele>
   </trkpt>
   <trkpt lat="49.80201667147306" lon="-119.21927331689618">
    <ele>1254.1</ele>
   </trkpt>
   <trkpt lat="49.801483338149" lon="-119.21852665024278">
    <ele>1254.0</ele>
   </trkpt>
   <trkpt lat="49.80095000000001" lon="-119.21778">
    <ele>1254.0800000000002</ele>
   </trkpt>
   <trkpt lat="49.80060000137279" lon="-119.21720499576196">
    <ele>1254.0</ele>
   </trkpt>
   <trkpt lat="49.800250000000005" lon="-119.21663000000001">
    <ele>1254.0300000000002</ele>
   </trkpt>
   <trkpt lat="49.79992000000001" lon="-119.21586">
    <ele>1253.8400000000001</ele>
   </trkpt>
   <trkpt lat="49.79959334197215" lon="-119.21485665305747">
    <ele>1254.0300000000002</ele>
   </trkpt>
   <trkpt lat="49.799266675282276" lon="-119.21385331965305">
    <ele>1253.92</ele>
   </trkpt>
   <trkpt lat="49.79894" lon="-119.21285">
    <ele>1253.8100000000002</ele>
   </trkpt>
   <trkpt lat="49.798610000000004" lon="-119.21198000000001">
    <ele>1253.73</ele>
   </trkpt>
   <trkpt lat="49.79825" lon="-119.21098">
    <ele>1253.74</ele>
   </trkpt>
   <trkpt lat="49.79778001345301" lon="-119.2099599703525">
    <ele>1253.7200000000003</ele>
   </trkpt>
   <trkpt lat="49.797310017953485" lon="-119.20893996050575">
    <ele>1253.64</ele>
   </trkpt>
   <trkpt lat="49.79684001350177" lon="-119.20791997045934">
    <ele>1253.5900000000001</ele>
   </trkpt>
   <trkpt lat="49.79637" lon="-119.2069">
    <ele>1253.47</ele>
   </trkpt>
   <trkpt lat="49.796110000000006" lon="-119.20614">
    <ele>1253.45</ele>
   </trkpt>
   <trkpt lat="49.7959" lon="-119.20512000000001">
    <ele>1253.45</ele>
   </trkpt>
   <trkpt lat="49.79576" lon="-119.20421">
    <ele>1253.41</ele>
   </trkpt>
   <trkpt lat="49.795700000000004" lon="-119.20341">
    <ele>1253.41</ele>
   </trkpt>
   <trkpt lat="49.79558" lon="-119.2022">
    <ele>1252.89</ele>
   </trkpt>
   <trkpt lat="49.79552" lon="-119.20160000000001">
    <ele>1253.0700000000002</ele>
   </trkpt>
   <trkpt lat="49.79540500647801" lon="-119.20037499732341">
    <ele>1253.3200000000002</ele>
   </trkpt>
   <trkpt lat="49.79529" lon="-119.19915">
    <ele>1254.0300000000002</ele>
   </trkpt>
   <trkpt lat="49.79513000000001" lon="-119.19805000000001">
    <ele>1254.13</ele>
   </trkpt>
   <trkpt lat="49.79503000820528" lon="-119.19707332927474">
    <ele>1254.24</ele>
   </trkpt>
   <trkpt lat="49.79493000820268" lon="-119.19609666258289">
    <ele>1254.49</ele>
   </trkpt>
   <trkpt lat="49.794830000000005" lon="-119.19512">
    <ele>1254.85</ele>
   </trkpt>
   <trkpt lat="49.79467" lon="-119.19387">
    <ele>1255.44</ele>
   </trkpt>
   <trkpt lat="49.79448000000001" lon="-119.19315">
    <ele>1255.6200000000001</ele>
   </trkpt>
   <trkpt lat="49.79410000000001" lon="-119.19212">
    <ele>1255.94</ele>
   </trkpt>
   <trkpt lat="49.79364" lon="-119.19136">
    <ele>1256.3200000000002</ele>
   </trkpt>
   <trkpt lat="49.793290000000006" lon="-119.19091000000002">
    <ele>1256.46</ele>
   </trkpt>
   <trkpt lat="49.79285" lon="-119.19047">
    <ele>1256.6200000000001</ele>
   </trkpt>
   <trkpt lat="49.79245" lon="-119.19016">
    <ele>1256.5900000000001</ele>
   </trkpt>
   <trkpt lat="49.79187" lon="-119.18985">
    <ele>1257.09</ele>
   </trkpt>
   <trkpt lat="49.79113666711745" lon="-119.18960999271769">
    <ele>1257.5200000000002</ele>
   </trkpt>
   <trkpt lat="49.790403333739235" lon="-119.18936999270316">
    <ele>1257.98</ele>
   </trkpt>
   <trkpt lat="49.78967" lon="-119.18913">
    <ele>1258.27</ele>
   </trkpt>
   <trkpt lat="49.7894" lon="-119.18899">
    <ele>1258.5300000000002</ele>
   </trkpt>
   <trkpt lat="49.78913000000001" lon="-119.18881">
    <ele>1258.61</ele>
   </trkpt>
   <trkpt lat="49.78884000000001" lon="-119.18854">
    <ele>1258.69</ele>
   </trkpt>
   <trkpt lat="49.7883150038074" lon="-119.18759998982206">
    <ele>1258.93</ele>
   </trkpt>
   <trkpt lat="49.78779" lon="-119.18666">
    <ele>1259.2</ele>
   </trkpt>
   <trkpt lat="49.78754000000001" lon="-119.1863">
    <ele>1259.3700000000001</ele>
   </trkpt>
   <trkpt lat="49.78728" lon="-119.18604">
    <ele>1259.45</ele>
   </trkpt>
   <trkpt lat="49.787000000000006" lon="-119.18586">
    <ele>1259.71</ele>
   </trkpt>
   <trkpt lat="49.78652" lon="-119.18564">
    <ele>1259.8200000000002</ele>
   </trkpt>
   <trkpt lat="49.78605" lon="-119.18558000000002">
    <ele>1259.92</ele>
   </trkpt>
   <trkpt lat="49.78549999993574" lon="-119.1854049979508">
    <ele>1260.2300000000002</ele>
   </trkpt>
   <trkpt lat="49.78495" lon="-119.18523">
    <ele>1260.66</ele>
   </trkpt>
   <trkpt lat="49.784620000000004" lon="-119.18502000000001">
    <ele>1260.8400000000001</ele>
   </trkpt>
   <trkpt lat="49.78439" lon="-119.18478">
    <ele>1260.8400000000001</ele>
   </trkpt>
   <trkpt lat="49.78412" lon="-119.18439000000001">
    <ele>1261.23</ele>
   </trkpt>
   <trkpt lat="49.78387000000001" lon="-119.18393">
    <ele>1261.89</ele>
   </trkpt>
   <trkpt lat="49.78363" lon="-119.18318000000001">
    <ele>1261.6100000000001</ele>
   </trkpt>
   <trkpt lat="49.783266020836464" lon="-119.18207996697625">
    <ele>1261.26</ele>
   </trkpt>
   <trkpt lat="49.78290203126004" lon="-119.18097995048144">
    <ele>1261.7200000000003</ele>
   </trkpt>
   <trkpt lat="49.78253803127106" lon="-119.17987995051558">
    <ele>1261.7900000000002</ele>
   </trkpt>
   <trkpt lat="49.7821740208698" lon="-119.17877996707868">
    <ele>1262.0900000000001</ele>
   </trkpt>
   <trkpt lat="49.78181000000001" lon="-119.17768000000001">
    <ele>1262.5000000000002</ele>
   </trkpt>
   <trkpt lat="49.78149251370298" lon="-119.17664997977936">
    <ele>1262.91</ele>
   </trkpt>
   <trkpt lat="49.78117501827627" lon="-119.17561997305785">
    <ele>1263.03</ele>
   </trkpt>
   <trkpt lat="49.78085751372011" lon="-119.17458997983559">
    <ele>1263.33</ele>
   </trkpt>
   <trkpt lat="49.78054" lon="-119.17356000000001">
    <ele>1263.0400000000002</ele>
   </trkpt>
   <trkpt lat="49.78034" lon="-119.17309000000002">
    <ele>1262.92</ele>
   </trkpt>
   <trkpt lat="49.779970000000006" lon="-119.17252">
    <ele>1262.7400000000002</ele>
   </trkpt>
   <trkpt lat="49.779920000000004" lon="-119.17243">
    <ele>1262.7400000000002</ele>
   </trkpt>
   <trkpt lat="49.779790000000006" lon="-119.1723">
    <ele>1262.97</ele>
   </trkpt>
   <trkpt lat="49.780030000000004" lon="-119.1718">
    <ele>1263.8200000000002</ele>
   </trkpt>
   <trkpt lat="49.779430000000005" lon="-119.17127">
    <ele>1260.97</ele>
   </trkpt>
   <trkpt lat="49.778800000000004" lon="-119.17046">
    <ele>1258.7400000000002</ele>
   </trkpt>
   <trkpt lat="49.778690000000005" lon="-119.17032">
    <ele>1257.02</ele>
   </trkpt>
   <trkpt lat="49.778415001471636" lon="-119.16973999675936">
    <ele>1255.42</ele>
   </trkpt>
   <trkpt lat="49.77814000000001" lon="-119.16916">
    <ele>1252.4</ele>
   </trkpt>
   <trkpt lat="49.7779" lon="-119.16889">
    <ele>1251.7600000000002</ele>
   </trkpt>
   <trkpt lat="49.777820000000006" lon="-119.16884">
    <ele>1251.71</ele>
   </trkpt>
   <trkpt lat="49.777820000000006" lon="-119.16883000000001">
    <ele>1251.71</ele>
   </trkpt>
   <trkpt lat="49.77713000000001" lon="-119.16838000000001">
    <ele>1252.58</ele>
   </trkpt>
   <trkpt lat="49.77645666850959" lon="-119.16791998723174">
    <ele>1253.53</ele>
   </trkpt>
   <trkpt lat="49.775783335198135" lon="-119.16745998724691">
    <ele>1253.73</ele>
   </trkpt>
   <trkpt lat="49.775110000000005" lon="-119.16700000000002">
    <ele>1252.7400000000002</ele>
   </trkpt>
   <trkpt lat="49.77464333833001" lon="-119.16623998540553">
    <ele>1251.1100000000001</ele>
   </trkpt>
   <trkpt lat="49.77417667168924" lon="-119.16547998544793">
    <ele>1250.45</ele>
   </trkpt>
   <trkpt lat="49.77371" lon="-119.16472000000002">
    <ele>1248.96</ele>
   </trkpt>
   <trkpt lat="49.77328333725902" lon="-119.16404665484892">
    <ele>1248.39</ele>
   </trkpt>
   <trkpt lat="49.77285667061629" lon="-119.16337332155354">
    <ele>1248.43</ele>
   </trkpt>
   <trkpt lat="49.77243000000001" lon="-119.16270000000002">
    <ele>1248.0300000000002</ele>
   </trkpt>
   <trkpt lat="49.77285667054434" lon="-119.16337332144">
    <ele>1248.43</ele>
   </trkpt>
   <trkpt lat="49.77328333718707" lon="-119.16404665473542">
    <ele>1248.39</ele>
   </trkpt>
   <trkpt lat="49.77371" lon="-119.16472000000002">
    <ele>1248.96</ele>
   </trkpt>
   <trkpt lat="49.773086674918055" lon="-119.16373997476992">
    <ele>1248.43</ele>
   </trkpt>
   <trkpt lat="49.772463341570905" lon="-119.16275997474868">
    <ele>1248.0300000000002</ele>
   </trkpt>
   <trkpt lat="49.771840000000005" lon="-119.16178000000001">
    <ele>1247.94</ele>
   </trkpt>
   <trkpt lat="49.77153501178887" lon="-119.1608249820199">
    <ele>1246.42</ele>
   </trkpt>
   <trkpt lat="49.77123001572875" lon="-119.15986997605903">
    <ele>1245.71</ele>
   </trkpt>
   <trkpt lat="49.770925011819834" lon="-119.15891498211742">
    <ele>1245.3500000000001</ele>
   </trkpt>
   <trkpt lat="49.77062" lon="-119.15796">
    <ele>1246.07</ele>
   </trkpt>
   <trkpt lat="49.77048500195007" lon="-119.15728999822555">
    <ele>1247.8600000000001</ele>
   </trkpt>
   <trkpt lat="49.77035" lon="-119.15662">
    <ele>1248.2300000000002</ele>
   </trkpt>
   <trkpt lat="49.770085003273664" lon="-119.15574999529845">
    <ele>1246.25</ele>
   </trkpt>
   <trkpt lat="49.76982" lon="-119.15488">
    <ele>1245.38</ele>
   </trkpt>
   <trkpt lat="49.769830000000006" lon="-119.15452">
    <ele>1245.8700000000001</ele>
   </trkpt>
   <trkpt lat="49.769956681145366" lon="-119.15322334001705">
    <ele>1245.72</ele>
   </trkpt>
   <trkpt lat="49.770083347821206" lon="-119.15192667325664">
    <ele>1244.97</ele>
   </trkpt>
   <trkpt lat="49.770210000000006" lon="-119.15063">
    <ele>1249.3400000000001</ele>
   </trkpt>
   <trkpt lat="49.77043000160225" lon="-119.15002000276569">
    <ele>1250.42</ele>
   </trkpt>
   <trkpt lat="49.77065" lon="-119.14941">
    <ele>1250.15</ele>
   </trkpt>
   <trkpt lat="49.77067" lon="-119.14901">
    <ele>1249.8200000000002</ele>
   </trkpt>
   <trkpt lat="49.770500000000006" lon="-119.14787000000001">
    <ele>1249.36</ele>
   </trkpt>
   <trkpt lat="49.77038" lon="-119.14705000000001">
    <ele>1247.88</ele>
   </trkpt>
   <trkpt lat="49.77019000000001" lon="-119.14668">
    <ele>1247.22</ele>
   </trkpt>
   <trkpt lat="49.76966666964656" lon="-119.14609998756963">
    <ele>1246.85</ele>
   </trkpt>
   <trkpt lat="49.76914333639799" lon="-119.14551998766376">
    <ele>1246.48</ele>
   </trkpt>
   <trkpt lat="49.768620000000006" lon="-119.14494">
    <ele>1244.49</ele>
   </trkpt>
   <trkpt lat="49.768240000000006" lon="-119.14422">
    <ele>1243.6299999999999</ele>
   </trkpt>
   <trkpt lat="49.76796" lon="-119.14359">
    <ele>1242.0900000000001</ele>
   </trkpt>
   <trkpt lat="49.7674" lon="-119.14297">
    <ele>1240.78</ele>
   </trkpt>
   <trkpt lat="49.767030000000005" lon="-119.14283">
    <ele>1239.5900000000001</ele>
   </trkpt>
   <trkpt lat="49.7663500001675" lon="-119.14269332950053">
    <ele>1238.4400000000003</ele>
   </trkpt>
   <trkpt lat="49.765670000174225" lon="-119.14255666283528">
    <ele>1235.7</ele>
   </trkpt>
   <trkpt lat="49.764990000000004" lon="-119.14242000000002">
    <ele>1234.0000000000002</ele>
   </trkpt>
   <trkpt lat="49.76447500004364" lon="-119.14233999915265">
    <ele>1233.45</ele>
   </trkpt>
   <trkpt lat="49.763960000000004" lon="-119.14226000000001">
    <ele>1233.53</ele>
   </trkpt>
   <trkpt lat="49.7634850006398" lon="-119.14187499622952">
    <ele>1232.5900000000001</ele>
   </trkpt>
   <trkpt lat="49.76301" lon="-119.14149">
    <ele>1230.79</ele>
   </trkpt>
   <trkpt lat="49.762690000000006" lon="-119.14086">
    <ele>1230.05</ele>
   </trkpt>
   <trkpt lat="49.762440000000005" lon="-119.14043000000001">
    <ele>1229.3100000000002</ele>
   </trkpt>
   <trkpt lat="49.76202000000001" lon="-119.1401">
    <ele>1228.17</ele>
   </trkpt>
   <trkpt lat="49.7612" lon="-119.13965">
    <ele>1226.0600000000002</ele>
   </trkpt>
   <trkpt lat="49.761010000000006" lon="-119.13947">
    <ele>1225.64</ele>
   </trkpt>
   <trkpt lat="49.760920000000006" lon="-119.13926000000001">
    <ele>1225.53</ele>
   </trkpt>
   <trkpt lat="49.760845002123354" lon="-119.13855999905513">
    <ele>1225.93</ele>
   </trkpt>
   <trkpt lat="49.76077" lon="-119.13786">
    <ele>1225.6200000000001</ele>
   </trkpt>
   <trkpt lat="49.76059500667989" lon="-119.1366149955761">
    <ele>1222.64</ele>
   </trkpt>
   <trkpt lat="49.76042" lon="-119.13537000000001">
    <ele>1221.77</ele>
   </trkpt>
   <trkpt lat="49.76042" lon="-119.13532000000001">
    <ele>1221.77</ele>
   </trkpt>
   <trkpt lat="49.76042" lon="-119.13533000000001">
    <ele>1221.78</ele>
   </trkpt>
   <trkpt lat="49.76044" lon="-119.13514">
    <ele>1221.8600000000001</ele>
   </trkpt>
   <trkpt lat="49.76068500238979" lon="-119.13440000363852">
    <ele>1222.3700000000001</ele>
   </trkpt>
   <trkpt lat="49.76093" lon="-119.13366">
    <ele>1222.97</ele>
   </trkpt>
   <trkpt lat="49.76104" lon="-119.13322000000001">
    <ele>1223.69</ele>
   </trkpt>
   <trkpt lat="49.761160000000004" lon="-119.13259000000001">
    <ele>1222.73</ele>
   </trkpt>
   <trkpt lat="49.761230000000005" lon="-119.13236">
    <ele>1222.5900000000001</ele>
   </trkpt>
   <trkpt lat="49.76144000000001" lon="-119.13204">
    <ele>1222.4</ele>
   </trkpt>
   <trkpt lat="49.76144000000001" lon="-119.13205">
    <ele>1222.4</ele>
   </trkpt>
   <trkpt lat="49.761540000000004" lon="-119.13190000000002">
    <ele>1222.3400000000001</ele>
   </trkpt>
   <trkpt lat="49.76165" lon="-119.13159">
    <ele>1222.16</ele>
   </trkpt>
   <trkpt lat="49.76169" lon="-119.13128">
    <ele>1221.8600000000001</ele>
   </trkpt>
   <trkpt lat="49.76167" lon="-119.13087000000002">
    <ele>1221.51</ele>
   </trkpt>
   <trkpt lat="49.76158" lon="-119.13038000000002">
    <ele>1220.5100000000002</ele>
   </trkpt>
   <trkpt lat="49.76147" lon="-119.13011000000002">
    <ele>1219.96</ele>
   </trkpt>
   <trkpt lat="49.761340000000004" lon="-119.12998">
    <ele>1219.3</ele>
   </trkpt>
   <trkpt lat="49.761" lon="-119.12971">
    <ele>1216.5100000000002</ele>
   </trkpt>
   <trkpt lat="49.760830000000006" lon="-119.12941000000001">
    <ele>1215.6</ele>
   </trkpt>
   <trkpt lat="49.760540000000006" lon="-119.12877">
    <ele>1211.9</ele>
   </trkpt>
   <trkpt lat="49.76028" lon="-119.12834000000001">
    <ele>1210.21</ele>
   </trkpt>
   <trkpt lat="49.76003000000001" lon="-119.12806">
    <ele>1209.7600000000002</ele>
   </trkpt>
   <trkpt lat="49.75921" lon="-119.12752">
    <ele>1205.8500000000001</ele>
   </trkpt>
   <trkpt lat="49.75838" lon="-119.12704000000001">
    <ele>1200.02</ele>
   </trkpt>
   <trkpt lat="49.757830000000006" lon="-119.12685">
    <ele>1197.96</ele>
   </trkpt>
   <trkpt lat="49.757540000000006" lon="-119.12676">
    <ele>1197.21</ele>
   </trkpt>
   <trkpt lat="49.75751" lon="-119.12675000000002">
    <ele>1197.21</ele>
   </trkpt>
   <trkpt lat="49.75751" lon="-119.12674000000001">
    <ele>1197.21</ele>
   </trkpt>
   <trkpt lat="49.757380000000005" lon="-119.12663">
    <ele>1196.94</ele>
   </trkpt>
   <trkpt lat="49.757250000000006" lon="-119.12620000000001">
    <ele>1196.96</ele>
   </trkpt>
   <trkpt lat="49.756840000000004" lon="-119.12645">
    <ele>1196.98</ele>
   </trkpt>
   <trkpt lat="49.75639000017895" lon="-119.12659000126972">
    <ele>1196.53</ele>
   </trkpt>
   <trkpt lat="49.75594" lon="-119.12673000000001">
    <ele>1196.0700000000002</ele>
   </trkpt>
   <trkpt lat="49.75546000000001" lon="-119.12681">
    <ele>1195.47</ele>
   </trkpt>
   <trkpt lat="49.75545" lon="-119.12682000000001">
    <ele>1195.4600000000003</ele>
   </trkpt>
   <trkpt lat="49.75460750004324" lon="-119.12687250273568">
    <ele>1194.3700000000001</ele>
   </trkpt>
   <trkpt lat="49.75376500006277" lon="-119.12692500364714">
    <ele>1193.2500000000002</ele>
   </trkpt>
   <trkpt lat="49.752922500058574" lon="-119.12697750273459">
    <ele>1192.0900000000001</ele>
   </trkpt>
   <trkpt lat="49.75208000000001" lon="-119.12703">
    <ele>1191.5</ele>
   </trkpt>
   <trkpt lat="49.751650000000005" lon="-119.12698">
    <ele>1191.23</ele>
   </trkpt>
   <trkpt lat="49.751250000000006" lon="-119.12685">
    <ele>1190.64</ele>
   </trkpt>
   <trkpt lat="49.75060000144881" lon="-119.12643332213663">
    <ele>1188.62</ele>
   </trkpt>
   <trkpt lat="49.74995000140331" lon="-119.12601665544099">
    <ele>1185.5600000000002</ele>
   </trkpt>
   <trkpt lat="49.749300000000005" lon="-119.1256">
    <ele>1183.45</ele>
   </trkpt>
   <trkpt lat="49.74906000000001" lon="-119.12547">
    <ele>1182.95</ele>
   </trkpt>
   <trkpt lat="49.748720000000006" lon="-119.12537">
    <ele>1182.42</ele>
   </trkpt>
   <trkpt lat="49.74842" lon="-119.12533">
    <ele>1182.01</ele>
   </trkpt>
   <trkpt lat="49.748070000000006" lon="-119.12538">
    <ele>1181.98</ele>
   </trkpt>
   <trkpt lat="49.74755500022236" lon="-119.125575002048">
    <ele>1182.0000000000002</ele>
   </trkpt>
   <trkpt lat="49.747040000000005" lon="-119.12577">
    <ele>1181.33</ele>
   </trkpt>
   <trkpt lat="49.746590000000005" lon="-119.12582">
    <ele>1181.8600000000001</ele>
   </trkpt>
   <trkpt lat="49.7457860001209" lon="-119.12573999469768">
    <ele>1182.71</ele>
   </trkpt>
   <trkpt lat="49.744982000186724" lon="-119.12565999204719">
    <ele>1184.32</ele>
   </trkpt>
   <trkpt lat="49.74417800019745" lon="-119.12557999204843">
    <ele>1185.74</ele>
   </trkpt>
   <trkpt lat="49.74337400015308" lon="-119.12549999470122">
    <ele>1187.71</ele>
   </trkpt>
   <trkpt lat="49.74257" lon="-119.12542">
    <ele>1189.15</ele>
   </trkpt>
   <trkpt lat="49.74188" lon="-119.12550000000002">
    <ele>1190.56</ele>
   </trkpt>
   <trkpt lat="49.7413400002997" lon="-119.12568500200676">
    <ele>1191.16</ele>
   </trkpt>
   <trkpt lat="49.74080000000001" lon="-119.12587">
    <ele>1192.63</ele>
   </trkpt>
   <trkpt lat="49.74038" lon="-119.12590000000002">
    <ele>1193.51</ele>
   </trkpt>
   <trkpt lat="49.740170000000006" lon="-119.12583000000001">
    <ele>1194.14</ele>
   </trkpt>
   <trkpt lat="49.7396" lon="-119.12551">
    <ele>1194.8400000000001</ele>
   </trkpt>
   <trkpt lat="49.73881429369428" lon="-119.12495423172896">
    <ele>1196.0000000000002</ele>
   </trkpt>
   <trkpt lat="49.73802858472997" lon="-119.12439848145591">
    <ele>1196.14</ele>
   </trkpt>
   <trkpt lat="49.737242873107206" lon="-119.12384274917983">
    <ele>1194.5400000000002</ele>
   </trkpt>
   <trkpt lat="49.736457158826184" lon="-119.12328703489972">
    <ele>1190.7800000000002</ele>
   </trkpt>
   <trkpt lat="49.73567144188706" lon="-119.1227313386145">
    <ele>1186.15</ele>
   </trkpt>
   <trkpt lat="49.73488572228996" lon="-119.12217566032322">
    <ele>1183.23</ele>
   </trkpt>
   <trkpt lat="49.734100000000005" lon="-119.12162000000001">
    <ele>1179.3500000000001</ele>
   </trkpt>
   <trkpt lat="49.733360000000005" lon="-119.12098">
    <ele>1171.88</ele>
   </trkpt>
   <trkpt lat="49.73288" lon="-119.12031">
    <ele>1166.46</ele>
   </trkpt>
   <trkpt lat="49.73248" lon="-119.11942">
    <ele>1161.04</ele>
   </trkpt>
   <trkpt lat="49.732235002807236" lon="-119.11860499571448">
    <ele>1159.8000000000002</ele>
   </trkpt>
   <trkpt lat="49.73199" lon="-119.11779000000001">
    <ele>1159.99</ele>
   </trkpt>
   <trkpt lat="49.73174" lon="-119.11722">
    <ele>1159.6200000000001</ele>
   </trkpt>
   <trkpt lat="49.731440000000006" lon="-119.11670000000001">
    <ele>1158.94</ele>
   </trkpt>
   <trkpt lat="49.73093" lon="-119.11603000000001">
    <ele>1155.81</ele>
   </trkpt>
   <trkpt lat="49.73026275507017" lon="-119.1152262531605">
    <ele>1153.1</ele>
   </trkpt>
   <trkpt lat="49.72959550457967" lon="-119.11442252841863">
    <ele>1150.4</ele>
   </trkpt>
   <trkpt lat="49.728928248528774" lon="-119.11361882577344">
    <ele>1150.38</ele>
   </trkpt>
   <trkpt lat="49.72826098691778" lon="-119.11281514522395">
    <ele>1151.95</ele>
   </trkpt>
   <trkpt lat="49.72759371974701" lon="-119.11201148676925">
    <ele>1150.86</ele>
   </trkpt>
   <trkpt lat="49.72692644701668" lon="-119.11120785040838">
    <ele>1146.66</ele>
   </trkpt>
   <trkpt lat="49.72625916872714" lon="-119.1104042361404">
    <ele>1140.39</ele>
   </trkpt>
   <trkpt lat="49.72559188487861" lon="-119.10960064396438">
    <ele>1134.95</ele>
   </trkpt>
   <trkpt lat="49.724924595471414" lon="-119.10879707387932">
    <ele>1130.98</ele>
   </trkpt>
   <trkpt lat="49.72425730050582" lon="-119.10799352588437">
    <ele>1124.5800000000002</ele>
   </trkpt>
   <trkpt lat="49.72359" lon="-119.10719">
    <ele>1118.89</ele>
   </trkpt>
   <trkpt lat="49.72341" lon="-119.10679">
    <ele>1116.27</ele>
   </trkpt>
   <trkpt lat="49.7233" lon="-119.10634">
    <ele>1112.57</ele>
   </trkpt>
   <trkpt lat="49.723240000000004" lon="-119.10527">
    <ele>1106.67</ele>
   </trkpt>
   <trkpt lat="49.723220000000005" lon="-119.10487">
    <ele>1105.6200000000001</ele>
   </trkpt>
   <trkpt lat="49.723090000000006" lon="-119.10415">
    <ele>1099.0900000000001</ele>
   </trkpt>
   <trkpt lat="49.7229" lon="-119.10375">
    <ele>1097.13</ele>
   </trkpt>
   <trkpt lat="49.722660000000005" lon="-119.10339">
    <ele>1092.8500000000001</ele>
   </trkpt>
   <trkpt lat="49.722370000000005" lon="-119.10312">
    <ele>1092.8500000000001</ele>
   </trkpt>
   <trkpt lat="49.722030000000004" lon="-119.10295">
    <ele>1087.02</ele>
   </trkpt>
   <trkpt lat="49.72185" lon="-119.10294">
    <ele>1085.32</ele>
   </trkpt>
   <trkpt lat="49.72148000000001" lon="-119.10299">
    <ele>1081.47</ele>
   </trkpt>
   <trkpt lat="49.72113" lon="-119.10318000000001">
    <ele>1078.7</ele>
   </trkpt>
   <trkpt lat="49.72097" lon="-119.10334">
    <ele>1077.2700000000002</ele>
   </trkpt>
   <trkpt lat="49.720650000000006" lon="-119.10376000000001">
    <ele>1074.75</ele>
   </trkpt>
   <trkpt lat="49.72009334107361" lon="-119.10471002183178">
    <ele>1072.1200000000001</ele>
   </trkpt>
   <trkpt lat="49.719536674377885" lon="-119.10566002188095">
    <ele>1071.49</ele>
   </trkpt>
   <trkpt lat="49.71898" lon="-119.10661">
    <ele>1070.0100000000002</ele>
   </trkpt>
   <trkpt lat="49.71855000000001" lon="-119.10724">
    <ele>1066.95</ele>
   </trkpt>
   <trkpt lat="49.71792000000001" lon="-119.108">
    <ele>1059.6100000000001</ele>
   </trkpt>
   <trkpt lat="49.71719" lon="-119.10858">
    <ele>1053.72</ele>
   </trkpt>
   <trkpt lat="49.716380000719354" lon="-119.10901000721286">
    <ele>1046.93</ele>
   </trkpt>
   <trkpt lat="49.71557000000001" lon="-119.10944">
    <ele>1044.44</ele>
   </trkpt>
   <trkpt lat="49.71515" lon="-119.10961">
    <ele>1044.72</ele>
   </trkpt>
   <trkpt lat="49.71495" lon="-119.10965000000002">
    <ele>1045.3100000000002</ele>
   </trkpt>
   <trkpt lat="49.71454000000001" lon="-119.10957">
    <ele>1046.25</ele>
   </trkpt>
   <trkpt lat="49.71417" lon="-119.10934">
    <ele>1046.88</ele>
   </trkpt>
   <trkpt lat="49.713673335732665" lon="-119.10880998913984">
    <ele>1048.6100000000001</ele>
   </trkpt>
   <trkpt lat="49.71317666904707" lon="-119.1082799891198">
    <ele>1049.22</ele>
   </trkpt>
   <trkpt lat="49.712680000000006" lon="-119.10775000000001">
    <ele>1047.98</ele>
   </trkpt>
   <trkpt lat="49.71188" lon="-119.10715">
    <ele>1043.7</ele>
   </trkpt>
   <trkpt lat="49.7112250005526" lon="-119.10678999514238">
    <ele>1041.5</ele>
   </trkpt>
   <trkpt lat="49.710570000000004" lon="-119.10643">
    <ele>1039.9</ele>
   </trkpt>
   <trkpt lat="49.709865000519386" lon="-119.10609499515503">
    <ele>1039.77</ele>
   </trkpt>
   <trkpt lat="49.709160000000004" lon="-119.10576">
    <ele>1040.8500000000001</ele>
   </trkpt>
   <trkpt lat="49.70867000001441" lon="-119.10564999888192">
    <ele>1042.45</ele>
   </trkpt>
   <trkpt lat="49.708180000000006" lon="-119.10554">
    <ele>1044.99</ele>
   </trkpt>
   <trkpt lat="49.70746750014835" lon="-119.10542749504745">
    <ele>1048.0800000000002</ele>
   </trkpt>
   <trkpt lat="49.70675500018772" lon="-119.10531499339513">
    <ele>1048.1200000000001</ele>
   </trkpt>
   <trkpt lat="49.706042500118144" lon="-119.10520249504286">
    <ele>1048.38</ele>
   </trkpt>
   <trkpt lat="49.705330000000004" lon="-119.10509">
    <ele>1048.33</ele>
   </trkpt>
   <trkpt lat="49.70463" lon="-119.10483">
    <ele>1047.01</ele>
   </trkpt>
   <trkpt lat="49.704013334002155" lon="-119.10455665973925">
    <ele>1045.0600000000002</ele>
   </trkpt>
   <trkpt lat="49.703396667361105" lon="-119.10428332641737">
    <ele>1043.5800000000002</ele>
   </trkpt>
   <trkpt lat="49.702780000000004" lon="-119.10401000000002">
    <ele>1042.8500000000001</ele>
   </trkpt>
   <trkpt lat="49.70207750045861" lon="-119.10381999175655">
    <ele>1042.47</ele>
   </trkpt>
   <trkpt lat="49.70137500060638" lon="-119.10362998900757">
    <ele>1041.92</ele>
   </trkpt>
   <trkpt lat="49.70067250044337" lon="-119.10343999175272">
    <ele>1041.2400000000002</ele>
   </trkpt>
   <trkpt lat="49.69997000000001" lon="-119.10325">
    <ele>1040.54</ele>
   </trkpt>
   <trkpt lat="49.699150001516706" lon="-119.1029539800228">
    <ele>1040.3</ele>
   </trkpt>
   <trkpt lat="49.698330002279" lon="-119.10265797003626">
    <ele>1041.76</ele>
   </trkpt>
   <trkpt lat="49.697510002286926" lon="-119.1023619700398">
    <ele>1043.23</ele>
   </trkpt>
   <trkpt lat="49.696690001540546" lon="-119.1020659800327">
    <ele>1042.03</ele>
   </trkpt>
   <trkpt lat="49.695870000000006" lon="-119.10177000000002">
    <ele>1038.81</ele>
   </trkpt>
   <trkpt lat="49.69541" lon="-119.1016">
    <ele>1036.91</ele>
   </trkpt>
   <trkpt lat="49.69471" lon="-119.10147">
    <ele>1035.0000000000002</ele>
   </trkpt>
   <trkpt lat="49.694016666735386" lon="-119.10141999857683">
    <ele>1034.1200000000001</ele>
   </trkpt>
   <trkpt lat="49.69332333344925" lon="-119.10136999858025">
    <ele>1033.15</ele>
   </trkpt>
   <trkpt lat="49.69263" lon="-119.10132000000002">
    <ele>1032.7700000000002</ele>
   </trkpt>
   <trkpt lat="49.6925" lon="-119.10131000000001">
    <ele>1032.66</ele>
   </trkpt>
   <trkpt lat="49.6916400000709" lon="-119.1012466610626">
    <ele>1031.26</ele>
   </trkpt>
   <trkpt lat="49.69078000010723" lon="-119.10118332436657">
    <ele>1029.8500000000001</ele>
   </trkpt>
   <trkpt lat="49.689920000109055" lon="-119.10111998991175">
    <ele>1028.99</ele>
   </trkpt>
   <trkpt lat="49.68906000007633" lon="-119.10105665769802">
    <ele>1028.47</ele>
   </trkpt>
   <trkpt lat="49.68820000000906" lon="-119.10099332772522">
    <ele>1028.89</ele>
   </trkpt>
   <trkpt lat="49.687340000000006" lon="-119.10093">
    <ele>1028.99</ele>
   </trkpt>
   <trkpt lat="49.68685000000001" lon="-119.10097">
    <ele>1028.6200000000001</ele>
   </trkpt>
   <trkpt lat="49.686255000181745" lon="-119.10115500225356">
    <ele>1029.1200000000001</ele>
   </trkpt>
   <trkpt lat="49.685660000000006" lon="-119.10134000000001">
    <ele>1030.6699999999998</ele>
   </trkpt>
   <trkpt lat="49.68493" lon="-119.10137">
    <ele>1032.22</ele>
   </trkpt>
   <trkpt lat="49.68429000022842" lon="-119.10123999659419">
    <ele>1035.23</ele>
   </trkpt>
   <trkpt lat="49.68365000031132" lon="-119.10110999661109">
    <ele>1039.14</ele>
   </trkpt>
   <trkpt lat="49.68301" lon="-119.10098">
    <ele>1042.54</ele>
   </trkpt>
   <trkpt lat="49.682565000180986" lon="-119.10081499851348">
    <ele>1044.1599999999999</ele>
   </trkpt>
   <trkpt lat="49.682120000000005" lon="-119.10065000000002">
    <ele>1045.13</ele>
   </trkpt>
   <trkpt lat="49.68169000017637" lon="-119.10043499808731">
    <ele>1046.18</ele>
   </trkpt>
   <trkpt lat="49.68126" lon="-119.10022000000001">
    <ele>1046.5800000000002</ele>
   </trkpt>
   <trkpt lat="49.68078500052152" lon="-119.09987999669562">
    <ele>1046.8300000000002</ele>
   </trkpt>
   <trkpt lat="49.680310000000006" lon="-119.09954">
    <ele>1046.06</ele>
   </trkpt>
   <trkpt lat="49.679825000641564" lon="-119.0991349959065">
    <ele>1044.78</ele>
   </trkpt>
   <trkpt lat="49.67934" lon="-119.09873">
    <ele>1044.0</ele>
   </trkpt>
   <trkpt lat="49.678596669843564" lon="-119.09811998132845">
    <ele>1041.8400000000001</ele>
   </trkpt>
   <trkpt lat="49.67785333648305" lon="-119.09750998130654">
    <ele>1041.22</ele>
   </trkpt>
   <trkpt lat="49.677110000000006" lon="-119.0969">
    <ele>1041.47</ele>
   </trkpt>
   <trkpt lat="49.67653000000001" lon="-119.09636">
    <ele>1041.41</ele>
   </trkpt>
   <trkpt lat="49.676" lon="-119.09570000000001">
    <ele>1040.5600000000002</ele>
   </trkpt>
   <trkpt lat="49.67568000000001" lon="-119.09524">
    <ele>1039.19</ele>
   </trkpt>
   <trkpt lat="49.67520500365848" lon="-119.09432499116704">
    <ele>1035.68</ele>
   </trkpt>
   <trkpt lat="49.674730000000004" lon="-119.09341">
    <ele>1033.5700000000002</ele>
   </trkpt>
   <trkpt lat="49.67416" lon="-119.09245000000001">
    <ele>1030.99</ele>
   </trkpt>
   <trkpt lat="49.67367" lon="-119.09188">
    <ele>1029.97</ele>
   </trkpt>
   <trkpt lat="49.673090004159164" lon="-119.09130997957139">
    <ele>1028.27</ele>
   </trkpt>
   <trkpt lat="49.67251000552056" lon="-119.09073997273771">
    <ele>1026.8700000000001</ele>
   </trkpt>
   <trkpt lat="49.671930004084274" lon="-119.09016997949846">
    <ele>1026.14</ele>
   </trkpt>
   <trkpt lat="49.671350000000004" lon="-119.0896">
    <ele>1024.82</ele>
   </trkpt>
   <trkpt lat="49.67074" lon="-119.0892">
    <ele>1024.1299999999999</ele>
   </trkpt>
   <trkpt lat="49.67009" lon="-119.08906">
    <ele>1023.5300000000001</ele>
   </trkpt>
   <trkpt lat="49.66921500015455" lon="-119.08908500044541">
    <ele>1021.3499999999999</ele>
   </trkpt>
   <trkpt lat="49.66834" lon="-119.08911">
    <ele>1021.09</ele>
   </trkpt>
   <trkpt lat="49.66769000000001" lon="-119.08898">
    <ele>1022.64</ele>
   </trkpt>
   <trkpt lat="49.667100000000005" lon="-119.08866">
    <ele>1022.3</ele>
   </trkpt>
   <trkpt lat="49.66653" lon="-119.08821">
    <ele>1020.99</ele>
   </trkpt>
   <trkpt lat="49.6658500009968" lon="-119.0876949926916">
    <ele>1017.7200000000001</ele>
   </trkpt>
   <trkpt lat="49.66517" lon="-119.08718">
    <ele>1015.9599999999999</ele>
   </trkpt>
   <trkpt lat="49.664660000000005" lon="-119.08664">
    <ele>1014.54</ele>
   </trkpt>
   <trkpt lat="49.6642" lon="-119.08597">
    <ele>1012.3300000000002</ele>
   </trkpt>
   <trkpt lat="49.663920000000005" lon="-119.08544">
    <ele>1010.0500000000001</ele>
   </trkpt>
   <trkpt lat="49.6634750047885" lon="-119.08438499034163">
    <ele>1005.7500000000001</ele>
   </trkpt>
   <trkpt lat="49.663030000000006" lon="-119.08333">
    <ele>999.6700000000001</ele>
   </trkpt>
   <trkpt lat="49.662705001414906" lon="-119.08274999606591">
    <ele>998.5500000000001</ele>
   </trkpt>
   <trkpt lat="49.662380000000006" lon="-119.08217">
    <ele>996.96</ele>
   </trkpt>
   <trkpt lat="49.66173667413288" lon="-119.08123664193445">
    <ele>999.71</ele>
   </trkpt>
   <trkpt lat="49.661093340764126" lon="-119.08030330855021">
    <ele>1007.22</ele>
   </trkpt>
   <trkpt lat="49.660450000000004" lon="-119.07937000000001">
    <ele>1013.0000000000001</ele>
   </trkpt>
   <trkpt lat="49.659850000000006" lon="-119.07851000000001">
    <ele>1012.91</ele>
   </trkpt>
   <trkpt lat="49.65927000000001" lon="-119.07796">
    <ele>1011.87</ele>
   </trkpt>
   <trkpt lat="49.658640000000005" lon="-119.07764000000002">
    <ele>1011.19</ele>
   </trkpt>
   <trkpt lat="49.658190000000005" lon="-119.07751">
    <ele>1010.99</ele>
   </trkpt>
   <trkpt lat="49.65750500001494" lon="-119.07744499908476">
    <ele>1010.6300000000001</ele>
   </trkpt>
   <trkpt lat="49.65682" lon="-119.07738">
    <ele>1010.3900000000001</ele>
   </trkpt>
   <trkpt lat="49.656380000000006" lon="-119.07725">
    <ele>1010.2600000000001</ele>
   </trkpt>
   <trkpt lat="49.65596000000001" lon="-119.07702">
    <ele>1010.07</ele>
   </trkpt>
   <trkpt lat="49.65541" lon="-119.0764">
    <ele>1010.3900000000001</ele>
   </trkpt>
   <trkpt lat="49.65498000379913" lon="-119.07573998841073">
    <ele>1010.6600000000001</ele>
   </trkpt>
   <trkpt lat="49.65455000384696" lon="-119.07507998848426">
    <ele>1010.2500000000001</ele>
   </trkpt>
   <trkpt lat="49.654120000000006" lon="-119.07442">
    <ele>1009.9200000000002</ele>
   </trkpt>
   <trkpt lat="49.65369000151829" lon="-119.07383499489235">
    <ele>1008.65</ele>
   </trkpt>
   <trkpt lat="49.65326" lon="-119.07325000000002">
    <ele>1007.5200000000002</ele>
   </trkpt>
   <trkpt lat="49.65269000000001" lon="-119.07264">
    <ele>1005.57</ele>
   </trkpt>
   <trkpt lat="49.65209750387103" lon="-119.07208997988043">
    <ele>1004.3300000000002</ele>
   </trkpt>
   <trkpt lat="49.65150500513685" lon="-119.07153997315159">
    <ele>1001.7500000000001</ele>
   </trkpt>
   <trkpt lat="49.65091250379758" lon="-119.07098997981292">
    <ele>1000.0500000000001</ele>
   </trkpt>
   <trkpt lat="49.65032" lon="-119.07044">
    <ele>998.2400000000001</ele>
   </trkpt>
   <trkpt lat="49.64993000046416" lon="-119.07005499674351">
    <ele>997.6400000000001</ele>
   </trkpt>
   <trkpt lat="49.64954" lon="-119.06967000000002">
    <ele>996.6</ele>
   </trkpt>
   <trkpt lat="49.64916500089148" lon="-119.0692049963687">
    <ele>995.2900000000001</ele>
   </trkpt>
   <trkpt lat="49.648790000000005" lon="-119.06874">
    <ele>994.6</ele>
   </trkpt>
   <trkpt lat="49.648212508362484" lon="-119.06793497133793">
    <ele>993.3000000000001</ele>
   </trkpt>
   <trkpt lat="49.647635011143876" lon="-119.06712996177612">
    <ele>991.7600000000001</ele>
   </trkpt>
   <trkpt lat="49.64705750834445" lon="-119.06632497131383">
    <ele>990.16</ele>
   </trkpt>
   <trkpt lat="49.646480000000004" lon="-119.06552">
    <ele>989.96</ele>
   </trkpt>
   <trkpt lat="49.64620000000001" lon="-119.06515">
    <ele>990.5800000000002</ele>
   </trkpt>
   <trkpt lat="49.64558" lon="-119.06448">
    <ele>994.4900000000001</ele>
   </trkpt>
   <trkpt lat="49.644960000000005" lon="-119.06395">
    <ele>998.5100000000001</ele>
   </trkpt>
   <trkpt lat="49.64475" lon="-119.06382">
    <ele>999.11</ele>
   </trkpt>
   <trkpt lat="49.64475" lon="-119.06381">
    <ele>999.1200000000001</ele>
   </trkpt>
   <trkpt lat="49.64433500034687" lon="-119.06352499756866">
    <ele>999.3600000000001</ele>
   </trkpt>
   <trkpt lat="49.64392" lon="-119.06324000000001">
    <ele>998.6400000000001</ele>
   </trkpt>
   <trkpt lat="49.64345500032914" lon="-119.06304499820699">
    <ele>997.86</ele>
   </trkpt>
   <trkpt lat="49.642990000000005" lon="-119.06285000000001">
    <ele>997.35</ele>
   </trkpt>
   <trkpt lat="49.642990000000005" lon="-119.06284000000001">
    <ele>997.3400000000001</ele>
   </trkpt>
   <trkpt lat="49.64265" lon="-119.06269">
    <ele>997.2700000000001</ele>
   </trkpt>
   <trkpt lat="49.64202" lon="-119.06228000000002">
    <ele>997.99</ele>
   </trkpt>
   <trkpt lat="49.64125000000001" lon="-119.06163000000001">
    <ele>998.8000000000001</ele>
   </trkpt>
   <trkpt lat="49.64078000096092" lon="-119.06113499512281">
    <ele>997.5400000000001</ele>
   </trkpt>
   <trkpt lat="49.64031000000001" lon="-119.06064">
    <ele>996.23</ele>
   </trkpt>
   <trkpt lat="49.64018" lon="-119.0605">
    <ele>996.0500000000001</ele>
   </trkpt>
   <trkpt lat="49.639790000000005" lon="-119.06019">
    <ele>995.01</ele>
   </trkpt>
   <trkpt lat="49.63938" lon="-119.06001">
    <ele>993.9100000000001</ele>
   </trkpt>
   <trkpt lat="49.638940000000005" lon="-119.05992">
    <ele>993.5100000000001</ele>
   </trkpt>
   <trkpt lat="49.638510000000004" lon="-119.05992">
    <ele>993.35</ele>
   </trkpt>
   <trkpt lat="49.6381" lon="-119.06005">
    <ele>993.5300000000001</ele>
   </trkpt>
   <trkpt lat="49.63777" lon="-119.06024000000001">
    <ele>993.87</ele>
   </trkpt>
   <trkpt lat="49.63723" lon="-119.06069000000001">
    <ele>993.59</ele>
   </trkpt>
   <trkpt lat="49.63707" lon="-119.0609">
    <ele>993.5800000000002</ele>
   </trkpt>
   <trkpt lat="49.636790000000005" lon="-119.06135">
    <ele>993.5800000000002</ele>
   </trkpt>
   <trkpt lat="49.63631" lon="-119.06247">
    <ele>993.1500000000001</ele>
   </trkpt>
   <trkpt lat="49.63589" lon="-119.06345">
    <ele>992.11</ele>
   </trkpt>
   <trkpt lat="49.635360000000006" lon="-119.06403000000002">
    <ele>991.16</ele>
   </trkpt>
   <trkpt lat="49.63499" lon="-119.06417">
    <ele>990.34</ele>
   </trkpt>
   <trkpt lat="49.634800000000006" lon="-119.06417">
    <ele>990.19</ele>
   </trkpt>
   <trkpt lat="49.63461" lon="-119.06411000000001">
    <ele>990.0000000000001</ele>
   </trkpt>
   <trkpt lat="49.634240000000005" lon="-119.06387000000001">
    <ele>988.65</ele>
   </trkpt>
   <trkpt lat="49.633745000833635" lon="-119.06343999566225">
    <ele>987.86</ele>
   </trkpt>
   <trkpt lat="49.633250000000004" lon="-119.06301">
    <ele>987.6100000000001</ele>
   </trkpt>
   <trkpt lat="49.63283500043282" lon="-119.0626999973728">
    <ele>987.77</ele>
   </trkpt>
   <trkpt lat="49.63242" lon="-119.06239000000001">
    <ele>987.5600000000001</ele>
   </trkpt>
   <trkpt lat="49.631890000172405" lon="-119.06211499692813">
    <ele>986.72</ele>
   </trkpt>
   <trkpt lat="49.63136" lon="-119.06184">
    <ele>985.4100000000001</ele>
   </trkpt>
   <trkpt lat="49.630620000386806" lon="-119.06154999560395">
    <ele>982.77</ele>
   </trkpt>
   <trkpt lat="49.62988000000001" lon="-119.06126">
    <ele>980.38</ele>
   </trkpt>
   <trkpt lat="49.62928666791164" lon="-119.06088665759998">
    <ele>979.8100000000001</ele>
   </trkpt>
   <trkpt lat="49.62869333462277" lon="-119.06051332429477">
    <ele>978.83</ele>
   </trkpt>
   <trkpt lat="49.6281" lon="-119.06014">
    <ele>975.1700000000001</ele>
   </trkpt>
   <trkpt lat="49.62791000000001" lon="-119.06014">
    <ele>975.1700000000001</ele>
   </trkpt>
   <trkpt lat="49.62755000000001" lon="-119.06023">
    <ele>973.9200000000001</ele>
   </trkpt>
   <trkpt lat="49.627480000000006" lon="-119.06030000000001">
    <ele>973.57</ele>
   </trkpt>
   <trkpt lat="49.62724000000001" lon="-119.06054">
    <ele>972.52</ele>
   </trkpt>
   <trkpt lat="49.62698" lon="-119.06096000000001">
    <ele>969.4800000000001</ele>
   </trkpt>
   <trkpt lat="49.62661000000001" lon="-119.06171">
    <ele>965.9900000000001</ele>
   </trkpt>
   <trkpt lat="49.626110000000004" lon="-119.06251">
    <ele>963.86</ele>
   </trkpt>
   <trkpt lat="49.62576000000001" lon="-119.06288">
    <ele>962.4</ele>
   </trkpt>
   <trkpt lat="49.625350000000005" lon="-119.06314">
    <ele>961.5000000000001</ele>
   </trkpt>
   <trkpt lat="49.62479499993107" lon="-119.06321000080878">
    <ele>960.3000000000001</ele>
   </trkpt>
   <trkpt lat="49.62424000000001" lon="-119.06328">
    <ele>959.3600000000001</ele>
   </trkpt>
   <trkpt lat="49.62371000013447" lon="-119.06322499941432">
    <ele>958.79</ele>
   </trkpt>
   <trkpt lat="49.623180000000005" lon="-119.06317000000001">
    <ele>959.2400000000001</ele>
   </trkpt>
   <trkpt lat="49.62265500012563" lon="-119.06310999936608">
    <ele>960.2</ele>
   </trkpt>
   <trkpt lat="49.622130000000006" lon="-119.06305">
    <ele>961.1600000000001</ele>
   </trkpt>
   <trkpt lat="49.62145500006688" lon="-119.06300499813256">
    <ele>961.7700000000001</ele>
   </trkpt>
   <trkpt lat="49.620780000116284" lon="-119.06295999751191">
    <ele>961.85</ele>
   </trkpt>
   <trkpt lat="49.620105000148264" lon="-119.06291499813804">
    <ele>961.6800000000001</ele>
   </trkpt>
   <trkpt lat="49.61943" lon="-119.06287">
    <ele>961.5400000000001</ele>
   </trkpt>
   <trkpt lat="49.61878" lon="-119.06278">
    <ele>961.0900000000001</ele>
   </trkpt>
   <trkpt lat="49.61834" lon="-119.06258000000001">
    <ele>960.9900000000001</ele>
   </trkpt>
   <trkpt lat="49.61775" lon="-119.0622">
    <ele>960.2100000000002</ele>
   </trkpt>
   <trkpt lat="49.61724500104347" lon="-119.06172999521527">
    <ele>960.01</ele>
   </trkpt>
   <trkpt lat="49.61674000000001" lon="-119.06126">
    <ele>960.2400000000001</ele>
   </trkpt>
   <trkpt lat="49.616050004270065" lon="-119.06055664676005">
    <ele>960.4100000000001</ele>
   </trkpt>
   <trkpt lat="49.615360004279026" lon="-119.05985331343624">
    <ele>960.71</ele>
   </trkpt>
   <trkpt lat="49.614670000000004" lon="-119.05915000000002">
    <ele>961.0300000000001</ele>
   </trkpt>
   <trkpt lat="49.6141" lon="-119.05872000000001">
    <ele>960.32</ele>
   </trkpt>
   <trkpt lat="49.61346333352056" lon="-119.05859999687691">
    <ele>959.3800000000001</ele>
   </trkpt>
   <trkpt lat="49.61282666691709" lon="-119.05847999688885">
    <ele>959.59</ele>
   </trkpt>
   <trkpt lat="49.612190000000005" lon="-119.05836000000001">
    <ele>959.2</ele>
   </trkpt>
   <trkpt lat="49.61206000000001" lon="-119.05833000000001">
    <ele>959.01</ele>
   </trkpt>
   <trkpt lat="49.61128666732015" lon="-119.05806665833">
    <ele>957.2600000000001</ele>
   </trkpt>
   <trkpt lat="49.61051333404293" lon="-119.05780332501593">
    <ele>953.5100000000001</ele>
   </trkpt>
   <trkpt lat="49.60974" lon="-119.05754">
    <ele>950.32</ele>
   </trkpt>
   <trkpt lat="49.60927000014179" lon="-119.0574299989604">
    <ele>948.9000000000001</ele>
   </trkpt>
   <trkpt lat="49.6088" lon="-119.05732">
    <ele>947.5300000000001</ele>
   </trkpt>
   <trkpt lat="49.60808" lon="-119.05724000000001">
    <ele>945.96</ele>
   </trkpt>
   <trkpt lat="49.607258000030455" lon="-119.05720399757234">
    <ele>944.3100000000001</ele>
   </trkpt>
   <trkpt lat="49.606436000049754" lon="-119.05716799635874">
    <ele>942.5700000000002</ele>
   </trkpt>
   <trkpt lat="49.605614000057884" lon="-119.05713199635919">
    <ele>939.9600000000002</ele>
   </trkpt>
   <trkpt lat="49.60479200005486" lon="-119.05709599757355">
    <ele>938.7800000000001</ele>
   </trkpt>
   <trkpt lat="49.603970000000004" lon="-119.05706">
    <ele>937.34</ele>
   </trkpt>
   <trkpt lat="49.60337000009698" lon="-119.05694499859247">
    <ele>935.98</ele>
   </trkpt>
   <trkpt lat="49.60277000000001" lon="-119.05683">
    <ele>933.9900000000001</ele>
   </trkpt>
   <trkpt lat="49.60230500013872" lon="-119.05664999828308">
    <ele>933.07</ele>
   </trkpt>
   <trkpt lat="49.60184" lon="-119.05647">
    <ele>932.71</ele>
   </trkpt>
   <trkpt lat="49.601092002570375" lon="-119.05608397631666">
    <ele>932.98</ele>
   </trkpt>
   <trkpt lat="49.6003440038571" lon="-119.05569796447648">
    <ele>934.15</ele>
   </trkpt>
   <trkpt lat="49.599596003860285" lon="-119.05531196447882">
    <ele>934.58</ele>
   </trkpt>
   <trkpt lat="49.59884800258001" lon="-119.05492597632303">
    <ele>934.4300000000001</ele>
   </trkpt>
   <trkpt lat="49.5981" lon="-119.05454">
    <ele>932.57</ele>
   </trkpt>
   <trkpt lat="49.59725" lon="-119.05423">
    <ele>929.0200000000001</ele>
   </trkpt>
   <trkpt lat="49.596610000000005" lon="-119.05415">
    <ele>928.39</ele>
   </trkpt>
   <trkpt lat="49.596410000000006" lon="-119.05423">
    <ele>928.5600000000001</ele>
   </trkpt>
   <trkpt lat="49.59604" lon="-119.05445">
    <ele>929.76</ele>
   </trkpt>
   <trkpt lat="49.59572000000001" lon="-119.05481">
    <ele>932.09</ele>
   </trkpt>
   <trkpt lat="49.5951600020787" lon="-119.05553000846552">
    <ele>934.0100000000001</ele>
   </trkpt>
   <trkpt lat="49.59460000000001" lon="-119.05625">
    <ele>937.3100000000001</ele>
   </trkpt>
   <trkpt lat="49.59423" lon="-119.05665">
    <ele>939.9900000000001</ele>
   </trkpt>
   <trkpt lat="49.593610000000005" lon="-119.0571">
    <ele>943.6500000000001</ele>
   </trkpt>
   <trkpt lat="49.59306500035636" lon="-119.05734000263408">
    <ele>947.8900000000001</ele>
   </trkpt>
   <trkpt lat="49.59252000000001" lon="-119.05758000000002">
    <ele>949.46</ele>
   </trkpt>
   <trkpt lat="49.59183" lon="-119.05781">
    <ele>950.86</ele>
   </trkpt>
   <trkpt lat="49.591355000056126" lon="-119.05783500024067">
    <ele>951.95</ele>
   </trkpt>
   <trkpt lat="49.590880000000006" lon="-119.05786">
    <ele>952.74</ele>
   </trkpt>
   <trkpt lat="49.590082000017944" lon="-119.05784999934585">
    <ele>954.08</ele>
   </trkpt>
   <trkpt lat="49.58928400003502" lon="-119.0578399990189">
    <ele>953.64</ele>
   </trkpt>
   <trkpt lat="49.58848600005125" lon="-119.0578299990191">
    <ele>952.3300000000002</ele>
   </trkpt>
   <trkpt lat="49.5876880000666" lon="-119.05781999934649">
    <ele>950.3800000000001</ele>
   </trkpt>
   <trkpt lat="49.586890000000004" lon="-119.05781">
    <ele>947.0</ele>
   </trkpt>
   <trkpt lat="49.586430000181025" lon="-119.05781000000002">
    <ele>945.0200000000001</ele>
   </trkpt>
   <trkpt lat="49.58597" lon="-119.05781">
    <ele>942.5100000000001</ele>
   </trkpt>
   <trkpt lat="49.58527499994248" lon="-119.05788500107725">
    <ele>938.2</ele>
   </trkpt>
   <trkpt lat="49.58458" lon="-119.05796000000001">
    <ele>935.8100000000001</ele>
   </trkpt>
   <trkpt lat="49.58457000000001" lon="-119.05796000000001">
    <ele>935.7700000000001</ele>
   </trkpt>
   <trkpt lat="49.58372000011204" lon="-119.05804666968152">
    <ele>930.51</ele>
   </trkpt>
   <trkpt lat="49.58287000015937" lon="-119.0581333363433">
    <ele>926.1800000000001</ele>
   </trkpt>
   <trkpt lat="49.58202000000001" lon="-119.05822">
    <ele>925.94</ele>
   </trkpt>
   <trkpt lat="49.581300000000006" lon="-119.05835">
    <ele>927.69</ele>
   </trkpt>
   <trkpt lat="49.580834999902436" lon="-119.0584650011341">
    <ele>929.44</ele>
   </trkpt>
   <trkpt lat="49.58037" lon="-119.05858">
    <ele>930.0800000000002</ele>
   </trkpt>
   <trkpt lat="49.57969333366964" lon="-119.05880000612761">
    <ele>929.4000000000001</ele>
   </trkpt>
   <trkpt lat="49.57901666692228" lon="-119.05902000615374">
    <ele>927.51</ele>
   </trkpt>
   <trkpt lat="49.578340000000004" lon="-119.05924000000002">
    <ele>926.0</ele>
   </trkpt>
   <trkpt lat="49.577532500926864" lon="-119.05951001340785">
    <ele>922.88</ele>
   </trkpt>
   <trkpt lat="49.57672500122563" lon="-119.05978001788013">
    <ele>920.27</ele>
   </trkpt>
   <trkpt lat="49.57591750089633" lon="-119.06005001341748">
    <ele>918.22</ele>
   </trkpt>
   <trkpt lat="49.57511" lon="-119.06032">
    <ele>916.5500000000001</ele>
   </trkpt>
   <trkpt lat="49.57432000020963" lon="-119.06050000289757">
    <ele>914.84</ele>
   </trkpt>
   <trkpt lat="49.573530000000005" lon="-119.06068">
    <ele>913.6</ele>
   </trkpt>
   <trkpt lat="49.57274500018864" lon="-119.06079500183023">
    <ele>912.2600000000001</ele>
   </trkpt>
   <trkpt lat="49.571960000000004" lon="-119.06091">
    <ele>910.82</ele>
   </trkpt>
   <trkpt lat="49.571266666677445" lon="-119.06093666742404">
    <ele>909.96</ele>
   </trkpt>
   <trkpt lat="49.57057333334876" lon="-119.06096333409052">
    <ele>909.72</ele>
   </trkpt>
   <trkpt lat="49.569880000000005" lon="-119.06099">
    <ele>908.99</ele>
   </trkpt>
   <trkpt lat="49.569190000000006" lon="-119.06104">
    <ele>908.95</ele>
   </trkpt>
   <trkpt lat="49.568473333357886" lon="-119.06111333548874">
    <ele>908.39</ele>
   </trkpt>
   <trkpt lat="49.56775666666942" lon="-119.06118666882426">
    <ele>908.05</ele>
   </trkpt>
   <trkpt lat="49.567040000000006" lon="-119.06126">
    <ele>909.08</ele>
   </trkpt>
   <trkpt lat="49.566590000000005" lon="-119.06144">
    <ele>910.6200000000001</ele>
   </trkpt>
   <trkpt lat="49.565930000808294" lon="-119.06176667555387">
    <ele>910.75</ele>
   </trkpt>
   <trkpt lat="49.56527000069712" lon="-119.06209334227543">
    <ele>910.36</ele>
   </trkpt>
   <trkpt lat="49.56461" lon="-119.06242">
    <ele>908.1000000000001</ele>
   </trkpt>
   <trkpt lat="49.56401000033441" lon="-119.06263000517728">
    <ele>906.46</ele>
   </trkpt>
   <trkpt lat="49.563410000288854" lon="-119.06284000519315">
    <ele>905.26</ele>
   </trkpt>
   <trkpt lat="49.562810000000006" lon="-119.06305">
    <ele>904.3000000000001</ele>
   </trkpt>
   <trkpt lat="49.562160000000006" lon="-119.06336">
    <ele>904.46</ele>
   </trkpt>
   <trkpt lat="49.561550000000004" lon="-119.06372">
    <ele>903.32</ele>
   </trkpt>
   <trkpt lat="49.561240000000005" lon="-119.06397000000001">
    <ele>902.0400000000001</ele>
   </trkpt>
   <trkpt lat="49.56072500083329" lon="-119.06439000436986">
    <ele>901.21</ele>
   </trkpt>
   <trkpt lat="49.560210000000005" lon="-119.06481000000001">
    <ele>901.1500000000001</ele>
   </trkpt>
   <trkpt lat="49.55957000051698" lon="-119.06516000459303">
    <ele>902.0</ele>
   </trkpt>
   <trkpt lat="49.558930000000004" lon="-119.06551">
    <ele>902.6200000000001</ele>
   </trkpt>
   <trkpt lat="49.558600000000006" lon="-119.06566000000001">
    <ele>902.12</ele>
   </trkpt>
   <trkpt lat="49.55783" lon="-119.06618">
    <ele>901.9300000000001</ele>
   </trkpt>
   <trkpt lat="49.557320000000004" lon="-119.06672">
    <ele>900.78</ele>
   </trkpt>
   <trkpt lat="49.55688000000001" lon="-119.06736000000001">
    <ele>898.8800000000001</ele>
   </trkpt>
   <trkpt lat="49.55633000372022" lon="-119.06829501060821">
    <ele>901.0600000000001</ele>
   </trkpt>
   <trkpt lat="49.555780000000006" lon="-119.06923">
    <ele>900.22</ele>
   </trkpt>
   <trkpt lat="49.55516" lon="-119.06999">
    <ele>899.4900000000001</ele>
   </trkpt>
   <trkpt lat="49.55444667023227" lon="-119.07063335212587">
    <ele>898.7600000000001</ele>
   </trkpt>
   <trkpt lat="49.55373333689821" lon="-119.07127668545945">
    <ele>897.1600000000001</ele>
   </trkpt>
   <trkpt lat="49.553020000000004" lon="-119.07192">
    <ele>892.9100000000001</ele>
   </trkpt>
   <trkpt lat="49.552395001074146" lon="-119.07239500600038">
    <ele>889.0000000000001</ele>
   </trkpt>
   <trkpt lat="49.551770000000005" lon="-119.07287000000001">
    <ele>884.82</ele>
   </trkpt>
   <trkpt lat="49.55097000000001" lon="-119.07326">
    <ele>879.6</ele>
   </trkpt>
   <trkpt lat="49.55013" lon="-119.07343000000002">
    <ele>878.5600000000001</ele>
   </trkpt>
   <trkpt lat="49.5492980001448" lon="-119.07334199400614">
    <ele>878.6</ele>
   </trkpt>
   <trkpt lat="49.54846600022285" lon="-119.07325399100995">
    <ele>876.7800000000001</ele>
   </trkpt>
   <trkpt lat="49.547634000234176" lon="-119.07316599101134">
    <ele>876.2200000000001</ele>
   </trkpt>
   <trkpt lat="49.54680200017877" lon="-119.0730779940101">
    <ele>875.0300000000001</ele>
   </trkpt>
   <trkpt lat="49.545970000000004" lon="-119.07299">
    <ele>874.5400000000001</ele>
   </trkpt>
   <trkpt lat="49.545250000195644" lon="-119.07299500007234">
    <ele>875.82</ele>
   </trkpt>
   <trkpt lat="49.54453" lon="-119.07300000000001">
    <ele>877.2700000000001</ele>
   </trkpt>
   <trkpt lat="49.543940000000006" lon="-119.07309000000001">
    <ele>875.99</ele>
   </trkpt>
   <trkpt lat="49.54312" lon="-119.0733">
    <ele>875.2</ele>
   </trkpt>
   <trkpt lat="49.54252" lon="-119.07353">
    <ele>874.77</ele>
   </trkpt>
   <trkpt lat="49.541760000000004" lon="-119.07393">
    <ele>875.6700000000001</ele>
   </trkpt>
   <trkpt lat="49.54097625641588" lon="-119.07439130178628">
    <ele>874.74</ele>
   </trkpt>
   <trkpt lat="49.54019251099809" lon="-119.07485258877495">
    <ele>873.6400000000001</ele>
   </trkpt>
   <trkpt lat="49.5394087637467" lon="-119.07531386096693">
    <ele>873.89</ele>
   </trkpt>
   <trkpt lat="49.538625014661854" lon="-119.07577511836305">
    <ele>872.33</ele>
   </trkpt>
   <trkpt lat="49.537841263743665" lon="-119.07623636096415">
    <ele>869.2200000000001</ele>
   </trkpt>
   <trkpt lat="49.53705751099221" lon="-119.07669758877108">
    <ele>867.16</ele>
   </trkpt>
   <trkpt lat="49.536273756407624" lon="-119.07715880178473">
    <ele>867.2</ele>
   </trkpt>
   <trkpt lat="49.53549" lon="-119.07762000000001">
    <ele>867.99</ele>
   </trkpt>
   <trkpt lat="49.5348200013584" lon="-119.07800667722744">
    <ele>867.92</ele>
   </trkpt>
   <trkpt lat="49.534150001428316" lon="-119.07839334385355">
    <ele>867.8500000000001</ele>
   </trkpt>
   <trkpt lat="49.533480000000004" lon="-119.07878000000001">
    <ele>870.83</ele>
   </trkpt>
   <trkpt lat="49.532880000746964" lon="-119.07922000546512">
    <ele>876.89</ele>
   </trkpt>
   <trkpt lat="49.53228000000001" lon="-119.07966">
    <ele>884.11</ele>
   </trkpt>
   <trkpt lat="49.53181999995559" lon="-119.07989000230064">
    <ele>886.4000000000001</ele>
   </trkpt>
   <trkpt lat="49.53136000000001" lon="-119.08012000000001">
    <ele>887.0300000000001</ele>
   </trkpt>
   <trkpt lat="49.53081500081056" lon="-119.08056000492473">
    <ele>887.0000000000001</ele>
   </trkpt>
   <trkpt lat="49.53027" lon="-119.081">
    <ele>886.2</ele>
   </trkpt>
   <trkpt lat="49.530030000000004" lon="-119.08127">
    <ele>886.36</ele>
   </trkpt>
   <trkpt lat="49.52969000133767" lon="-119.08185500430444">
    <ele>886.96</ele>
   </trkpt>
   <trkpt lat="49.52935" lon="-119.08244">
    <ele>887.5200000000001</ele>
   </trkpt>
   <trkpt lat="49.528785001696264" lon="-119.0830900076554">
    <ele>887.02</ele>
   </trkpt>
   <trkpt lat="49.528220000000005" lon="-119.08374">
    <ele>887.0000000000001</ele>
   </trkpt>
   <trkpt lat="49.52789500124215" lon="-119.08427500354215">
    <ele>886.5200000000001</ele>
   </trkpt>
   <trkpt lat="49.527570000000004" lon="-119.08481">
    <ele>885.0000000000001</ele>
   </trkpt>
   <trkpt lat="49.527120003677844" lon="-119.08573500853284">
    <ele>878.7</ele>
   </trkpt>
   <trkpt lat="49.52667" lon="-119.08666000000001">
    <ele>874.14</ele>
   </trkpt>
   <trkpt lat="49.526390000000006" lon="-119.08713000000002">
    <ele>873.2200000000001</ele>
   </trkpt>
   <trkpt lat="49.52608000000001" lon="-119.08749000000002">
    <ele>872.3900000000001</ele>
   </trkpt>
   <trkpt lat="49.52573" lon="-119.08776">
    <ele>871.2200000000001</ele>
   </trkpt>
   <trkpt lat="49.52505000063778" lon="-119.0881500054343">
    <ele>867.57</ele>
   </trkpt>
   <trkpt lat="49.524370000000005" lon="-119.08854000000001">
    <ele>865.0000000000001</ele>
   </trkpt>
   <trkpt lat="49.523830000000004" lon="-119.08902">
    <ele>865.0000000000001</ele>
   </trkpt>
   <trkpt lat="49.523120000000006" lon="-119.08982">
    <ele>865.6400000000001</ele>
   </trkpt>
   <trkpt lat="49.52256000065784" lon="-119.0902000043279">
    <ele>866.6600000000001</ele>
   </trkpt>
   <trkpt lat="49.522000000000006" lon="-119.09058">
    <ele>865.6</ele>
   </trkpt>
   <trkpt lat="49.5217" lon="-119.09089000000002">
    <ele>864.75</ele>
   </trkpt>
   <trkpt lat="49.52119333726544" lon="-119.09156668070801">
    <ele>862.89</ele>
   </trkpt>
   <trkpt lat="49.52068667058471" lon="-119.09224334739328">
    <ele>862.0000000000001</ele>
   </trkpt>
   <trkpt lat="49.52018" lon="-119.09292">
    <ele>860.1</ele>
   </trkpt>
   <trkpt lat="49.51963500363007" lon="-119.09383501016005">
    <ele>858.59</ele>
   </trkpt>
   <trkpt lat="49.519090000000006" lon="-119.09475">
    <ele>857.9300000000001</ele>
   </trkpt>
   <trkpt lat="49.51867667357061" lon="-119.09564334837798">
    <ele>856.7800000000001</ele>
   </trkpt>
   <trkpt lat="49.51826334026328" lon="-119.09653668165487">
    <ele>853.82</ele>
   </trkpt>
   <trkpt lat="49.51785" lon="-119.09743">
    <ele>851.5400000000001</ele>
   </trkpt>
   <trkpt lat="49.51773000000001" lon="-119.09772000000001">
    <ele>851.38</ele>
   </trkpt>
   <trkpt lat="49.51773000000001" lon="-119.09773000000001">
    <ele>851.37</ele>
   </trkpt>
   <trkpt lat="49.5176" lon="-119.09807">
    <ele>851.1400000000001</ele>
   </trkpt>
   <trkpt lat="49.51736000299076" lon="-119.09890000399656">
    <ele>851.43</ele>
   </trkpt>
   <trkpt lat="49.517120000000006" lon="-119.09973000000001">
    <ele>853.6400000000001</ele>
   </trkpt>
   <trkpt lat="49.516885012298275" lon="-119.10070501401799">
    <ele>854.9300000000001</ele>
   </trkpt>
   <trkpt lat="49.516650016403524" lon="-119.10168001866617">
    <ele>854.77</ele>
   </trkpt>
   <trkpt lat="49.516415012315896" lon="-119.10265501394443">
    <ele>853.9200000000001</ele>
   </trkpt>
   <trkpt lat="49.516180000000006" lon="-119.10363000000001">
    <ele>852.3000000000001</ele>
   </trkpt>
   <trkpt lat="49.516180000000006" lon="-119.10364000000001">
    <ele>852.2900000000001</ele>
   </trkpt>
   <trkpt lat="49.51601" lon="-119.10437">
    <ele>851.6800000000001</ele>
   </trkpt>
   <trkpt lat="49.51572" lon="-119.10522">
    <ele>851.8000000000001</ele>
   </trkpt>
   <trkpt lat="49.51520000000001" lon="-119.10621">
    <ele>853.3100000000001</ele>
   </trkpt>
   <trkpt lat="49.51467750817118" lon="-119.10700502547795">
    <ele>854.16</ele>
   </trkpt>
   <trkpt lat="49.51415501089502" lon="-119.10780003396991">
    <ele>853.72</ele>
   </trkpt>
   <trkpt lat="49.51363250817173" lon="-119.1085950254763">
    <ele>851.72</ele>
   </trkpt>
   <trkpt lat="49.513110000000005" lon="-119.10939">
    <ele>847.4</ele>
   </trkpt>
   <trkpt lat="49.51279" lon="-119.10979">
    <ele>844.7</ele>
   </trkpt>
   <trkpt lat="49.51240000000001" lon="-119.1101">
    <ele>842.6600000000001</ele>
   </trkpt>
   <trkpt lat="49.51221" lon="-119.11019">
    <ele>842.1500000000001</ele>
   </trkpt>
   <trkpt lat="49.5114250000885" lon="-119.11035000257216">
    <ele>840.62</ele>
   </trkpt>
   <trkpt lat="49.51064" lon="-119.11051">
    <ele>840.0600000000001</ele>
   </trkpt>
   <trkpt lat="49.51019000037358" lon="-119.11075500219123">
    <ele>838.9300000000001</ele>
   </trkpt>
   <trkpt lat="49.50974" lon="-119.111">
    <ele>838.69</ele>
   </trkpt>
   <trkpt lat="49.509260000000005" lon="-119.11145">
    <ele>840.6500000000001</ele>
   </trkpt>
   <trkpt lat="49.508990000000004" lon="-119.11182000000001">
    <ele>843.13</ele>
   </trkpt>
   <trkpt lat="49.50889" lon="-119.11207">
    <ele>843.9100000000001</ele>
   </trkpt>
   <trkpt lat="49.508750000000006" lon="-119.11257">
    <ele>844.0200000000001</ele>
   </trkpt>
   <trkpt lat="49.508610000000004" lon="-119.11342">
    <ele>843.1400000000001</ele>
   </trkpt>
   <trkpt lat="49.50849001213714" lon="-119.11460667248521">
    <ele>842.6500000000001</ele>
   </trkpt>
   <trkpt lat="49.50837001213742" lon="-119.11579333914901">
    <ele>842.9300000000001</ele>
   </trkpt>
   <trkpt lat="49.508250000000004" lon="-119.11698000000001">
    <ele>843.37</ele>
   </trkpt>
   <trkpt lat="49.50813" lon="-119.11768000000001">
    <ele>840.7800000000001</ele>
   </trkpt>
   <trkpt lat="49.50798" lon="-119.11821">
    <ele>839.8100000000001</ele>
   </trkpt>
   <trkpt lat="49.507870000000004" lon="-119.11843">
    <ele>839.61</ele>
   </trkpt>
   <trkpt lat="49.50746" lon="-119.11901">
    <ele>839.98</ele>
   </trkpt>
   <trkpt lat="49.50715" lon="-119.11928">
    <ele>840.13</ele>
   </trkpt>
   <trkpt lat="49.50665000000001" lon="-119.11956">
    <ele>840.86</ele>
   </trkpt>
   <trkpt lat="49.50668" lon="-119.11954000000001">
    <ele>840.83</ele>
   </trkpt>
   <trkpt lat="49.506260000000005" lon="-119.11978">
    <ele>841.13</ele>
   </trkpt>
   <trkpt lat="49.50545800643143" lon="-119.12018706003943">
    <ele>841.57</ele>
   </trkpt>
   <trkpt lat="49.504656011434804" lon="-119.12059410673396">
    <ele>844.2700000000001</ele>
   </trkpt>
   <trkpt lat="49.503854015010134" lon="-119.12100114008436">
    <ele>842.1400000000001</ele>
   </trkpt>
   <trkpt lat="49.50305201715754" lon="-119.1214081600915">
    <ele>836.2100000000002</ele>
   </trkpt>
   <trkpt lat="49.50225001787714" lon="-119.1218151667561">
    <ele>835.35</ele>
   </trkpt>
   <trkpt lat="49.50144801716898" lon="-119.122222160079">
    <ele>835.45</ele>
   </trkpt>
   <trkpt lat="49.500646015033176" lon="-119.12262914006097">
    <ele>833.08</ele>
   </trkpt>
   <trkpt lat="49.49984401146979" lon="-119.12303610670281">
    <ele>833.08</ele>
   </trkpt>
   <trkpt lat="49.49904200647891" lon="-119.1234430600053">
    <ele>832.5100000000001</ele>
   </trkpt>
   <trkpt lat="49.49824" lon="-119.12385">
    <ele>830.2900000000001</ele>
   </trkpt>
   <trkpt lat="49.49765000000001" lon="-119.12404000000001">
    <ele>830.6600000000001</ele>
   </trkpt>
   <trkpt lat="49.497350000000004" lon="-119.12407">
    <ele>831.96</ele>
   </trkpt>
   <trkpt lat="49.497350000000004" lon="-119.12404000000001">
    <ele>831.96</ele>
   </trkpt>
   <trkpt lat="49.497350000000004" lon="-119.12407">
    <ele>831.98</ele>
   </trkpt>
   <trkpt lat="49.497020000000006" lon="-119.12407">
    <ele>832.74</ele>
   </trkpt>
   <trkpt lat="49.49669" lon="-119.12399">
    <ele>832.52</ele>
   </trkpt>
   <trkpt lat="49.4964" lon="-119.12385">
    <ele>831.7700000000001</ele>
   </trkpt>
   <trkpt lat="49.49569" lon="-119.12311000000001">
    <ele>830.0</ele>
   </trkpt>
   <trkpt lat="49.49523000000001" lon="-119.12252000000001">
    <ele>829.07</ele>
   </trkpt>
   <trkpt lat="49.49482000147791" lon="-119.1219549954078">
    <ele>828.6600000000001</ele>
   </trkpt>
   <trkpt lat="49.49441" lon="-119.12139">
    <ele>828.5100000000001</ele>
   </trkpt>
   <trkpt lat="49.493970000000004" lon="-119.12063">
    <ele>829.9000000000001</ele>
   </trkpt>
   <trkpt lat="49.49358000264578" lon="-119.11984499372507">
    <ele>830.69</ele>
   </trkpt>
   <trkpt lat="49.493190000000006" lon="-119.11906">
    <ele>831.3000000000001</ele>
   </trkpt>
   <trkpt lat="49.49284500205847" lon="-119.11836499505455">
    <ele>830.83</ele>
   </trkpt>
   <trkpt lat="49.49250000000001" lon="-119.11767">
    <ele>829.9200000000001</ele>
   </trkpt>
   <trkpt lat="49.491935003396335" lon="-119.1167799896996">
    <ele>828.01</ele>
   </trkpt>
   <trkpt lat="49.49137" lon="-119.11589000000001">
    <ele>826.47</ele>
   </trkpt>
   <trkpt lat="49.491060001137285" lon="-119.11534999637216">
    <ele>825.7700000000001</ele>
   </trkpt>
   <trkpt lat="49.490750000000006" lon="-119.11481">
    <ele>825.8000000000001</ele>
   </trkpt>
   <trkpt lat="49.49026501372185" lon="-119.11377996939576">
    <ele>825.44</ele>
   </trkpt>
   <trkpt lat="49.48978001829874" lon="-119.11274995920132">
    <ele>825.2700000000001</ele>
   </trkpt>
   <trkpt lat="49.489295013731" lon="-119.11171996941628">
    <ele>824.89</ele>
   </trkpt>
   <trkpt lat="49.48881" lon="-119.11069">
    <ele>824.22</ele>
   </trkpt>
   <trkpt lat="49.4885" lon="-119.11015">
    <ele>823.9900000000001</ele>
   </trkpt>
   <trkpt lat="49.48796" lon="-119.10943">
    <ele>823.67</ele>
   </trkpt>
   <trkpt lat="49.48738" lon="-119.10881">
    <ele>825.1100000000001</ele>
   </trkpt>
   <trkpt lat="49.48682250471456" lon="-119.10820747944017">
    <ele>827.4200000000001</ele>
   </trkpt>
   <trkpt lat="49.486265006299924" lon="-119.10760497260229">
    <ele>828.3900000000001</ele>
   </trkpt>
   <trkpt lat="49.48570750475623" lon="-119.10700247948584">
    <ele>827.67</ele>
   </trkpt>
   <trkpt lat="49.485150000000004" lon="-119.10640000000001">
    <ele>827.2100000000002</ele>
   </trkpt>
   <trkpt lat="49.48509000000001" lon="-119.10651000000001">
    <ele>827.0500000000001</ele>
   </trkpt>
   <trkpt lat="49.48508" lon="-119.10653">
    <ele>825.7800000000001</ele>
   </trkpt>
   <trkpt lat="49.48440779521351" lon="-119.10581881078485">
    <ele>824.97</ele>
   </trkpt>
   <trkpt lat="49.48373558606726" lon="-119.10510764109746">
    <ele>821.74</ele>
   </trkpt>
   <trkpt lat="49.483063372561475" lon="-119.1043964909369">
    <ele>822.44</ele>
   </trkpt>
   <trkpt lat="49.482391154696366" lon="-119.10368536030231">
    <ele>821.96</ele>
   </trkpt>
   <trkpt lat="49.48171893247215" lon="-119.1029742491928">
    <ele>821.01</ele>
   </trkpt>
   <trkpt lat="49.48104670588908" lon="-119.10226315760748">
    <ele>820.4100000000001</ele>
   </trkpt>
   <trkpt lat="49.48037447494736" lon="-119.10155208554555">
    <ele>819.0400000000001</ele>
   </trkpt>
   <trkpt lat="49.4797022396472" lon="-119.10084103300609">
    <ele>816.32</ele>
   </trkpt>
   <trkpt lat="49.47903" lon="-119.10013000000001">
    <ele>814.24</ele>
   </trkpt>
   <trkpt lat="49.47836500034493" lon="-119.09982999590692">
    <ele>812.9300000000001</ele>
   </trkpt>
   <trkpt lat="49.477700000000006" lon="-119.09953000000002">
    <ele>813.32</ele>
   </trkpt>
   <trkpt lat="49.4770500014653" lon="-119.098979992837">
    <ele>821.9200000000001</ele>
   </trkpt>
   <trkpt lat="49.476400000000005" lon="-119.09843000000001">
    <ele>816.03</ele>
   </trkpt>
   <trkpt lat="49.4758500029751" lon="-119.0975949905775">
    <ele>814.9200000000001</ele>
   </trkpt>
   <trkpt lat="49.475300000000004" lon="-119.09676">
    <ele>815.6000000000001</ele>
   </trkpt>
   <trkpt lat="49.474790000000006" lon="-119.09663">
    <ele>814.0</ele>
   </trkpt>
   <trkpt lat="49.474120000000006" lon="-119.09630000000001">
    <ele>817.5300000000001</ele>
   </trkpt>
   <trkpt lat="49.473560000253435" lon="-119.09605999725828">
    <ele>821.58</ele>
   </trkpt>
   <trkpt lat="49.473000000000006" lon="-119.09582">
    <ele>822.34</ele>
   </trkpt>
   <trkpt lat="49.47233000000001" lon="-119.09509000000001">
    <ele>823.4200000000001</ele>
   </trkpt>
   <trkpt lat="49.472350000000006" lon="-119.09506">
    <ele>823.1700000000001</ele>
   </trkpt>
   <trkpt lat="49.47207" lon="-119.09427000000001">
    <ele>825.8000000000001</ele>
   </trkpt>
   <trkpt lat="49.47185000588016" lon="-119.09309999463791">
    <ele>829.4800000000001</ele>
   </trkpt>
   <trkpt lat="49.471630000000005" lon="-119.09193">
    <ele>835.85</ele>
   </trkpt>
   <trkpt lat="49.471470000000004" lon="-119.09139">
    <ele>837.1500000000001</ele>
   </trkpt>
   <trkpt lat="49.47131" lon="-119.09111000000001">
    <ele>837.2700000000001</ele>
   </trkpt>
   <trkpt lat="49.47110000000001" lon="-119.09072">
    <ele>837.2900000000001</ele>
   </trkpt>
   <trkpt lat="49.47063000000001" lon="-119.09023">
    <ele>837.08</ele>
   </trkpt>
   <trkpt lat="49.47007000000001" lon="-119.08997000000001">
    <ele>836.0200000000001</ele>
   </trkpt>
   <trkpt lat="49.469450000074985" lon="-119.08989499905694">
    <ele>834.5</ele>
   </trkpt>
   <trkpt lat="49.468830000000004" lon="-119.08982">
    <ele>833.89</ele>
   </trkpt>
   <trkpt lat="49.4682" lon="-119.0896">
    <ele>832.6300000000001</ele>
   </trkpt>
   <trkpt lat="49.46779" lon="-119.08933">
    <ele>831.95</ele>
   </trkpt>
   <trkpt lat="49.46721" lon="-119.08886000000001">
    <ele>831.3600000000001</ele>
   </trkpt>
   <trkpt lat="49.466820000000006" lon="-119.08853">
    <ele>830.9000000000001</ele>
   </trkpt>
   <trkpt lat="49.466170000000005" lon="-119.08821">
    <ele>830.1200000000001</ele>
   </trkpt>
   <trkpt lat="49.465500000000006" lon="-119.08817">
    <ele>829.23</ele>
   </trkpt>
   <trkpt lat="49.464765000060304" lon="-119.08822750258632">
    <ele>828.46</ele>
   </trkpt>
   <trkpt lat="49.46403000009211" lon="-119.08828500344745">
    <ele>826.59</ele>
   </trkpt>
   <trkpt lat="49.46329500009541" lon="-119.08834250258347">
    <ele>821.5400000000001</ele>
   </trkpt>
   <trkpt lat="49.46256" lon="-119.08840000000001">
    <ele>817.82</ele>
   </trkpt>
   <trkpt lat="49.461744999973455" lon="-119.08830999849631">
    <ele>812.36</ele>
   </trkpt>
   <trkpt lat="49.460930000000005" lon="-119.08822">
    <ele>806.54</ele>
   </trkpt>
   <trkpt lat="49.46011000000001" lon="-119.08800000000001">
    <ele>802.0</ele>
   </trkpt>
   <trkpt lat="49.45934166922382" lon="-119.08765663975971">
    <ele>800.36</ele>
   </trkpt>
   <trkpt lat="49.45857333743127" lon="-119.08731329028595">
    <ele>800.39</ele>
   </trkpt>
   <trkpt lat="49.45780500462241" lon="-119.08696995157814">
    <ele>800.5600000000001</ele>
   </trkpt>
   <trkpt lat="49.4570366707973" lon="-119.08662662363562">
    <ele>800.32</ele>
   </trkpt>
   <trkpt lat="49.456268335956004" lon="-119.08628330645779">
    <ele>800.03</ele>
   </trkpt>
   <trkpt lat="49.4555" lon="-119.08594000000001">
    <ele>800.1300000000001</ele>
   </trkpt>
   <trkpt lat="49.4547400007251" lon="-119.08570248895077">
    <ele>799.03</ele>
   </trkpt>
   <trkpt lat="49.453980000963874" lon="-119.08546498526707">
    <ele>797.4000000000001</ele>
   </trkpt>
   <trkpt lat="49.45322000071634" lon="-119.08522748894849">
    <ele>796.54</ele>
   </trkpt>
   <trkpt lat="49.45246" lon="-119.08499">
    <ele>795.73</ele>
   </trkpt>
   <trkpt lat="49.45208" lon="-119.08481">
    <ele>795.2</ele>
   </trkpt>
   <trkpt lat="49.45139" lon="-119.08418">
    <ele>794.54</ele>
   </trkpt>
   <trkpt lat="49.451260000000005" lon="-119.08396">
    <ele>794.44</ele>
   </trkpt>
   <trkpt lat="49.451150000000005" lon="-119.08369">
    <ele>794.49</ele>
   </trkpt>
   <trkpt lat="49.450700002217346" lon="-119.082974993458">
    <ele>795.6800000000001</ele>
   </trkpt>
   <trkpt lat="49.450250000000004" lon="-119.08226">
    <ele>797.73</ele>
   </trkpt>
   <trkpt lat="49.449720000000006" lon="-119.08151000000001">
    <ele>799.0100000000001</ele>
   </trkpt>
   <trkpt lat="49.449040000000004" lon="-119.08069">
    <ele>798.9300000000001</ele>
   </trkpt>
   <trkpt lat="49.44847000000001" lon="-119.08015">
    <ele>797.78</ele>
   </trkpt>
   <trkpt lat="49.44789" lon="-119.07966">
    <ele>797.25</ele>
   </trkpt>
   <trkpt lat="49.447165001216355" lon="-119.07914499243611">
    <ele>796.15</ele>
   </trkpt>
   <trkpt lat="49.44644" lon="-119.07863">
    <ele>794.9600000000002</ele>
   </trkpt>
   <trkpt lat="49.445980000000006" lon="-119.07845">
    <ele>794.48</ele>
   </trkpt>
   <trkpt lat="49.44577" lon="-119.07840000000002">
    <ele>794.49</ele>
   </trkpt>
   <trkpt lat="49.44521" lon="-119.07841">
    <ele>793.9200000000001</ele>
   </trkpt>
   <trkpt lat="49.444750000000006" lon="-119.07854">
    <ele>793.7700000000001</ele>
   </trkpt>
   <trkpt lat="49.44453000000001" lon="-119.07868">
    <ele>793.5600000000001</ele>
   </trkpt>
   <trkpt lat="49.444520000000004" lon="-119.07869000000001">
    <ele>793.5600000000001</ele>
   </trkpt>
   <trkpt lat="49.44418" lon="-119.0789">
    <ele>793.42</ele>
   </trkpt>
   <trkpt lat="49.4436" lon="-119.07962">
    <ele>793.48</ele>
   </trkpt>
   <trkpt lat="49.44307667073404" lon="-119.08030668132146">
    <ele>793.87</ele>
   </trkpt>
   <trkpt lat="49.44255333740267" lon="-119.08099334798533">
    <ele>793.39</ele>
   </trkpt>
   <trkpt lat="49.44203" lon="-119.08168">
    <ele>792.46</ele>
   </trkpt>
   <trkpt lat="49.441610000000004" lon="-119.08234000000002">
    <ele>792.57</ele>
   </trkpt>
   <trkpt lat="49.44149" lon="-119.08254000000001">
    <ele>792.61</ele>
   </trkpt>
   <trkpt lat="49.44149" lon="-119.08255000000001">
    <ele>792.61</ele>
   </trkpt>
   <trkpt lat="49.44131" lon="-119.08288">
    <ele>792.57</ele>
   </trkpt>
   <trkpt lat="49.441300000000005" lon="-119.08290000000001">
    <ele>792.5600000000001</ele>
   </trkpt>
   <trkpt lat="49.44075" lon="-119.08390000000001">
    <ele>790.58</ele>
   </trkpt>
   <trkpt lat="49.44075" lon="-119.08392">
    <ele>788.73</ele>
   </trkpt>
   <trkpt lat="49.440350001852494" lon="-119.08455500499835">
    <ele>787.1100000000001</ele>
   </trkpt>
   <trkpt lat="49.43995" lon="-119.08519000000001">
    <ele>786.98</ele>
   </trkpt>
   <trkpt lat="49.439310000000006" lon="-119.08575">
    <ele>787.84</ele>
   </trkpt>
   <trkpt lat="49.43871666766105" lon="-119.08609334165378">
    <ele>788.0100000000001</ele>
   </trkpt>
   <trkpt lat="49.43812333430571" lon="-119.08643667499972">
    <ele>788.0500000000001</ele>
   </trkpt>
   <trkpt lat="49.43753" lon="-119.08678">
    <ele>788.0</ele>
   </trkpt>
   <trkpt lat="49.436980000255126" lon="-119.08707000330884">
    <ele>788.0100000000001</ele>
   </trkpt>
   <trkpt lat="49.43643" lon="-119.08736">
    <ele>788.0</ele>
   </trkpt>
   <trkpt lat="49.435860000000005" lon="-119.08766000000001">
    <ele>787.93</ele>
   </trkpt>
   <trkpt lat="49.43518500047664" lon="-119.0880300051543">
    <ele>788.0400000000001</ele>
   </trkpt>
   <trkpt lat="49.43451" lon="-119.08840000000001">
    <ele>786.99</ele>
   </trkpt>
   <trkpt lat="49.434400000000004" lon="-119.08846000000001">
    <ele>788.96</ele>
   </trkpt>
   <trkpt lat="49.43435" lon="-119.08846000000001">
    <ele>788.42</ele>
   </trkpt>
   <trkpt lat="49.4346200058886" lon="-119.08962999350341">
    <ele>788.6</ele>
   </trkpt>
   <trkpt lat="49.43489" lon="-119.09080000000002">
    <ele>787.71</ele>
   </trkpt>
   <trkpt lat="49.435080003775106" lon="-119.09173499640852">
    <ele>785.5000000000001</ele>
   </trkpt>
   <trkpt lat="49.43527" lon="-119.09267000000001">
    <ele>785.4200000000001</ele>
   </trkpt>
   <trkpt lat="49.43538" lon="-119.09296">
    <ele>785.2</ele>
   </trkpt>
   <trkpt lat="49.435790000000004" lon="-119.09345">
    <ele>784.2900000000001</ele>
   </trkpt>
   <trkpt lat="49.436400000000006" lon="-119.09399">
    <ele>784.61</ele>
   </trkpt>
   <trkpt lat="49.43675" lon="-119.09426">
    <ele>784.7400000000001</ele>
   </trkpt>
   <trkpt lat="49.43742" lon="-119.0947">
    <ele>784.58</ele>
   </trkpt>
   <trkpt lat="49.43815000000001" lon="-119.09498">
    <ele>784.6200000000001</ele>
   </trkpt>
   <trkpt lat="49.43863" lon="-119.09504000000001">
    <ele>784.3100000000001</ele>
   </trkpt>
   <trkpt lat="49.43853000000001" lon="-119.09527000000001">
    <ele>784.2000000000002</ele>
   </trkpt>
   <trkpt lat="49.43867" lon="-119.09548000000001">
    <ele>784.88</ele>
   </trkpt>
   <trkpt lat="49.438810000000004" lon="-119.09592">
    <ele>787.4300000000001</ele>
   </trkpt>
   <trkpt lat="49.438840000000006" lon="-119.09623">
    <ele>788.08</ele>
   </trkpt>
   <trkpt lat="49.438855003499505" lon="-119.09713000017857">
    <ele>791.78</ele>
   </trkpt>
   <trkpt lat="49.43887" lon="-119.09803000000001">
    <ele>793.4700000000001</ele>
   </trkpt>
   <trkpt lat="49.4388" lon="-119.09868000000002">
    <ele>793.45</ele>
   </trkpt>
   <trkpt lat="49.43867" lon="-119.099">
    <ele>793.1</ele>
   </trkpt>
   <trkpt lat="49.438660000000006" lon="-119.09901">
    <ele>793.1</ele>
   </trkpt>
   <trkpt lat="49.438610000000004" lon="-119.0991">
    <ele>793.1</ele>
   </trkpt>
   <trkpt lat="49.438460000000006" lon="-119.09927">
    <ele>792.7900000000001</ele>
   </trkpt>
   <trkpt lat="49.438210000000005" lon="-119.0995">
    <ele>791.96</ele>
   </trkpt>
   <trkpt lat="49.43748714906355" lon="-119.0999900433352">
    <ele>791.5300000000001</ele>
   </trkpt>
   <trkpt lat="49.43676429605661" lon="-119.10048007222507">
    <ele>791.1300000000001</ele>
   </trkpt>
   <trkpt lat="49.436041440979295" lon="-119.10097008667039">
    <ele>790.4700000000001</ele>
   </trkpt>
   <trkpt lat="49.435318583831716" lon="-119.10146008667195">
    <ele>790.19</ele>
   </trkpt>
   <trkpt lat="49.43459572461399" lon="-119.10195007223042">
    <ele>789.42</ele>
   </trkpt>
   <trkpt lat="49.43387286332625" lon="-119.10244004334663">
    <ele>789.2500000000001</ele>
   </trkpt>
   <trkpt lat="49.433150000000005" lon="-119.10293000000001">
    <ele>788.98</ele>
   </trkpt>
   <trkpt lat="49.43314" lon="-119.10293000000001">
    <ele>788.97</ele>
   </trkpt>
   <trkpt lat="49.432420005252084" lon="-119.10342336953524">
    <ele>788.27</ele>
   </trkpt>
   <trkpt lat="49.431700008405436" lon="-119.10391672458717">
    <ele>787.6700000000001</ele>
   </trkpt>
   <trkpt lat="49.43098000946014" lon="-119.10441006515654">
    <ele>786.7700000000001</ele>
   </trkpt>
   <trkpt lat="49.43026000841634" lon="-119.10490339124415">
    <ele>786.0100000000001</ele>
   </trkpt>
   <trkpt lat="49.429540005274134" lon="-119.1053967028507">
    <ele>785.4300000000001</ele>
   </trkpt>
   <trkpt lat="49.42882" lon="-119.10589000000002">
    <ele>784.66</ele>
   </trkpt>
   <trkpt lat="49.428360000000005" lon="-119.10616">
    <ele>784.37</ele>
   </trkpt>
   <trkpt lat="49.4279" lon="-119.1063">
    <ele>783.6400000000001</ele>
   </trkpt>
   <trkpt lat="49.42757" lon="-119.10635">
    <ele>783.19</ele>
   </trkpt>
   <trkpt lat="49.4269099999192" lon="-119.10637000027155">
    <ele>782.71</ele>
   </trkpt>
   <trkpt lat="49.42625" lon="-119.10639">
    <ele>782.2</ele>
   </trkpt>
   <trkpt lat="49.425420000011606" lon="-119.10637666621572">
    <ele>781.0300000000001</ele>
   </trkpt>
   <trkpt lat="49.424590000021695" lon="-119.10636333288257">
    <ele>780.5200000000001</ele>
   </trkpt>
   <trkpt lat="49.42376" lon="-119.10635">
    <ele>780.6700000000001</ele>
   </trkpt>
   <trkpt lat="49.4234" lon="-119.10631000000001">
    <ele>781.1600000000001</ele>
   </trkpt>
   <trkpt lat="49.42254312499888" lon="-119.10631000000001">
    <ele>781.54</ele>
   </trkpt>
   <trkpt lat="49.42168624999776" lon="-119.10631000000001">
    <ele>781.5000000000001</ele>
   </trkpt>
   <trkpt lat="49.420829374996664" lon="-119.10631000000001">
    <ele>780.0300000000001</ele>
   </trkpt>
   <trkpt lat="49.41997249999555" lon="-119.10631000000001">
    <ele>779.7400000000001</ele>
   </trkpt>
   <trkpt lat="49.41911562499443" lon="-119.10631000000001">
    <ele>779.5500000000001</ele>
   </trkpt>
   <trkpt lat="49.418258749993306" lon="-119.10631000000001">
    <ele>779.61</ele>
   </trkpt>
   <trkpt lat="49.4174018749922" lon="-119.10631000000001">
    <ele>779.45</ele>
   </trkpt>
   <trkpt lat="49.416544999991096" lon="-119.10631000000001">
    <ele>779.14</ele>
   </trkpt>
   <trkpt lat="49.41568812498998" lon="-119.10631000000001">
    <ele>778.5900000000001</ele>
   </trkpt>
   <trkpt lat="49.414831249988865" lon="-119.10631000000001">
    <ele>777.6500000000001</ele>
   </trkpt>
   <trkpt lat="49.41397437498775" lon="-119.10631000000001">
    <ele>777.02</ele>
   </trkpt>
   <trkpt lat="49.41311749998665" lon="-119.10631000000001">
    <ele>776.07</ele>
   </trkpt>
   <trkpt lat="49.41226062498554" lon="-119.10631000000001">
    <ele>775.5200000000001</ele>
   </trkpt>
   <trkpt lat="49.411403749984416" lon="-119.10631000000001">
    <ele>774.6</ele>
   </trkpt>
   <trkpt lat="49.410546874983304" lon="-119.10631000000001">
    <ele>773.95</ele>
   </trkpt>
   <trkpt lat="49.409690000000005" lon="-119.10631000000001">
    <ele>773.44</ele>
   </trkpt>
   <trkpt lat="49.40881250000144" lon="-119.10629249906157">
    <ele>773.5500000000001</ele>
   </trkpt>
   <trkpt lat="49.40793500000021" lon="-119.10627499874877">
    <ele>772.72</ele>
   </trkpt>
   <trkpt lat="49.40705749999637" lon="-119.10625749906154">
    <ele>772.5200000000001</ele>
   </trkpt>
   <trkpt lat="49.406180000000006" lon="-119.10624000000001">
    <ele>772.1800000000001</ele>
   </trkpt>
   <trkpt lat="49.40572999988853" lon="-119.10625500014123">
    <ele>772.23</ele>
   </trkpt>
   <trkpt lat="49.405280000000005" lon="-119.10627000000001">
    <ele>772.1800000000001</ele>
   </trkpt>
   <trkpt lat="49.404880000000006" lon="-119.10631000000001">
    <ele>772.26</ele>
   </trkpt>
   <trkpt lat="49.40441000009553" lon="-119.10644000123811">
    <ele>771.9100000000001</ele>
   </trkpt>
   <trkpt lat="49.403940000000006" lon="-119.10657">
    <ele>771.8000000000001</ele>
   </trkpt>
   <trkpt lat="49.40323" lon="-119.10692000000002">
    <ele>771.73</ele>
   </trkpt>
   <trkpt lat="49.402480000000004" lon="-119.10730000000001">
    <ele>771.5300000000001</ele>
   </trkpt>
  </trkseg>
 </trk>
</gpx>
