<?xml version="1.0" encoding="UTF-8"?>
<gpx creator="StravaGPX" version="1.1" xmlns="http://www.topografix.com/GPX/1/1" xmlns:xsi="http://www.w3.org/2001/XMLSchema-instance" xsi:schemaLocation="http://www.topografix.com/GPX/1/1 http://www.topografix.com/GPX/1/1/gpx.xsd">
 <metadata>
  <name>Day 2 - S Beaverdell -&gt; E Grand Forks</name>
  <desc>Split at hydraulic lake to follow hwy33</desc>
  <author>
   <name>Stephan Becker</name>
   <link href="https://www.strava.com/athletes/349770"/>
  </author>
  <copyright author="OpenStreetMap contributors">
   <year>2020</year>
   <license>https://www.openstreetmap.org/copyright</license>
  </copyright>
  <link href="https://www.strava.com/routes/3489468343803455338"/>
 </metadata>
 <wpt lat="49.11291" lon="-118.9845">
  <name>Kettle Creek Campground</name>
  <desc></desc>
  <sym>Camp Site</sym>
  <type>Camp Site</type>
 </wpt>
 <wpt lat="49.06085" lon="-118.99758">
  <name>Rock Creek General Store</name>
  <desc></desc>
  <sym>Grocery</sym>
  <type>Grocery</type>
 </wpt>
 <wpt lat="49.05698" lon="-118.99945">
  <name>Find dinner</name>
  <desc></desc>
  <sym>Restaurant</sym>
  <type>Restaurant</type>
 </wpt>
 <wpt lat="49.05559" lon="-118.99677">
  <name>Rags Relics (Breakfast)</name>
  <desc></desc>
  <sym>Restaurant</sym>
  <type>Restaurant</type>
 </wpt>
 <wpt lat="49.05649" lon="-118.99851">
  <name>Convience Store</name>
  <desc></desc>
  <sym>Grocery</sym>
  <type>Grocery</type>
 </wpt>
 <wpt lat="49.05841" lon="-119.00087">
  <name>Prospector Pub</name>
  <desc></desc>
  <sym>Restaurant</sym>
  <type>Restaurant</type>
 </wpt>
 <wpt lat="49.08053" lon="-118.68457">
  <name>Maybe Hells Bells food</name>
  <desc>temp closed?</desc>
  <sym>Restaurant</sym>
  <type>Restaurant</type>
 </wpt>
 <wpt lat="49.0858" lon="-118.67882">
  <name>Gas/Grubhub various food</name>
  <desc></desc>
  <sym>Restaurant</sym>
  <type>Restaurant</type>
 </wpt>
 <wpt lat="49.08786" lon="-118.67738">
  <name>Copper Eagle coffee</name>
  <desc></desc>
  <sym>Restaurant</sym>
  <type>Restaurant</type>
 </wpt>
 <wpt lat="49.04428" lon="-118.47761">
  <name>Wards Lake</name>
  <desc></desc>
  <sym>Water Source</sym>
  <type>Water Source</type>
 </wpt>
 <trk>
  <name>Day 2 - S Beaverdell -&gt; E Grand Forks</name>
  <desc>Split at hydraulic lake to follow hwy33</desc>
  <link href="https://www.strava.com/routes/3489468343803455338"/>
  <type>cycling</type>
  <trkseg>
   <trkpt lat="49.400270000000006" lon="-119.10845">
    <ele>771.45</ele>
   </trkpt>
   <trkpt lat="49.39943666835265" lon="-119.10889334838384">
    <ele>770.29</ele>
   </trkpt>
   <trkpt lat="49.39860333501027" lon="-119.10933668172167">
    <ele>769.61</ele>
   </trkpt>
   <trkpt lat="49.39777" lon="-119.10978000000001">
    <ele>769.0600000000001</ele>
   </trkpt>
   <trkpt lat="49.39697000073944" lon="-119.11021000703526">
    <ele>768.4300000000001</ele>
   </trkpt>
   <trkpt lat="49.396170000000005" lon="-119.11064">
    <ele>768.08</ele>
   </trkpt>
   <trkpt lat="49.395390000000006" lon="-119.111">
    <ele>767.78</ele>
   </trkpt>
   <trkpt lat="49.39482" lon="-119.11114">
    <ele>767.5200000000001</ele>
   </trkpt>
   <trkpt lat="49.39414000000001" lon="-119.11122">
    <ele>767.26</ele>
   </trkpt>
   <trkpt lat="49.39334" lon="-119.11106000000001">
    <ele>766.46</ele>
   </trkpt>
   <trkpt lat="49.392700000000005" lon="-119.11082">
    <ele>766.1600000000001</ele>
   </trkpt>
   <trkpt lat="49.39222000032684" lon="-119.11050499685564">
    <ele>765.6800000000001</ele>
   </trkpt>
   <trkpt lat="49.391740000000006" lon="-119.11019">
    <ele>765.23</ele>
   </trkpt>
   <trkpt lat="49.39103" lon="-119.10949000000001">
    <ele>764.69</ele>
   </trkpt>
   <trkpt lat="49.390575001071284" lon="-119.10900999563623">
    <ele>764.09</ele>
   </trkpt>
   <trkpt lat="49.39012" lon="-119.10853000000002">
    <ele>763.95</ele>
   </trkpt>
   <trkpt lat="49.389625001092604" lon="-119.1080149947577">
    <ele>763.34</ele>
   </trkpt>
   <trkpt lat="49.38913" lon="-119.10750000000002">
    <ele>763.22</ele>
   </trkpt>
   <trkpt lat="49.38856500156769" lon="-119.10691999344989">
    <ele>763.36</ele>
   </trkpt>
   <trkpt lat="49.388000000000005" lon="-119.10634">
    <ele>763.1800000000001</ele>
   </trkpt>
   <trkpt lat="49.38732" lon="-119.10559">
    <ele>763.29</ele>
   </trkpt>
   <trkpt lat="49.38691500068382" lon="-119.10513499601463">
    <ele>763.2700000000001</ele>
   </trkpt>
   <trkpt lat="49.38651" lon="-119.10468000000002">
    <ele>763.4300000000001</ele>
   </trkpt>
   <trkpt lat="49.38578750765466" lon="-119.10390996601504">
    <ele>763.4399999999999</ele>
   </trkpt>
   <trkpt lat="49.38506501019552" lon="-119.10313995467627">
    <ele>763.7100000000002</ele>
   </trkpt>
   <trkpt lat="49.38434250762284" lon="-119.10236996598253">
    <ele>763.96</ele>
   </trkpt>
   <trkpt lat="49.38362" lon="-119.1016">
    <ele>764.4399999999999</ele>
   </trkpt>
   <trkpt lat="49.38318" lon="-119.1012">
    <ele>764.2500000000001</ele>
   </trkpt>
   <trkpt lat="49.382650000000005" lon="-119.10088">
    <ele>764.39</ele>
   </trkpt>
   <trkpt lat="49.382380000000005" lon="-119.10075">
    <ele>764.02</ele>
   </trkpt>
   <trkpt lat="49.38181" lon="-119.10058000000001">
    <ele>763.2</ele>
   </trkpt>
   <trkpt lat="49.381260000000005" lon="-119.10052">
    <ele>762.7600000000001</ele>
   </trkpt>
   <trkpt lat="49.38052500011118" lon="-119.10043499873798">
    <ele>761.87</ele>
   </trkpt>
   <trkpt lat="49.37979000000001" lon="-119.10035">
    <ele>761.53</ele>
   </trkpt>
   <trkpt lat="49.37898333334316" lon="-119.10028666458564">
    <ele>760.4300000000001</ele>
   </trkpt>
   <trkpt lat="49.378176666651704" lon="-119.10022333125039">
    <ele>759.4200000000001</ele>
   </trkpt>
   <trkpt lat="49.377370000000006" lon="-119.10016000000002">
    <ele>758.87</ele>
   </trkpt>
   <trkpt lat="49.37652750010821" lon="-119.1000624949844">
    <ele>758.5400000000001</ele>
   </trkpt>
   <trkpt lat="49.375685000134396" lon="-119.09996499331153">
    <ele>758.4300000000001</ele>
   </trkpt>
   <trkpt lat="49.374842500078586" lon="-119.09986749498118">
    <ele>757.9800000000001</ele>
   </trkpt>
   <trkpt lat="49.374" lon="-119.09977">
    <ele>757.69</ele>
   </trkpt>
   <trkpt lat="49.37352999973897" lon="-119.09973499964553">
    <ele>757.51</ele>
   </trkpt>
   <trkpt lat="49.37306" lon="-119.09970000000001">
    <ele>757.21</ele>
   </trkpt>
   <trkpt lat="49.372310000056494" lon="-119.09963999908784">
    <ele>756.9300000000001</ele>
   </trkpt>
   <trkpt lat="49.37156" lon="-119.09958">
    <ele>756.5400000000001</ele>
   </trkpt>
   <trkpt lat="49.371010000233554" lon="-119.09948999902555">
    <ele>756.23</ele>
   </trkpt>
   <trkpt lat="49.37046" lon="-119.0994">
    <ele>756.0400000000001</ele>
   </trkpt>
   <trkpt lat="49.369835000043" lon="-119.09933999923985">
    <ele>755.47</ele>
   </trkpt>
   <trkpt lat="49.36921" lon="-119.09928000000001">
    <ele>755.29</ele>
   </trkpt>
   <trkpt lat="49.368330000017636" lon="-119.09918499829723">
    <ele>755.09</ele>
   </trkpt>
   <trkpt lat="49.367450000000005" lon="-119.09909">
    <ele>754.4900000000001</ele>
   </trkpt>
   <trkpt lat="49.3667350001926" lon="-119.09904499935713">
    <ele>754.2500000000001</ele>
   </trkpt>
   <trkpt lat="49.366020000000006" lon="-119.099">
    <ele>754.2</ele>
   </trkpt>
   <trkpt lat="49.36549" lon="-119.09888000000001">
    <ele>753.85</ele>
   </trkpt>
   <trkpt lat="49.36483499984726" lon="-119.09882999932148">
    <ele>753.57</ele>
   </trkpt>
   <trkpt lat="49.364180000000005" lon="-119.09878">
    <ele>753.38</ele>
   </trkpt>
   <trkpt lat="49.363820000000004" lon="-119.09878">
    <ele>752.97</ele>
   </trkpt>
   <trkpt lat="49.36297000007698" lon="-119.09867666309239">
    <ele>752.8800000000001</ele>
   </trkpt>
   <trkpt lat="49.36212000006185" lon="-119.09857332975733">
    <ele>752.65</ele>
   </trkpt>
   <trkpt lat="49.361270000000005" lon="-119.09847">
    <ele>752.1300000000001</ele>
   </trkpt>
   <trkpt lat="49.36077" lon="-119.09846">
    <ele>752.1300000000001</ele>
   </trkpt>
   <trkpt lat="49.36031000012937" lon="-119.09841499959089">
    <ele>751.94</ele>
   </trkpt>
   <trkpt lat="49.35985" lon="-119.09837">
    <ele>751.74</ele>
   </trkpt>
   <trkpt lat="49.35942000000001" lon="-119.09829">
    <ele>751.46</ele>
   </trkpt>
   <trkpt lat="49.35857000000001" lon="-119.0982">
    <ele>751.2700000000001</ele>
   </trkpt>
   <trkpt lat="49.3577" lon="-119.09806">
    <ele>750.94</ele>
   </trkpt>
   <trkpt lat="49.357510000000005" lon="-119.09794000000001">
    <ele>750.9300000000001</ele>
   </trkpt>
   <trkpt lat="49.35717" lon="-119.09784">
    <ele>750.9300000000001</ele>
   </trkpt>
   <trkpt lat="49.35661" lon="-119.09761">
    <ele>750.7900000000001</ele>
   </trkpt>
   <trkpt lat="49.35617500035685" lon="-119.09731999743127">
    <ele>750.45</ele>
   </trkpt>
   <trkpt lat="49.355740000000004" lon="-119.09703">
    <ele>750.2800000000001</ele>
   </trkpt>
   <trkpt lat="49.35533500043439" lon="-119.09671499741127">
    <ele>750.07</ele>
   </trkpt>
   <trkpt lat="49.35493" lon="-119.0964">
    <ele>750.0500000000001</ele>
   </trkpt>
   <trkpt lat="49.354620000000004" lon="-119.09609">
    <ele>750.07</ele>
   </trkpt>
   <trkpt lat="49.35424500091495" lon="-119.09564499667964">
    <ele>750.07</ele>
   </trkpt>
   <trkpt lat="49.35387" lon="-119.0952">
    <ele>749.9100000000001</ele>
   </trkpt>
   <trkpt lat="49.353480000000005" lon="-119.09467000000001">
    <ele>749.9100000000001</ele>
   </trkpt>
   <trkpt lat="49.35307000107944" lon="-119.09416999583391">
    <ele>749.8800000000001</ele>
   </trkpt>
   <trkpt lat="49.35266000000001" lon="-119.09367">
    <ele>749.94</ele>
   </trkpt>
   <trkpt lat="49.35225000090017" lon="-119.09319999602238">
    <ele>750.07</ele>
   </trkpt>
   <trkpt lat="49.35184" lon="-119.09273">
    <ele>750.26</ele>
   </trkpt>
   <trkpt lat="49.3514450010661" lon="-119.09222999596979">
    <ele>750.5</ele>
   </trkpt>
   <trkpt lat="49.35105" lon="-119.09173000000001">
    <ele>751.4000000000001</ele>
   </trkpt>
   <trkpt lat="49.35057666953166" lon="-119.09115332223192">
    <ele>751.19</ele>
   </trkpt>
   <trkpt lat="49.350103336194685" lon="-119.09057665556095">
    <ele>751.59</ele>
   </trkpt>
   <trkpt lat="49.349630000000005" lon="-119.09">
    <ele>751.74</ele>
   </trkpt>
   <trkpt lat="49.34897" lon="-119.08929">
    <ele>751.7800000000001</ele>
   </trkpt>
   <trkpt lat="49.34864" lon="-119.08906">
    <ele>751.6</ele>
   </trkpt>
   <trkpt lat="49.348290000000006" lon="-119.08894000000001">
    <ele>751.58</ele>
   </trkpt>
   <trkpt lat="49.348060000000004" lon="-119.08889">
    <ele>751.6600000000001</ele>
   </trkpt>
   <trkpt lat="49.34772" lon="-119.08888">
    <ele>751.71</ele>
   </trkpt>
   <trkpt lat="49.34690500012931" lon="-119.08908500340887">
    <ele>751.3900000000001</ele>
   </trkpt>
   <trkpt lat="49.346090000000004" lon="-119.08929">
    <ele>750.82</ele>
   </trkpt>
   <trkpt lat="49.34554000000001" lon="-119.08947">
    <ele>750.74</ele>
   </trkpt>
   <trkpt lat="49.344710000000006" lon="-119.08947">
    <ele>750.1700000000001</ele>
   </trkpt>
   <trkpt lat="49.343970000000006" lon="-119.08922000000001">
    <ele>749.5600000000001</ele>
   </trkpt>
   <trkpt lat="49.34364" lon="-119.08902">
    <ele>749.4300000000001</ele>
   </trkpt>
   <trkpt lat="49.34322" lon="-119.0887">
    <ele>748.98</ele>
   </trkpt>
   <trkpt lat="49.342670000000005" lon="-119.08803">
    <ele>748.2500000000001</ele>
   </trkpt>
   <trkpt lat="49.342290000000006" lon="-119.08741">
    <ele>747.7600000000001</ele>
   </trkpt>
   <trkpt lat="49.34204500190853" lon="-119.08675999699241">
    <ele>747.48</ele>
   </trkpt>
   <trkpt lat="49.341800000000006" lon="-119.08611">
    <ele>746.9300000000001</ele>
   </trkpt>
   <trkpt lat="49.34143431851204" lon="-119.08498423552322">
    <ele>746.38</ele>
   </trkpt>
   <trkpt lat="49.34106862609128" lon="-119.08385848777772">
    <ele>745.53</ele>
   </trkpt>
   <trkpt lat="49.34070292273807" lon="-119.08273275676353">
    <ele>745.23</ele>
   </trkpt>
   <trkpt lat="49.34033720845272" lon="-119.0816070424807">
    <ele>744.57</ele>
   </trkpt>
   <trkpt lat="49.33997148323551" lon="-119.08048134492928">
    <ele>744.2500000000001</ele>
   </trkpt>
   <trkpt lat="49.339605747086765" lon="-119.07935566410931">
    <ele>744.19</ele>
   </trkpt>
   <trkpt lat="49.339240000000004" lon="-119.07823">
    <ele>744.1600000000001</ele>
   </trkpt>
   <trkpt lat="49.338995002104404" lon="-119.07753499659955">
    <ele>744.11</ele>
   </trkpt>
   <trkpt lat="49.338750000000005" lon="-119.07684">
    <ele>744.0600000000001</ele>
   </trkpt>
   <trkpt lat="49.33838802057939" lon="-119.07574796788668">
    <ele>744.08</ele>
   </trkpt>
   <trkpt lat="49.338026030871205" lon="-119.07465595183729">
    <ele>743.97</ele>
   </trkpt>
   <trkpt lat="49.337664030875736" lon="-119.07356395185177">
    <ele>743.99</ele>
   </trkpt>
   <trkpt lat="49.33730202059327" lon="-119.07247196793023">
    <ele>743.82</ele>
   </trkpt>
   <trkpt lat="49.336940000000006" lon="-119.07138">
    <ele>743.0300000000001</ele>
   </trkpt>
   <trkpt lat="49.336780000000005" lon="-119.07057">
    <ele>742.92</ele>
   </trkpt>
   <trkpt lat="49.336780000000005" lon="-119.06977">
    <ele>742.5200000000001</ele>
   </trkpt>
   <trkpt lat="49.3368400031504" lon="-119.06891500108257">
    <ele>742.01</ele>
   </trkpt>
   <trkpt lat="49.33690000000001" lon="-119.06806">
    <ele>741.6100000000001</ele>
   </trkpt>
   <trkpt lat="49.33697" lon="-119.06748">
    <ele>741.1500000000001</ele>
   </trkpt>
   <trkpt lat="49.337030000000006" lon="-119.06718000000001">
    <ele>741.1500000000001</ele>
   </trkpt>
   <trkpt lat="49.337030000000006" lon="-119.06719000000001">
    <ele>741.1500000000001</ele>
   </trkpt>
   <trkpt lat="49.337140000000005" lon="-119.06669000000001">
    <ele>740.65</ele>
   </trkpt>
   <trkpt lat="49.33740000282016" lon="-119.06587500444618">
    <ele>740.46</ele>
   </trkpt>
   <trkpt lat="49.33766000000001" lon="-119.06506000000002">
    <ele>740.5500000000001</ele>
   </trkpt>
   <trkpt lat="49.33778" lon="-119.06432000000001">
    <ele>740.45</ele>
   </trkpt>
   <trkpt lat="49.337830000000004" lon="-119.06368">
    <ele>740.21</ele>
   </trkpt>
   <trkpt lat="49.3378" lon="-119.0631">
    <ele>740.02</ele>
   </trkpt>
   <trkpt lat="49.33767" lon="-119.06226000000001">
    <ele>739.4900000000001</ele>
   </trkpt>
   <trkpt lat="49.33751" lon="-119.06175">
    <ele>739.2800000000001</ele>
   </trkpt>
   <trkpt lat="49.33729" lon="-119.06121">
    <ele>739.1800000000001</ele>
   </trkpt>
   <trkpt lat="49.33678000456016" lon="-119.06018498943597">
    <ele>739.1</ele>
   </trkpt>
   <trkpt lat="49.336270000000006" lon="-119.05916">
    <ele>738.87</ele>
   </trkpt>
   <trkpt lat="49.33581" lon="-119.05821000000002">
    <ele>738.6800000000001</ele>
   </trkpt>
   <trkpt lat="49.335660000000004" lon="-119.05777">
    <ele>738.6600000000001</ele>
   </trkpt>
   <trkpt lat="49.335550000000005" lon="-119.05683">
    <ele>738.7</ele>
   </trkpt>
   <trkpt lat="49.335620000000006" lon="-119.05616">
    <ele>738.48</ele>
   </trkpt>
   <trkpt lat="49.335750000000004" lon="-119.05535">
    <ele>738.2900000000001</ele>
   </trkpt>
   <trkpt lat="49.335800000000006" lon="-119.05462000000001">
    <ele>738.4000000000001</ele>
   </trkpt>
   <trkpt lat="49.335770000000004" lon="-119.0541">
    <ele>738.46</ele>
   </trkpt>
   <trkpt lat="49.335620000000006" lon="-119.05351">
    <ele>738.3000000000001</ele>
   </trkpt>
   <trkpt lat="49.33519667444933" lon="-119.05255998365168">
    <ele>738.32</ele>
   </trkpt>
   <trkpt lat="49.33477334111273" lon="-119.0516099836446">
    <ele>738.2</ele>
   </trkpt>
   <trkpt lat="49.33435" lon="-119.05066000000001">
    <ele>737.14</ele>
   </trkpt>
   <trkpt lat="49.33405000155451" lon="-119.05004999617947">
    <ele>736.75</ele>
   </trkpt>
   <trkpt lat="49.33375" lon="-119.04944">
    <ele>736.5400000000001</ele>
   </trkpt>
   <trkpt lat="49.333450000000006" lon="-119.04896000000001">
    <ele>736.3000000000001</ele>
   </trkpt>
   <trkpt lat="49.33317" lon="-119.04865000000001">
    <ele>736.14</ele>
   </trkpt>
   <trkpt lat="49.33283" lon="-119.04837">
    <ele>735.9000000000001</ele>
   </trkpt>
   <trkpt lat="49.332550000000005" lon="-119.04819">
    <ele>735.26</ele>
   </trkpt>
   <trkpt lat="49.33214" lon="-119.04800000000002">
    <ele>735.1800000000001</ele>
   </trkpt>
   <trkpt lat="49.331403334120786" lon="-119.04768665726361">
    <ele>734.59</ele>
   </trkpt>
   <trkpt lat="49.330666667394574" lon="-119.04737332390513">
    <ele>734.2400000000001</ele>
   </trkpt>
   <trkpt lat="49.329930000000004" lon="-119.04706000000002">
    <ele>733.5600000000001</ele>
   </trkpt>
   <trkpt lat="49.32947500012607" lon="-119.04679499744782">
    <ele>733.41</ele>
   </trkpt>
   <trkpt lat="49.32902000000001" lon="-119.04653">
    <ele>732.6400000000001</ele>
   </trkpt>
   <trkpt lat="49.32876" lon="-119.04629000000001">
    <ele>732.6400000000001</ele>
   </trkpt>
   <trkpt lat="49.32853" lon="-119.04612000000002">
    <ele>732.45</ele>
   </trkpt>
   <trkpt lat="49.32822" lon="-119.04581">
    <ele>731.95</ele>
   </trkpt>
   <trkpt lat="49.32782" lon="-119.04528">
    <ele>731.1200000000001</ele>
   </trkpt>
   <trkpt lat="49.3275" lon="-119.04480000000001">
    <ele>730.95</ele>
   </trkpt>
   <trkpt lat="49.32706000199734" lon="-119.04411999392721">
    <ele>730.6700000000001</ele>
   </trkpt>
   <trkpt lat="49.326620000000005" lon="-119.04344">
    <ele>730.6700000000001</ele>
   </trkpt>
   <trkpt lat="49.326280000000004" lon="-119.04299">
    <ele>730.4</ele>
   </trkpt>
   <trkpt lat="49.32584000000001" lon="-119.04259">
    <ele>729.98</ele>
   </trkpt>
   <trkpt lat="49.32546000000001" lon="-119.04237">
    <ele>729.75</ele>
   </trkpt>
   <trkpt lat="49.32526000000001" lon="-119.04228">
    <ele>729.84</ele>
   </trkpt>
   <trkpt lat="49.32495" lon="-119.04223">
    <ele>729.86</ele>
   </trkpt>
   <trkpt lat="49.32462" lon="-119.04220000000001">
    <ele>729.74</ele>
   </trkpt>
   <trkpt lat="49.32424" lon="-119.04227000000002">
    <ele>729.44</ele>
   </trkpt>
   <trkpt lat="49.32385000000001" lon="-119.04237">
    <ele>729.46</ele>
   </trkpt>
   <trkpt lat="49.32347000000001" lon="-119.04254000000002">
    <ele>729.38</ele>
   </trkpt>
   <trkpt lat="49.323170000000005" lon="-119.04255">
    <ele>729.0600000000001</ele>
   </trkpt>
   <trkpt lat="49.32284000000001" lon="-119.0425">
    <ele>728.99</ele>
   </trkpt>
   <trkpt lat="49.32226500027924" lon="-119.04220999657161">
    <ele>728.6300000000001</ele>
   </trkpt>
   <trkpt lat="49.321690000000004" lon="-119.04192">
    <ele>728.28</ele>
   </trkpt>
   <trkpt lat="49.32092" lon="-119.04176000000001">
    <ele>727.97</ele>
   </trkpt>
   <trkpt lat="49.32018800006545" lon="-119.04169599619445">
    <ele>727.5500000000001</ele>
   </trkpt>
   <trkpt lat="49.31945600009557" lon="-119.04163199429155">
    <ele>727.0000000000001</ele>
   </trkpt>
   <trkpt lat="49.31872400009033" lon="-119.04156799429121">
    <ele>726.6800000000001</ele>
   </trkpt>
   <trkpt lat="49.31799200004975" lon="-119.0415039961933">
    <ele>726.28</ele>
   </trkpt>
   <trkpt lat="49.317260000000005" lon="-119.04144000000001">
    <ele>726.28</ele>
   </trkpt>
   <trkpt lat="49.31683" lon="-119.04153000000001">
    <ele>725.8100000000001</ele>
   </trkpt>
   <trkpt lat="49.31623000033016" lon="-119.04172667145932">
    <ele>725.38</ele>
   </trkpt>
   <trkpt lat="49.315630000326614" lon="-119.04192333812708">
    <ele>725.04</ele>
   </trkpt>
   <trkpt lat="49.31503000000001" lon="-119.04212000000001">
    <ele>724.7300000000001</ele>
   </trkpt>
   <trkpt lat="49.31503000000001" lon="-119.04213000000001">
    <ele>724.7300000000001</ele>
   </trkpt>
   <trkpt lat="49.314302500766004" lon="-119.04236751051138">
    <ele>724.34</ele>
   </trkpt>
   <trkpt lat="49.3135750010453" lon="-119.0426050140071">
    <ele>724.11</ele>
   </trkpt>
   <trkpt lat="49.31284750083793" lon="-119.04284251048752">
    <ele>723.1500000000001</ele>
   </trkpt>
   <trkpt lat="49.31212000000001" lon="-119.04308">
    <ele>722.83</ele>
   </trkpt>
   <trkpt lat="49.31183" lon="-119.04317">
    <ele>722.49</ele>
   </trkpt>
   <trkpt lat="49.31148" lon="-119.04317">
    <ele>723.0000000000001</ele>
   </trkpt>
   <trkpt lat="49.31114" lon="-119.04313">
    <ele>722.7800000000001</ele>
   </trkpt>
   <trkpt lat="49.31064000000001" lon="-119.04303000000002">
    <ele>722.08</ele>
   </trkpt>
   <trkpt lat="49.309946666951774" lon="-119.04284332807505">
    <ele>721.46</ele>
   </trkpt>
   <trkpt lat="49.30925333360291" lon="-119.04265666140428">
    <ele>721.2900000000001</ele>
   </trkpt>
   <trkpt lat="49.30856000000001" lon="-119.04247000000001">
    <ele>720.89</ele>
   </trkpt>
   <trkpt lat="49.30771400069586" lon="-119.0422699862646">
    <ele>720.31</ele>
   </trkpt>
   <trkpt lat="49.306868001046546" lon="-119.042069979398">
    <ele>719.9700000000001</ele>
   </trkpt>
   <trkpt lat="49.3060220010521" lon="-119.04186997939973">
    <ele>719.4100000000001</ele>
   </trkpt>
   <trkpt lat="49.30517600071253" lon="-119.04166998626943">
    <ele>719.07</ele>
   </trkpt>
   <trkpt lat="49.30433000000001" lon="-119.04147">
    <ele>718.7500000000001</ele>
   </trkpt>
   <trkpt lat="49.30364" lon="-119.04127000000001">
    <ele>718.1500000000001</ele>
   </trkpt>
   <trkpt lat="49.302960000000006" lon="-119.04111">
    <ele>717.84</ele>
   </trkpt>
   <trkpt lat="49.3022700001568" lon="-119.04096332921992">
    <ele>717.35</ele>
   </trkpt>
   <trkpt lat="49.301580000128" lon="-119.0408166625472">
    <ele>716.94</ele>
   </trkpt>
   <trkpt lat="49.30089" lon="-119.04067">
    <ele>716.7900000000001</ele>
   </trkpt>
   <trkpt lat="49.30037" lon="-119.04049">
    <ele>716.37</ele>
   </trkpt>
   <trkpt lat="49.300050000000006" lon="-119.04028000000001">
    <ele>716.44</ele>
   </trkpt>
   <trkpt lat="49.29975" lon="-119.03995">
    <ele>716.5600000000001</ele>
   </trkpt>
   <trkpt lat="49.299440000000004" lon="-119.0395">
    <ele>716.34</ele>
   </trkpt>
   <trkpt lat="49.29914" lon="-119.0387">
    <ele>716.25</ele>
   </trkpt>
   <trkpt lat="49.299040000000005" lon="-119.03816">
    <ele>716.3100000000001</ele>
   </trkpt>
   <trkpt lat="49.29896" lon="-119.0369">
    <ele>716.1400000000001</ele>
   </trkpt>
   <trkpt lat="49.29889000000001" lon="-119.03637">
    <ele>716.1400000000001</ele>
   </trkpt>
   <trkpt lat="49.29874" lon="-119.03579">
    <ele>715.7</ele>
   </trkpt>
   <trkpt lat="49.29856" lon="-119.03542000000002">
    <ele>715.1700000000001</ele>
   </trkpt>
   <trkpt lat="49.29825" lon="-119.03502">
    <ele>715.09</ele>
   </trkpt>
   <trkpt lat="49.29793" lon="-119.03476">
    <ele>714.9100000000001</ele>
   </trkpt>
   <trkpt lat="49.29746" lon="-119.03457000000002">
    <ele>714.98</ele>
   </trkpt>
   <trkpt lat="49.296593333729675" lon="-119.03435665916525">
    <ele>714.3600000000001</ele>
   </trkpt>
   <trkpt lat="49.295726667066624" lon="-119.03414332583296">
    <ele>714.21</ele>
   </trkpt>
   <trkpt lat="49.29486000000001" lon="-119.03393000000001">
    <ele>714.23</ele>
   </trkpt>
   <trkpt lat="49.29449" lon="-119.0339">
    <ele>714.2900000000001</ele>
   </trkpt>
   <trkpt lat="49.294230000000006" lon="-119.0339">
    <ele>714.2700000000001</ele>
   </trkpt>
   <trkpt lat="49.293940000000006" lon="-119.03396000000001">
    <ele>714.0500000000001</ele>
   </trkpt>
   <trkpt lat="49.293580000000006" lon="-119.03413">
    <ele>713.8500000000001</ele>
   </trkpt>
   <trkpt lat="49.29280000000001" lon="-119.03463">
    <ele>713.83</ele>
   </trkpt>
   <trkpt lat="49.29280000000001" lon="-119.03464000000001">
    <ele>713.83</ele>
   </trkpt>
   <trkpt lat="49.29197666912767" lon="-119.03517001767995">
    <ele>713.95</ele>
   </trkpt>
   <trkpt lat="49.2911533358314" lon="-119.03570001765571">
    <ele>713.8800000000001</ele>
   </trkpt>
   <trkpt lat="49.290330000000004" lon="-119.03623">
    <ele>713.0300000000001</ele>
   </trkpt>
   <trkpt lat="49.29014" lon="-119.03632">
    <ele>712.9300000000001</ele>
   </trkpt>
   <trkpt lat="49.28980000000001" lon="-119.03641">
    <ele>712.7</ele>
   </trkpt>
   <trkpt lat="49.289300000000004" lon="-119.03638000000001">
    <ele>712.1200000000001</ele>
   </trkpt>
   <trkpt lat="49.28867" lon="-119.03623">
    <ele>711.77</ele>
   </trkpt>
   <trkpt lat="49.28815" lon="-119.03620000000001">
    <ele>711.33</ele>
   </trkpt>
   <trkpt lat="49.28748" lon="-119.03602000000001">
    <ele>710.9700000000001</ele>
   </trkpt>
   <trkpt lat="49.287290000000006" lon="-119.03589000000001">
    <ele>710.8000000000001</ele>
   </trkpt>
   <trkpt lat="49.28705" lon="-119.03566000000001">
    <ele>710.8100000000001</ele>
   </trkpt>
   <trkpt lat="49.286840000000005" lon="-119.0353">
    <ele>711.2</ele>
   </trkpt>
   <trkpt lat="49.2867" lon="-119.03488000000002">
    <ele>711.13</ele>
   </trkpt>
   <trkpt lat="49.286590000000004" lon="-119.03426">
    <ele>710.62</ele>
   </trkpt>
   <trkpt lat="49.286620000000006" lon="-119.03378000000001">
    <ele>710.4100000000001</ele>
   </trkpt>
   <trkpt lat="49.28676" lon="-119.03272000000001">
    <ele>709.88</ele>
   </trkpt>
   <trkpt lat="49.28676" lon="-119.03273000000002">
    <ele>709.89</ele>
   </trkpt>
   <trkpt lat="49.28678000000001" lon="-119.03261">
    <ele>709.8700000000001</ele>
   </trkpt>
   <trkpt lat="49.28669000000001" lon="-119.03186000000001">
    <ele>709.64</ele>
   </trkpt>
   <trkpt lat="49.28649" lon="-119.03135">
    <ele>709.4200000000001</ele>
   </trkpt>
   <trkpt lat="49.28633000000001" lon="-119.03110000000001">
    <ele>709.2700000000001</ele>
   </trkpt>
   <trkpt lat="49.28611" lon="-119.03090000000002">
    <ele>708.76</ele>
   </trkpt>
   <trkpt lat="49.28585" lon="-119.03077">
    <ele>708.4200000000001</ele>
   </trkpt>
   <trkpt lat="49.28562" lon="-119.03068">
    <ele>708.28</ele>
   </trkpt>
   <trkpt lat="49.28538" lon="-119.03068">
    <ele>708.1700000000001</ele>
   </trkpt>
   <trkpt lat="49.28499" lon="-119.03068">
    <ele>708.1700000000001</ele>
   </trkpt>
   <trkpt lat="49.284690000000005" lon="-119.03059">
    <ele>707.74</ele>
   </trkpt>
   <trkpt lat="49.284200000000006" lon="-119.03028">
    <ele>707.67</ele>
   </trkpt>
   <trkpt lat="49.283730000816796" lon="-119.02981999552138">
    <ele>706.9200000000001</ele>
   </trkpt>
   <trkpt lat="49.283260000000006" lon="-119.02936000000001">
    <ele>706.5100000000001</ele>
   </trkpt>
   <trkpt lat="49.282970000000006" lon="-119.0292">
    <ele>705.98</ele>
   </trkpt>
   <trkpt lat="49.282650000000004" lon="-119.02907">
    <ele>705.74</ele>
   </trkpt>
   <trkpt lat="49.28239000000001" lon="-119.02904000000001">
    <ele>705.61</ele>
   </trkpt>
   <trkpt lat="49.28163000000001" lon="-119.02925">
    <ele>704.99</ele>
   </trkpt>
   <trkpt lat="49.281330000000004" lon="-119.02938">
    <ele>704.9000000000001</ele>
   </trkpt>
   <trkpt lat="49.28069000000001" lon="-119.02947">
    <ele>704.23</ele>
   </trkpt>
   <trkpt lat="49.28041" lon="-119.02938">
    <ele>704.2400000000001</ele>
   </trkpt>
   <trkpt lat="49.28009" lon="-119.0292">
    <ele>704.33</ele>
   </trkpt>
   <trkpt lat="49.27969" lon="-119.02875000000002">
    <ele>703.79</ele>
   </trkpt>
   <trkpt lat="49.279520000000005" lon="-119.02844">
    <ele>703.4100000000001</ele>
   </trkpt>
   <trkpt lat="49.27919000000001" lon="-119.02759">
    <ele>702.67</ele>
   </trkpt>
   <trkpt lat="49.27888" lon="-119.02701">
    <ele>702.23</ele>
   </trkpt>
   <trkpt lat="49.278620000000004" lon="-119.0267">
    <ele>701.79</ele>
   </trkpt>
   <trkpt lat="49.27805000000001" lon="-119.02617000000001">
    <ele>701.1500000000001</ele>
   </trkpt>
   <trkpt lat="49.277460000000005" lon="-119.02571">
    <ele>700.88</ele>
   </trkpt>
   <trkpt lat="49.276920000000004" lon="-119.02496000000001">
    <ele>699.89</ele>
   </trkpt>
   <trkpt lat="49.2768" lon="-119.02474000000001">
    <ele>699.79</ele>
   </trkpt>
   <trkpt lat="49.27649" lon="-119.02415">
    <ele>699.3100000000001</ele>
   </trkpt>
   <trkpt lat="49.27613000479332" lon="-119.023094992273">
    <ele>698.58</ele>
   </trkpt>
   <trkpt lat="49.27577" lon="-119.02204">
    <ele>697.49</ele>
   </trkpt>
   <trkpt lat="49.27554000000001" lon="-119.02163000000002">
    <ele>697.3900000000001</ele>
   </trkpt>
   <trkpt lat="49.275290000000005" lon="-119.02125000000001">
    <ele>697.19</ele>
   </trkpt>
   <trkpt lat="49.275040000000004" lon="-119.02106">
    <ele>697.16</ele>
   </trkpt>
   <trkpt lat="49.274270000550196" lon="-119.02067999403218">
    <ele>696.35</ele>
   </trkpt>
   <trkpt lat="49.273500000000006" lon="-119.0203">
    <ele>695.44</ele>
   </trkpt>
   <trkpt lat="49.27309" lon="-119.0202">
    <ele>695.0400000000001</ele>
   </trkpt>
   <trkpt lat="49.272510000000004" lon="-119.0202">
    <ele>694.4300000000001</ele>
   </trkpt>
   <trkpt lat="49.271980000000006" lon="-119.0203">
    <ele>693.96</ele>
   </trkpt>
   <trkpt lat="49.27156" lon="-119.02052">
    <ele>693.45</ele>
   </trkpt>
   <trkpt lat="49.270970000000005" lon="-119.02084">
    <ele>693.19</ele>
   </trkpt>
   <trkpt lat="49.270610000000005" lon="-119.02096000000002">
    <ele>693.19</ele>
   </trkpt>
   <trkpt lat="49.270160000000004" lon="-119.02092">
    <ele>692.7800000000001</ele>
   </trkpt>
   <trkpt lat="49.26973" lon="-119.0207">
    <ele>692.6800000000001</ele>
   </trkpt>
   <trkpt lat="49.26908" lon="-119.02007">
    <ele>691.12</ele>
   </trkpt>
   <trkpt lat="49.268620000000006" lon="-119.01972">
    <ele>690.79</ele>
   </trkpt>
   <trkpt lat="49.26815500015692" lon="-119.01960499894085">
    <ele>690.3800000000001</ele>
   </trkpt>
   <trkpt lat="49.26769" lon="-119.01949">
    <ele>689.7500000000001</ele>
   </trkpt>
   <trkpt lat="49.266920000000006" lon="-119.01922">
    <ele>689.1</ele>
   </trkpt>
   <trkpt lat="49.26641" lon="-119.01892000000001">
    <ele>688.37</ele>
   </trkpt>
   <trkpt lat="49.26586" lon="-119.01868">
    <ele>687.86</ele>
   </trkpt>
   <trkpt lat="49.26549000000001" lon="-119.01832">
    <ele>687.49</ele>
   </trkpt>
   <trkpt lat="49.26518" lon="-119.01820000000001">
    <ele>687.01</ele>
   </trkpt>
   <trkpt lat="49.26485" lon="-119.01797">
    <ele>686.9000000000001</ele>
   </trkpt>
   <trkpt lat="49.26440500088402" lon="-119.01753999620539">
    <ele>685.9200000000001</ele>
   </trkpt>
   <trkpt lat="49.263960000000004" lon="-119.01711000000002">
    <ele>685.9000000000001</ele>
   </trkpt>
   <trkpt lat="49.26384" lon="-119.01702000000002">
    <ele>685.67</ele>
   </trkpt>
   <trkpt lat="49.263740000000006" lon="-119.01683000000001">
    <ele>684.9900000000001</ele>
   </trkpt>
   <trkpt lat="49.26325000069366" lon="-119.01643499609415">
    <ele>683.62</ele>
   </trkpt>
   <trkpt lat="49.26276000000001" lon="-119.01604">
    <ele>681.33</ele>
   </trkpt>
   <trkpt lat="49.262040000000006" lon="-119.01568">
    <ele>677.94</ele>
   </trkpt>
   <trkpt lat="49.261790000000005" lon="-119.01541">
    <ele>677.0400000000001</ele>
   </trkpt>
   <trkpt lat="49.26133667029724" lon="-119.01475998803541">
    <ele>676.51</ele>
   </trkpt>
   <trkpt lat="49.260883336948126" lon="-119.01410998801296">
    <ele>676.58</ele>
   </trkpt>
   <trkpt lat="49.26043000000001" lon="-119.01346000000001">
    <ele>676.33</ele>
   </trkpt>
   <trkpt lat="49.25983" lon="-119.01268">
    <ele>676.21</ele>
   </trkpt>
   <trkpt lat="49.25920500382561" lon="-119.01213497927772">
    <ele>676.09</ele>
   </trkpt>
   <trkpt lat="49.25858000508766" lon="-119.01158997235925">
    <ele>672.7800000000001</ele>
   </trkpt>
   <trkpt lat="49.257955003786265" lon="-119.01104497924409">
    <ele>670.54</ele>
   </trkpt>
   <trkpt lat="49.25733" lon="-119.01050000000001">
    <ele>670.88</ele>
   </trkpt>
   <trkpt lat="49.2571" lon="-119.01041000000001">
    <ele>671.1</ele>
   </trkpt>
   <trkpt lat="49.25685000000001" lon="-119.01049">
    <ele>672.13</ele>
   </trkpt>
   <trkpt lat="49.256640000000004" lon="-119.01071">
    <ele>673.03</ele>
   </trkpt>
   <trkpt lat="49.25636" lon="-119.01120000000002">
    <ele>672.91</ele>
   </trkpt>
   <trkpt lat="49.256170000000004" lon="-119.01126000000001">
    <ele>672.46</ele>
   </trkpt>
   <trkpt lat="49.255930000000006" lon="-119.01120000000002">
    <ele>671.83</ele>
   </trkpt>
   <trkpt lat="49.25585" lon="-119.01121">
    <ele>671.64</ele>
   </trkpt>
   <trkpt lat="49.25555000000001" lon="-119.01104000000001">
    <ele>671.19</ele>
   </trkpt>
   <trkpt lat="49.255210000000005" lon="-119.01071">
    <ele>671.0200000000001</ele>
   </trkpt>
   <trkpt lat="49.2548" lon="-119.01010000000001">
    <ele>671.0600000000001</ele>
   </trkpt>
   <trkpt lat="49.25455" lon="-119.00977">
    <ele>671.0600000000001</ele>
   </trkpt>
   <trkpt lat="49.254200000000004" lon="-119.00937">
    <ele>670.9200000000001</ele>
   </trkpt>
   <trkpt lat="49.25381" lon="-119.00911">
    <ele>671.1600000000001</ele>
   </trkpt>
   <trkpt lat="49.253330000000005" lon="-119.00906">
    <ele>671.5500000000001</ele>
   </trkpt>
   <trkpt lat="49.25249" lon="-119.00892">
    <ele>674.36</ele>
   </trkpt>
   <trkpt lat="49.25198" lon="-119.00886000000001">
    <ele>674.13</ele>
   </trkpt>
   <trkpt lat="49.251560000000005" lon="-119.00880000000001">
    <ele>673.07</ele>
   </trkpt>
   <trkpt lat="49.251090000000005" lon="-119.00892">
    <ele>672.42</ele>
   </trkpt>
   <trkpt lat="49.25052" lon="-119.00915">
    <ele>672.27</ele>
   </trkpt>
   <trkpt lat="49.25006500017952" lon="-119.00939500230082">
    <ele>672.5699999999999</ele>
   </trkpt>
   <trkpt lat="49.249610000000004" lon="-119.00964">
    <ele>672.5699999999999</ele>
   </trkpt>
   <trkpt lat="49.24898000046233" lon="-119.00993500372373">
    <ele>672.73</ele>
   </trkpt>
   <trkpt lat="49.24835" lon="-119.01023">
    <ele>672.5000000000001</ele>
   </trkpt>
   <trkpt lat="49.247710000000005" lon="-119.01062">
    <ele>671.64</ele>
   </trkpt>
   <trkpt lat="49.247095003187994" lon="-119.0111150184842">
    <ele>670.86</ele>
   </trkpt>
   <trkpt lat="49.24648000426108" lon="-119.01161002463678">
    <ele>670.1700000000001</ele>
   </trkpt>
   <trkpt lat="49.24586500321937" lon="-119.01210501845833">
    <ele>669.86</ele>
   </trkpt>
   <trkpt lat="49.245250000000006" lon="-119.0126">
    <ele>669.74</ele>
   </trkpt>
   <trkpt lat="49.244620000000005" lon="-119.01295">
    <ele>669.15</ele>
   </trkpt>
   <trkpt lat="49.24428" lon="-119.01304">
    <ele>668.82</ele>
   </trkpt>
   <trkpt lat="49.2435640010237" lon="-119.01328201403122">
    <ele>668.0500000000001</ele>
   </trkpt>
   <trkpt lat="49.24284800154189" lon="-119.01352402104429">
    <ele>667.47</ele>
   </trkpt>
   <trkpt lat="49.24213200155458" lon="-119.01376602103963">
    <ele>666.83</ele>
   </trkpt>
   <trkpt lat="49.24141600106182" lon="-119.01400801401758">
    <ele>666.0200000000001</ele>
   </trkpt>
   <trkpt lat="49.240700000000004" lon="-119.01425">
    <ele>665.37</ele>
   </trkpt>
   <trkpt lat="49.240070000091805" lon="-119.01443500237639">
    <ele>664.6500000000001</ele>
   </trkpt>
   <trkpt lat="49.23944" lon="-119.01462000000001">
    <ele>664.39</ele>
   </trkpt>
   <trkpt lat="49.238740000177664" lon="-119.01486000342591">
    <ele>663.91</ele>
   </trkpt>
   <trkpt lat="49.238040000000005" lon="-119.0151">
    <ele>663.63</ele>
   </trkpt>
   <trkpt lat="49.237213333997545" lon="-119.01536667557677">
    <ele>663.6200000000001</ele>
   </trkpt>
   <trkpt lat="49.23638666738128" lon="-119.015633342227">
    <ele>663.39</ele>
   </trkpt>
   <trkpt lat="49.23556000000001" lon="-119.01590000000002">
    <ele>663.2800000000001</ele>
   </trkpt>
   <trkpt lat="49.234720000603666" lon="-119.0161600088366">
    <ele>663.15</ele>
   </trkpt>
   <trkpt lat="49.23388000062382" lon="-119.01642000883015">
    <ele>662.85</ele>
   </trkpt>
   <trkpt lat="49.23304" lon="-119.01668000000001">
    <ele>662.37</ele>
   </trkpt>
   <trkpt lat="49.23229500079917" lon="-119.01692501107719">
    <ele>661.72</ele>
   </trkpt>
   <trkpt lat="49.23155000108018" lon="-119.0171700147645">
    <ele>661.6200000000001</ele>
   </trkpt>
   <trkpt lat="49.23080500084307" lon="-119.01741501106234">
    <ele>661.3500000000001</ele>
   </trkpt>
   <trkpt lat="49.23006" lon="-119.01766">
    <ele>660.7400000000001</ele>
   </trkpt>
   <trkpt lat="49.23006" lon="-119.01767000000001">
    <ele>660.7400000000001</ele>
   </trkpt>
   <trkpt lat="49.229595000386" lon="-119.01782000131861">
    <ele>660.81</ele>
   </trkpt>
   <trkpt lat="49.229130000000005" lon="-119.01797">
    <ele>660.82</ele>
   </trkpt>
   <trkpt lat="49.22826500010405" lon="-119.01814000298039">
    <ele>661.32</ele>
   </trkpt>
   <trkpt lat="49.2274" lon="-119.01831000000001">
    <ele>662.09</ele>
   </trkpt>
   <trkpt lat="49.22689999975305" lon="-119.01836500058518">
    <ele>662.4000000000001</ele>
   </trkpt>
   <trkpt lat="49.226400000000005" lon="-119.01842">
    <ele>662.73</ele>
   </trkpt>
   <trkpt lat="49.22594999982104" lon="-119.01855000125673">
    <ele>662.5000000000001</ele>
   </trkpt>
   <trkpt lat="49.225500000000004" lon="-119.01868">
    <ele>662.51</ele>
   </trkpt>
   <trkpt lat="49.224656666806695" lon="-119.01883000512967">
    <ele>662.48</ele>
   </trkpt>
   <trkpt lat="49.22381333341919" lon="-119.0189800051392">
    <ele>662.24</ele>
   </trkpt>
   <trkpt lat="49.222970000000004" lon="-119.01913">
    <ele>662.21</ele>
   </trkpt>
   <trkpt lat="49.222210000000004" lon="-119.01886">
    <ele>661.88</ele>
   </trkpt>
   <trkpt lat="49.221523333479794" lon="-119.01873999666913">
    <ele>661.73</ele>
   </trkpt>
   <trkpt lat="49.2208366668353" lon="-119.01861999667305">
    <ele>661.0400000000001</ele>
   </trkpt>
   <trkpt lat="49.220150000000004" lon="-119.0185">
    <ele>660.24</ele>
   </trkpt>
   <trkpt lat="49.219423333474296" lon="-119.01860333636503">
    <ele>658.46</ele>
   </trkpt>
   <trkpt lat="49.218696666856424" lon="-119.01870666969138">
    <ele>657.97</ele>
   </trkpt>
   <trkpt lat="49.21797" lon="-119.01881000000002">
    <ele>658.2</ele>
   </trkpt>
   <trkpt lat="49.21733000005156" lon="-119.01878999974258">
    <ele>657.98</ele>
   </trkpt>
   <trkpt lat="49.21669000000001" lon="-119.01877">
    <ele>656.27</ele>
   </trkpt>
   <trkpt lat="49.21618000019796" lon="-119.01863499863865">
    <ele>653.5300000000001</ele>
   </trkpt>
   <trkpt lat="49.21567" lon="-119.0185">
    <ele>652.51</ele>
   </trkpt>
   <trkpt lat="49.21504" lon="-119.01828">
    <ele>652.1800000000001</ele>
   </trkpt>
   <trkpt lat="49.21421400103551" lon="-119.01803598369352">
    <ele>651.73</ele>
   </trkpt>
   <trkpt lat="49.21338800155706" lon="-119.01779197554191">
    <ele>650.73</ele>
   </trkpt>
   <trkpt lat="49.21256200156464" lon="-119.01754797554469">
    <ele>650.0400000000001</ele>
   </trkpt>
   <trkpt lat="49.21173600105829" lon="-119.0173039837013">
    <ele>649.6</ele>
   </trkpt>
   <trkpt lat="49.210910000000005" lon="-119.01706000000001">
    <ele>648.81</ele>
   </trkpt>
   <trkpt lat="49.210210000000004" lon="-119.01677000000001">
    <ele>648.2500000000001</ele>
   </trkpt>
   <trkpt lat="49.20957000000001" lon="-119.01650000000001">
    <ele>648.37</ele>
   </trkpt>
   <trkpt lat="49.209250000000004" lon="-119.01635">
    <ele>648.4700000000001</ele>
   </trkpt>
   <trkpt lat="49.209050000000005" lon="-119.01622">
    <ele>648.36</ele>
   </trkpt>
   <trkpt lat="49.20864" lon="-119.01569">
    <ele>648.8600000000001</ele>
   </trkpt>
   <trkpt lat="49.20814000721139" lon="-119.01494247728623">
    <ele>650.8000000000001</ele>
   </trkpt>
   <trkpt lat="49.20764000959901" lon="-119.01419496969125">
    <ele>651.87</ele>
   </trkpt>
   <trkpt lat="49.207140007163076" lon="-119.0134474772147">
    <ele>652.08</ele>
   </trkpt>
   <trkpt lat="49.20664000000001" lon="-119.01270000000001">
    <ele>651.73</ele>
   </trkpt>
   <trkpt lat="49.206500000000005" lon="-119.0125">
    <ele>651.36</ele>
   </trkpt>
   <trkpt lat="49.20618" lon="-119.01215">
    <ele>650.8600000000001</ele>
   </trkpt>
   <trkpt lat="49.20579000000001" lon="-119.01156">
    <ele>649.6400000000001</ele>
   </trkpt>
   <trkpt lat="49.20553" lon="-119.01076">
    <ele>649.4700000000001</ele>
   </trkpt>
   <trkpt lat="49.205420000000004" lon="-119.01027">
    <ele>649.5500000000001</ele>
   </trkpt>
   <trkpt lat="49.20514000000001" lon="-119.01023">
    <ele>649.6500000000001</ele>
   </trkpt>
   <trkpt lat="49.205090000000006" lon="-119.01018">
    <ele>649.6500000000001</ele>
   </trkpt>
   <trkpt lat="49.204522505054065" lon="-119.0095549784768">
    <ele>649.14</ele>
   </trkpt>
   <trkpt lat="49.203955006735775" lon="-119.0089299712996">
    <ele>648.8600000000001</ele>
   </trkpt>
   <trkpt lat="49.20338750504526" lon="-119.00830497846782">
    <ele>648.61</ele>
   </trkpt>
   <trkpt lat="49.20282" lon="-119.00768000000001">
    <ele>648.4200000000001</ele>
   </trkpt>
   <trkpt lat="49.202455000453796" lon="-119.00726999666855">
    <ele>648.54</ele>
   </trkpt>
   <trkpt lat="49.202090000000005" lon="-119.00686">
    <ele>648.39</ele>
   </trkpt>
   <trkpt lat="49.20177" lon="-119.00628">
    <ele>648.4000000000001</ele>
   </trkpt>
   <trkpt lat="49.20156" lon="-119.00556">
    <ele>648.5200000000001</ele>
   </trkpt>
   <trkpt lat="49.20152" lon="-119.00535">
    <ele>648.5200000000001</ele>
   </trkpt>
   <trkpt lat="49.20141500286681" lon="-119.00453999854835">
    <ele>648.78</ele>
   </trkpt>
   <trkpt lat="49.20131000000001" lon="-119.00373">
    <ele>648.78</ele>
   </trkpt>
   <trkpt lat="49.20116" lon="-119.00308000000001">
    <ele>648.4100000000001</ele>
   </trkpt>
   <trkpt lat="49.20096" lon="-119.00265">
    <ele>648.0600000000001</ele>
   </trkpt>
   <trkpt lat="49.200510003285" lon="-119.00177999211824">
    <ele>647.29</ele>
   </trkpt>
   <trkpt lat="49.20006" lon="-119.00091">
    <ele>646.9</ele>
   </trkpt>
   <trkpt lat="49.19970000000001" lon="-119.00030000000001">
    <ele>646.66</ele>
   </trkpt>
   <trkpt lat="49.19948" lon="-118.99992">
    <ele>646.6400000000001</ele>
   </trkpt>
   <trkpt lat="49.19903" lon="-118.9993">
    <ele>646.09</ele>
   </trkpt>
   <trkpt lat="49.198440000000005" lon="-118.99867">
    <ele>645.66</ele>
   </trkpt>
   <trkpt lat="49.197860000000006" lon="-118.99823">
    <ele>645.6400000000001</ele>
   </trkpt>
   <trkpt lat="49.197120000000005" lon="-118.99782">
    <ele>645.33</ele>
   </trkpt>
   <trkpt lat="49.196360000000006" lon="-118.99746">
    <ele>644.8000000000001</ele>
   </trkpt>
   <trkpt lat="49.195730000530936" lon="-118.99710499547116">
    <ele>644.4300000000001</ele>
   </trkpt>
   <trkpt lat="49.195100000000004" lon="-118.99675">
    <ele>643.97</ele>
   </trkpt>
   <trkpt lat="49.194630000000004" lon="-118.99643">
    <ele>644.07</ele>
   </trkpt>
   <trkpt lat="49.194140000000004" lon="-118.99589">
    <ele>643.85</ele>
   </trkpt>
   <trkpt lat="49.19366333753897" lon="-118.9951933199299">
    <ele>643.57</ele>
   </trkpt>
   <trkpt lat="49.193186670887734" lon="-118.99449665328595">
    <ele>643.47</ele>
   </trkpt>
   <trkpt lat="49.192710000000005" lon="-118.99380000000001">
    <ele>643.7400000000001</ele>
   </trkpt>
   <trkpt lat="49.192390000939646" lon="-118.99330499661542">
    <ele>643.7900000000001</ele>
   </trkpt>
   <trkpt lat="49.19207" lon="-118.99281">
    <ele>644.0600000000001</ele>
   </trkpt>
   <trkpt lat="49.191590000000005" lon="-118.99219000000001">
    <ele>643.95</ele>
   </trkpt>
   <trkpt lat="49.191460000000006" lon="-118.99208000000002">
    <ele>643.95</ele>
   </trkpt>
   <trkpt lat="49.191460000000006" lon="-118.99207000000001">
    <ele>643.95</ele>
   </trkpt>
   <trkpt lat="49.190950002020905" lon="-118.99158332327664">
    <ele>643.93</ele>
   </trkpt>
   <trkpt lat="49.19044000199697" lon="-118.99109665658729">
    <ele>643.7</ele>
   </trkpt>
   <trkpt lat="49.189930000000004" lon="-118.99061">
    <ele>643.72</ele>
   </trkpt>
   <trkpt lat="49.18922000480275" lon="-118.98986331189204">
    <ele>643.94</ele>
   </trkpt>
   <trkpt lat="49.18851000479207" lon="-118.98911664521457">
    <ele>643.6700000000001</ele>
   </trkpt>
   <trkpt lat="49.1878" lon="-118.98837">
    <ele>643.54</ele>
   </trkpt>
   <trkpt lat="49.187343336514175" lon="-118.98776332213913">
    <ele>643.39</ele>
   </trkpt>
   <trkpt lat="49.18688666985072" lon="-118.98715665547691">
    <ele>643.3000000000001</ele>
   </trkpt>
   <trkpt lat="49.18643" lon="-118.98655000000001">
    <ele>642.96</ele>
   </trkpt>
   <trkpt lat="49.18594" lon="-118.98605">
    <ele>643.0</ele>
   </trkpt>
   <trkpt lat="49.18571000000001" lon="-118.98587">
    <ele>643.0</ele>
   </trkpt>
   <trkpt lat="49.18507" lon="-118.98542">
    <ele>642.85</ele>
   </trkpt>
   <trkpt lat="49.18460000039124" lon="-118.9851299972629">
    <ele>642.6800000000001</ele>
   </trkpt>
   <trkpt lat="49.18413" lon="-118.98484">
    <ele>642.6200000000001</ele>
   </trkpt>
   <trkpt lat="49.1839" lon="-118.98462">
    <ele>642.5900000000001</ele>
   </trkpt>
   <trkpt lat="49.18328000125672" lon="-118.98423332362307">
    <ele>641.99</ele>
   </trkpt>
   <trkpt lat="49.18266000122255" lon="-118.98384665693524">
    <ele>641.9100000000001</ele>
   </trkpt>
   <trkpt lat="49.18204" lon="-118.98346000000001">
    <ele>640.97</ele>
   </trkpt>
   <trkpt lat="49.18204" lon="-118.98345">
    <ele>640.97</ele>
   </trkpt>
   <trkpt lat="49.181720000000006" lon="-118.98323">
    <ele>640.6200000000001</ele>
   </trkpt>
   <trkpt lat="49.18122" lon="-118.98296">
    <ele>640.39</ele>
   </trkpt>
   <trkpt lat="49.18085000000001" lon="-118.98283">
    <ele>640.02</ele>
   </trkpt>
   <trkpt lat="49.18065000000001" lon="-118.98282">
    <ele>640.02</ele>
   </trkpt>
   <trkpt lat="49.18038000000001" lon="-118.98283">
    <ele>639.71</ele>
   </trkpt>
   <trkpt lat="49.18009000000001" lon="-118.98291">
    <ele>639.45</ele>
   </trkpt>
   <trkpt lat="49.17972" lon="-118.98309">
    <ele>639.22</ele>
   </trkpt>
   <trkpt lat="49.17944000000001" lon="-118.98318">
    <ele>638.82</ele>
   </trkpt>
   <trkpt lat="49.17906000000001" lon="-118.98327">
    <ele>638.5600000000001</ele>
   </trkpt>
   <trkpt lat="49.178760000000004" lon="-118.98322">
    <ele>638.34</ele>
   </trkpt>
   <trkpt lat="49.17844" lon="-118.98309">
    <ele>638.1600000000001</ele>
   </trkpt>
   <trkpt lat="49.17766" lon="-118.98246">
    <ele>637.08</ele>
   </trkpt>
   <trkpt lat="49.17743" lon="-118.98230000000001">
    <ele>637.08</ele>
   </trkpt>
   <trkpt lat="49.17709000000001" lon="-118.98216000000001">
    <ele>636.78</ele>
   </trkpt>
   <trkpt lat="49.17671000000001" lon="-118.9821">
    <ele>636.6</ele>
   </trkpt>
   <trkpt lat="49.17638" lon="-118.98206">
    <ele>636.36</ele>
   </trkpt>
   <trkpt lat="49.17575" lon="-118.9821">
    <ele>635.84</ele>
   </trkpt>
   <trkpt lat="49.175000000000004" lon="-118.98212000000001">
    <ele>635.1800000000001</ele>
   </trkpt>
   <trkpt lat="49.174710000000005" lon="-118.9821">
    <ele>635.12</ele>
   </trkpt>
   <trkpt lat="49.17394" lon="-118.98189">
    <ele>634.85</ele>
   </trkpt>
   <trkpt lat="49.17342000000001" lon="-118.98165000000002">
    <ele>634.78</ele>
   </trkpt>
   <trkpt lat="49.17302" lon="-118.9813">
    <ele>634.58</ele>
   </trkpt>
   <trkpt lat="49.17264" lon="-118.98072">
    <ele>634.0300000000001</ele>
   </trkpt>
   <trkpt lat="49.17228" lon="-118.98009">
    <ele>633.6400000000001</ele>
   </trkpt>
   <trkpt lat="49.17192000000001" lon="-118.97922000000001">
    <ele>632.96</ele>
   </trkpt>
   <trkpt lat="49.17161500122916" lon="-118.97869499683311">
    <ele>632.41</ele>
   </trkpt>
   <trkpt lat="49.171310000000005" lon="-118.97817">
    <ele>632.1800000000001</ele>
   </trkpt>
   <trkpt lat="49.170970000000004" lon="-118.97767">
    <ele>631.95</ele>
   </trkpt>
   <trkpt lat="49.17049500154049" lon="-118.97708999454294">
    <ele>631.56</ele>
   </trkpt>
   <trkpt lat="49.17002" lon="-118.97651">
    <ele>631.6400000000001</ele>
   </trkpt>
   <trkpt lat="49.16978" lon="-118.97629">
    <ele>631.96</ele>
   </trkpt>
   <trkpt lat="49.169700000000006" lon="-118.97622000000001">
    <ele>632.0600000000001</ele>
   </trkpt>
   <trkpt lat="49.169250000000005" lon="-118.97563000000001">
    <ele>631.99</ele>
   </trkpt>
   <trkpt lat="49.16899" lon="-118.97539">
    <ele>631.39</ele>
   </trkpt>
   <trkpt lat="49.168670000000006" lon="-118.97525000000002">
    <ele>631.07</ele>
   </trkpt>
   <trkpt lat="49.168380000000006" lon="-118.97513000000001">
    <ele>631.0400000000001</ele>
   </trkpt>
   <trkpt lat="49.16812" lon="-118.97512">
    <ele>631.11</ele>
   </trkpt>
   <trkpt lat="49.167820000000006" lon="-118.97512">
    <ele>631.02</ele>
   </trkpt>
   <trkpt lat="49.167500000000004" lon="-118.97521">
    <ele>631.08</ele>
   </trkpt>
   <trkpt lat="49.1672" lon="-118.97539">
    <ele>631.08</ele>
   </trkpt>
   <trkpt lat="49.166576670559884" lon="-118.97606001685057">
    <ele>630.9</ele>
   </trkpt>
   <trkpt lat="49.16595333724363" lon="-118.9767300168319">
    <ele>630.72</ele>
   </trkpt>
   <trkpt lat="49.165330000000004" lon="-118.9774">
    <ele>630.5200000000001</ele>
   </trkpt>
   <trkpt lat="49.16516000000001" lon="-118.97754">
    <ele>630.71</ele>
   </trkpt>
   <trkpt lat="49.165060000000004" lon="-118.97769000000001">
    <ele>631.0300000000001</ele>
   </trkpt>
   <trkpt lat="49.16434750766748" lon="-118.97846003325003">
    <ele>630.4000000000001</ele>
   </trkpt>
   <trkpt lat="49.16363501021519" lon="-118.97923004434121">
    <ele>630.4200000000001</ele>
   </trkpt>
   <trkpt lat="49.16292250764343" lon="-118.98000003327466">
    <ele>629.62</ele>
   </trkpt>
   <trkpt lat="49.16221" lon="-118.98077">
    <ele>629.2500000000001</ele>
   </trkpt>
   <trkpt lat="49.16198000000001" lon="-118.98099">
    <ele>629.0600000000001</ele>
   </trkpt>
   <trkpt lat="49.16134" lon="-118.98135">
    <ele>628.78</ele>
   </trkpt>
   <trkpt lat="49.16084000000001" lon="-118.98143">
    <ele>628.7</ele>
   </trkpt>
   <trkpt lat="49.160590000000006" lon="-118.98144">
    <ele>628.69</ele>
   </trkpt>
   <trkpt lat="49.160340000000005" lon="-118.98143">
    <ele>628.69</ele>
   </trkpt>
   <trkpt lat="49.16008" lon="-118.98134">
    <ele>628.75</ele>
   </trkpt>
   <trkpt lat="49.15981000000001" lon="-118.98121">
    <ele>628.87</ele>
   </trkpt>
   <trkpt lat="49.15945000000001" lon="-118.98094">
    <ele>629.2800000000001</ele>
   </trkpt>
   <trkpt lat="49.15873000203456" lon="-118.98024998994933">
    <ele>629.65</ele>
   </trkpt>
   <trkpt lat="49.158010000000004" lon="-118.97956">
    <ele>629.85</ele>
   </trkpt>
   <trkpt lat="49.157650000000004" lon="-118.97934000000001">
    <ele>630.07</ele>
   </trkpt>
   <trkpt lat="49.157360000000004" lon="-118.97928">
    <ele>630.1300000000001</ele>
   </trkpt>
   <trkpt lat="49.15706" lon="-118.97928">
    <ele>630.05</ele>
   </trkpt>
   <trkpt lat="49.15691" lon="-118.97932000000002">
    <ele>630.05</ele>
   </trkpt>
   <trkpt lat="49.15690000000001" lon="-118.97933">
    <ele>630.05</ele>
   </trkpt>
   <trkpt lat="49.156760000000006" lon="-118.97937">
    <ele>630.05</ele>
   </trkpt>
   <trkpt lat="49.15612" lon="-118.9796">
    <ele>630.05</ele>
   </trkpt>
   <trkpt lat="49.155272501978025" lon="-118.97999002001406">
    <ele>629.97</ele>
   </trkpt>
   <trkpt lat="49.154425002642576" lon="-118.98038002668241">
    <ele>630.09</ele>
   </trkpt>
   <trkpt lat="49.15357750199373" lon="-118.98077002000596">
    <ele>630.08</ele>
   </trkpt>
   <trkpt lat="49.152730000000005" lon="-118.98116">
    <ele>629.9</ele>
   </trkpt>
   <trkpt lat="49.15191500167983" lon="-118.98152001776668">
    <ele>629.8000000000001</ele>
   </trkpt>
   <trkpt lat="49.15110000224048" lon="-118.9818800236881">
    <ele>629.94</ele>
   </trkpt>
   <trkpt lat="49.15028500168202" lon="-118.98224001776498">
    <ele>630.1600000000001</ele>
   </trkpt>
   <trkpt lat="49.14947" lon="-118.9826">
    <ele>630.36</ele>
   </trkpt>
   <trkpt lat="49.14909" lon="-118.98268000000002">
    <ele>630.5200000000001</ele>
   </trkpt>
   <trkpt lat="49.14893000000001" lon="-118.98264">
    <ele>630.6700000000001</ele>
   </trkpt>
   <trkpt lat="49.148900000000005" lon="-118.98277000000002">
    <ele>630.6400000000001</ele>
   </trkpt>
   <trkpt lat="49.14882" lon="-118.98286000000002">
    <ele>630.3700000000001</ele>
   </trkpt>
   <trkpt lat="49.148145001297216" lon="-118.98317501286851">
    <ele>630.1500000000001</ele>
   </trkpt>
   <trkpt lat="49.14747000173754" lon="-118.98349001715398">
    <ele>630.0400000000001</ele>
   </trkpt>
   <trkpt lat="49.14679500132103" lon="-118.98380501285693">
    <ele>629.95</ele>
   </trkpt>
   <trkpt lat="49.14612" lon="-118.98412">
    <ele>629.7600000000001</ele>
   </trkpt>
   <trkpt lat="49.14534500153239" lon="-118.98446501619165">
    <ele>629.19</ele>
   </trkpt>
   <trkpt lat="49.14457000203689" lon="-118.98481002159124">
    <ele>628.73</ele>
   </trkpt>
   <trkpt lat="49.143795001513546" lon="-118.98515501619941">
    <ele>628.2700000000001</ele>
   </trkpt>
   <trkpt lat="49.14302000000001" lon="-118.98550000000002">
    <ele>628.1300000000001</ele>
   </trkpt>
   <trkpt lat="49.142250001027826" lon="-118.98585001088993">
    <ele>628.14</ele>
   </trkpt>
   <trkpt lat="49.14148000099775" lon="-118.9862000109034">
    <ele>628.12</ele>
   </trkpt>
   <trkpt lat="49.140710000000006" lon="-118.98655000000001">
    <ele>628.3700000000001</ele>
   </trkpt>
   <trkpt lat="49.14007000034722" lon="-118.98683500368186">
    <ele>628.14</ele>
   </trkpt>
   <trkpt lat="49.139430000000004" lon="-118.98712">
    <ele>628.1300000000001</ele>
   </trkpt>
   <trkpt lat="49.13942" lon="-118.98712">
    <ele>628.1300000000001</ele>
   </trkpt>
   <trkpt lat="49.138656667630386" lon="-118.98745334359889">
    <ele>628.02</ele>
   </trkpt>
   <trkpt lat="49.137893334301225" lon="-118.9877866769302">
    <ele>627.4900000000001</ele>
   </trkpt>
   <trkpt lat="49.137130000000006" lon="-118.98812000000001">
    <ele>627.09</ele>
   </trkpt>
   <trkpt lat="49.136590000000005" lon="-118.98832000000002">
    <ele>626.57</ele>
   </trkpt>
   <trkpt lat="49.136140000000005" lon="-118.98833">
    <ele>626.21</ele>
   </trkpt>
   <trkpt lat="49.135760000000005" lon="-118.98825000000001">
    <ele>626.07</ele>
   </trkpt>
   <trkpt lat="49.13552000000001" lon="-118.98815">
    <ele>626.0500000000001</ele>
   </trkpt>
   <trkpt lat="49.135220000000004" lon="-118.98797">
    <ele>625.82</ele>
   </trkpt>
   <trkpt lat="49.13472" lon="-118.98754000000001">
    <ele>625.65</ele>
   </trkpt>
   <trkpt lat="49.13423" lon="-118.98713000000001">
    <ele>625.9800000000001</ele>
   </trkpt>
   <trkpt lat="49.133970000000005" lon="-118.98695000000001">
    <ele>625.73</ele>
   </trkpt>
   <trkpt lat="49.13369" lon="-118.98681">
    <ele>625.6700000000001</ele>
   </trkpt>
   <trkpt lat="49.133280000000006" lon="-118.98668">
    <ele>625.17</ele>
   </trkpt>
   <trkpt lat="49.13302" lon="-118.98667">
    <ele>625.08</ele>
   </trkpt>
   <trkpt lat="49.13266" lon="-118.98668">
    <ele>624.46</ele>
   </trkpt>
   <trkpt lat="49.13214000000001" lon="-118.98689000000002">
    <ele>624.36</ele>
   </trkpt>
   <trkpt lat="49.131530000000005" lon="-118.98716">
    <ele>624.26</ele>
   </trkpt>
   <trkpt lat="49.13097500025537" lon="-118.98745500336645">
    <ele>624.12</ele>
   </trkpt>
   <trkpt lat="49.13042" lon="-118.98775">
    <ele>624.1800000000001</ele>
   </trkpt>
   <trkpt lat="49.130410000000005" lon="-118.98775">
    <ele>624.1800000000001</ele>
   </trkpt>
   <trkpt lat="49.12967200264633" lon="-118.98814202334398">
    <ele>624.39</ele>
   </trkpt>
   <trkpt lat="49.12893400396549" lon="-118.98853403501745">
    <ele>624.75</ele>
   </trkpt>
   <trkpt lat="49.12819600395753" lon="-118.98892603502101">
    <ele>625.02</ele>
   </trkpt>
   <trkpt lat="49.12745800262253" lon="-118.9893180233553">
    <ele>625.14</ele>
   </trkpt>
   <trkpt lat="49.126720000000006" lon="-118.98971000000002">
    <ele>625.21</ele>
   </trkpt>
   <trkpt lat="49.12626500037118" lon="-118.99000000265599">
    <ele>625.26</ele>
   </trkpt>
   <trkpt lat="49.12581" lon="-118.99029000000002">
    <ele>625.24</ele>
   </trkpt>
   <trkpt lat="49.12516" lon="-118.99080000000001">
    <ele>625.2</ele>
   </trkpt>
   <trkpt lat="49.124515009505856" lon="-118.99146337646745">
    <ele>625.0100000000001</ele>
   </trkpt>
   <trkpt lat="49.12387001521121" lon="-118.99212673567813">
    <ele>624.1600000000001</ele>
   </trkpt>
   <trkpt lat="49.12322501711627" lon="-118.99279007763275">
    <ele>623.62</ele>
   </trkpt>
   <trkpt lat="49.122580015221196" lon="-118.99345340233205">
    <ele>623.1600000000001</ele>
   </trkpt>
   <trkpt lat="49.121935009526204" lon="-118.99411670977678">
    <ele>622.53</ele>
   </trkpt>
   <trkpt lat="49.12129" lon="-118.99478">
    <ele>621.7600000000001</ele>
   </trkpt>
   <trkpt lat="49.12053500233241" lon="-118.99551501118951">
    <ele>621.1300000000001</ele>
   </trkpt>
   <trkpt lat="49.119780000000006" lon="-118.99625">
    <ele>620.32</ele>
   </trkpt>
   <trkpt lat="49.11948" lon="-118.99648">
    <ele>620.17</ele>
   </trkpt>
   <trkpt lat="49.11903" lon="-118.99667000000001">
    <ele>619.97</ele>
   </trkpt>
   <trkpt lat="49.118750000000006" lon="-118.99674000000002">
    <ele>619.75</ele>
   </trkpt>
   <trkpt lat="49.11806000000001" lon="-118.99665000000002">
    <ele>619.63</ele>
   </trkpt>
   <trkpt lat="49.11751" lon="-118.99639">
    <ele>619.8100000000001</ele>
   </trkpt>
   <trkpt lat="49.116805000767705" lon="-118.99598499427776">
    <ele>620.71</ele>
   </trkpt>
   <trkpt lat="49.1161" lon="-118.99558">
    <ele>620.35</ele>
   </trkpt>
   <trkpt lat="49.1157050003886" lon="-118.99524499725092">
    <ele>620.35</ele>
   </trkpt>
   <trkpt lat="49.11531" lon="-118.99491">
    <ele>620.21</ele>
   </trkpt>
   <trkpt lat="49.115100000000005" lon="-118.9946">
    <ele>619.9300000000001</ele>
   </trkpt>
   <trkpt lat="49.11487" lon="-118.99419">
    <ele>619.7</ele>
   </trkpt>
   <trkpt lat="49.11471" lon="-118.99379">
    <ele>619.62</ele>
   </trkpt>
   <trkpt lat="49.114560000000004" lon="-118.99322000000001">
    <ele>619.72</ele>
   </trkpt>
   <trkpt lat="49.11453" lon="-118.99291000000001">
    <ele>619.75</ele>
   </trkpt>
   <trkpt lat="49.11453500239535" lon="-118.99216500029438">
    <ele>619.56</ele>
   </trkpt>
   <trkpt lat="49.114540000000005" lon="-118.99142">
    <ele>619.6700000000001</ele>
   </trkpt>
   <trkpt lat="49.11457" lon="-118.99111">
    <ele>619.6400000000001</ele>
   </trkpt>
   <trkpt lat="49.114585002363334" lon="-118.99037000029448">
    <ele>619.1000000000001</ele>
   </trkpt>
   <trkpt lat="49.1146" lon="-118.98963">
    <ele>619.02</ele>
   </trkpt>
   <trkpt lat="49.11459000000001" lon="-118.98914">
    <ele>618.75</ele>
   </trkpt>
   <trkpt lat="49.11453" lon="-118.98861000000001">
    <ele>618.2800000000001</ele>
   </trkpt>
   <trkpt lat="49.11442" lon="-118.98788">
    <ele>618.0600000000001</ele>
   </trkpt>
   <trkpt lat="49.11433" lon="-118.98763000000001">
    <ele>618.0300000000001</ele>
   </trkpt>
   <trkpt lat="49.114020000000004" lon="-118.98663">
    <ele>617.7900000000001</ele>
   </trkpt>
   <trkpt lat="49.11347000483456" lon="-118.98556998821383">
    <ele>617.41</ele>
   </trkpt>
   <trkpt lat="49.11292" lon="-118.98451000000001">
    <ele>617.3100000000001</ele>
   </trkpt>
   <trkpt lat="49.11291000000001" lon="-118.98450000000001">
    <ele>617.3100000000001</ele>
   </trkpt>
   <trkpt lat="49.112680000000005" lon="-118.98404000000001">
    <ele>617.3000000000001</ele>
   </trkpt>
   <trkpt lat="49.11221801399295" lon="-118.98313996647651">
    <ele>617.0000000000001</ele>
   </trkpt>
   <trkpt lat="49.11175602098961" lon="-118.98223994971599">
    <ele>617.36</ele>
   </trkpt>
   <trkpt lat="49.11129402099023" lon="-118.981339949718">
    <ele>616.96</ele>
   </trkpt>
   <trkpt lat="49.110832013995065" lon="-118.9804399664823">
    <ele>617.09</ele>
   </trkpt>
   <trkpt lat="49.11037" lon="-118.97954000000001">
    <ele>617.6700000000001</ele>
   </trkpt>
   <trkpt lat="49.109910000000006" lon="-118.97858000000001">
    <ele>617.59</ele>
   </trkpt>
   <trkpt lat="49.10969" lon="-118.97827000000001">
    <ele>617.17</ele>
   </trkpt>
   <trkpt lat="49.109460000000006" lon="-118.97800000000001">
    <ele>617.12</ele>
   </trkpt>
   <trkpt lat="49.109170000000006" lon="-118.97776">
    <ele>617.11</ele>
   </trkpt>
   <trkpt lat="49.10875" lon="-118.97758">
    <ele>617.11</ele>
   </trkpt>
   <trkpt lat="49.108540000000005" lon="-118.97753000000002">
    <ele>617.0000000000001</ele>
   </trkpt>
   <trkpt lat="49.10830000000001" lon="-118.97749">
    <ele>616.94</ele>
   </trkpt>
   <trkpt lat="49.107980000000005" lon="-118.9775">
    <ele>616.8100000000001</ele>
   </trkpt>
   <trkpt lat="49.10722166683431" lon="-118.97759000687824">
    <ele>616.6700000000001</ele>
   </trkpt>
   <trkpt lat="49.10646333359866" lon="-118.97768001100532">
    <ele>616.69</ele>
   </trkpt>
   <trkpt lat="49.10570500029306" lon="-118.97777001238138">
    <ele>616.58</ele>
   </trkpt>
   <trkpt lat="49.10494666691748" lon="-118.97786001100661">
    <ele>616.68</ele>
   </trkpt>
   <trkpt lat="49.10418833347194" lon="-118.97795000688116">
    <ele>616.8</ele>
   </trkpt>
   <trkpt lat="49.10343" lon="-118.97804000000001">
    <ele>617.0300000000001</ele>
   </trkpt>
   <trkpt lat="49.102560000000004" lon="-118.97811000000002">
    <ele>617.09</ele>
   </trkpt>
   <trkpt lat="49.10186" lon="-118.97825">
    <ele>617.08</ele>
   </trkpt>
   <trkpt lat="49.101440000000004" lon="-118.97843">
    <ele>616.71</ele>
   </trkpt>
   <trkpt lat="49.10101" lon="-118.97865000000002">
    <ele>616.4000000000001</ele>
   </trkpt>
   <trkpt lat="49.100620000000006" lon="-118.97893">
    <ele>616.17</ele>
   </trkpt>
   <trkpt lat="49.100260000000006" lon="-118.97921000000001">
    <ele>616.0300000000001</ele>
   </trkpt>
   <trkpt lat="49.09962" lon="-118.97988000000001">
    <ele>615.59</ele>
   </trkpt>
   <trkpt lat="49.09905000169965" lon="-118.98052000742781">
    <ele>615.19</ele>
   </trkpt>
   <trkpt lat="49.09848" lon="-118.98116">
    <ele>614.7600000000001</ele>
   </trkpt>
   <trkpt lat="49.09783" lon="-118.98184">
    <ele>614.6</ele>
   </trkpt>
   <trkpt lat="49.09723" lon="-118.98242">
    <ele>614.2500000000001</ele>
   </trkpt>
   <trkpt lat="49.096500000000006" lon="-118.98309">
    <ele>614.0300000000001</ele>
   </trkpt>
   <trkpt lat="49.09603500069486" lon="-118.98345000326778">
    <ele>613.74</ele>
   </trkpt>
   <trkpt lat="49.09557" lon="-118.98381">
    <ele>613.45</ele>
   </trkpt>
   <trkpt lat="49.09483" lon="-118.98434">
    <ele>613.2700000000001</ele>
   </trkpt>
   <trkpt lat="49.094770000000004" lon="-118.98438000000002">
    <ele>613.2800000000001</ele>
   </trkpt>
   <trkpt lat="49.09399112094173" lon="-118.9849134002748">
    <ele>612.74</ele>
   </trkpt>
   <trkpt lat="49.093212239425974" lon="-118.98544678381171">
    <ele>612.68</ele>
   </trkpt>
   <trkpt lat="49.09243335545288" lon="-118.98598015061167">
    <ele>612.84</ele>
   </trkpt>
   <trkpt lat="49.0916544690226" lon="-118.98651350067557">
    <ele>613.12</ele>
   </trkpt>
   <trkpt lat="49.09087558013527" lon="-118.9870468340044">
    <ele>613.71</ele>
   </trkpt>
   <trkpt lat="49.090096688791036" lon="-118.98758015059909">
    <ele>614.1600000000001</ele>
   </trkpt>
   <trkpt lat="49.08931779499004" lon="-118.98811345046053">
    <ele>614.34</ele>
   </trkpt>
   <trkpt lat="49.08853889873242" lon="-118.98864673358966">
    <ele>614.44</ele>
   </trkpt>
   <trkpt lat="49.08776" lon="-118.98918">
    <ele>614.1600000000001</ele>
   </trkpt>
   <trkpt lat="49.08746000000001" lon="-118.98944000000002">
    <ele>614.0600000000001</ele>
   </trkpt>
   <trkpt lat="49.08717000000001" lon="-118.98977000000001">
    <ele>613.97</ele>
   </trkpt>
   <trkpt lat="49.086980000000004" lon="-118.99012">
    <ele>613.7</ele>
   </trkpt>
   <trkpt lat="49.08675500183373" lon="-118.99077000291955">
    <ele>613.41</ele>
   </trkpt>
   <trkpt lat="49.08653" lon="-118.99142">
    <ele>613.12</ele>
   </trkpt>
   <trkpt lat="49.08635" lon="-118.99183000000001">
    <ele>612.89</ele>
   </trkpt>
   <trkpt lat="49.08601" lon="-118.99249">
    <ele>612.5600000000001</ele>
   </trkpt>
   <trkpt lat="49.08561" lon="-118.99294">
    <ele>611.87</ele>
   </trkpt>
   <trkpt lat="49.085300000000004" lon="-118.99322000000001">
    <ele>611.87</ele>
   </trkpt>
   <trkpt lat="49.08458" lon="-118.99380000000001">
    <ele>611.2800000000001</ele>
   </trkpt>
   <trkpt lat="49.08409" lon="-118.99415">
    <ele>611.14</ele>
   </trkpt>
   <trkpt lat="49.083600000000004" lon="-118.99455">
    <ele>610.7900000000001</ele>
   </trkpt>
   <trkpt lat="49.083600000000004" lon="-118.99456">
    <ele>610.7900000000001</ele>
   </trkpt>
   <trkpt lat="49.08305000000001" lon="-118.995">
    <ele>610.63</ele>
   </trkpt>
   <trkpt lat="49.08244500072472" lon="-118.99545500567041">
    <ele>610.57</ele>
   </trkpt>
   <trkpt lat="49.08184000000001" lon="-118.99591000000001">
    <ele>610.5600000000001</ele>
   </trkpt>
   <trkpt lat="49.08120000089258" lon="-118.99641500667258">
    <ele>610.74</ele>
   </trkpt>
   <trkpt lat="49.080560000000006" lon="-118.99692">
    <ele>610.98</ele>
   </trkpt>
   <trkpt lat="49.08023000000001" lon="-118.99716000000001">
    <ele>611.2500000000001</ele>
   </trkpt>
   <trkpt lat="49.079630001999334" lon="-118.99763334471903">
    <ele>611.51</ele>
   </trkpt>
   <trkpt lat="49.079030002063256" lon="-118.99810667800176">
    <ele>611.5400000000001</ele>
   </trkpt>
   <trkpt lat="49.078430000000004" lon="-118.99858">
    <ele>611.94</ele>
   </trkpt>
   <trkpt lat="49.07817000000001" lon="-118.99834000000001">
    <ele>612.8100000000001</ele>
   </trkpt>
   <trkpt lat="49.07806" lon="-118.99845">
    <ele>613.12</ele>
   </trkpt>
   <trkpt lat="49.07768" lon="-118.99864000000001">
    <ele>613.35</ele>
   </trkpt>
   <trkpt lat="49.07728" lon="-118.99876">
    <ele>613.4900000000001</ele>
   </trkpt>
   <trkpt lat="49.076606666686764" lon="-118.99875999999999">
    <ele>614.11</ele>
   </trkpt>
   <trkpt lat="49.07593333337355" lon="-118.99875999999999">
    <ele>615.97</ele>
   </trkpt>
   <trkpt lat="49.07526000000001" lon="-118.99876">
    <ele>616.44</ele>
   </trkpt>
   <trkpt lat="49.074371999999016" lon="-118.99875999999999">
    <ele>616.63</ele>
   </trkpt>
   <trkpt lat="49.073483999998025" lon="-118.99875999999999">
    <ele>616.75</ele>
   </trkpt>
   <trkpt lat="49.07259599999705" lon="-118.99875999999999">
    <ele>616.94</ele>
   </trkpt>
   <trkpt lat="49.07170799999605" lon="-118.99875999999999">
    <ele>616.92</ele>
   </trkpt>
   <trkpt lat="49.07081999999507" lon="-118.99875999999999">
    <ele>616.9499999999999</ele>
   </trkpt>
   <trkpt lat="49.06993199999408" lon="-118.99875999999999">
    <ele>617.32</ele>
   </trkpt>
   <trkpt lat="49.0690439999931" lon="-118.99875999999999">
    <ele>617.48</ele>
   </trkpt>
   <trkpt lat="49.06815599999211" lon="-118.99875999999999">
    <ele>617.34</ele>
   </trkpt>
   <trkpt lat="49.06726799999112" lon="-118.99875999999999">
    <ele>616.71</ele>
   </trkpt>
   <trkpt lat="49.06638" lon="-118.99876">
    <ele>616.33</ele>
   </trkpt>
   <trkpt lat="49.066120000000005" lon="-118.9988">
    <ele>616.11</ele>
   </trkpt>
   <trkpt lat="49.06595" lon="-118.9989">
    <ele>615.3100000000001</ele>
   </trkpt>
   <trkpt lat="49.065200000000004" lon="-118.99952">
    <ele>607.8800000000001</ele>
   </trkpt>
   <trkpt lat="49.06467000029026" lon="-118.99976500259874">
    <ele>607.8</ele>
   </trkpt>
   <trkpt lat="49.06414" lon="-119.00001">
    <ele>608.46</ele>
   </trkpt>
   <trkpt lat="49.06376" lon="-119.00005000000002">
    <ele>608.6400000000001</ele>
   </trkpt>
   <trkpt lat="49.06365" lon="-119.00001">
    <ele>608.58</ele>
   </trkpt>
   <trkpt lat="49.0634" lon="-118.99989000000001">
    <ele>608.5200000000001</ele>
   </trkpt>
   <trkpt lat="49.063050000000004" lon="-118.99966">
    <ele>608.58</ele>
   </trkpt>
   <trkpt lat="49.06241000000001" lon="-118.99904000000001">
    <ele>609.09</ele>
   </trkpt>
   <trkpt lat="49.06175500151225" lon="-118.99842499178047">
    <ele>608.96</ele>
   </trkpt>
   <trkpt lat="49.0611" lon="-118.99781000000002">
    <ele>609.02</ele>
   </trkpt>
   <trkpt lat="49.06085" lon="-118.99758000000001">
    <ele>609.1500000000001</ele>
   </trkpt>
   <trkpt lat="49.06058" lon="-118.99819000000001">
    <ele>607.6100000000001</ele>
   </trkpt>
   <trkpt lat="49.06058" lon="-118.99821000000001">
    <ele>607.5500000000001</ele>
   </trkpt>
   <trkpt lat="49.06045" lon="-118.9985">
    <ele>606.1</ele>
   </trkpt>
   <trkpt lat="49.06031" lon="-118.99916">
    <ele>604.92</ele>
   </trkpt>
   <trkpt lat="49.06018" lon="-119.00001">
    <ele>606.26</ele>
   </trkpt>
   <trkpt lat="49.059850000000004" lon="-119.00115000000001">
    <ele>610.24</ele>
   </trkpt>
   <trkpt lat="49.059650000000005" lon="-119.00178000000001">
    <ele>611.24</ele>
   </trkpt>
   <trkpt lat="49.05950000000001" lon="-119.00215000000001">
    <ele>611.51</ele>
   </trkpt>
   <trkpt lat="49.05883500264205" lon="-119.00136998958051">
    <ele>609.0600000000001</ele>
   </trkpt>
   <trkpt lat="49.058170000000004" lon="-119.00059000000002">
    <ele>608.96</ele>
   </trkpt>
   <trkpt lat="49.057660000000006" lon="-119.00004000000001">
    <ele>611.59</ele>
   </trkpt>
   <trkpt lat="49.057520000000004" lon="-118.99997">
    <ele>612.3100000000001</ele>
   </trkpt>
   <trkpt lat="49.057410000000004" lon="-118.99997">
    <ele>612.6100000000001</ele>
   </trkpt>
   <trkpt lat="49.057300000000005" lon="-119.00004000000001">
    <ele>612.7800000000001</ele>
   </trkpt>
   <trkpt lat="49.05698" lon="-118.99945000000001">
    <ele>611.46</ele>
   </trkpt>
   <trkpt lat="49.0565166735509" lon="-118.99855664999284">
    <ele>609.69</ele>
   </trkpt>
   <trkpt lat="49.05605334020711" lon="-118.99766331663962">
    <ele>608.35</ele>
   </trkpt>
   <trkpt lat="49.05559" lon="-118.99677000000001">
    <ele>607.63</ele>
   </trkpt>
   <trkpt lat="49.05604000330128" lon="-118.99763999218538">
    <ele>608.35</ele>
   </trkpt>
   <trkpt lat="49.056490000000004" lon="-118.99851000000001">
    <ele>609.6600000000001</ele>
   </trkpt>
   <trkpt lat="49.05596000456535" lon="-118.99747998898415">
    <ele>608.0500000000001</ele>
   </trkpt>
   <trkpt lat="49.05543" lon="-118.99645000000001">
    <ele>607.83</ele>
   </trkpt>
   <trkpt lat="49.055946675311354" lon="-118.99744997922248">
    <ele>608.0500000000001</ele>
   </trkpt>
   <trkpt lat="49.056463341983566" lon="-118.99844997923283">
    <ele>609.69</ele>
   </trkpt>
   <trkpt lat="49.05698" lon="-118.99945000000001">
    <ele>611.46</ele>
   </trkpt>
   <trkpt lat="49.057660000000006" lon="-119.00004000000001">
    <ele>611.59</ele>
   </trkpt>
   <trkpt lat="49.058170000000004" lon="-119.00059000000002">
    <ele>608.68</ele>
   </trkpt>
   <trkpt lat="49.05841" lon="-119.00087">
    <ele>608.33</ele>
   </trkpt>
   <trkpt lat="49.058955001741246" lon="-119.0015099929494">
    <ele>609.59</ele>
   </trkpt>
   <trkpt lat="49.05950000000001" lon="-119.00215000000001">
    <ele>611.51</ele>
   </trkpt>
   <trkpt lat="49.059650000000005" lon="-119.00178000000001">
    <ele>611.24</ele>
   </trkpt>
   <trkpt lat="49.059850000000004" lon="-119.00115000000001">
    <ele>610.24</ele>
   </trkpt>
   <trkpt lat="49.06018" lon="-119.00001">
    <ele>606.26</ele>
   </trkpt>
   <trkpt lat="49.06031" lon="-118.99916">
    <ele>604.92</ele>
   </trkpt>
   <trkpt lat="49.06045" lon="-118.9985">
    <ele>606.1</ele>
   </trkpt>
   <trkpt lat="49.06085" lon="-118.99758000000001">
    <ele>609.1500000000001</ele>
   </trkpt>
   <trkpt lat="49.060680000000005" lon="-118.99743000000001">
    <ele>609.1</ele>
   </trkpt>
   <trkpt lat="49.06014333528492" lon="-118.99695665645878">
    <ele>608.98</ele>
   </trkpt>
   <trkpt lat="49.05960666863422" lon="-118.99648332313969">
    <ele>608.7900000000001</ele>
   </trkpt>
   <trkpt lat="49.059070000000006" lon="-118.99601000000001">
    <ele>608.51</ele>
   </trkpt>
   <trkpt lat="49.05853500086268" lon="-118.99552999471449">
    <ele>608.13</ele>
   </trkpt>
   <trkpt lat="49.05800000000001" lon="-118.99505">
    <ele>607.84</ele>
   </trkpt>
   <trkpt lat="49.057430001343874" lon="-118.99450999388738">
    <ele>607.3900000000001</ele>
   </trkpt>
   <trkpt lat="49.05686000000001" lon="-118.99397">
    <ele>607.1500000000001</ele>
   </trkpt>
   <trkpt lat="49.05630000000001" lon="-118.99339">
    <ele>606.96</ele>
   </trkpt>
   <trkpt lat="49.05565000000001" lon="-118.99263">
    <ele>606.75</ele>
   </trkpt>
   <trkpt lat="49.055265001109426" lon="-118.99210999589347">
    <ele>606.75</ele>
   </trkpt>
   <trkpt lat="49.054880000000004" lon="-118.99159000000002">
    <ele>606.6700000000001</ele>
   </trkpt>
   <trkpt lat="49.054370000000006" lon="-118.99084">
    <ele>606.5600000000001</ele>
   </trkpt>
   <trkpt lat="49.05379334022419" lon="-118.98994664593522">
    <ele>606.4900000000001</ele>
   </trkpt>
   <trkpt lat="49.05321667355356" lon="-118.98905331259614">
    <ele>606.34</ele>
   </trkpt>
   <trkpt lat="49.052640000000004" lon="-118.98816000000001">
    <ele>606.3700000000001</ele>
   </trkpt>
   <trkpt lat="49.052320001296124" lon="-118.98760999644158">
    <ele>606.3100000000001</ele>
   </trkpt>
   <trkpt lat="49.05200000000001" lon="-118.98706000000001">
    <ele>606.36</ele>
   </trkpt>
   <trkpt lat="49.05167500261198" lon="-118.98628499497528">
    <ele>606.2700000000001</ele>
   </trkpt>
   <trkpt lat="49.051350000000006" lon="-118.98551">
    <ele>606.4000000000001</ele>
   </trkpt>
   <trkpt lat="49.05115000168928" lon="-118.984889997595">
    <ele>606.48</ele>
   </trkpt>
   <trkpt lat="49.05095000000001" lon="-118.98427000000001">
    <ele>606.4200000000001</ele>
   </trkpt>
   <trkpt lat="49.05073" lon="-118.98331">
    <ele>606.4300000000001</ele>
   </trkpt>
   <trkpt lat="49.050560000000004" lon="-118.98243000000001">
    <ele>606.36</ele>
   </trkpt>
   <trkpt lat="49.05042" lon="-118.98125">
    <ele>606.57</ele>
   </trkpt>
   <trkpt lat="49.05037500297249" lon="-118.98041999918584">
    <ele>607.1500000000001</ele>
   </trkpt>
   <trkpt lat="49.05033" lon="-118.97959000000002">
    <ele>607.3700000000001</ele>
   </trkpt>
   <trkpt lat="49.050360000000005" lon="-118.97853">
    <ele>607.47</ele>
   </trkpt>
   <trkpt lat="49.05049" lon="-118.97731">
    <ele>607.3700000000001</ele>
   </trkpt>
   <trkpt lat="49.050670000000004" lon="-118.9762">
    <ele>607.3100000000001</ele>
   </trkpt>
   <trkpt lat="49.05093" lon="-118.97509000000001">
    <ele>607.3900000000001</ele>
   </trkpt>
   <trkpt lat="49.051260000000006" lon="-118.97406000000001">
    <ele>607.4000000000001</ele>
   </trkpt>
   <trkpt lat="49.051612510141545" lon="-118.97317501884592">
    <ele>607.24</ele>
   </trkpt>
   <trkpt lat="49.05196501351659" lon="-118.97229002514199">
    <ele>606.77</ele>
   </trkpt>
   <trkpt lat="49.05231751012497" lon="-118.97140501888808">
    <ele>606.3700000000001</ele>
   </trkpt>
   <trkpt lat="49.052670000000006" lon="-118.97052000000001">
    <ele>606.0500000000001</ele>
   </trkpt>
   <trkpt lat="49.052980000000005" lon="-118.96984">
    <ele>606.1800000000001</ele>
   </trkpt>
   <trkpt lat="49.05348000000001" lon="-118.96909000000001">
    <ele>606.2700000000001</ele>
   </trkpt>
   <trkpt lat="49.05405500222233" lon="-118.96836500844668">
    <ele>606.9</ele>
   </trkpt>
   <trkpt lat="49.05463" lon="-118.96764">
    <ele>608.14</ele>
   </trkpt>
   <trkpt lat="49.05501000170618" lon="-118.96702000466493">
    <ele>608.53</ele>
   </trkpt>
   <trkpt lat="49.05539" lon="-118.96640000000001">
    <ele>608.92</ele>
   </trkpt>
   <trkpt lat="49.05538000000001" lon="-118.96640000000001">
    <ele>608.9</ele>
   </trkpt>
   <trkpt lat="49.055730000000004" lon="-118.96585">
    <ele>610.14</ele>
   </trkpt>
   <trkpt lat="49.05639000000001" lon="-118.96501">
    <ele>611.26</ele>
   </trkpt>
   <trkpt lat="49.05668000000001" lon="-118.96474">
    <ele>611.8100000000001</ele>
   </trkpt>
   <trkpt lat="49.05698" lon="-118.96451">
    <ele>612.7600000000001</ele>
   </trkpt>
   <trkpt lat="49.05735000000001" lon="-118.96434">
    <ele>613.3000000000001</ele>
   </trkpt>
   <trkpt lat="49.057700000000004" lon="-118.96428000000002">
    <ele>613.5</ele>
   </trkpt>
   <trkpt lat="49.05807" lon="-118.96429">
    <ele>613.8</ele>
   </trkpt>
   <trkpt lat="49.05858500021202" lon="-118.96441999868814">
    <ele>615.12</ele>
   </trkpt>
   <trkpt lat="49.0591" lon="-118.96455">
    <ele>617.02</ele>
   </trkpt>
   <trkpt lat="49.05953" lon="-118.96451">
    <ele>618.62</ele>
   </trkpt>
   <trkpt lat="49.05967003763141" lon="-118.96319001859698">
    <ele>617.36</ele>
   </trkpt>
   <trkpt lat="49.059810060210275" lon="-118.96187002975608">
    <ele>614.47</ele>
   </trkpt>
   <trkpt lat="49.05995006773643" lon="-118.96055003347806">
    <ele>615.02</ele>
   </trkpt>
   <trkpt lat="49.06009006020969" lon="-118.95923002976359">
    <ele>613.1600000000001</ele>
   </trkpt>
   <trkpt lat="49.060230037629935" lon="-118.95791001861343">
    <ele>612.3700000000001</ele>
   </trkpt>
   <trkpt lat="49.060370000000006" lon="-118.95659">
    <ele>612.85</ele>
   </trkpt>
   <trkpt lat="49.06058" lon="-118.95537000000002">
    <ele>614.8100000000001</ele>
   </trkpt>
   <trkpt lat="49.060755002798146" lon="-118.9545700026632">
    <ele>615.92</ele>
   </trkpt>
   <trkpt lat="49.060930000000006" lon="-118.95377">
    <ele>616.4200000000001</ele>
   </trkpt>
   <trkpt lat="49.06096" lon="-118.95353000000001">
    <ele>616.4200000000001</ele>
   </trkpt>
   <trkpt lat="49.060970000000005" lon="-118.95291">
    <ele>616.01</ele>
   </trkpt>
   <trkpt lat="49.06088000297933" lon="-118.95207999853007">
    <ele>615.1</ele>
   </trkpt>
   <trkpt lat="49.060790000000004" lon="-118.95125000000002">
    <ele>613.9</ele>
   </trkpt>
   <trkpt lat="49.06067" lon="-118.95081">
    <ele>613.89</ele>
   </trkpt>
   <trkpt lat="49.06049" lon="-118.95045">
    <ele>613.9100000000001</ele>
   </trkpt>
   <trkpt lat="49.06002000198068" lon="-118.94976499345499">
    <ele>614.2800000000001</ele>
   </trkpt>
   <trkpt lat="49.05955" lon="-118.94908000000001">
    <ele>611.9100000000001</ele>
   </trkpt>
   <trkpt lat="49.059090000000005" lon="-118.94827000000001">
    <ele>608.95</ele>
   </trkpt>
   <trkpt lat="49.05861000426839" lon="-118.94727999051099">
    <ele>604.45</ele>
   </trkpt>
   <trkpt lat="49.058130000000006" lon="-118.94629">
    <ele>602.0000000000001</ele>
   </trkpt>
   <trkpt lat="49.05801" lon="-118.94593">
    <ele>601.44</ele>
   </trkpt>
   <trkpt lat="49.05796" lon="-118.94557">
    <ele>601.04</ele>
   </trkpt>
   <trkpt lat="49.057970000000005" lon="-118.94454">
    <ele>601.11</ele>
   </trkpt>
   <trkpt lat="49.05792" lon="-118.94432">
    <ele>601.36</ele>
   </trkpt>
   <trkpt lat="49.05783" lon="-118.94414">
    <ele>601.5600000000001</ele>
   </trkpt>
   <trkpt lat="49.05802000283098" lon="-118.94333500294263">
    <ele>601.74</ele>
   </trkpt>
   <trkpt lat="49.05821" lon="-118.94253">
    <ele>601.8100000000001</ele>
   </trkpt>
   <trkpt lat="49.05852" lon="-118.94146">
    <ele>602.1</ele>
   </trkpt>
   <trkpt lat="49.0587" lon="-118.94098000000001">
    <ele>602.1700000000001</ele>
   </trkpt>
   <trkpt lat="49.05904" lon="-118.93997000000002">
    <ele>602.01</ele>
   </trkpt>
   <trkpt lat="49.05930000000001" lon="-118.93881">
    <ele>602.0000000000001</ele>
   </trkpt>
   <trkpt lat="49.05944000201373" lon="-118.93814000152996">
    <ele>601.9300000000001</ele>
   </trkpt>
   <trkpt lat="49.059580000000004" lon="-118.93747">
    <ele>601.83</ele>
   </trkpt>
   <trkpt lat="49.05970000000001" lon="-118.93672000000001">
    <ele>601.7600000000001</ele>
   </trkpt>
   <trkpt lat="49.05978" lon="-118.93582">
    <ele>601.71</ele>
   </trkpt>
   <trkpt lat="49.059760000000004" lon="-118.93501">
    <ele>601.72</ele>
   </trkpt>
   <trkpt lat="49.05966334074942" lon="-118.93408332970498">
    <ele>601.5</ele>
   </trkpt>
   <trkpt lat="49.05956667408025" lon="-118.93315666301442">
    <ele>601.2700000000001</ele>
   </trkpt>
   <trkpt lat="49.059470000000005" lon="-118.93223">
    <ele>600.95</ele>
   </trkpt>
   <trkpt lat="49.059290000000004" lon="-118.93134">
    <ele>600.6100000000001</ele>
   </trkpt>
   <trkpt lat="49.0590500021585" lon="-118.93064499685264">
    <ele>600.08</ele>
   </trkpt>
   <trkpt lat="49.05881" lon="-118.92995">
    <ele>599.77</ele>
   </trkpt>
   <trkpt lat="49.05847500311153" lon="-118.92910499437346">
    <ele>599.5100000000001</ele>
   </trkpt>
   <trkpt lat="49.05814" lon="-118.92826000000001">
    <ele>599.47</ele>
   </trkpt>
   <trkpt lat="49.057700000000004" lon="-118.92708">
    <ele>599.2900000000001</ele>
   </trkpt>
   <trkpt lat="49.05745" lon="-118.92681">
    <ele>597.33</ele>
   </trkpt>
   <trkpt lat="49.05726000000001" lon="-118.92681">
    <ele>596.74</ele>
   </trkpt>
   <trkpt lat="49.05677000000001" lon="-118.92593000000001">
    <ele>596.31</ele>
   </trkpt>
   <trkpt lat="49.056490000000004" lon="-118.92525">
    <ele>596.1899999999999</ele>
   </trkpt>
   <trkpt lat="49.05612000000001" lon="-118.92449">
    <ele>596.4</ele>
   </trkpt>
   <trkpt lat="49.05587000143648" lon="-118.92390499696">
    <ele>596.36</ele>
   </trkpt>
   <trkpt lat="49.055620000000005" lon="-118.92332">
    <ele>595.96</ele>
   </trkpt>
   <trkpt lat="49.05539" lon="-118.92256">
    <ele>595.8</ele>
   </trkpt>
   <trkpt lat="49.05519000365512" lon="-118.92163999629364">
    <ele>596.7</ele>
   </trkpt>
   <trkpt lat="49.054990000000004" lon="-118.92072">
    <ele>597.11</ele>
   </trkpt>
   <trkpt lat="49.05476001224715" lon="-118.91974748646321">
    <ele>597.0300000000001</ele>
   </trkpt>
   <trkpt lat="49.05453001632342" lon="-118.91877498192531">
    <ele>596.94</ele>
   </trkpt>
   <trkpt lat="49.0543000122289" lon="-118.91780248638646">
    <ele>596.6800000000001</ele>
   </trkpt>
   <trkpt lat="49.05407" lon="-118.91683">
    <ele>596.6600000000001</ele>
   </trkpt>
   <trkpt lat="49.05409" lon="-118.91656">
    <ele>596.7800000000001</ele>
   </trkpt>
   <trkpt lat="49.05372115878082" lon="-118.91538548584498">
    <ele>596.87</ele>
   </trkpt>
   <trkpt lat="49.053352305643855" lon="-118.91421098911879">
    <ele>597.08</ele>
   </trkpt>
   <trkpt lat="49.05298344058947" lon="-118.91303650982152">
    <ele>596.9300000000001</ele>
   </trkpt>
   <trkpt lat="49.05261456361797" lon="-118.91186204795322">
    <ele>596.9300000000001</ele>
   </trkpt>
   <trkpt lat="49.0522456747297" lon="-118.91068760351399">
    <ele>596.8</ele>
   </trkpt>
   <trkpt lat="49.051876773924974" lon="-118.90951317650394">
    <ele>596.46</ele>
   </trkpt>
   <trkpt lat="49.051507861204165" lon="-118.90833876692308">
    <ele>595.84</ele>
   </trkpt>
   <trkpt lat="49.05113893656756" lon="-118.90716437477151">
    <ele>595.57</ele>
   </trkpt>
   <trkpt lat="49.05077000000001" lon="-118.90599">
    <ele>595.2</ele>
   </trkpt>
   <trkpt lat="49.05051" lon="-118.90520000000001">
    <ele>594.8100000000001</ele>
   </trkpt>
   <trkpt lat="49.05013501835878" lon="-118.9040099730954">
    <ele>594.6</ele>
   </trkpt>
   <trkpt lat="49.04976002448267" lon="-118.90281996414153">
    <ele>594.32</ele>
   </trkpt>
   <trkpt lat="49.04938501837204" lon="-118.90162997313848">
    <ele>594.16</ele>
   </trkpt>
   <trkpt lat="49.04901" lon="-118.90044">
    <ele>594.0600000000001</ele>
   </trkpt>
   <trkpt lat="49.04876" lon="-118.89947000000001">
    <ele>594.09</ele>
   </trkpt>
   <trkpt lat="49.048610000000004" lon="-118.89879">
    <ele>594.16</ele>
   </trkpt>
   <trkpt lat="49.04851000000001" lon="-118.89802000000002">
    <ele>594.46</ele>
   </trkpt>
   <trkpt lat="49.048480000000005" lon="-118.89758">
    <ele>594.46</ele>
   </trkpt>
   <trkpt lat="49.048455004995965" lon="-118.89650499962562">
    <ele>594.46</ele>
   </trkpt>
   <trkpt lat="49.04843" lon="-118.89543">
    <ele>594.47</ele>
   </trkpt>
   <trkpt lat="49.048370000000006" lon="-118.8944">
    <ele>594.59</ele>
   </trkpt>
   <trkpt lat="49.048260000000006" lon="-118.89325000000001">
    <ele>594.69</ele>
   </trkpt>
   <trkpt lat="49.04809894689628" lon="-118.89195441087224">
    <ele>594.74</ele>
   </trkpt>
   <trkpt lat="49.04793787929053" lon="-118.89065883013781">
    <ele>594.7800000000001</ele>
   </trkpt>
   <trkpt lat="49.047776797182905" lon="-118.8893632577974">
    <ele>594.89</ele>
   </trkpt>
   <trkpt lat="49.047615700573616" lon="-118.88806769385162">
    <ele>594.86</ele>
   </trkpt>
   <trkpt lat="49.04745458946282" lon="-118.88677213830118">
    <ele>594.83</ele>
   </trkpt>
   <trkpt lat="49.04729346385071" lon="-118.88547659114667">
    <ele>594.75</ele>
   </trkpt>
   <trkpt lat="49.04713232373743" lon="-118.8841810523888">
    <ele>594.8100000000001</ele>
   </trkpt>
   <trkpt lat="49.04697116912318" lon="-118.8828855220282">
    <ele>594.8</ele>
   </trkpt>
   <trkpt lat="49.04681" lon="-118.88159">
    <ele>595.0300000000001</ele>
   </trkpt>
   <trkpt lat="49.04679" lon="-118.88115">
    <ele>594.84</ele>
   </trkpt>
   <trkpt lat="49.04659" lon="-118.88029000000002">
    <ele>594.75</ele>
   </trkpt>
   <trkpt lat="49.04639" lon="-118.87973000000001">
    <ele>594.71</ele>
   </trkpt>
   <trkpt lat="49.045995001730326" lon="-118.87909499493726">
    <ele>594.7800000000001</ele>
   </trkpt>
   <trkpt lat="49.04560000000001" lon="-118.87846">
    <ele>595.35</ele>
   </trkpt>
   <trkpt lat="49.04506000000001" lon="-118.87771000000001">
    <ele>595.34</ele>
   </trkpt>
   <trkpt lat="49.04468000000001" lon="-118.87739">
    <ele>595.41</ele>
   </trkpt>
   <trkpt lat="49.044070000000005" lon="-118.87704000000001">
    <ele>594.7300000000001</ele>
   </trkpt>
   <trkpt lat="49.043340000389954" lon="-118.87671499519975">
    <ele>594.1800000000001</ele>
   </trkpt>
   <trkpt lat="49.04261" lon="-118.87639000000001">
    <ele>594.16</ele>
   </trkpt>
   <trkpt lat="49.04211" lon="-118.87619000000001">
    <ele>594.13</ele>
   </trkpt>
   <trkpt lat="49.041285000584466" lon="-118.87582499394927">
    <ele>592.6300000000001</ele>
   </trkpt>
   <trkpt lat="49.04046" lon="-118.87546">
    <ele>591.9300000000001</ele>
   </trkpt>
   <trkpt lat="49.03961500036342" lon="-118.87512499426045">
    <ele>591.2400000000001</ele>
   </trkpt>
   <trkpt lat="49.03877000000001" lon="-118.87479">
    <ele>591.1800000000001</ele>
   </trkpt>
   <trkpt lat="49.03795" lon="-118.87457">
    <ele>590.92</ele>
   </trkpt>
   <trkpt lat="49.03717333334274" lon="-118.87452333187547">
    <ele>590.53</ele>
   </trkpt>
   <trkpt lat="49.03639666666667" lon="-118.87447666520825">
    <ele>590.43</ele>
   </trkpt>
   <trkpt lat="49.03562" lon="-118.87443">
    <ele>590.3000000000001</ele>
   </trkpt>
   <trkpt lat="49.03501000000001" lon="-118.87425">
    <ele>590.23</ele>
   </trkpt>
   <trkpt lat="49.034200000000006" lon="-118.87389">
    <ele>589.5799999999999</ele>
   </trkpt>
   <trkpt lat="49.033770000000004" lon="-118.87355000000001">
    <ele>589.47</ele>
   </trkpt>
   <trkpt lat="49.03338" lon="-118.87322">
    <ele>589.5</ele>
   </trkpt>
   <trkpt lat="49.03264500254544" lon="-118.8724399883882">
    <ele>589.5100000000001</ele>
   </trkpt>
   <trkpt lat="49.03191" lon="-118.87166">
    <ele>589.47</ele>
   </trkpt>
   <trkpt lat="49.031264006768694" lon="-118.8710339674839">
    <ele>589.49</ele>
   </trkpt>
   <trkpt lat="49.030618010151144" lon="-118.87040795122486">
    <ele>589.35</ele>
   </trkpt>
   <trkpt lat="49.02997201014756" lon="-118.86978195122224">
    <ele>589.1200000000001</ele>
   </trkpt>
   <trkpt lat="49.02932600675806" lon="-118.86915596747532">
    <ele>589.1500000000001</ele>
   </trkpt>
   <trkpt lat="49.02868" lon="-118.86853">
    <ele>590.32</ele>
   </trkpt>
   <trkpt lat="49.0281150015472" lon="-118.86794499342834">
    <ele>589.6600000000001</ele>
   </trkpt>
   <trkpt lat="49.027550000000005" lon="-118.86736">
    <ele>589.9300000000001</ele>
   </trkpt>
   <trkpt lat="49.02718" lon="-118.86692000000001">
    <ele>591.0300000000001</ele>
   </trkpt>
   <trkpt lat="49.02685" lon="-118.86637">
    <ele>590.52</ele>
   </trkpt>
   <trkpt lat="49.02671" lon="-118.86601">
    <ele>590.43</ele>
   </trkpt>
   <trkpt lat="49.026590000000006" lon="-118.86561">
    <ele>590.2900000000001</ele>
   </trkpt>
   <trkpt lat="49.026450000000004" lon="-118.86494">
    <ele>590.14</ele>
   </trkpt>
   <trkpt lat="49.02631" lon="-118.86364">
    <ele>589.0600000000001</ele>
   </trkpt>
   <trkpt lat="49.02626" lon="-118.86259000000001">
    <ele>588.08</ele>
   </trkpt>
   <trkpt lat="49.02617000242546" lon="-118.86183999860428">
    <ele>588.47</ele>
   </trkpt>
   <trkpt lat="49.02608000000001" lon="-118.86109">
    <ele>588.5100000000001</ele>
   </trkpt>
   <trkpt lat="49.025920000000006" lon="-118.86051">
    <ele>588.4</ele>
   </trkpt>
   <trkpt lat="49.02572000000001" lon="-118.85989000000001">
    <ele>588.5400000000001</ele>
   </trkpt>
   <trkpt lat="49.02548" lon="-118.85934">
    <ele>589.1</ele>
   </trkpt>
   <trkpt lat="49.025290000000005" lon="-118.85903">
    <ele>589.65</ele>
   </trkpt>
   <trkpt lat="49.02508" lon="-118.85873000000001">
    <ele>589.99</ele>
   </trkpt>
   <trkpt lat="49.02479" lon="-118.85845">
    <ele>589.53</ele>
   </trkpt>
   <trkpt lat="49.02458000000001" lon="-118.85832">
    <ele>589.55</ele>
   </trkpt>
   <trkpt lat="49.024330000000006" lon="-118.85823">
    <ele>589.45</ele>
   </trkpt>
   <trkpt lat="49.02396" lon="-118.85806000000001">
    <ele>589.43</ele>
   </trkpt>
   <trkpt lat="49.02384000000001" lon="-118.85819000000001">
    <ele>589.44</ele>
   </trkpt>
   <trkpt lat="49.023450000000004" lon="-118.85810000000001">
    <ele>589.4100000000001</ele>
   </trkpt>
   <trkpt lat="49.02272000000001" lon="-118.85773">
    <ele>588.9000000000001</ele>
   </trkpt>
   <trkpt lat="49.022420000000004" lon="-118.85769">
    <ele>588.58</ele>
   </trkpt>
   <trkpt lat="49.022040000000004" lon="-118.85769">
    <ele>588.5100000000001</ele>
   </trkpt>
   <trkpt lat="49.02134" lon="-118.85778">
    <ele>588.9300000000001</ele>
   </trkpt>
   <trkpt lat="49.020990000000005" lon="-118.85778">
    <ele>589.4200000000001</ele>
   </trkpt>
   <trkpt lat="49.02073000000001" lon="-118.85773">
    <ele>589.47</ele>
   </trkpt>
   <trkpt lat="49.02049" lon="-118.85759000000002">
    <ele>589.3900000000001</ele>
   </trkpt>
   <trkpt lat="49.019760000000005" lon="-118.85688">
    <ele>588.31</ele>
   </trkpt>
   <trkpt lat="49.01917500216678" lon="-118.8561849919263">
    <ele>588.1200000000001</ele>
   </trkpt>
   <trkpt lat="49.01859" lon="-118.85549">
    <ele>586.9300000000001</ele>
   </trkpt>
   <trkpt lat="49.018175000996955" lon="-118.8550299962564">
    <ele>586.6</ele>
   </trkpt>
   <trkpt lat="49.01776" lon="-118.85457000000001">
    <ele>586.08</ele>
   </trkpt>
   <trkpt lat="49.01718667029657" lon="-118.85392331845503">
    <ele>585.53</ele>
   </trkpt>
   <trkpt lat="49.01661333697958" lon="-118.85327665180704">
    <ele>585.58</ele>
   </trkpt>
   <trkpt lat="49.016040000000004" lon="-118.85263">
    <ele>585.43</ele>
   </trkpt>
   <trkpt lat="49.01538000000001" lon="-118.85179000000001">
    <ele>585.77</ele>
   </trkpt>
   <trkpt lat="49.015130000000006" lon="-118.85133">
    <ele>585.83</ele>
   </trkpt>
   <trkpt lat="49.015040000000006" lon="-118.85106">
    <ele>585.98</ele>
   </trkpt>
   <trkpt lat="49.01486000334377" lon="-118.85018499701039">
    <ele>586.72</ele>
   </trkpt>
   <trkpt lat="49.014680000000006" lon="-118.84931">
    <ele>587.2400000000001</ele>
   </trkpt>
   <trkpt lat="49.014480000000006" lon="-118.84868000000002">
    <ele>587.22</ele>
   </trkpt>
   <trkpt lat="49.01423500221346" lon="-118.84796499649481">
    <ele>587.48</ele>
   </trkpt>
   <trkpt lat="49.01399000000001" lon="-118.84725000000002">
    <ele>587.96</ele>
   </trkpt>
   <trkpt lat="49.013540000000006" lon="-118.84609">
    <ele>589.1200000000001</ele>
   </trkpt>
   <trkpt lat="49.01303000459242" lon="-118.84506498960631">
    <ele>588.94</ele>
   </trkpt>
   <trkpt lat="49.01252" lon="-118.84404">
    <ele>588.4</ele>
   </trkpt>
   <trkpt lat="49.01212" lon="-118.8431">
    <ele>587.16</ele>
   </trkpt>
   <trkpt lat="49.012080000000005" lon="-118.84282">
    <ele>587.23</ele>
   </trkpt>
   <trkpt lat="49.012080000000005" lon="-118.84153">
    <ele>587.4100000000001</ele>
   </trkpt>
   <trkpt lat="49.01214" lon="-118.84108">
    <ele>588.44</ele>
   </trkpt>
   <trkpt lat="49.012240000000006" lon="-118.84068">
    <ele>589.5100000000001</ele>
   </trkpt>
   <trkpt lat="49.01228668164669" lon="-118.83936333581457">
    <ele>590.89</ele>
   </trkpt>
   <trkpt lat="49.01233334831292" lon="-118.83804666916036">
    <ele>591.83</ele>
   </trkpt>
   <trkpt lat="49.01238000000001" lon="-118.83673">
    <ele>593.0500000000001</ele>
   </trkpt>
   <trkpt lat="49.01256" lon="-118.83633">
    <ele>593.21</ele>
   </trkpt>
   <trkpt lat="49.01258000000001" lon="-118.8362">
    <ele>593.1899999999999</ele>
   </trkpt>
   <trkpt lat="49.012440000000005" lon="-118.83549000000001">
    <ele>592.92</ele>
   </trkpt>
   <trkpt lat="49.01238000000001" lon="-118.83481">
    <ele>592.4100000000001</ele>
   </trkpt>
   <trkpt lat="49.01239500513372" lon="-118.83372000029868">
    <ele>588.13</ele>
   </trkpt>
   <trkpt lat="49.01241" lon="-118.83263000000001">
    <ele>584.32</ele>
   </trkpt>
   <trkpt lat="49.012440003198165" lon="-118.8317700004423">
    <ele>584.46</ele>
   </trkpt>
   <trkpt lat="49.01247000000001" lon="-118.83091">
    <ele>585.28</ele>
   </trkpt>
   <trkpt lat="49.01240000000001" lon="-118.83010000000002">
    <ele>585.19</ele>
   </trkpt>
   <trkpt lat="49.01248000769628" lon="-118.8287650022119">
    <ele>585.6999999999999</ele>
   </trkpt>
   <trkpt lat="49.01256" lon="-118.82743">
    <ele>585.4100000000001</ele>
   </trkpt>
   <trkpt lat="49.012600000000006" lon="-118.82622">
    <ele>585.86</ele>
   </trkpt>
   <trkpt lat="49.012570000000004" lon="-118.82544000000001">
    <ele>586.01</ele>
   </trkpt>
   <trkpt lat="49.01247000000001" lon="-118.82469">
    <ele>586.23</ele>
   </trkpt>
   <trkpt lat="49.01253432233626" lon="-118.82350143778402">
    <ele>584.6600000000001</ele>
   </trkpt>
   <trkpt lat="49.01259863246522" lon="-118.82231287249698">
    <ele>584.59</ele>
   </trkpt>
   <trkpt lat="49.01266293038689" lon="-118.82112430413952">
    <ele>584.77</ele>
   </trkpt>
   <trkpt lat="49.01272721610115" lon="-118.81993573271222">
    <ele>584.62</ele>
   </trkpt>
   <trkpt lat="49.01279148960798" lon="-118.81874715821564">
    <ele>584.82</ele>
   </trkpt>
   <trkpt lat="49.01285575090731" lon="-118.81755858065034">
    <ele>584.64</ele>
   </trkpt>
   <trkpt lat="49.01292" lon="-118.81637">
    <ele>584.7800000000001</ele>
   </trkpt>
   <trkpt lat="49.012976677833166" lon="-118.81523333588056">
    <ele>584.5</ele>
   </trkpt>
   <trkpt lat="49.01303334450187" lon="-118.81409666917324">
    <ele>584.73</ele>
   </trkpt>
   <trkpt lat="49.013090000000005" lon="-118.81296">
    <ele>585.04</ele>
   </trkpt>
   <trkpt lat="49.013040000000004" lon="-118.81264000000002">
    <ele>585.01</ele>
   </trkpt>
   <trkpt lat="49.01300500389973" lon="-118.81168999934341">
    <ele>584.6999999999999</ele>
   </trkpt>
   <trkpt lat="49.01297" lon="-118.81074000000001">
    <ele>584.37</ele>
   </trkpt>
   <trkpt lat="49.01290117348485" lon="-118.8093966517951">
    <ele>583.8100000000001</ele>
   </trkpt>
   <trkpt lat="49.012832331375996" lon="-118.808053307305">
    <ele>583.61</ele>
   </trkpt>
   <trkpt lat="49.01276347367355" lon="-118.80670996653055">
    <ele>583.1400000000001</ele>
   </trkpt>
   <trkpt lat="49.01269460037759" lon="-118.8053666294725">
    <ele>582.76</ele>
   </trkpt>
   <trkpt lat="49.0126257114882" lon="-118.80402329613173">
    <ele>582.6</ele>
   </trkpt>
   <trkpt lat="49.012556807005424" lon="-118.80267996650902">
    <ele>582.6</ele>
   </trkpt>
   <trkpt lat="49.0124878869294" lon="-118.80133664060521">
    <ele>582.53</ele>
   </trkpt>
   <trkpt lat="49.01241895126018" lon="-118.79999331842117">
    <ele>582.55</ele>
   </trkpt>
   <trkpt lat="49.012350000000005" lon="-118.79865000000001">
    <ele>582.47</ele>
   </trkpt>
   <trkpt lat="49.01236" lon="-118.79828">
    <ele>582.46</ele>
   </trkpt>
   <trkpt lat="49.01234" lon="-118.79754000000001">
    <ele>582.6300000000001</ele>
   </trkpt>
   <trkpt lat="49.012280005515485" lon="-118.79640999861032">
    <ele>582.34</ele>
   </trkpt>
   <trkpt lat="49.012220000000006" lon="-118.79528">
    <ele>582.1800000000001</ele>
   </trkpt>
   <trkpt lat="49.01221" lon="-118.79410000000001">
    <ele>582.94</ele>
   </trkpt>
   <trkpt lat="49.012260000000005" lon="-118.79384">
    <ele>582.72</ele>
   </trkpt>
   <trkpt lat="49.01216" lon="-118.79354000000001">
    <ele>582.69</ele>
   </trkpt>
   <trkpt lat="49.012090034842764" lon="-118.79226999105681">
    <ele>582.99</ele>
   </trkpt>
   <trkpt lat="49.01202005574797" lon="-118.79099998568357">
    <ele>583.67</ele>
   </trkpt>
   <trkpt lat="49.01195006271569" lon="-118.78972998388095">
    <ele>583.8100000000001</ele>
   </trkpt>
   <trkpt lat="49.011880055746005" lon="-118.78845998564962">
    <ele>583.92</ele>
   </trkpt>
   <trkpt lat="49.01181003483897" lon="-118.78718999099033">
    <ele>584.3000000000001</ele>
   </trkpt>
   <trkpt lat="49.01174" lon="-118.78592">
    <ele>584.57</ele>
   </trkpt>
   <trkpt lat="49.01168000886802" lon="-118.78490666413707">
    <ele>584.33</ele>
   </trkpt>
   <trkpt lat="49.01162000886285" lon="-118.78389333071638">
    <ele>584.04</ele>
   </trkpt>
   <trkpt lat="49.01156" lon="-118.78288">
    <ele>583.6600000000001</ele>
   </trkpt>
   <trkpt lat="49.01149336610554" lon="-118.78164832509074">
    <ele>583.8100000000001</ele>
   </trkpt>
   <trkpt lat="49.01142671910216" lon="-118.78041665347874">
    <ele>583.9700000000001</ele>
   </trkpt>
   <trkpt lat="49.01136005898994" lon="-118.77918498516465">
    <ele>584.5400000000001</ele>
   </trkpt>
   <trkpt lat="49.01129338576895" lon="-118.77795332014904">
    <ele>584.94</ele>
   </trkpt>
   <trkpt lat="49.011226699439234" lon="-118.77672165843263">
    <ele>585.6</ele>
   </trkpt>
   <trkpt lat="49.011160000000004" lon="-118.77549">
    <ele>586.38</ele>
   </trkpt>
   <trkpt lat="49.011050000000004" lon="-118.77455">
    <ele>586.82</ele>
   </trkpt>
   <trkpt lat="49.01091" lon="-118.77374">
    <ele>587.53</ele>
   </trkpt>
   <trkpt lat="49.010695003512" lon="-118.77284499634764">
    <ele>588.2700000000001</ele>
   </trkpt>
   <trkpt lat="49.01048" lon="-118.77195">
    <ele>589.48</ele>
   </trkpt>
   <trkpt lat="49.01018202121666" lon="-118.77084197347064">
    <ele>590.7300000000001</ele>
   </trkpt>
   <trkpt lat="49.009884031824356" lon="-118.7697339602043">
    <ele>592.9100000000001</ele>
   </trkpt>
   <trkpt lat="49.0095860318233" lon="-118.76862596020109">
    <ele>594.2</ele>
   </trkpt>
   <trkpt lat="49.00928802121373" lon="-118.76751797346118">
    <ele>596.28</ele>
   </trkpt>
   <trkpt lat="49.008990000000004" lon="-118.76641000000001">
    <ele>597.92</ele>
   </trkpt>
   <trkpt lat="49.008750000000006" lon="-118.76586">
    <ele>598.25</ele>
   </trkpt>
   <trkpt lat="49.008500000000005" lon="-118.76543000000001">
    <ele>599.13</ele>
   </trkpt>
   <trkpt lat="49.008210000000005" lon="-118.76514000000002">
    <ele>599.6800000000001</ele>
   </trkpt>
   <trkpt lat="49.007920000000006" lon="-118.76488">
    <ele>600.04</ele>
   </trkpt>
   <trkpt lat="49.00751000036978" lon="-118.76458999761664">
    <ele>600.74</ele>
   </trkpt>
   <trkpt lat="49.0071" lon="-118.7643">
    <ele>601.31</ele>
   </trkpt>
   <trkpt lat="49.00634" lon="-118.76376">
    <ele>602.7900000000001</ele>
   </trkpt>
   <trkpt lat="49.00589" lon="-118.76335">
    <ele>603.2900000000001</ele>
   </trkpt>
   <trkpt lat="49.00562000000001" lon="-118.76295">
    <ele>603.89</ele>
   </trkpt>
   <trkpt lat="49.00549" lon="-118.76263000000002">
    <ele>604.2900000000001</ele>
   </trkpt>
   <trkpt lat="49.005410000000005" lon="-118.76237">
    <ele>604.5</ele>
   </trkpt>
   <trkpt lat="49.005320000000005" lon="-118.76192">
    <ele>605.1200000000001</ele>
   </trkpt>
   <trkpt lat="49.00527" lon="-118.76126000000001">
    <ele>605.46</ele>
   </trkpt>
   <trkpt lat="49.00531" lon="-118.76085">
    <ele>605.92</ele>
   </trkpt>
   <trkpt lat="49.005370000000006" lon="-118.76046000000001">
    <ele>606.4000000000001</ele>
   </trkpt>
   <trkpt lat="49.00545" lon="-118.76018">
    <ele>606.7900000000001</ele>
   </trkpt>
   <trkpt lat="49.00562000000001" lon="-118.75977">
    <ele>606.7900000000001</ele>
   </trkpt>
   <trkpt lat="49.00591000000001" lon="-118.75924">
    <ele>607.9100000000001</ele>
   </trkpt>
   <trkpt lat="49.00633000237238" lon="-118.75850500613252">
    <ele>608.71</ele>
   </trkpt>
   <trkpt lat="49.006750000000004" lon="-118.75777000000001">
    <ele>609.95</ele>
   </trkpt>
   <trkpt lat="49.00711000139649" lon="-118.75722500376894">
    <ele>610.87</ele>
   </trkpt>
   <trkpt lat="49.007470000000005" lon="-118.75668">
    <ele>611.92</ele>
   </trkpt>
   <trkpt lat="49.00791" lon="-118.75619">
    <ele>612.87</ele>
   </trkpt>
   <trkpt lat="49.00845500095114" lon="-118.75570000544093">
    <ele>614.4000000000001</ele>
   </trkpt>
   <trkpt lat="49.00900000000001" lon="-118.75521">
    <ele>615.32</ele>
   </trkpt>
   <trkpt lat="49.00957500117323" lon="-118.75465000664421">
    <ele>617.02</ele>
   </trkpt>
   <trkpt lat="49.01015" lon="-118.75409">
    <ele>618.51</ele>
   </trkpt>
   <trkpt lat="49.01059500055395" lon="-118.75371000345615">
    <ele>619.1300000000001</ele>
   </trkpt>
   <trkpt lat="49.01104" lon="-118.75333">
    <ele>620.72</ele>
   </trkpt>
   <trkpt lat="49.01157333525214" lon="-118.75285001034895">
    <ele>621.35</ele>
   </trkpt>
   <trkpt lat="49.012106668513354" lon="-118.75237001041401">
    <ele>623.2</ele>
   </trkpt>
   <trkpt lat="49.012640000000005" lon="-118.75189">
    <ele>624.38</ele>
   </trkpt>
   <trkpt lat="49.01263" lon="-118.75189">
    <ele>624.3700000000001</ele>
   </trkpt>
   <trkpt lat="49.01285000000001" lon="-118.75171">
    <ele>624.9200000000001</ele>
   </trkpt>
   <trkpt lat="49.01346" lon="-118.75139000000001">
    <ele>625.9300000000001</ele>
   </trkpt>
   <trkpt lat="49.014" lon="-118.75113">
    <ele>626.8900000000001</ele>
   </trkpt>
   <trkpt lat="49.01476" lon="-118.75068">
    <ele>627.8100000000001</ele>
   </trkpt>
   <trkpt lat="49.01532" lon="-118.75024">
    <ele>628.7900000000001</ele>
   </trkpt>
   <trkpt lat="49.015750000000004" lon="-118.74984">
    <ele>629.46</ele>
   </trkpt>
   <trkpt lat="49.016090000000005" lon="-118.74944">
    <ele>630.4399999999999</ele>
   </trkpt>
   <trkpt lat="49.016560000000005" lon="-118.74871">
    <ele>631.45</ele>
   </trkpt>
   <trkpt lat="49.016940000000005" lon="-118.74804">
    <ele>632.62</ele>
   </trkpt>
   <trkpt lat="49.017570000000006" lon="-118.74719">
    <ele>634.1800000000001</ele>
   </trkpt>
   <trkpt lat="49.017700000000005" lon="-118.74694000000001">
    <ele>634.6500000000001</ele>
   </trkpt>
   <trkpt lat="49.01782000000001" lon="-118.74666">
    <ele>634.9300000000001</ele>
   </trkpt>
   <trkpt lat="49.018010000000004" lon="-118.74589">
    <ele>635.58</ele>
   </trkpt>
   <trkpt lat="49.01816" lon="-118.74546000000001">
    <ele>635.99</ele>
   </trkpt>
   <trkpt lat="49.018570000000004" lon="-118.74478">
    <ele>637.36</ele>
   </trkpt>
   <trkpt lat="49.01897" lon="-118.74424">
    <ele>638.51</ele>
   </trkpt>
   <trkpt lat="49.019310000000004" lon="-118.74383">
    <ele>639.19</ele>
   </trkpt>
   <trkpt lat="49.019800000000004" lon="-118.74336000000001">
    <ele>640.3700000000001</ele>
   </trkpt>
   <trkpt lat="49.02026000000001" lon="-118.74299">
    <ele>641.0100000000001</ele>
   </trkpt>
   <trkpt lat="49.020715000386474" lon="-118.7426700029648">
    <ele>642.0</ele>
   </trkpt>
   <trkpt lat="49.021170000000005" lon="-118.74235000000002">
    <ele>642.9</ele>
   </trkpt>
   <trkpt lat="49.02132" lon="-118.74217000000002">
    <ele>643.39</ele>
   </trkpt>
   <trkpt lat="49.02132" lon="-118.74218">
    <ele>643.38</ele>
   </trkpt>
   <trkpt lat="49.021550000000005" lon="-118.74191">
    <ele>643.94</ele>
   </trkpt>
   <trkpt lat="49.02209500236073" lon="-118.74117000811063">
    <ele>645.4000000000001</ele>
   </trkpt>
   <trkpt lat="49.02264" lon="-118.74043">
    <ele>646.82</ele>
   </trkpt>
   <trkpt lat="49.02326" lon="-118.73949">
    <ele>648.66</ele>
   </trkpt>
   <trkpt lat="49.023830004390994" lon="-118.73848501146301">
    <ele>650.1800000000001</ele>
   </trkpt>
   <trkpt lat="49.02440000000001" lon="-118.73748">
    <ele>651.84</ele>
   </trkpt>
   <trkpt lat="49.024910000000006" lon="-118.7369">
    <ele>653.02</ele>
   </trkpt>
   <trkpt lat="49.025290000000005" lon="-118.73655000000001">
    <ele>653.76</ele>
   </trkpt>
   <trkpt lat="49.02572000000001" lon="-118.73635000000002">
    <ele>654.6200000000001</ele>
   </trkpt>
   <trkpt lat="49.026160000000004" lon="-118.73622">
    <ele>655.58</ele>
   </trkpt>
   <trkpt lat="49.02671499995977" lon="-118.73615500073183">
    <ele>658.6800000000001</ele>
   </trkpt>
   <trkpt lat="49.02727" lon="-118.73609">
    <ele>657.25</ele>
   </trkpt>
   <trkpt lat="49.02760000000001" lon="-118.73586000000002">
    <ele>657.81</ele>
   </trkpt>
   <trkpt lat="49.02783" lon="-118.73559000000002">
    <ele>659.1700000000001</ele>
   </trkpt>
   <trkpt lat="49.028335003715874" lon="-118.73465500960263">
    <ele>660.9</ele>
   </trkpt>
   <trkpt lat="49.02884" lon="-118.73372">
    <ele>660.6500000000001</ele>
   </trkpt>
   <trkpt lat="49.029070000000004" lon="-118.73336">
    <ele>661.85</ele>
   </trkpt>
   <trkpt lat="49.029496671614375" lon="-118.73260001311127">
    <ele>662.37</ele>
   </trkpt>
   <trkpt lat="49.02992333823809" lon="-118.73184001318793">
    <ele>663.7900000000001</ele>
   </trkpt>
   <trkpt lat="49.030350000000006" lon="-118.73108">
    <ele>666.0400000000001</ele>
   </trkpt>
   <trkpt lat="49.030830001994154" lon="-118.7304100063875">
    <ele>667.2600000000001</ele>
   </trkpt>
   <trkpt lat="49.031310000000005" lon="-118.72974">
    <ele>667.74</ele>
   </trkpt>
   <trkpt lat="49.0313" lon="-118.72974">
    <ele>667.74</ele>
   </trkpt>
   <trkpt lat="49.0316900011939" lon="-118.7292000043243">
    <ele>667.9600000000002</ele>
   </trkpt>
   <trkpt lat="49.03208" lon="-118.72866">
    <ele>668.9900000000001</ele>
   </trkpt>
   <trkpt lat="49.03255500175421" lon="-118.72802000613132">
    <ele>671.0</ele>
   </trkpt>
   <trkpt lat="49.033030000000004" lon="-118.72738000000001">
    <ele>672.2300000000001</ele>
   </trkpt>
   <trkpt lat="49.03364000333482" lon="-118.72651001057534">
    <ele>674.08</ele>
   </trkpt>
   <trkpt lat="49.03425000000001" lon="-118.72564000000001">
    <ele>675.0</ele>
   </trkpt>
   <trkpt lat="49.03488" lon="-118.72468">
    <ele>676.4100000000001</ele>
   </trkpt>
   <trkpt lat="49.03531500290291" lon="-118.72387000695569">
    <ele>677.18</ele>
   </trkpt>
   <trkpt lat="49.03575000000001" lon="-118.72306">
    <ele>681.8700000000001</ele>
   </trkpt>
   <trkpt lat="49.03606500111213" lon="-118.72255000324827">
    <ele>681.0200000000001</ele>
   </trkpt>
   <trkpt lat="49.03638" lon="-118.72204">
    <ele>680.69</ele>
   </trkpt>
   <trkpt lat="49.03689334074531" lon="-118.72111335247305">
    <ele>682.82</ele>
   </trkpt>
   <trkpt lat="49.037406674071406" lon="-118.72018668581981">
    <ele>685.01</ele>
   </trkpt>
   <trkpt lat="49.03792000000001" lon="-118.71926">
    <ele>686.7700000000001</ele>
   </trkpt>
   <trkpt lat="49.038320000000006" lon="-118.71845">
    <ele>687.34</ele>
   </trkpt>
   <trkpt lat="49.038610000000006" lon="-118.71782">
    <ele>688.82</ele>
   </trkpt>
   <trkpt lat="49.03889" lon="-118.71707">
    <ele>689.4100000000001</ele>
   </trkpt>
   <trkpt lat="49.039190000000005" lon="-118.71609000000001">
    <ele>691.28</ele>
   </trkpt>
   <trkpt lat="49.039440000000006" lon="-118.71508000000001">
    <ele>693.09</ele>
   </trkpt>
   <trkpt lat="49.039660000000005" lon="-118.71385000000001">
    <ele>694.1600000000001</ele>
   </trkpt>
   <trkpt lat="49.039750000000005" lon="-118.71303">
    <ele>695.2700000000001</ele>
   </trkpt>
   <trkpt lat="49.03980000000001" lon="-118.71223">
    <ele>696.22</ele>
   </trkpt>
   <trkpt lat="49.03981000418903" lon="-118.71124500043089">
    <ele>697.5600000000001</ele>
   </trkpt>
   <trkpt lat="49.039820000000006" lon="-118.71026">
    <ele>698.3000000000001</ele>
   </trkpt>
   <trkpt lat="49.03981000775816" lon="-118.70891999988517">
    <ele>699.98</ele>
   </trkpt>
   <trkpt lat="49.03980000000001" lon="-118.70758000000001">
    <ele>701.8000000000001</ele>
   </trkpt>
   <trkpt lat="49.03981500787247" lon="-118.7062300004751">
    <ele>703.1500000000001</ele>
   </trkpt>
   <trkpt lat="49.03983" lon="-118.70488">
    <ele>704.4200000000001</ele>
   </trkpt>
   <trkpt lat="49.039910000000006" lon="-118.70421">
    <ele>705.01</ele>
   </trkpt>
   <trkpt lat="49.03999" lon="-118.70376">
    <ele>705.5600000000001</ele>
   </trkpt>
   <trkpt lat="49.04014" lon="-118.70322000000002">
    <ele>706.1400000000001</ele>
   </trkpt>
   <trkpt lat="49.04048" lon="-118.7026">
    <ele>706.8700000000001</ele>
   </trkpt>
   <trkpt lat="49.040580000000006" lon="-118.70206">
    <ele>707.5300000000001</ele>
   </trkpt>
   <trkpt lat="49.040800000000004" lon="-118.70163000000001">
    <ele>708.3000000000001</ele>
   </trkpt>
   <trkpt lat="49.041290000000004" lon="-118.70094">
    <ele>709.38</ele>
   </trkpt>
   <trkpt lat="49.04167" lon="-118.70055">
    <ele>709.9300000000001</ele>
   </trkpt>
   <trkpt lat="49.042270002022796" lon="-118.70006334509534">
    <ele>711.43</ele>
   </trkpt>
   <trkpt lat="49.04287000199932" lon="-118.69957667844791">
    <ele>712.35</ele>
   </trkpt>
   <trkpt lat="49.043470000000006" lon="-118.69909000000001">
    <ele>713.47</ele>
   </trkpt>
   <trkpt lat="49.043470000000006" lon="-118.69910000000002">
    <ele>713.45</ele>
   </trkpt>
   <trkpt lat="49.04414800511462" lon="-118.69855602966688">
    <ele>714.49</ele>
   </trkpt>
   <trkpt lat="49.04482600767258" lon="-118.69801204450057">
    <ele>714.95</ele>
   </trkpt>
   <trkpt lat="49.0455040076738" lon="-118.6974680445004">
    <ele>715.16</ele>
   </trkpt>
   <trkpt lat="49.04618200511813" lon="-118.69692402966567">
    <ele>715.4200000000001</ele>
   </trkpt>
   <trkpt lat="49.04686" lon="-118.69638">
    <ele>715.3600000000001</ele>
   </trkpt>
   <trkpt lat="49.04739000000001" lon="-118.69607">
    <ele>715.4100000000001</ele>
   </trkpt>
   <trkpt lat="49.047920000000005" lon="-118.69589">
    <ele>715.45</ele>
   </trkpt>
   <trkpt lat="49.04843" lon="-118.69575">
    <ele>715.45</ele>
   </trkpt>
   <trkpt lat="49.049315000019895" lon="-118.69570500240332">
    <ele>715.47</ele>
   </trkpt>
   <trkpt lat="49.05020000002228" lon="-118.69566000320471">
    <ele>715.48</ele>
   </trkpt>
   <trkpt lat="49.05108500000717" lon="-118.69561500240408">
    <ele>715.67</ele>
   </trkpt>
   <trkpt lat="49.051970000000004" lon="-118.69557">
    <ele>715.9700000000001</ele>
   </trkpt>
   <trkpt lat="49.052350000000004" lon="-118.69561000000002">
    <ele>716.0500000000001</ele>
   </trkpt>
   <trkpt lat="49.052580000000006" lon="-118.69566">
    <ele>716.0200000000001</ele>
   </trkpt>
   <trkpt lat="49.05288" lon="-118.69585000000001">
    <ele>716.1500000000001</ele>
   </trkpt>
   <trkpt lat="49.053315000559806" lon="-118.6961949970174">
    <ele>716.3900000000001</ele>
   </trkpt>
   <trkpt lat="49.05375" lon="-118.69654000000001">
    <ele>716.5</ele>
   </trkpt>
   <trkpt lat="49.05375" lon="-118.69653000000001">
    <ele>716.5</ele>
   </trkpt>
   <trkpt lat="49.05395000000001" lon="-118.69669">
    <ele>716.5600000000001</ele>
   </trkpt>
   <trkpt lat="49.0546" lon="-118.69696">
    <ele>716.77</ele>
   </trkpt>
   <trkpt lat="49.05487" lon="-118.69701">
    <ele>716.74</ele>
   </trkpt>
   <trkpt lat="49.055170000000004" lon="-118.69705">
    <ele>716.77</ele>
   </trkpt>
   <trkpt lat="49.05565000000001" lon="-118.69696">
    <ele>717.16</ele>
   </trkpt>
   <trkpt lat="49.05617" lon="-118.69683">
    <ele>717.86</ele>
   </trkpt>
   <trkpt lat="49.05669" lon="-118.69673000000002">
    <ele>718.08</ele>
   </trkpt>
   <trkpt lat="49.057230000000004" lon="-118.69669">
    <ele>718.69</ele>
   </trkpt>
   <trkpt lat="49.057854999815795" lon="-118.69671499967819">
    <ele>719.3600000000001</ele>
   </trkpt>
   <trkpt lat="49.05848" lon="-118.69674">
    <ele>719.7800000000001</ele>
   </trkpt>
   <trkpt lat="49.05865000000001" lon="-118.69669">
    <ele>719.95</ele>
   </trkpt>
   <trkpt lat="49.058870000000006" lon="-118.69652">
    <ele>720.21</ele>
   </trkpt>
   <trkpt lat="49.05924" lon="-118.69615">
    <ele>720.4100000000001</ele>
   </trkpt>
   <trkpt lat="49.059270000000005" lon="-118.69610000000002">
    <ele>720.4100000000001</ele>
   </trkpt>
   <trkpt lat="49.059270000000005" lon="-118.69611">
    <ele>720.4100000000001</ele>
   </trkpt>
   <trkpt lat="49.05966333788555" lon="-118.69538334485267">
    <ele>720.9100000000001</ele>
   </trkpt>
   <trkpt lat="49.060056671209296" lon="-118.69465667820386">
    <ele>721.32</ele>
   </trkpt>
   <trkpt lat="49.06045" lon="-118.69393000000001">
    <ele>721.7600000000001</ele>
   </trkpt>
   <trkpt lat="49.06083" lon="-118.69330000000001">
    <ele>722.04</ele>
   </trkpt>
   <trkpt lat="49.06143" lon="-118.69257">
    <ele>722.35</ele>
   </trkpt>
   <trkpt lat="49.061840000000004" lon="-118.69227000000001">
    <ele>723.62</ele>
   </trkpt>
   <trkpt lat="49.06228" lon="-118.69203000000002">
    <ele>723.94</ele>
   </trkpt>
   <trkpt lat="49.062740000000005" lon="-118.69185000000002">
    <ele>724.45</ele>
   </trkpt>
   <trkpt lat="49.063570000000006" lon="-118.69166000000001">
    <ele>725.4200000000001</ele>
   </trkpt>
   <trkpt lat="49.06439" lon="-118.6915">
    <ele>726.6800000000001</ele>
   </trkpt>
   <trkpt lat="49.06505000037334" lon="-118.69132000475598">
    <ele>727.0300000000001</ele>
   </trkpt>
   <trkpt lat="49.06571000046676" lon="-118.69114000473058">
    <ele>727.69</ele>
   </trkpt>
   <trkpt lat="49.066370000000006" lon="-118.69096">
    <ele>728.1700000000001</ele>
   </trkpt>
   <trkpt lat="49.0670675003918" lon="-118.69079000715489">
    <ele>728.5500000000001</ele>
   </trkpt>
   <trkpt lat="49.06776500053395" lon="-118.69062000953723">
    <ele>729.08</ele>
   </trkpt>
   <trkpt lat="49.06846250042644" lon="-118.69045000714671">
    <ele>729.44</ele>
   </trkpt>
   <trkpt lat="49.069160000000004" lon="-118.69028000000002">
    <ele>730.0200000000001</ele>
   </trkpt>
   <trkpt lat="49.06915" lon="-118.69028000000002">
    <ele>730.0200000000001</ele>
   </trkpt>
   <trkpt lat="49.069855000394384" lon="-118.690110007232">
    <ele>730.37</ele>
   </trkpt>
   <trkpt lat="49.07056000053915" lon="-118.68994000963964">
    <ele>731.32</ele>
   </trkpt>
   <trkpt lat="49.07126500043424" lon="-118.68977000722266">
    <ele>731.6700000000001</ele>
   </trkpt>
   <trkpt lat="49.07197000000001" lon="-118.68960000000001">
    <ele>732.5200000000001</ele>
   </trkpt>
   <trkpt lat="49.072120000000005" lon="-118.68954000000001">
    <ele>732.53</ele>
   </trkpt>
   <trkpt lat="49.072852000578564" lon="-118.68935801072541">
    <ele>731.8800000000001</ele>
   </trkpt>
   <trkpt lat="49.07358400087098" lon="-118.68917601608766">
    <ele>732.48</ele>
   </trkpt>
   <trkpt lat="49.07431600087728" lon="-118.68899401608637">
    <ele>733.7</ele>
   </trkpt>
   <trkpt lat="49.075048000597434" lon="-118.68881201072132">
    <ele>735.5600000000001</ele>
   </trkpt>
   <trkpt lat="49.07578" lon="-118.68863">
    <ele>736.75</ele>
   </trkpt>
   <trkpt lat="49.076460000000004" lon="-118.68849000000002">
    <ele>737.8800000000001</ele>
   </trkpt>
   <trkpt lat="49.076440000000005" lon="-118.68849000000002">
    <ele>737.86</ele>
   </trkpt>
   <trkpt lat="49.076620000000005" lon="-118.68845">
    <ele>738.59</ele>
   </trkpt>
   <trkpt lat="49.07748" lon="-118.68815000000001">
    <ele>740.0000000000001</ele>
   </trkpt>
   <trkpt lat="49.0778" lon="-118.68801">
    <ele>740.02</ele>
   </trkpt>
   <trkpt lat="49.07826000000001" lon="-118.6877">
    <ele>740.11</ele>
   </trkpt>
   <trkpt lat="49.078680000000006" lon="-118.68738">
    <ele>740.1700000000001</ele>
   </trkpt>
   <trkpt lat="49.079080000000005" lon="-118.68697000000002">
    <ele>740.41</ele>
   </trkpt>
   <trkpt lat="49.07947" lon="-118.68653">
    <ele>740.62</ele>
   </trkpt>
   <trkpt lat="49.079840000000004" lon="-118.68599">
    <ele>740.97</ele>
   </trkpt>
   <trkpt lat="49.080125001194126" lon="-118.68543000352858">
    <ele>741.02</ele>
   </trkpt>
   <trkpt lat="49.08041" lon="-118.68487">
    <ele>741.3400000000001</ele>
   </trkpt>
   <trkpt lat="49.08053" lon="-118.68457000000001">
    <ele>741.4200000000001</ele>
   </trkpt>
   <trkpt lat="49.08059" lon="-118.68440000000001">
    <ele>741.35</ele>
   </trkpt>
   <trkpt lat="49.08059" lon="-118.68441000000001">
    <ele>741.35</ele>
   </trkpt>
   <trkpt lat="49.08088500334569" lon="-118.68352500536824">
    <ele>741.71</ele>
   </trkpt>
   <trkpt lat="49.08118" lon="-118.68264">
    <ele>742.14</ele>
   </trkpt>
   <trkpt lat="49.081360000000004" lon="-118.68218000000002">
    <ele>741.71</ele>
   </trkpt>
   <trkpt lat="49.081360000000004" lon="-118.68219">
    <ele>741.71</ele>
   </trkpt>
   <trkpt lat="49.08162" lon="-118.68165">
    <ele>741.97</ele>
   </trkpt>
   <trkpt lat="49.08196" lon="-118.68129">
    <ele>742.21</ele>
   </trkpt>
   <trkpt lat="49.08229000000001" lon="-118.68108000000001">
    <ele>742.38</ele>
   </trkpt>
   <trkpt lat="49.08254" lon="-118.68098">
    <ele>742.6</ele>
   </trkpt>
   <trkpt lat="49.08281" lon="-118.68098">
    <ele>742.6</ele>
   </trkpt>
   <trkpt lat="49.08366" lon="-118.6812">
    <ele>742.7900000000001</ele>
   </trkpt>
   <trkpt lat="49.08426000000001" lon="-118.68129">
    <ele>742.95</ele>
   </trkpt>
   <trkpt lat="49.08471" lon="-118.68122000000001">
    <ele>743.23</ele>
   </trkpt>
   <trkpt lat="49.084700000000005" lon="-118.68122000000001">
    <ele>743.2200000000001</ele>
   </trkpt>
   <trkpt lat="49.08540000000001" lon="-118.68103">
    <ele>744.3100000000001</ele>
   </trkpt>
   <trkpt lat="49.085390000000004" lon="-118.68104000000001">
    <ele>744.3100000000001</ele>
   </trkpt>
   <trkpt lat="49.085240000000006" lon="-118.68108000000001">
    <ele>744.11</ele>
   </trkpt>
   <trkpt lat="49.08538" lon="-118.68084">
    <ele>743.1300000000001</ele>
   </trkpt>
   <trkpt lat="49.08549000000001" lon="-118.68061000000002">
    <ele>742.86</ele>
   </trkpt>
   <trkpt lat="49.08554" lon="-118.68005000000001">
    <ele>743.08</ele>
   </trkpt>
   <trkpt lat="49.08554" lon="-118.67965000000001">
    <ele>743.65</ele>
   </trkpt>
   <trkpt lat="49.085530000000006" lon="-118.67937">
    <ele>743.85</ele>
   </trkpt>
   <trkpt lat="49.085800000000006" lon="-118.67882000000002">
    <ele>745.09</ele>
   </trkpt>
   <trkpt lat="49.08621" lon="-118.67804000000001">
    <ele>747.7900000000001</ele>
   </trkpt>
   <trkpt lat="49.086670000000005" lon="-118.67737000000001">
    <ele>751.86</ele>
   </trkpt>
   <trkpt lat="49.08726499986478" lon="-118.67737499993896">
    <ele>753.09</ele>
   </trkpt>
   <trkpt lat="49.087860000000006" lon="-118.67738000000001">
    <ele>754.24</ele>
   </trkpt>
   <trkpt lat="49.08787" lon="-118.67738000000001">
    <ele>754.24</ele>
   </trkpt>
   <trkpt lat="49.08816" lon="-118.67738000000001">
    <ele>754.4200000000001</ele>
   </trkpt>
   <trkpt lat="49.08887000007229" lon="-118.677389999715">
    <ele>753.5500000000001</ele>
   </trkpt>
   <trkpt lat="49.08958000014372" lon="-118.67739999971597">
    <ele>750.3700000000001</ele>
   </trkpt>
   <trkpt lat="49.09029" lon="-118.67741000000001">
    <ele>747.33</ele>
   </trkpt>
   <trkpt lat="49.0904" lon="-118.67741000000001">
    <ele>747.0000000000001</ele>
   </trkpt>
   <trkpt lat="49.09029" lon="-118.67741000000001">
    <ele>747.33</ele>
   </trkpt>
   <trkpt lat="49.09029" lon="-118.67802">
    <ele>746.9</ele>
   </trkpt>
   <trkpt lat="49.09028000000001" lon="-118.67892">
    <ele>743.0600000000001</ele>
   </trkpt>
   <trkpt lat="49.09029" lon="-118.67932">
    <ele>745.46</ele>
   </trkpt>
   <trkpt lat="49.090300000000006" lon="-118.67936">
    <ele>746.0000000000001</ele>
   </trkpt>
   <trkpt lat="49.090340000000005" lon="-118.67946">
    <ele>746.96</ele>
   </trkpt>
   <trkpt lat="49.090430000000005" lon="-118.67954">
    <ele>746.96</ele>
   </trkpt>
   <trkpt lat="49.09091" lon="-118.67954">
    <ele>746.96</ele>
   </trkpt>
   <trkpt lat="49.09160000000001" lon="-118.67964">
    <ele>749.26</ele>
   </trkpt>
   <trkpt lat="49.09215500015803" lon="-118.67970499928973">
    <ele>749.2500000000001</ele>
   </trkpt>
   <trkpt lat="49.092710000000004" lon="-118.67977">
    <ele>751.94</ele>
   </trkpt>
   <trkpt lat="49.09286" lon="-118.67986">
    <ele>751.94</ele>
   </trkpt>
   <trkpt lat="49.09301000000001" lon="-118.68007000000001">
    <ele>751.94</ele>
   </trkpt>
   <trkpt lat="49.09374999996078" lon="-118.68016499857382">
    <ele>752.0500000000001</ele>
   </trkpt>
   <trkpt lat="49.09449000000001" lon="-118.68026">
    <ele>752.46</ele>
   </trkpt>
   <trkpt lat="49.095200000000006" lon="-118.68035">
    <ele>752.8100000000001</ele>
   </trkpt>
   <trkpt lat="49.095580000000005" lon="-118.68035">
    <ele>753.2800000000001</ele>
   </trkpt>
   <trkpt lat="49.09633" lon="-118.68026">
    <ele>754.0000000000001</ele>
   </trkpt>
   <trkpt lat="49.09686000000001" lon="-118.68008">
    <ele>754.3000000000001</ele>
   </trkpt>
   <trkpt lat="49.097315000272914" lon="-118.67986500193624">
    <ele>754.78</ele>
   </trkpt>
   <trkpt lat="49.097770000000004" lon="-118.67965000000001">
    <ele>755.11</ele>
   </trkpt>
   <trkpt lat="49.09776" lon="-118.67965000000001">
    <ele>755.11</ele>
   </trkpt>
   <trkpt lat="49.09827500034122" lon="-118.67942000233613">
    <ele>755.48</ele>
   </trkpt>
   <trkpt lat="49.09879" lon="-118.67919">
    <ele>756.2800000000001</ele>
   </trkpt>
   <trkpt lat="49.09930000000001" lon="-118.6791">
    <ele>757.0500000000001</ele>
   </trkpt>
   <trkpt lat="49.09969" lon="-118.6791">
    <ele>757.0500000000001</ele>
   </trkpt>
   <trkpt lat="49.10009" lon="-118.67914">
    <ele>757.51</ele>
   </trkpt>
   <trkpt lat="49.10043" lon="-118.67928">
    <ele>757.9</ele>
   </trkpt>
   <trkpt lat="49.10087500012278" lon="-118.67946999828224">
    <ele>758.34</ele>
   </trkpt>
   <trkpt lat="49.10132" lon="-118.67966000000001">
    <ele>758.8000000000001</ele>
   </trkpt>
   <trkpt lat="49.101880000170276" lon="-118.67989999725822">
    <ele>759.4000000000001</ele>
   </trkpt>
   <trkpt lat="49.10244" lon="-118.68014000000001">
    <ele>759.8900000000001</ele>
   </trkpt>
   <trkpt lat="49.10289500010935" lon="-118.6802349991437">
    <ele>760.38</ele>
   </trkpt>
   <trkpt lat="49.103350000000006" lon="-118.68033000000001">
    <ele>760.65</ele>
   </trkpt>
   <trkpt lat="49.10399" lon="-118.68039">
    <ele>760.46</ele>
   </trkpt>
   <trkpt lat="49.104870000000005" lon="-118.68034000000002">
    <ele>760.4200000000001</ele>
   </trkpt>
   <trkpt lat="49.10486" lon="-118.68034000000002">
    <ele>760.41</ele>
   </trkpt>
   <trkpt lat="49.10574500002175" lon="-118.68030000071275">
    <ele>760.73</ele>
   </trkpt>
   <trkpt lat="49.10663" lon="-118.68026">
    <ele>760.69</ele>
   </trkpt>
   <trkpt lat="49.106880000000004" lon="-118.68032000000001">
    <ele>760.8300000000002</ele>
   </trkpt>
   <trkpt lat="49.107110000000006" lon="-118.68044">
    <ele>760.84</ele>
   </trkpt>
   <trkpt lat="49.10754000000001" lon="-118.68079000000002">
    <ele>760.8300000000002</ele>
   </trkpt>
   <trkpt lat="49.10808" lon="-118.68112">
    <ele>760.94</ele>
   </trkpt>
   <trkpt lat="49.1086" lon="-118.68134">
    <ele>760.97</ele>
   </trkpt>
   <trkpt lat="49.109080000000006" lon="-118.68134">
    <ele>761.0100000000001</ele>
   </trkpt>
   <trkpt lat="49.109700000000004" lon="-118.6812">
    <ele>761.5</ele>
   </trkpt>
   <trkpt lat="49.109910000000006" lon="-118.68108000000001">
    <ele>761.57</ele>
   </trkpt>
   <trkpt lat="49.1099" lon="-118.68108000000001">
    <ele>761.57</ele>
   </trkpt>
   <trkpt lat="49.110150000000004" lon="-118.68093">
    <ele>761.63</ele>
   </trkpt>
   <trkpt lat="49.1105" lon="-118.68061000000002">
    <ele>761.57</ele>
   </trkpt>
   <trkpt lat="49.110850000000006" lon="-118.68009">
    <ele>761.61</ele>
   </trkpt>
   <trkpt lat="49.111090000000004" lon="-118.67959">
    <ele>761.58</ele>
   </trkpt>
   <trkpt lat="49.111200000000004" lon="-118.67923">
    <ele>761.32</ele>
   </trkpt>
   <trkpt lat="49.111290000000004" lon="-118.67855000000002">
    <ele>761.09</ele>
   </trkpt>
   <trkpt lat="49.11133" lon="-118.67739000000002">
    <ele>763.63</ele>
   </trkpt>
   <trkpt lat="49.111320000000006" lon="-118.67694000000002">
    <ele>762.87</ele>
   </trkpt>
   <trkpt lat="49.11144" lon="-118.67682">
    <ele>762.85</ele>
   </trkpt>
   <trkpt lat="49.11144" lon="-118.67683000000001">
    <ele>762.85</ele>
   </trkpt>
   <trkpt lat="49.111320000000006" lon="-118.67694000000002">
    <ele>762.87</ele>
   </trkpt>
   <trkpt lat="49.11124" lon="-118.67616000000001">
    <ele>773.0</ele>
   </trkpt>
   <trkpt lat="49.11130000000001" lon="-118.67569">
    <ele>776.3700000000001</ele>
   </trkpt>
   <trkpt lat="49.11139000000001" lon="-118.67530000000001">
    <ele>777.69</ele>
   </trkpt>
   <trkpt lat="49.111560000000004" lon="-118.67491000000001">
    <ele>778.22</ele>
   </trkpt>
   <trkpt lat="49.112010000000005" lon="-118.67435">
    <ele>779.45</ele>
   </trkpt>
   <trkpt lat="49.112" lon="-118.67435">
    <ele>779.44</ele>
   </trkpt>
   <trkpt lat="49.11258666991032" lon="-118.67374001439642">
    <ele>780.8600000000001</ele>
   </trkpt>
   <trkpt lat="49.11317333660692" lon="-118.67313001436554">
    <ele>782.54</ele>
   </trkpt>
   <trkpt lat="49.113760000000006" lon="-118.67252">
    <ele>783.8900000000001</ele>
   </trkpt>
   <trkpt lat="49.11437" lon="-118.67185">
    <ele>785.73</ele>
   </trkpt>
   <trkpt lat="49.115010000000005" lon="-118.67131">
    <ele>786.5300000000001</ele>
   </trkpt>
   <trkpt lat="49.11543" lon="-118.67103000000002">
    <ele>787.39</ele>
   </trkpt>
   <trkpt lat="49.11612" lon="-118.67078000000001">
    <ele>788.9200000000001</ele>
   </trkpt>
   <trkpt lat="49.116910000000004" lon="-118.67059">
    <ele>790.82</ele>
   </trkpt>
   <trkpt lat="49.117430000000006" lon="-118.67033">
    <ele>791.3800000000001</ele>
   </trkpt>
   <trkpt lat="49.117900000000006" lon="-118.6701">
    <ele>792.4000000000001</ele>
   </trkpt>
   <trkpt lat="49.11849" lon="-118.66961">
    <ele>794.0600000000001</ele>
   </trkpt>
   <trkpt lat="49.11900000000001" lon="-118.66906000000002">
    <ele>795.07</ele>
   </trkpt>
   <trkpt lat="49.11932000099506" lon="-118.66857000322544">
    <ele>795.95</ele>
   </trkpt>
   <trkpt lat="49.119640000000004" lon="-118.66808">
    <ele>797.0400000000001</ele>
   </trkpt>
   <trkpt lat="49.12006" lon="-118.66736000000002">
    <ele>797.97</ele>
   </trkpt>
   <trkpt lat="49.12042" lon="-118.66666000000001">
    <ele>798.83</ele>
   </trkpt>
   <trkpt lat="49.12042" lon="-118.66667000000001">
    <ele>798.83</ele>
   </trkpt>
   <trkpt lat="49.120830005335655" lon="-118.66588667954917">
    <ele>800.47</ele>
   </trkpt>
   <trkpt lat="49.121240005371924" lon="-118.66510334614672">
    <ele>801.0200000000001</ele>
   </trkpt>
   <trkpt lat="49.12165" lon="-118.66432">
    <ele>802.66</ele>
   </trkpt>
   <trkpt lat="49.122060000000005" lon="-118.66366000000001">
    <ele>803.36</ele>
   </trkpt>
   <trkpt lat="49.122440000660916" lon="-118.66327500292896">
    <ele>804.9200000000001</ele>
   </trkpt>
   <trkpt lat="49.122820000000004" lon="-118.66289">
    <ele>805.7200000000001</ele>
   </trkpt>
   <trkpt lat="49.123407504028236" lon="-118.66233001993592">
    <ele>806.95</ele>
   </trkpt>
   <trkpt lat="49.12399500534821" lon="-118.66177002660335">
    <ele>807.91</ele>
   </trkpt>
   <trkpt lat="49.124582503959836" lon="-118.66121002000177">
    <ele>809.5600000000001</ele>
   </trkpt>
   <trkpt lat="49.125170000000004" lon="-118.66065">
    <ele>810.71</ele>
   </trkpt>
   <trkpt lat="49.12548" lon="-118.66025">
    <ele>811.27</ele>
   </trkpt>
   <trkpt lat="49.12565000000001" lon="-118.65999000000001">
    <ele>811.76</ele>
   </trkpt>
   <trkpt lat="49.12585000000001" lon="-118.65958">
    <ele>812.1700000000001</ele>
   </trkpt>
   <trkpt lat="49.12585000000001" lon="-118.65959000000001">
    <ele>812.15</ele>
   </trkpt>
   <trkpt lat="49.12595" lon="-118.6594">
    <ele>812.5100000000001</ele>
   </trkpt>
   <trkpt lat="49.12614000000001" lon="-118.65877">
    <ele>813.27</ele>
   </trkpt>
   <trkpt lat="49.12626" lon="-118.65805">
    <ele>814.4</ele>
   </trkpt>
   <trkpt lat="49.12632000000001" lon="-118.65752">
    <ele>815.0400000000001</ele>
   </trkpt>
   <trkpt lat="49.12635" lon="-118.65693">
    <ele>816.09</ele>
   </trkpt>
   <trkpt lat="49.12641000000001" lon="-118.6564">
    <ele>816.6700000000001</ele>
   </trkpt>
   <trkpt lat="49.12652603082937" lon="-118.65506401250464">
    <ele>817.34</ele>
   </trkpt>
   <trkpt lat="49.12664204624409" lon="-118.65372801875712">
    <ele>819.2600000000001</ele>
   </trkpt>
   <trkpt lat="49.126758046244085" lon="-118.65239201875822">
    <ele>820.32</ele>
   </trkpt>
   <trkpt lat="49.12687403082916" lon="-118.6510560125087">
    <ele>821.52</ele>
   </trkpt>
   <trkpt lat="49.126990000000006" lon="-118.64972000000002">
    <ele>822.85</ele>
   </trkpt>
   <trkpt lat="49.12704500226196" lon="-118.64900000049182">
    <ele>823.3800000000001</ele>
   </trkpt>
   <trkpt lat="49.127100000000006" lon="-118.64828000000001">
    <ele>823.86</ele>
   </trkpt>
   <trkpt lat="49.127100000000006" lon="-118.64829">
    <ele>823.86</ele>
   </trkpt>
   <trkpt lat="49.12713" lon="-118.64785">
    <ele>824.1600000000001</ele>
   </trkpt>
   <trkpt lat="49.12715500280436" lon="-118.64704500020906">
    <ele>824.45</ele>
   </trkpt>
   <trkpt lat="49.12718" lon="-118.64624">
    <ele>825.1700000000001</ele>
   </trkpt>
   <trkpt lat="49.12717500707491" lon="-118.6449599998952">
    <ele>826.34</ele>
   </trkpt>
   <trkpt lat="49.12717000000001" lon="-118.64368">
    <ele>828.2400000000001</ele>
   </trkpt>
   <trkpt lat="49.12713501496967" lon="-118.64260499770126">
    <ele>828.4800000000001</ele>
   </trkpt>
   <trkpt lat="49.12710001995906" lon="-118.64152999691974">
    <ele>829.19</ele>
   </trkpt>
   <trkpt lat="49.12706501496819" lon="-118.64045499765585">
    <ele>830.07</ele>
   </trkpt>
   <trkpt lat="49.127030000000005" lon="-118.63938">
    <ele>830.79</ele>
   </trkpt>
   <trkpt lat="49.127050000000004" lon="-118.63858">
    <ele>831.9000000000001</ele>
   </trkpt>
   <trkpt lat="49.12708000000001" lon="-118.63829000000001">
    <ele>831.9000000000001</ele>
   </trkpt>
   <trkpt lat="49.12708000000001" lon="-118.63830000000002">
    <ele>831.89</ele>
   </trkpt>
   <trkpt lat="49.127140000000004" lon="-118.63773">
    <ele>832.3100000000001</ele>
   </trkpt>
   <trkpt lat="49.127320000000005" lon="-118.63652">
    <ele>833.3900000000001</ele>
   </trkpt>
   <trkpt lat="49.127570000000006" lon="-118.63536">
    <ele>833.52</ele>
   </trkpt>
   <trkpt lat="49.12792276132007" lon="-118.63410879128654">
    <ele>833.5400000000001</ele>
   </trkpt>
   <trkpt lat="49.128275509119774" lon="-118.63285756476944">
    <ele>833.62</ele>
   </trkpt>
   <trkpt lat="49.12862824339871" lon="-118.63160632044888">
    <ele>833.1200000000001</ele>
   </trkpt>
   <trkpt lat="49.128980964156554" lon="-118.63035505832512">
    <ele>832.9200000000001</ele>
   </trkpt>
   <trkpt lat="49.12933367139293" lon="-118.62910377839835">
    <ele>832.88</ele>
   </trkpt>
   <trkpt lat="49.1296863651075" lon="-118.62785248066874">
    <ele>832.9300000000001</ele>
   </trkpt>
   <trkpt lat="49.130039045299874" lon="-118.62660116513656">
    <ele>832.86</ele>
   </trkpt>
   <trkpt lat="49.13039171196971" lon="-118.62534983180197">
    <ele>833.1200000000001</ele>
   </trkpt>
   <trkpt lat="49.13074436511665" lon="-118.62409848066521">
    <ele>833.4300000000001</ele>
   </trkpt>
   <trkpt lat="49.131097004740326" lon="-118.62284711172646">
    <ele>833.8000000000001</ele>
   </trkpt>
   <trkpt lat="49.131449630840365" lon="-118.62159572498597">
    <ele>834.1500000000001</ele>
   </trkpt>
   <trkpt lat="49.131802243416416" lon="-118.6203443204439">
    <ele>834.55</ele>
   </trkpt>
   <trkpt lat="49.13215484246814" lon="-118.61909289810048">
    <ele>835.77</ele>
   </trkpt>
   <trkpt lat="49.132507427995144" lon="-118.61784145795593">
    <ele>836.72</ele>
   </trkpt>
   <trkpt lat="49.13286" lon="-118.61659000000002">
    <ele>837.49</ele>
   </trkpt>
   <trkpt lat="49.13314501275576" lon="-118.61559751713386">
    <ele>838.35</ele>
   </trkpt>
   <trkpt lat="49.133430017004784" lon="-118.61460502285559">
    <ele>839.77</ele>
   </trkpt>
   <trkpt lat="49.13371501274688" lon="-118.61361251716527">
    <ele>840.94</ele>
   </trkpt>
   <trkpt lat="49.13400000000001" lon="-118.61262">
    <ele>842.1400000000001</ele>
   </trkpt>
   <trkpt lat="49.1341350023649" lon="-118.61188500182618">
    <ele>843.7500000000001</ele>
   </trkpt>
   <trkpt lat="49.13427" lon="-118.61115000000001">
    <ele>844.95</ele>
   </trkpt>
   <trkpt lat="49.134385002108104" lon="-118.6104550014769">
    <ele>845.84</ele>
   </trkpt>
   <trkpt lat="49.1345" lon="-118.60976000000001">
    <ele>846.4</ele>
   </trkpt>
   <trkpt lat="49.134550000000004" lon="-118.60917">
    <ele>847.0500000000001</ele>
   </trkpt>
   <trkpt lat="49.13456000000001" lon="-118.60837000000001">
    <ele>848.1</ele>
   </trkpt>
   <trkpt lat="49.13452669950737" lon="-118.60713666252595">
    <ele>849.71</ele>
   </trkpt>
   <trkpt lat="49.13449338587846" lon="-118.60590332670928">
    <ele>851.33</ele>
   </trkpt>
   <trkpt lat="49.1344600591133" lon="-118.60466999255067">
    <ele>852.7600000000001</ele>
   </trkpt>
   <trkpt lat="49.13442671921195" lon="-118.60343666005072">
    <ele>854.35</ele>
   </trkpt>
   <trkpt lat="49.13439336617445" lon="-118.6022033292101">
    <ele>855.82</ele>
   </trkpt>
   <trkpt lat="49.13436" lon="-118.60097">
    <ele>857.2400000000001</ele>
   </trkpt>
   <trkpt lat="49.13436" lon="-118.59971000000002">
    <ele>859.13</ele>
   </trkpt>
   <trkpt lat="49.134420000000006" lon="-118.59869">
    <ele>860.4100000000001</ele>
   </trkpt>
   <trkpt lat="49.13448" lon="-118.59816000000001">
    <ele>860.84</ele>
   </trkpt>
   <trkpt lat="49.134620000000005" lon="-118.59736000000001">
    <ele>861.7600000000001</ele>
   </trkpt>
   <trkpt lat="49.134800000000006" lon="-118.59672">
    <ele>862.5800000000002</ele>
   </trkpt>
   <trkpt lat="49.13505000000001" lon="-118.59592">
    <ele>863.71</ele>
   </trkpt>
   <trkpt lat="49.13535500227335" lon="-118.59520000434772">
    <ele>865.0200000000001</ele>
   </trkpt>
   <trkpt lat="49.13566" lon="-118.59448">
    <ele>865.89</ele>
   </trkpt>
   <trkpt lat="49.13601500287652" lon="-118.59366000593481">
    <ele>867.36</ele>
   </trkpt>
   <trkpt lat="49.13637000000001" lon="-118.59284000000001">
    <ele>868.58</ele>
   </trkpt>
   <trkpt lat="49.13637000000001" lon="-118.59285000000001">
    <ele>868.57</ele>
   </trkpt>
   <trkpt lat="49.13661500159322" lon="-118.59224000304864">
    <ele>869.2200000000001</ele>
   </trkpt>
   <trkpt lat="49.136860000000006" lon="-118.59163000000001">
    <ele>870.47</ele>
   </trkpt>
   <trkpt lat="49.137240000000006" lon="-118.59086">
    <ele>871.87</ele>
   </trkpt>
   <trkpt lat="49.13756" lon="-118.59045">
    <ele>871.99</ele>
   </trkpt>
   <trkpt lat="49.138206671703564" lon="-118.58968668657923">
    <ele>873.19</ele>
   </trkpt>
   <trkpt lat="49.1388533383754" lon="-118.58892335324016">
    <ele>874.2800000000001</ele>
   </trkpt>
   <trkpt lat="49.139500000000005" lon="-118.58816000000002">
    <ele>875.96</ele>
   </trkpt>
   <trkpt lat="49.139680000000006" lon="-118.58777">
    <ele>876.4000000000001</ele>
   </trkpt>
   <trkpt lat="49.13989" lon="-118.58697000000001">
    <ele>877.1300000000001</ele>
   </trkpt>
   <trkpt lat="49.14008752072522" lon="-118.58570501514401">
    <ele>879.0600000000001</ele>
   </trkpt>
   <trkpt lat="49.1402850276316" lon="-118.58444002020538">
    <ele>880.74</ele>
   </trkpt>
   <trkpt lat="49.140482520718976" lon="-118.58317501518465">
    <ele>882.1700000000001</ele>
   </trkpt>
   <trkpt lat="49.14068" lon="-118.58191000000001">
    <ele>884.26</ele>
   </trkpt>
   <trkpt lat="49.140930000000004" lon="-118.58114">
    <ele>885.1500000000001</ele>
   </trkpt>
   <trkpt lat="49.141290000000005" lon="-118.58024">
    <ele>886.9500000000002</ele>
   </trkpt>
   <trkpt lat="49.141420000000004" lon="-118.57988">
    <ele>887.1700000000001</ele>
   </trkpt>
   <trkpt lat="49.14162" lon="-118.57912">
    <ele>888.0500000000001</ele>
   </trkpt>
   <trkpt lat="49.141670000000005" lon="-118.57885">
    <ele>888.9300000000001</ele>
   </trkpt>
   <trkpt lat="49.141690000000004" lon="-118.57852000000001">
    <ele>889.1700000000001</ele>
   </trkpt>
   <trkpt lat="49.141690000000004" lon="-118.57853000000001">
    <ele>889.1600000000001</ele>
   </trkpt>
   <trkpt lat="49.14175" lon="-118.57792">
    <ele>889.51</ele>
   </trkpt>
   <trkpt lat="49.141805004623734" lon="-118.57688500117897">
    <ele>891.0100000000001</ele>
   </trkpt>
   <trkpt lat="49.14186" lon="-118.57585">
    <ele>892.24</ele>
   </trkpt>
   <trkpt lat="49.141920000000006" lon="-118.575">
    <ele>892.95</ele>
   </trkpt>
   <trkpt lat="49.14191" lon="-118.57451">
    <ele>893.3900000000001</ele>
   </trkpt>
   <trkpt lat="49.141780000000004" lon="-118.5733">
    <ele>895.0300000000001</ele>
   </trkpt>
   <trkpt lat="49.141760000000005" lon="-118.57258000000002">
    <ele>895.8000000000001</ele>
   </trkpt>
   <trkpt lat="49.14177" lon="-118.57208000000001">
    <ele>896.2700000000001</ele>
   </trkpt>
   <trkpt lat="49.14184" lon="-118.57148000000001">
    <ele>896.97</ele>
   </trkpt>
   <trkpt lat="49.141940000000005" lon="-118.57106">
    <ele>897.6400000000001</ele>
   </trkpt>
   <trkpt lat="49.14211" lon="-118.57053">
    <ele>898.3000000000001</ele>
   </trkpt>
   <trkpt lat="49.14251" lon="-118.56982">
    <ele>899.46</ele>
   </trkpt>
   <trkpt lat="49.143130000000006" lon="-118.56896">
    <ele>901.58</ele>
   </trkpt>
   <trkpt lat="49.14358000000001" lon="-118.56824">
    <ele>902.82</ele>
   </trkpt>
   <trkpt lat="49.143730000000005" lon="-118.56789">
    <ele>903.51</ele>
   </trkpt>
   <trkpt lat="49.14406" lon="-118.56686">
    <ele>905.14</ele>
   </trkpt>
   <trkpt lat="49.144220000000004" lon="-118.56645">
    <ele>905.6800000000001</ele>
   </trkpt>
   <trkpt lat="49.14452000000001" lon="-118.56601">
    <ele>906.48</ele>
   </trkpt>
   <trkpt lat="49.14522251336289" lon="-118.56534506599772">
    <ele>907.9200000000001</ele>
   </trkpt>
   <trkpt lat="49.14592502290761" lon="-118.56468011314132">
    <ele>909.88</ele>
   </trkpt>
   <trkpt lat="49.146627528633985" lon="-118.5640151414299">
    <ele>911.71</ele>
   </trkpt>
   <trkpt lat="49.14733003054177" lon="-118.56335015086256">
    <ele>913.1600000000001</ele>
   </trkpt>
   <trkpt lat="49.1480325286308" lon="-118.56268514143838">
    <ele>914.83</ele>
   </trkpt>
   <trkpt lat="49.14873502290085" lon="-118.5620201131565">
    <ele>916.07</ele>
   </trkpt>
   <trkpt lat="49.1494375133517" lon="-118.56135506601596">
    <ele>918.3000000000001</ele>
   </trkpt>
   <trkpt lat="49.15014000000001" lon="-118.56069000000001">
    <ele>919.5000000000001</ele>
   </trkpt>
   <trkpt lat="49.15014000000001" lon="-118.56070000000001">
    <ele>919.48</ele>
   </trkpt>
   <trkpt lat="49.150655000986816" lon="-118.56024000471639">
    <ele>920.6200000000001</ele>
   </trkpt>
   <trkpt lat="49.15117" lon="-118.55978">
    <ele>921.7700000000001</ele>
   </trkpt>
   <trkpt lat="49.15155000000001" lon="-118.55948000000001">
    <ele>922.63</ele>
   </trkpt>
   <trkpt lat="49.15227" lon="-118.55911">
    <ele>924.0800000000002</ele>
   </trkpt>
   <trkpt lat="49.15292" lon="-118.55884">
    <ele>925.5600000000001</ele>
   </trkpt>
   <trkpt lat="49.153330000000004" lon="-118.55858">
    <ele>926.1800000000001</ele>
   </trkpt>
   <trkpt lat="49.15368" lon="-118.55835">
    <ele>926.8900000000001</ele>
   </trkpt>
   <trkpt lat="49.153940000000006" lon="-118.55808">
    <ele>927.44</ele>
   </trkpt>
   <trkpt lat="49.15435" lon="-118.55764">
    <ele>928.3800000000001</ele>
   </trkpt>
   <trkpt lat="49.154900000000005" lon="-118.55683">
    <ele>930.0600000000001</ele>
   </trkpt>
   <trkpt lat="49.15538" lon="-118.55595000000001">
    <ele>931.49</ele>
   </trkpt>
   <trkpt lat="49.155750000000005" lon="-118.55503000000002">
    <ele>932.8700000000001</ele>
   </trkpt>
   <trkpt lat="49.15605000000001" lon="-118.55391000000002">
    <ele>934.5600000000001</ele>
   </trkpt>
   <trkpt lat="49.15621000214011" lon="-118.5532200018642">
    <ele>934.9200000000001</ele>
   </trkpt>
   <trkpt lat="49.15637" lon="-118.55253">
    <ele>935.7700000000001</ele>
   </trkpt>
   <trkpt lat="49.15655" lon="-118.55123">
    <ele>937.9300000000001</ele>
   </trkpt>
   <trkpt lat="49.156600000000005" lon="-118.55075000000001">
    <ele>938.47</ele>
   </trkpt>
   <trkpt lat="49.156620000000004" lon="-118.55030000000001">
    <ele>938.6000000000001</ele>
   </trkpt>
   <trkpt lat="49.15659" lon="-118.54966">
    <ele>939.34</ele>
   </trkpt>
   <trkpt lat="49.156470000000006" lon="-118.54859">
    <ele>940.5100000000001</ele>
   </trkpt>
   <trkpt lat="49.156330000000004" lon="-118.54774">
    <ele>941.7900000000001</ele>
   </trkpt>
   <trkpt lat="49.15608" lon="-118.54677000000001">
    <ele>942.6500000000001</ele>
   </trkpt>
   <trkpt lat="49.15587000000001" lon="-118.54608">
    <ele>943.1400000000001</ele>
   </trkpt>
   <trkpt lat="49.15552500406424" lon="-118.54510999324945">
    <ele>943.7800000000001</ele>
   </trkpt>
   <trkpt lat="49.15518" lon="-118.54414000000001">
    <ele>944.73</ele>
   </trkpt>
   <trkpt lat="49.154970000000006" lon="-118.54345">
    <ele>944.8900000000001</ele>
   </trkpt>
   <trkpt lat="49.15456334599384" lon="-118.54223998018615">
    <ele>944.9200000000001</ele>
   </trkpt>
   <trkpt lat="49.154156679344894" lon="-118.54102998023924">
    <ele>945.1400000000001</ele>
   </trkpt>
   <trkpt lat="49.15375" lon="-118.53982">
    <ele>945.1100000000001</ele>
   </trkpt>
   <trkpt lat="49.15343000000001" lon="-118.53879">
    <ele>944.73</ele>
   </trkpt>
   <trkpt lat="49.153310000000005" lon="-118.53815000000002">
    <ele>944.1600000000001</ele>
   </trkpt>
   <trkpt lat="49.153240000000004" lon="-118.53748000000002">
    <ele>943.24</ele>
   </trkpt>
   <trkpt lat="49.153220000000005" lon="-118.53698000000001">
    <ele>943.07</ele>
   </trkpt>
   <trkpt lat="49.15325000000001" lon="-118.53566000000001">
    <ele>941.22</ele>
   </trkpt>
   <trkpt lat="49.153330000000004" lon="-118.53499000000001">
    <ele>940.08</ele>
   </trkpt>
   <trkpt lat="49.153470000000006" lon="-118.53427">
    <ele>938.61</ele>
   </trkpt>
   <trkpt lat="49.15375" lon="-118.53343000000001">
    <ele>937.6500000000001</ele>
   </trkpt>
   <trkpt lat="49.154180000000004" lon="-118.5323">
    <ele>935.7800000000001</ele>
   </trkpt>
   <trkpt lat="49.15439000000001" lon="-118.53153">
    <ele>934.3100000000001</ele>
   </trkpt>
   <trkpt lat="49.154560000000004" lon="-118.5305">
    <ele>932.6200000000001</ele>
   </trkpt>
   <trkpt lat="49.15462" lon="-118.52947">
    <ele>931.03</ele>
   </trkpt>
   <trkpt lat="49.154610000000005" lon="-118.52927000000001">
    <ele>931.03</ele>
   </trkpt>
   <trkpt lat="49.15458" lon="-118.52858">
    <ele>930.34</ele>
   </trkpt>
   <trkpt lat="49.15439000000001" lon="-118.52755">
    <ele>928.45</ele>
   </trkpt>
   <trkpt lat="49.15402001330485" lon="-118.5263099815686">
    <ele>926.5000000000001</ele>
   </trkpt>
   <trkpt lat="49.15365001333222" lon="-118.5250699816607">
    <ele>924.1300000000001</ele>
   </trkpt>
   <trkpt lat="49.15328" lon="-118.52383">
    <ele>921.87</ele>
   </trkpt>
   <trkpt lat="49.1531" lon="-118.52289">
    <ele>920.6500000000001</ele>
   </trkpt>
   <trkpt lat="49.15296000000001" lon="-118.522">
    <ele>919.34</ele>
   </trkpt>
   <trkpt lat="49.1529" lon="-118.52112000000001">
    <ele>918.1300000000001</ele>
   </trkpt>
   <trkpt lat="49.152890000000006" lon="-118.52025">
    <ele>917.1100000000001</ele>
   </trkpt>
   <trkpt lat="49.15306000310475" lon="-118.519405002791">
    <ele>915.2800000000001</ele>
   </trkpt>
   <trkpt lat="49.15323" lon="-118.51856000000001">
    <ele>914.4100000000001</ele>
   </trkpt>
   <trkpt lat="49.15343500210215" lon="-118.51786000294274">
    <ele>913.4000000000001</ele>
   </trkpt>
   <trkpt lat="49.15364" lon="-118.51716">
    <ele>912.1500000000001</ele>
   </trkpt>
   <trkpt lat="49.15397667979676" lon="-118.51592668344834">
    <ele>909.6400000000001</ele>
   </trkpt>
   <trkpt lat="49.1543133464588" lon="-118.5146933501323">
    <ele>907.7900000000001</ele>
   </trkpt>
   <trkpt lat="49.154650000000004" lon="-118.51346000000001">
    <ele>905.1000000000001</ele>
   </trkpt>
   <trkpt lat="49.154810000000005" lon="-118.51277">
    <ele>904.4200000000001</ele>
   </trkpt>
   <trkpt lat="49.154920000000004" lon="-118.51216000000001">
    <ele>903.2</ele>
   </trkpt>
   <trkpt lat="49.154970000000006" lon="-118.51174">
    <ele>902.69</ele>
   </trkpt>
   <trkpt lat="49.154970000000006" lon="-118.51116">
    <ele>901.5600000000001</ele>
   </trkpt>
   <trkpt lat="49.15495000000001" lon="-118.51085">
    <ele>901.5600000000001</ele>
   </trkpt>
   <trkpt lat="49.15489" lon="-118.51049">
    <ele>900.75</ele>
   </trkpt>
   <trkpt lat="49.154635006019454" lon="-118.50930999396144">
    <ele>898.7600000000001</ele>
   </trkpt>
   <trkpt lat="49.15438" lon="-118.50813000000001">
    <ele>897.75</ele>
   </trkpt>
   <trkpt lat="49.15411751441958" lon="-118.50707498324026">
    <ele>894.9300000000001</ele>
   </trkpt>
   <trkpt lat="49.153855019227926" lon="-118.50601997766137">
    <ele>893.35</ele>
   </trkpt>
   <trkpt lat="49.15359251442523" lon="-118.50496498326352">
    <ele>891.8800000000001</ele>
   </trkpt>
   <trkpt lat="49.153330000000004" lon="-118.50391">
    <ele>890.2800000000001</ele>
   </trkpt>
   <trkpt lat="49.15322000780981" lon="-118.50256499700417">
    <ele>887.8600000000001</ele>
   </trkpt>
   <trkpt lat="49.153110000000005" lon="-118.50122">
    <ele>886.6400000000001</ele>
   </trkpt>
   <trkpt lat="49.152945002753526" lon="-118.50042499747111">
    <ele>885.44</ele>
   </trkpt>
   <trkpt lat="49.15278000000001" lon="-118.49963000000001">
    <ele>883.8800000000001</ele>
   </trkpt>
   <trkpt lat="49.1527" lon="-118.49907">
    <ele>880.5600000000001</ele>
   </trkpt>
   <trkpt lat="49.15269000000001" lon="-118.49868000000001">
    <ele>879.1600000000001</ele>
   </trkpt>
   <trkpt lat="49.152730000000005" lon="-118.4984">
    <ele>879.2700000000001</ele>
   </trkpt>
   <trkpt lat="49.152860000000004" lon="-118.498">
    <ele>881.63</ele>
   </trkpt>
   <trkpt lat="49.15301" lon="-118.49773">
    <ele>882.3000000000001</ele>
   </trkpt>
   <trkpt lat="49.15321" lon="-118.49751">
    <ele>881.6700000000001</ele>
   </trkpt>
   <trkpt lat="49.153510000000004" lon="-118.49725000000001">
    <ele>881.0100000000001</ele>
   </trkpt>
   <trkpt lat="49.15434500067418" lon="-118.49684500684333">
    <ele>879.7600000000001</ele>
   </trkpt>
   <trkpt lat="49.15518" lon="-118.49644">
    <ele>877.1600000000001</ele>
   </trkpt>
   <trkpt lat="49.155440000000006" lon="-118.49625">
    <ele>876.5200000000001</ele>
   </trkpt>
   <trkpt lat="49.155660000000005" lon="-118.49598">
    <ele>875.6400000000001</ele>
   </trkpt>
   <trkpt lat="49.155910000000006" lon="-118.49554">
    <ele>875.1700000000001</ele>
   </trkpt>
   <trkpt lat="49.1563050028491" lon="-118.49473500631504">
    <ele>873.26</ele>
   </trkpt>
   <trkpt lat="49.1567" lon="-118.49393">
    <ele>871.86</ele>
   </trkpt>
   <trkpt lat="49.15691" lon="-118.49357">
    <ele>870.58</ele>
   </trkpt>
   <trkpt lat="49.1572" lon="-118.49320000000002">
    <ele>869.9100000000001</ele>
   </trkpt>
   <trkpt lat="49.157630000000005" lon="-118.49272">
    <ele>868.6600000000001</ele>
   </trkpt>
   <trkpt lat="49.15789" lon="-118.49219000000001">
    <ele>867.44</ele>
   </trkpt>
   <trkpt lat="49.158120000000004" lon="-118.49128">
    <ele>867.1500000000001</ele>
   </trkpt>
   <trkpt lat="49.1582650038149" lon="-118.49034000275189">
    <ele>865.2700000000001</ele>
   </trkpt>
   <trkpt lat="49.15841" lon="-118.4894">
    <ele>864.04</ele>
   </trkpt>
   <trkpt lat="49.15865" lon="-118.48815">
    <ele>861.89</ele>
   </trkpt>
   <trkpt lat="49.158730000000006" lon="-118.48749000000001">
    <ele>860.9000000000001</ele>
   </trkpt>
   <trkpt lat="49.15869000000001" lon="-118.48662000000002">
    <ele>858.92</ele>
   </trkpt>
   <trkpt lat="49.158620000000006" lon="-118.48613">
    <ele>858.5800000000002</ele>
   </trkpt>
   <trkpt lat="49.158530000000006" lon="-118.48578">
    <ele>857.86</ele>
   </trkpt>
   <trkpt lat="49.158240000000006" lon="-118.4851">
    <ele>857.1500000000001</ele>
   </trkpt>
   <trkpt lat="49.157720000000005" lon="-118.48434">
    <ele>855.35</ele>
   </trkpt>
   <trkpt lat="49.157360000000004" lon="-118.48403">
    <ele>855.04</ele>
   </trkpt>
   <trkpt lat="49.157000000000004" lon="-118.48383000000001">
    <ele>853.74</ele>
   </trkpt>
   <trkpt lat="49.156530000000004" lon="-118.48367">
    <ele>853.0600000000001</ele>
   </trkpt>
   <trkpt lat="49.156150000000004" lon="-118.48349">
    <ele>851.5</ele>
   </trkpt>
   <trkpt lat="49.15588" lon="-118.48331">
    <ele>850.77</ele>
   </trkpt>
   <trkpt lat="49.155680000000004" lon="-118.48309">
    <ele>850.0900000000001</ele>
   </trkpt>
   <trkpt lat="49.15547" lon="-118.48282">
    <ele>849.82</ele>
   </trkpt>
   <trkpt lat="49.15513000000001" lon="-118.48212000000001">
    <ele>848.82</ele>
   </trkpt>
   <trkpt lat="49.15491" lon="-118.48144">
    <ele>847.6300000000001</ele>
   </trkpt>
   <trkpt lat="49.154830000000004" lon="-118.4809">
    <ele>846.32</ele>
   </trkpt>
   <trkpt lat="49.15477000658768" lon="-118.47966499855536">
    <ele>845.2700000000001</ele>
   </trkpt>
   <trkpt lat="49.15471" lon="-118.47843">
    <ele>842.6500000000001</ele>
   </trkpt>
   <trkpt lat="49.15466000000001" lon="-118.4779">
    <ele>842.6500000000001</ele>
   </trkpt>
   <trkpt lat="49.1546" lon="-118.47749">
    <ele>841.47</ele>
   </trkpt>
   <trkpt lat="49.154350002275606" lon="-118.47677499658708">
    <ele>840.19</ele>
   </trkpt>
   <trkpt lat="49.15410000000001" lon="-118.47606">
    <ele>839.19</ele>
   </trkpt>
   <trkpt lat="49.153980000000004" lon="-118.47548">
    <ele>838.82</ele>
   </trkpt>
   <trkpt lat="49.153960000000005" lon="-118.47494">
    <ele>837.6600000000001</ele>
   </trkpt>
   <trkpt lat="49.154030000000006" lon="-118.4744">
    <ele>836.73</ele>
   </trkpt>
   <trkpt lat="49.15426" lon="-118.4736">
    <ele>835.4300000000001</ele>
   </trkpt>
   <trkpt lat="49.15437000000001" lon="-118.47312000000001">
    <ele>834.94</ele>
   </trkpt>
   <trkpt lat="49.15444" lon="-118.47265000000002">
    <ele>834.58</ele>
   </trkpt>
   <trkpt lat="49.15444" lon="-118.47243">
    <ele>834.67</ele>
   </trkpt>
   <trkpt lat="49.15431" lon="-118.4719">
    <ele>834.8100000000001</ele>
   </trkpt>
   <trkpt lat="49.15419000000001" lon="-118.47158">
    <ele>834.0500000000001</ele>
   </trkpt>
   <trkpt lat="49.15413" lon="-118.47149">
    <ele>833.69</ele>
   </trkpt>
   <trkpt lat="49.15413" lon="-118.47148000000001">
    <ele>833.73</ele>
   </trkpt>
   <trkpt lat="49.153760000000005" lon="-118.47082">
    <ele>832.3900000000001</ele>
   </trkpt>
   <trkpt lat="49.15346" lon="-118.47047">
    <ele>831.52</ele>
   </trkpt>
   <trkpt lat="49.15295500045975" lon="-118.47006999573935">
    <ele>830.37</ele>
   </trkpt>
   <trkpt lat="49.15245" lon="-118.46967000000001">
    <ele>828.7500000000001</ele>
   </trkpt>
   <trkpt lat="49.15190500067958" lon="-118.4692899958587">
    <ele>827.09</ele>
   </trkpt>
   <trkpt lat="49.151360000000004" lon="-118.46891000000001">
    <ele>825.9200000000001</ele>
   </trkpt>
   <trkpt lat="49.150690000000004" lon="-118.46863">
    <ele>824.0</ele>
   </trkpt>
   <trkpt lat="49.15044" lon="-118.46858">
    <ele>824.0</ele>
   </trkpt>
   <trkpt lat="49.1501" lon="-118.46858">
    <ele>822.67</ele>
   </trkpt>
   <trkpt lat="49.149800000000006" lon="-118.46859">
    <ele>822.67</ele>
   </trkpt>
   <trkpt lat="49.149480000000004" lon="-118.46868">
    <ele>820.61</ele>
   </trkpt>
   <trkpt lat="49.149210000000004" lon="-118.46881">
    <ele>820.1700000000001</ele>
   </trkpt>
   <trkpt lat="49.14889" lon="-118.46903">
    <ele>819.24</ele>
   </trkpt>
   <trkpt lat="49.148590000000006" lon="-118.46932000000001">
    <ele>818.59</ele>
   </trkpt>
   <trkpt lat="49.14829" lon="-118.4697">
    <ele>817.7200000000001</ele>
   </trkpt>
   <trkpt lat="49.14793500133264" lon="-118.4702800043514">
    <ele>816.47</ele>
   </trkpt>
   <trkpt lat="49.147580000000005" lon="-118.47086000000002">
    <ele>815.2300000000001</ele>
   </trkpt>
   <trkpt lat="49.14732" lon="-118.47109">
    <ele>814.73</ele>
   </trkpt>
   <trkpt lat="49.1469" lon="-118.47136">
    <ele>814.0</ele>
   </trkpt>
   <trkpt lat="49.146420000000006" lon="-118.47164000000001">
    <ele>812.5600000000001</ele>
   </trkpt>
   <trkpt lat="49.146100000000004" lon="-118.47199">
    <ele>811.5500000000001</ele>
   </trkpt>
   <trkpt lat="49.14546000000001" lon="-118.47285000000001">
    <ele>809.61</ele>
   </trkpt>
   <trkpt lat="49.145250000000004" lon="-118.47311">
    <ele>808.69</ele>
   </trkpt>
   <trkpt lat="49.14493" lon="-118.47343000000001">
    <ele>808.2</ele>
   </trkpt>
   <trkpt lat="49.144540000000006" lon="-118.47373">
    <ele>807.3</ele>
   </trkpt>
   <trkpt lat="49.14424" lon="-118.47388000000001">
    <ele>806.76</ele>
   </trkpt>
   <trkpt lat="49.14376000000001" lon="-118.47405">
    <ele>805.59</ele>
   </trkpt>
   <trkpt lat="49.14349000000001" lon="-118.47409">
    <ele>805.1400000000001</ele>
   </trkpt>
   <trkpt lat="49.14325" lon="-118.47405">
    <ele>804.83</ele>
   </trkpt>
   <trkpt lat="49.14294" lon="-118.47391">
    <ele>803.83</ele>
   </trkpt>
   <trkpt lat="49.14264000000001" lon="-118.47374">
    <ele>803.0600000000001</ele>
   </trkpt>
   <trkpt lat="49.142390000000006" lon="-118.47351">
    <ele>802.6700000000001</ele>
   </trkpt>
   <trkpt lat="49.142140000000005" lon="-118.47319000000002">
    <ele>802.1300000000001</ele>
   </trkpt>
   <trkpt lat="49.14175500262983" lon="-118.47240499383858">
    <ele>801.32</ele>
   </trkpt>
   <trkpt lat="49.14137" lon="-118.47162000000002">
    <ele>798.8400000000001</ele>
   </trkpt>
   <trkpt lat="49.140980000000006" lon="-118.47086000000002">
    <ele>797.5600000000001</ele>
   </trkpt>
   <trkpt lat="49.14081" lon="-118.47064">
    <ele>796.94</ele>
   </trkpt>
   <trkpt lat="49.140420000000006" lon="-118.47034000000001">
    <ele>796.0200000000001</ele>
   </trkpt>
   <trkpt lat="49.140260000000005" lon="-118.47029">
    <ele>796.0200000000001</ele>
   </trkpt>
   <trkpt lat="49.140080000000005" lon="-118.47029">
    <ele>795.85</ele>
   </trkpt>
   <trkpt lat="49.13987" lon="-118.47030000000001">
    <ele>795.12</ele>
   </trkpt>
   <trkpt lat="49.13924333398838" lon="-118.47056333996885">
    <ele>793.0500000000001</ele>
   </trkpt>
   <trkpt lat="49.13861666737792" lon="-118.47082667327847">
    <ele>791.72</ele>
   </trkpt>
   <trkpt lat="49.13799" lon="-118.47109">
    <ele>790.1400000000001</ele>
   </trkpt>
   <trkpt lat="49.13734" lon="-118.47122000000002">
    <ele>789.0</ele>
   </trkpt>
   <trkpt lat="49.13707" lon="-118.47119">
    <ele>788.39</ele>
   </trkpt>
   <trkpt lat="49.136770000000006" lon="-118.4711">
    <ele>787.6400000000001</ele>
   </trkpt>
   <trkpt lat="49.1366" lon="-118.471">
    <ele>787.44</ele>
   </trkpt>
   <trkpt lat="49.13618" lon="-118.4706">
    <ele>786.0400000000001</ele>
   </trkpt>
   <trkpt lat="49.13597000000001" lon="-118.47046">
    <ele>786.0400000000001</ele>
   </trkpt>
   <trkpt lat="49.1358" lon="-118.47038">
    <ele>785.22</ele>
   </trkpt>
   <trkpt lat="49.13557" lon="-118.47038">
    <ele>785.22</ele>
   </trkpt>
   <trkpt lat="49.13539" lon="-118.47043000000001">
    <ele>784.63</ele>
   </trkpt>
   <trkpt lat="49.13523000000001" lon="-118.47051">
    <ele>784.63</ele>
   </trkpt>
   <trkpt lat="49.13472500070187" lon="-118.47089000381231">
    <ele>783.36</ele>
   </trkpt>
   <trkpt lat="49.134220000000006" lon="-118.47127">
    <ele>781.51</ele>
   </trkpt>
   <trkpt lat="49.13402000000001" lon="-118.47136">
    <ele>780.96</ele>
   </trkpt>
   <trkpt lat="49.1338" lon="-118.47136">
    <ele>780.66</ele>
   </trkpt>
   <trkpt lat="49.13356" lon="-118.47132">
    <ele>779.72</ele>
   </trkpt>
   <trkpt lat="49.13302" lon="-118.47104000000002">
    <ele>779.22</ele>
   </trkpt>
   <trkpt lat="49.13268" lon="-118.47088000000001">
    <ele>778.6200000000001</ele>
   </trkpt>
   <trkpt lat="49.13253" lon="-118.47087">
    <ele>777.9800000000001</ele>
   </trkpt>
   <trkpt lat="49.13233" lon="-118.47087">
    <ele>777.7400000000001</ele>
   </trkpt>
   <trkpt lat="49.132130000000004" lon="-118.47092">
    <ele>777.36</ele>
   </trkpt>
   <trkpt lat="49.13152" lon="-118.47127">
    <ele>776.19</ele>
   </trkpt>
   <trkpt lat="49.131150000000005" lon="-118.47133000000001">
    <ele>774.7900000000001</ele>
   </trkpt>
   <trkpt lat="49.130950000000006" lon="-118.47128000000001">
    <ele>774.7900000000001</ele>
   </trkpt>
   <trkpt lat="49.130720000000004" lon="-118.47118">
    <ele>774.48</ele>
   </trkpt>
   <trkpt lat="49.13017000000001" lon="-118.47083">
    <ele>773.05</ele>
   </trkpt>
   <trkpt lat="49.12950000000001" lon="-118.47029">
    <ele>771.27</ele>
   </trkpt>
   <trkpt lat="49.12897" lon="-118.46975">
    <ele>769.97</ele>
   </trkpt>
   <trkpt lat="49.12848" lon="-118.46917">
    <ele>768.58</ele>
   </trkpt>
   <trkpt lat="49.128190000000004" lon="-118.46863">
    <ele>767.27</ele>
   </trkpt>
   <trkpt lat="49.127790000000005" lon="-118.46773">
    <ele>765.95</ele>
   </trkpt>
   <trkpt lat="49.12758" lon="-118.46737000000002">
    <ele>765.26</ele>
   </trkpt>
   <trkpt lat="49.12735000000001" lon="-118.46712000000001">
    <ele>764.26</ele>
   </trkpt>
   <trkpt lat="49.12711" lon="-118.46693">
    <ele>764.26</ele>
   </trkpt>
   <trkpt lat="49.126540000000006" lon="-118.46654000000001">
    <ele>762.8100000000001</ele>
   </trkpt>
   <trkpt lat="49.12633" lon="-118.46631000000001">
    <ele>761.7700000000001</ele>
   </trkpt>
   <trkpt lat="49.12613" lon="-118.46599">
    <ele>761.44</ele>
   </trkpt>
   <trkpt lat="49.125910000000005" lon="-118.46557000000001">
    <ele>760.51</ele>
   </trkpt>
   <trkpt lat="49.125730000000004" lon="-118.46528">
    <ele>760.51</ele>
   </trkpt>
   <trkpt lat="49.12548" lon="-118.46509">
    <ele>759.6700000000001</ele>
   </trkpt>
   <trkpt lat="49.12519" lon="-118.46496">
    <ele>759.1800000000001</ele>
   </trkpt>
   <trkpt lat="49.12487" lon="-118.46492">
    <ele>758.11</ele>
   </trkpt>
   <trkpt lat="49.12456" lon="-118.46492">
    <ele>757.2800000000001</ele>
   </trkpt>
   <trkpt lat="49.124210000000005" lon="-118.465">
    <ele>756.0100000000001</ele>
   </trkpt>
   <trkpt lat="49.123760000000004" lon="-118.46514">
    <ele>755.14</ele>
   </trkpt>
   <trkpt lat="49.123380000000004" lon="-118.46532">
    <ele>754.6</ele>
   </trkpt>
   <trkpt lat="49.1229" lon="-118.46567">
    <ele>752.72</ele>
   </trkpt>
   <trkpt lat="49.12247000000001" lon="-118.46608">
    <ele>751.7800000000001</ele>
   </trkpt>
   <trkpt lat="49.12229000000001" lon="-118.46639">
    <ele>750.83</ele>
   </trkpt>
   <trkpt lat="49.12219" lon="-118.46667000000001">
    <ele>750.83</ele>
   </trkpt>
   <trkpt lat="49.122080002468174" lon="-118.46742500162894">
    <ele>749.7900000000001</ele>
   </trkpt>
   <trkpt lat="49.121970000000005" lon="-118.46818">
    <ele>748.62</ele>
   </trkpt>
   <trkpt lat="49.121770000000005" lon="-118.46872">
    <ele>747.47</ele>
   </trkpt>
   <trkpt lat="49.121590000000005" lon="-118.46908">
    <ele>746.8800000000001</ele>
   </trkpt>
   <trkpt lat="49.12136" lon="-118.46939">
    <ele>746.46</ele>
   </trkpt>
   <trkpt lat="49.121050000000004" lon="-118.46962">
    <ele>745.96</ele>
   </trkpt>
   <trkpt lat="49.12066" lon="-118.4698">
    <ele>745.3000000000001</ele>
   </trkpt>
   <trkpt lat="49.12042" lon="-118.46984">
    <ele>744.1600000000001</ele>
   </trkpt>
   <trkpt lat="49.12008" lon="-118.46975">
    <ele>743.7300000000001</ele>
   </trkpt>
   <trkpt lat="49.119620000000005" lon="-118.46969000000001">
    <ele>742.47</ele>
   </trkpt>
   <trkpt lat="49.119110000000006" lon="-118.46966">
    <ele>741.19</ele>
   </trkpt>
   <trkpt lat="49.11882000000001" lon="-118.46969000000001">
    <ele>740.86</ele>
   </trkpt>
   <trkpt lat="49.118570000000005" lon="-118.46983000000002">
    <ele>740.24</ele>
   </trkpt>
   <trkpt lat="49.118230000000004" lon="-118.47011">
    <ele>739.94</ele>
   </trkpt>
   <trkpt lat="49.11795000000001" lon="-118.47051">
    <ele>739.48</ele>
   </trkpt>
   <trkpt lat="49.117740000000005" lon="-118.47092">
    <ele>738.6100000000001</ele>
   </trkpt>
   <trkpt lat="49.11750000000001" lon="-118.47171000000002">
    <ele>739.23</ele>
   </trkpt>
   <trkpt lat="49.117180000000005" lon="-118.47253">
    <ele>737.36</ele>
   </trkpt>
   <trkpt lat="49.117020000000004" lon="-118.47275">
    <ele>736.7600000000001</ele>
   </trkpt>
   <trkpt lat="49.11674000000001" lon="-118.47299000000001">
    <ele>736.21</ele>
   </trkpt>
   <trkpt lat="49.116730000000004" lon="-118.47299000000001">
    <ele>736.1899999999999</ele>
   </trkpt>
   <trkpt lat="49.116670000000006" lon="-118.47306">
    <ele>736.07</ele>
   </trkpt>
   <trkpt lat="49.116420000000005" lon="-118.47315">
    <ele>735.2</ele>
   </trkpt>
   <trkpt lat="49.116200000000006" lon="-118.4732">
    <ele>735.2</ele>
   </trkpt>
   <trkpt lat="49.115640000000006" lon="-118.4732">
    <ele>733.5200000000001</ele>
   </trkpt>
   <trkpt lat="49.115080000000006" lon="-118.47324">
    <ele>732.0300000000001</ele>
   </trkpt>
   <trkpt lat="49.11451000007687" lon="-118.47335000125922">
    <ele>730.28</ele>
   </trkpt>
   <trkpt lat="49.11394000000001" lon="-118.47346">
    <ele>729.21</ele>
   </trkpt>
   <trkpt lat="49.11352" lon="-118.47351">
    <ele>728.31</ele>
   </trkpt>
   <trkpt lat="49.11312" lon="-118.47342">
    <ele>726.92</ele>
   </trkpt>
   <trkpt lat="49.112840000000006" lon="-118.47328">
    <ele>726.22</ele>
   </trkpt>
   <trkpt lat="49.112550000000006" lon="-118.47307">
    <ele>725.2400000000001</ele>
   </trkpt>
   <trkpt lat="49.112280000000005" lon="-118.47284">
    <ele>724.86</ele>
   </trkpt>
   <trkpt lat="49.112010000000005" lon="-118.47271">
    <ele>724.1500000000001</ele>
   </trkpt>
   <trkpt lat="49.11175" lon="-118.47266">
    <ele>723.2400000000001</ele>
   </trkpt>
   <trkpt lat="49.11149" lon="-118.47274000000002">
    <ele>722.5</ele>
   </trkpt>
   <trkpt lat="49.11117" lon="-118.47284">
    <ele>722.01</ele>
   </trkpt>
   <trkpt lat="49.11086" lon="-118.47299000000001">
    <ele>720.98</ele>
   </trkpt>
   <trkpt lat="49.11057" lon="-118.47328">
    <ele>719.8100000000001</ele>
   </trkpt>
   <trkpt lat="49.110200000000006" lon="-118.47369">
    <ele>719.22</ele>
   </trkpt>
   <trkpt lat="49.10994" lon="-118.47391">
    <ele>718.4200000000001</ele>
   </trkpt>
   <trkpt lat="49.10972" lon="-118.474">
    <ele>718.01</ele>
   </trkpt>
   <trkpt lat="49.10956" lon="-118.47401">
    <ele>718.01</ele>
   </trkpt>
   <trkpt lat="49.109350000000006" lon="-118.474">
    <ele>717.5400000000001</ele>
   </trkpt>
   <trkpt lat="49.109140000000004" lon="-118.47396">
    <ele>717.3100000000001</ele>
   </trkpt>
   <trkpt lat="49.108880000000006" lon="-118.47387">
    <ele>716.5400000000001</ele>
   </trkpt>
   <trkpt lat="49.10806" lon="-118.47342">
    <ele>714.48</ele>
   </trkpt>
   <trkpt lat="49.10788" lon="-118.47337">
    <ele>714.1800000000001</ele>
   </trkpt>
   <trkpt lat="49.1077" lon="-118.47337">
    <ele>713.84</ele>
   </trkpt>
   <trkpt lat="49.10745000000001" lon="-118.47342">
    <ele>713.47</ele>
   </trkpt>
   <trkpt lat="49.10727000000001" lon="-118.47351">
    <ele>712.99</ele>
   </trkpt>
   <trkpt lat="49.10694" lon="-118.47389000000001">
    <ele>712.1400000000001</ele>
   </trkpt>
   <trkpt lat="49.10694" lon="-118.47390000000001">
    <ele>712.1200000000001</ele>
   </trkpt>
   <trkpt lat="49.106880000000004" lon="-118.47397000000001">
    <ele>712.1200000000001</ele>
   </trkpt>
   <trkpt lat="49.10678" lon="-118.47418">
    <ele>711.69</ele>
   </trkpt>
   <trkpt lat="49.106680000000004" lon="-118.4745">
    <ele>711.19</ele>
   </trkpt>
   <trkpt lat="49.106640000000006" lon="-118.47481">
    <ele>711.0300000000001</ele>
   </trkpt>
   <trkpt lat="49.10660000000001" lon="-118.47548">
    <ele>709.98</ele>
   </trkpt>
   <trkpt lat="49.106550000000006" lon="-118.47592000000002">
    <ele>708.96</ele>
   </trkpt>
   <trkpt lat="49.106480000000005" lon="-118.47624">
    <ele>708.0500000000001</ele>
   </trkpt>
   <trkpt lat="49.10636" lon="-118.47661000000001">
    <ele>707.3100000000001</ele>
   </trkpt>
   <trkpt lat="49.106170000000006" lon="-118.47713000000002">
    <ele>706.6800000000001</ele>
   </trkpt>
   <trkpt lat="49.1058" lon="-118.47803">
    <ele>704.9200000000001</ele>
   </trkpt>
   <trkpt lat="49.105540000000005" lon="-118.47858000000001">
    <ele>704.4</ele>
   </trkpt>
   <trkpt lat="49.10526" lon="-118.47901000000002">
    <ele>703.45</ele>
   </trkpt>
   <trkpt lat="49.10481" lon="-118.47946">
    <ele>702.58</ele>
   </trkpt>
   <trkpt lat="49.1045" lon="-118.47973">
    <ele>701.5</ele>
   </trkpt>
   <trkpt lat="49.104200000000006" lon="-118.47987">
    <ele>701.09</ele>
   </trkpt>
   <trkpt lat="49.104000000000006" lon="-118.47988000000001">
    <ele>700.5600000000001</ele>
   </trkpt>
   <trkpt lat="49.103640000000006" lon="-118.47987">
    <ele>699.98</ele>
   </trkpt>
   <trkpt lat="49.103165000052016" lon="-118.47968999824377">
    <ele>699.1400000000001</ele>
   </trkpt>
   <trkpt lat="49.10269" lon="-118.47951">
    <ele>697.09</ele>
   </trkpt>
   <trkpt lat="49.10221000000001" lon="-118.47946">
    <ele>696.67</ele>
   </trkpt>
   <trkpt lat="49.101980000000005" lon="-118.47950000000002">
    <ele>696.3900000000001</ele>
   </trkpt>
   <trkpt lat="49.10172000000001" lon="-118.47956">
    <ele>695.09</ele>
   </trkpt>
   <trkpt lat="49.10132" lon="-118.47984000000001">
    <ele>694.5500000000001</ele>
   </trkpt>
   <trkpt lat="49.10132" lon="-118.47985000000001">
    <ele>694.5400000000001</ele>
   </trkpt>
   <trkpt lat="49.100680000000004" lon="-118.48031">
    <ele>693.3600000000001</ele>
   </trkpt>
   <trkpt lat="49.10009" lon="-118.48067">
    <ele>691.4200000000001</ele>
   </trkpt>
   <trkpt lat="49.09977000000001" lon="-118.48081">
    <ele>690.7200000000001</ele>
   </trkpt>
   <trkpt lat="49.09951" lon="-118.4809">
    <ele>690.15</ele>
   </trkpt>
   <trkpt lat="49.0989650000178" lon="-118.48099000099108">
    <ele>689.33</ele>
   </trkpt>
   <trkpt lat="49.098420000000004" lon="-118.48108">
    <ele>686.95</ele>
   </trkpt>
   <trkpt lat="49.09799" lon="-118.48118000000001">
    <ele>686.3800000000001</ele>
   </trkpt>
   <trkpt lat="49.097590000000004" lon="-118.48134">
    <ele>685.49</ele>
   </trkpt>
   <trkpt lat="49.096970000000006" lon="-118.48171">
    <ele>683.9300000000001</ele>
   </trkpt>
   <trkpt lat="49.09667" lon="-118.48193">
    <ele>682.7</ele>
   </trkpt>
   <trkpt lat="49.096165000897756" lon="-118.48242000512018">
    <ele>681.39</ele>
   </trkpt>
   <trkpt lat="49.09566" lon="-118.48291">
    <ele>680.1600000000001</ele>
   </trkpt>
   <trkpt lat="49.095330000000004" lon="-118.48318">
    <ele>679.48</ele>
   </trkpt>
   <trkpt lat="49.095000000000006" lon="-118.48341">
    <ele>678.13</ele>
   </trkpt>
   <trkpt lat="49.09463" lon="-118.48358">
    <ele>677.59</ele>
   </trkpt>
   <trkpt lat="49.094390000000004" lon="-118.48363">
    <ele>677.0200000000001</ele>
   </trkpt>
   <trkpt lat="49.09358" lon="-118.48367">
    <ele>675.5500000000001</ele>
   </trkpt>
   <trkpt lat="49.09335" lon="-118.48377">
    <ele>675.2600000000001</ele>
   </trkpt>
   <trkpt lat="49.092560000000006" lon="-118.48425">
    <ele>673.18</ele>
   </trkpt>
   <trkpt lat="49.09226" lon="-118.48434">
    <ele>672.1400000000001</ele>
   </trkpt>
   <trkpt lat="49.09187000000001" lon="-118.48438000000002">
    <ele>672.1400000000001</ele>
   </trkpt>
   <trkpt lat="49.091099999999905" lon="-118.48436499976737">
    <ele>669.7900000000001</ele>
   </trkpt>
   <trkpt lat="49.09033" lon="-118.48435">
    <ele>668.0</ele>
   </trkpt>
   <trkpt lat="49.08977" lon="-118.48442000000001">
    <ele>666.74</ele>
   </trkpt>
   <trkpt lat="49.089510000000004" lon="-118.48457">
    <ele>666.42</ele>
   </trkpt>
   <trkpt lat="49.089110000000005" lon="-118.48489000000001">
    <ele>665.25</ele>
   </trkpt>
   <trkpt lat="49.08883" lon="-118.48519">
    <ele>663.91</ele>
   </trkpt>
   <trkpt lat="49.088530000000006" lon="-118.48547">
    <ele>663.3500000000001</ele>
   </trkpt>
   <trkpt lat="49.088260000000005" lon="-118.48564">
    <ele>662.88</ele>
   </trkpt>
   <trkpt lat="49.08809" lon="-118.48570000000001">
    <ele>662.46</ele>
   </trkpt>
   <trkpt lat="49.0878" lon="-118.48569">
    <ele>661.88</ele>
   </trkpt>
   <trkpt lat="49.08751" lon="-118.48555">
    <ele>661.3500000000001</ele>
   </trkpt>
   <trkpt lat="49.087120000000006" lon="-118.4852">
    <ele>660.2800000000001</ele>
   </trkpt>
   <trkpt lat="49.08662" lon="-118.48462">
    <ele>658.49</ele>
   </trkpt>
   <trkpt lat="49.086200001489615" lon="-118.48403999514488">
    <ele>657.85</ele>
   </trkpt>
   <trkpt lat="49.08578000000001" lon="-118.48346000000001">
    <ele>655.78</ele>
   </trkpt>
   <trkpt lat="49.085440000000006" lon="-118.48287">
    <ele>654.46</ele>
   </trkpt>
   <trkpt lat="49.08512" lon="-118.48238">
    <ele>653.4100000000001</ele>
   </trkpt>
   <trkpt lat="49.084645001115966" lon="-118.48187499518488">
    <ele>651.6700000000001</ele>
   </trkpt>
   <trkpt lat="49.08417000000001" lon="-118.48137000000001">
    <ele>650.82</ele>
   </trkpt>
   <trkpt lat="49.083850000000005" lon="-118.48103">
    <ele>648.94</ele>
   </trkpt>
   <trkpt lat="49.08363000000001" lon="-118.48076">
    <ele>648.94</ele>
   </trkpt>
   <trkpt lat="49.0832950021894" lon="-118.480029994831">
    <ele>648.0600000000001</ele>
   </trkpt>
   <trkpt lat="49.08296000000001" lon="-118.47930000000001">
    <ele>645.9100000000001</ele>
   </trkpt>
   <trkpt lat="49.082730000000005" lon="-118.47892000000002">
    <ele>645.4000000000001</ele>
   </trkpt>
   <trkpt lat="49.082510000000006" lon="-118.47866">
    <ele>644.88</ele>
   </trkpt>
   <trkpt lat="49.082280000000004" lon="-118.47848">
    <ele>644.45</ele>
   </trkpt>
   <trkpt lat="49.08178" lon="-118.47821">
    <ele>643.48</ele>
   </trkpt>
   <trkpt lat="49.081390000000006" lon="-118.47786">
    <ele>642.49</ele>
   </trkpt>
   <trkpt lat="49.08106" lon="-118.47742000000001">
    <ele>641.49</ele>
   </trkpt>
   <trkpt lat="49.08072000154505" lon="-118.4768099957126">
    <ele>640.4399999999999</ele>
   </trkpt>
   <trkpt lat="49.080380000000005" lon="-118.4762">
    <ele>639.08</ele>
   </trkpt>
   <trkpt lat="49.080040000000004" lon="-118.47567000000001">
    <ele>637.97</ele>
   </trkpt>
   <trkpt lat="49.07978000000001" lon="-118.47535">
    <ele>636.7700000000001</ele>
   </trkpt>
   <trkpt lat="49.07941" lon="-118.47503">
    <ele>635.9800000000001</ele>
   </trkpt>
   <trkpt lat="49.07907" lon="-118.47480000000002">
    <ele>634.7</ele>
   </trkpt>
   <trkpt lat="49.078630000000004" lon="-118.47458">
    <ele>633.7700000000001</ele>
   </trkpt>
   <trkpt lat="49.078100000000006" lon="-118.47442000000001">
    <ele>632.5500000000001</ele>
   </trkpt>
   <trkpt lat="49.077360000000006" lon="-118.47433000000001">
    <ele>631.1600000000001</ele>
   </trkpt>
   <trkpt lat="49.076620000000005" lon="-118.47427">
    <ele>629.62</ele>
   </trkpt>
   <trkpt lat="49.07584500009918" lon="-118.47419499883709">
    <ele>627.32</ele>
   </trkpt>
   <trkpt lat="49.075070000000004" lon="-118.47412000000001">
    <ele>625.4900000000001</ele>
   </trkpt>
   <trkpt lat="49.074594999957505" lon="-118.47408499966181">
    <ele>624.3100000000001</ele>
   </trkpt>
   <trkpt lat="49.07412" lon="-118.47405">
    <ele>623.32</ele>
   </trkpt>
   <trkpt lat="49.073660000000004" lon="-118.47395000000002">
    <ele>622.34</ele>
   </trkpt>
   <trkpt lat="49.073100000000004" lon="-118.47365">
    <ele>621.1300000000001</ele>
   </trkpt>
   <trkpt lat="49.072366669481575" lon="-118.47307664972115">
    <ele>618.45</ele>
   </trkpt>
   <trkpt lat="49.071633336123426" lon="-118.47250331636876">
    <ele>616.3900000000001</ele>
   </trkpt>
   <trkpt lat="49.0709" lon="-118.47193000000001">
    <ele>614.92</ele>
   </trkpt>
   <trkpt lat="49.070660000000004" lon="-118.47178000000001">
    <ele>614.75</ele>
   </trkpt>
   <trkpt lat="49.070420000000006" lon="-118.47172">
    <ele>614.44</ele>
   </trkpt>
   <trkpt lat="49.07020000000001" lon="-118.47180000000002">
    <ele>613.98</ele>
   </trkpt>
   <trkpt lat="49.06971" lon="-118.47200000000001">
    <ele>612.5500000000001</ele>
   </trkpt>
   <trkpt lat="49.069700000000005" lon="-118.47200000000001">
    <ele>612.5500000000001</ele>
   </trkpt>
   <trkpt lat="49.069430000000004" lon="-118.47212">
    <ele>612.5500000000001</ele>
   </trkpt>
   <trkpt lat="49.06924" lon="-118.47225000000002">
    <ele>610.89</ele>
   </trkpt>
   <trkpt lat="49.069010000000006" lon="-118.47248">
    <ele>610.89</ele>
   </trkpt>
   <trkpt lat="49.06882" lon="-118.47279">
    <ele>609.8100000000001</ele>
   </trkpt>
   <trkpt lat="49.068560000000005" lon="-118.47356">
    <ele>608.16</ele>
   </trkpt>
   <trkpt lat="49.06833" lon="-118.47458">
    <ele>606.0699999999999</ele>
   </trkpt>
   <trkpt lat="49.068115003249545" lon="-118.47544000350163">
    <ele>604.97</ele>
   </trkpt>
   <trkpt lat="49.0679" lon="-118.47630000000001">
    <ele>603.4900000000001</ele>
   </trkpt>
   <trkpt lat="49.06774" lon="-118.47674">
    <ele>602.7</ele>
   </trkpt>
   <trkpt lat="49.06758000000001" lon="-118.47706000000001">
    <ele>601.96</ele>
   </trkpt>
   <trkpt lat="49.067350000000005" lon="-118.4774">
    <ele>601.46</ele>
   </trkpt>
   <trkpt lat="49.06698" lon="-118.47776">
    <ele>600.96</ele>
   </trkpt>
   <trkpt lat="49.066660000000006" lon="-118.47799">
    <ele>599.59</ele>
   </trkpt>
   <trkpt lat="49.066370000000006" lon="-118.47817">
    <ele>599.26</ele>
   </trkpt>
   <trkpt lat="49.065670000000004" lon="-118.47836000000001">
    <ele>597.62</ele>
   </trkpt>
   <trkpt lat="49.06528" lon="-118.47843">
    <ele>596.8800000000001</ele>
   </trkpt>
   <trkpt lat="49.06499" lon="-118.47852">
    <ele>596.13</ele>
   </trkpt>
   <trkpt lat="49.06457" lon="-118.47875">
    <ele>594.59</ele>
   </trkpt>
   <trkpt lat="49.06400500054193" lon="-118.47911000410441">
    <ele>593.8500000000001</ele>
   </trkpt>
   <trkpt lat="49.06344000000001" lon="-118.47947">
    <ele>592.46</ele>
   </trkpt>
   <trkpt lat="49.062895000397575" lon="-118.47976000316208">
    <ele>591.11</ele>
   </trkpt>
   <trkpt lat="49.06235" lon="-118.48005">
    <ele>589.6</ele>
   </trkpt>
   <trkpt lat="49.06201" lon="-118.48019000000001">
    <ele>588.4200000000001</ele>
   </trkpt>
   <trkpt lat="49.06157" lon="-118.48028000000001">
    <ele>587.4</ele>
   </trkpt>
   <trkpt lat="49.0613" lon="-118.48027">
    <ele>586.84</ele>
   </trkpt>
   <trkpt lat="49.06056" lon="-118.48009">
    <ele>585.2400000000001</ele>
   </trkpt>
   <trkpt lat="49.06031" lon="-118.48013">
    <ele>585.0600000000001</ele>
   </trkpt>
   <trkpt lat="49.06004" lon="-118.48024000000001">
    <ele>584.25</ele>
   </trkpt>
   <trkpt lat="49.059870000000004" lon="-118.48041">
    <ele>583.65</ele>
   </trkpt>
   <trkpt lat="49.05921000000001" lon="-118.48125">
    <ele>581.59</ele>
   </trkpt>
   <trkpt lat="49.059020000000004" lon="-118.48139">
    <ele>581.33</ele>
   </trkpt>
   <trkpt lat="49.058780000000006" lon="-118.48152">
    <ele>580.6800000000001</ele>
   </trkpt>
   <trkpt lat="49.058460000000004" lon="-118.48161">
    <ele>579.6600000000001</ele>
   </trkpt>
   <trkpt lat="49.057970000000005" lon="-118.48166">
    <ele>579.0000000000001</ele>
   </trkpt>
   <trkpt lat="49.057950000000005" lon="-118.48166">
    <ele>578.94</ele>
   </trkpt>
   <trkpt lat="49.05774" lon="-118.48167000000001">
    <ele>578.1</ele>
   </trkpt>
   <trkpt lat="49.05747" lon="-118.48161">
    <ele>578.1</ele>
   </trkpt>
   <trkpt lat="49.057190000000006" lon="-118.48148">
    <ele>576.98</ele>
   </trkpt>
   <trkpt lat="49.056540000000005" lon="-118.48081">
    <ele>575.37</ele>
   </trkpt>
   <trkpt lat="49.05635" lon="-118.48067">
    <ele>574.2700000000001</ele>
   </trkpt>
   <trkpt lat="49.056050000000006" lon="-118.4805">
    <ele>574.2700000000001</ele>
   </trkpt>
   <trkpt lat="49.05584" lon="-118.48049">
    <ele>573.3900000000001</ele>
   </trkpt>
   <trkpt lat="49.055400000000006" lon="-118.4805">
    <ele>572.16</ele>
   </trkpt>
   <trkpt lat="49.054640000000006" lon="-118.48067">
    <ele>570.71</ele>
   </trkpt>
   <trkpt lat="49.05418" lon="-118.48067">
    <ele>569.45</ele>
   </trkpt>
   <trkpt lat="49.053340000000006" lon="-118.48046000000001">
    <ele>567.71</ele>
   </trkpt>
   <trkpt lat="49.05265500026522" lon="-118.48027499748261">
    <ele>565.77</ele>
   </trkpt>
   <trkpt lat="49.051970000000004" lon="-118.48009">
    <ele>563.67</ele>
   </trkpt>
   <trkpt lat="49.05165" lon="-118.47996">
    <ele>563.6800000000001</ele>
   </trkpt>
   <trkpt lat="49.05149" lon="-118.47996">
    <ele>562.4800000000001</ele>
   </trkpt>
   <trkpt lat="49.05095000000001" lon="-118.47982">
    <ele>560.55</ele>
   </trkpt>
   <trkpt lat="49.05068000000001" lon="-118.47969">
    <ele>560.21</ele>
   </trkpt>
   <trkpt lat="49.050290000000004" lon="-118.47939000000001">
    <ele>559.0</ele>
   </trkpt>
   <trkpt lat="49.04999" lon="-118.47915">
    <ele>558.01</ele>
   </trkpt>
   <trkpt lat="49.049690000000005" lon="-118.47879">
    <ele>557.5300000000001</ele>
   </trkpt>
   <trkpt lat="49.0495" lon="-118.47848">
    <ele>556.98</ele>
   </trkpt>
   <trkpt lat="49.049080000000004" lon="-118.47767">
    <ele>555.88</ele>
   </trkpt>
   <trkpt lat="49.048840000000006" lon="-118.47727">
    <ele>555.13</ele>
   </trkpt>
   <trkpt lat="49.04865" lon="-118.477">
    <ele>553.88</ele>
   </trkpt>
   <trkpt lat="49.04844000000001" lon="-118.47679000000001">
    <ele>553.88</ele>
   </trkpt>
   <trkpt lat="49.04816" lon="-118.4766">
    <ele>553.2</ele>
   </trkpt>
   <trkpt lat="49.0478" lon="-118.47630000000001">
    <ele>552.2</ele>
   </trkpt>
   <trkpt lat="49.04757000000001" lon="-118.47606">
    <ele>551.35</ele>
   </trkpt>
   <trkpt lat="49.04712000000001" lon="-118.47543">
    <ele>550.7200000000001</ele>
   </trkpt>
   <trkpt lat="49.046890000000005" lon="-118.47518000000001">
    <ele>549.7500000000001</ele>
   </trkpt>
   <trkpt lat="49.04668" lon="-118.47507000000002">
    <ele>549.4</ele>
   </trkpt>
   <trkpt lat="49.04641" lon="-118.47499">
    <ele>548.52</ele>
   </trkpt>
   <trkpt lat="49.046170000000004" lon="-118.47499">
    <ele>547.96</ele>
   </trkpt>
   <trkpt lat="49.04598000000001" lon="-118.47503">
    <ele>547.64</ele>
   </trkpt>
   <trkpt lat="49.04581" lon="-118.47512">
    <ele>547.03</ele>
   </trkpt>
   <trkpt lat="49.04569000000001" lon="-118.47521">
    <ele>547.03</ele>
   </trkpt>
   <trkpt lat="49.04549" lon="-118.47543">
    <ele>546.25</ele>
   </trkpt>
   <trkpt lat="49.045190000000005" lon="-118.47592000000002">
    <ele>545.59</ele>
   </trkpt>
   <trkpt lat="49.0447300031469" lon="-118.47677000781518">
    <ele>543.54</ele>
   </trkpt>
   <trkpt lat="49.044270000000004" lon="-118.47762000000002">
    <ele>541.82</ele>
   </trkpt>
   <trkpt lat="49.04428" lon="-118.47761000000001">
    <ele>541.82</ele>
   </trkpt>
   <trkpt lat="49.04406" lon="-118.47799">
    <ele>540.47</ele>
   </trkpt>
   <trkpt lat="49.043730000000004" lon="-118.47840000000001">
    <ele>539.82</ele>
   </trkpt>
   <trkpt lat="49.04325000000001" lon="-118.47888">
    <ele>538.78</ele>
   </trkpt>
   <trkpt lat="49.04301" lon="-118.47903000000001">
    <ele>538.32</ele>
   </trkpt>
   <trkpt lat="49.04274" lon="-118.47925000000001">
    <ele>537.42</ele>
   </trkpt>
   <trkpt lat="49.04254" lon="-118.47934000000001">
    <ele>537.0100000000001</ele>
   </trkpt>
   <trkpt lat="49.042530000000006" lon="-118.47935000000001">
    <ele>536.97</ele>
   </trkpt>
   <trkpt lat="49.042190000000005" lon="-118.47951">
    <ele>536.3800000000001</ele>
   </trkpt>
   <trkpt lat="49.04195000000001" lon="-118.47955">
    <ele>535.97</ele>
   </trkpt>
   <trkpt lat="49.04162" lon="-118.47955">
    <ele>535.59</ele>
   </trkpt>
   <trkpt lat="49.04139000000001" lon="-118.47951">
    <ele>535.25</ele>
   </trkpt>
   <trkpt lat="49.04115" lon="-118.47942">
    <ele>534.87</ele>
   </trkpt>
   <trkpt lat="49.04088" lon="-118.47928">
    <ele>534.6500000000001</ele>
   </trkpt>
   <trkpt lat="49.040580000000006" lon="-118.47906">
    <ele>534.4000000000001</ele>
   </trkpt>
   <trkpt lat="49.040380000000006" lon="-118.47884">
    <ele>534.3100000000001</ele>
   </trkpt>
   <trkpt lat="49.04019" lon="-118.47857">
    <ele>534.1800000000001</ele>
   </trkpt>
   <trkpt lat="49.03982500155948" lon="-118.47798499583682">
    <ele>533.87</ele>
   </trkpt>
   <trkpt lat="49.039460000000005" lon="-118.4774">
    <ele>533.71</ele>
   </trkpt>
   <trkpt lat="49.038880004388986" lon="-118.47639498832507">
    <ele>533.52</ele>
   </trkpt>
   <trkpt lat="49.03830000000001" lon="-118.47539">
    <ele>533.48</ele>
   </trkpt>
   <trkpt lat="49.038160000000005" lon="-118.47521">
    <ele>533.6899999999999</ele>
   </trkpt>
   <trkpt lat="49.03764000352909" lon="-118.47430999064281">
    <ele>532.95</ele>
   </trkpt>
   <trkpt lat="49.03712" lon="-118.47341000000002">
    <ele>532.61</ele>
   </trkpt>
   <trkpt lat="49.03656" lon="-118.47245000000001">
    <ele>532.82</ele>
   </trkpt>
   <trkpt lat="49.036555005813504" lon="-118.47128999997564">
    <ele>531.87</ele>
   </trkpt>
   <trkpt lat="49.036550000000005" lon="-118.47013000000001">
    <ele>531.6800000000001</ele>
   </trkpt>
   <trkpt lat="49.036280000000005" lon="-118.47026000000001">
    <ele>527.4000000000001</ele>
   </trkpt>
   <trkpt lat="49.036080000000005" lon="-118.47035000000001">
    <ele>530.3800000000001</ele>
   </trkpt>
   <trkpt lat="49.03589" lon="-118.47021000000001">
    <ele>530.52</ele>
   </trkpt>
   <trkpt lat="49.03585" lon="-118.47024">
    <ele>533.7700000000001</ele>
   </trkpt>
   <trkpt lat="49.03569" lon="-118.46976000000001">
    <ele>533.0100000000001</ele>
   </trkpt>
   <trkpt lat="49.035180000000004" lon="-118.46893000000001">
    <ele>532.21</ele>
   </trkpt>
   <trkpt lat="49.034666673004956" lon="-118.46807331564887">
    <ele>530.6800000000001</ele>
   </trkpt>
   <trkpt lat="49.034153339668904" lon="-118.46721664897797">
    <ele>529.6899999999999</ele>
   </trkpt>
   <trkpt lat="49.033640000000005" lon="-118.46636000000001">
    <ele>530.0400000000001</ele>
   </trkpt>
   <trkpt lat="49.03311000681676" lon="-118.46547331448093">
    <ele>532.5300000000001</ele>
   </trkpt>
   <trkpt lat="49.032580006840526" lon="-118.46458664785439">
    <ele>532.85</ele>
   </trkpt>
   <trkpt lat="49.032050000000005" lon="-118.4637">
    <ele>532.13</ele>
   </trkpt>
   <trkpt lat="49.03167500175419" lon="-118.46305999514976">
    <ele>531.6200000000001</ele>
   </trkpt>
   <trkpt lat="49.0313" lon="-118.46242000000001">
    <ele>531.35</ele>
   </trkpt>
   <trkpt lat="49.030930000000005" lon="-118.46179000000001">
    <ele>530.78</ele>
   </trkpt>
   <trkpt lat="49.03024000247234" lon="-118.46104498974847">
    <ele>529.86</ele>
   </trkpt>
   <trkpt lat="49.02955000000001" lon="-118.4603">
    <ele>528.78</ele>
   </trkpt>
   <trkpt lat="49.029090000000004" lon="-118.45953000000002">
    <ele>527.93</ele>
   </trkpt>
   <trkpt lat="49.02904" lon="-118.45934000000001">
    <ele>527.42</ele>
   </trkpt>
   <trkpt lat="49.028940000000006" lon="-118.45902000000001">
    <ele>526.37</ele>
   </trkpt>
   <trkpt lat="49.02873" lon="-118.45884000000001">
    <ele>526.45</ele>
   </trkpt>
   <trkpt lat="49.028600000000004" lon="-118.45857000000001">
    <ele>526.59</ele>
   </trkpt>
   <trkpt lat="49.028510000000004" lon="-118.45826000000001">
    <ele>526.59</ele>
   </trkpt>
   <trkpt lat="49.028230008982675" lon="-118.45723998849492">
    <ele>526.24</ele>
   </trkpt>
   <trkpt lat="49.02795000897564" lon="-118.4562199884695">
    <ele>525.2600000000001</ele>
   </trkpt>
   <trkpt lat="49.02767" lon="-118.4552">
    <ele>523.78</ele>
   </trkpt>
   <trkpt lat="49.027480000000004" lon="-118.45444">
    <ele>522.83</ele>
   </trkpt>
   <trkpt lat="49.02738" lon="-118.4539">
    <ele>522.3800000000001</ele>
   </trkpt>
   <trkpt lat="49.02731000000001" lon="-118.45336">
    <ele>522.17</ele>
   </trkpt>
   <trkpt lat="49.02721500724506" lon="-118.4520649975252">
    <ele>521.76</ele>
   </trkpt>
   <trkpt lat="49.027120000000004" lon="-118.45077">
    <ele>521.1999999999999</ele>
   </trkpt>
   <trkpt lat="49.02707" lon="-118.45040000000002">
    <ele>521.05</ele>
   </trkpt>
   <trkpt lat="49.026990000000005" lon="-118.45">
    <ele>521.05</ele>
   </trkpt>
   <trkpt lat="49.026830000000004" lon="-118.44939000000001">
    <ele>520.87</ele>
   </trkpt>
   <trkpt lat="49.02664000000001" lon="-118.44893">
    <ele>520.6700000000001</ele>
   </trkpt>
   <trkpt lat="49.02687" lon="-118.44869000000001">
    <ele>520.19</ele>
   </trkpt>
   <trkpt lat="49.02713000000001" lon="-118.44824000000001">
    <ele>519.98</ele>
   </trkpt>
   <trkpt lat="49.027300000000004" lon="-118.44786">
    <ele>519.97</ele>
   </trkpt>
   <trkpt lat="49.02761" lon="-118.44705">
    <ele>520.1300000000001</ele>
   </trkpt>
   <trkpt lat="49.027800000000006" lon="-118.44642">
    <ele>520.1300000000001</ele>
   </trkpt>
   <trkpt lat="49.028100005441914" lon="-118.4453000066685">
    <ele>520.61</ele>
   </trkpt>
   <trkpt lat="49.028400000000005" lon="-118.44418">
    <ele>520.3100000000001</ele>
   </trkpt>
   <trkpt lat="49.02855" lon="-118.44378">
    <ele>520.3100000000001</ele>
   </trkpt>
   <trkpt lat="49.02879" lon="-118.44357000000001">
    <ele>520.11</ele>
   </trkpt>
   <trkpt lat="49.02888" lon="-118.44351">
    <ele>519.97</ele>
   </trkpt>
   <trkpt lat="49.02904" lon="-118.44347">
    <ele>519.75</ele>
   </trkpt>
   <trkpt lat="49.02911" lon="-118.44348000000001">
    <ele>519.75</ele>
   </trkpt>
   <trkpt lat="49.029360000000004" lon="-118.44358000000001">
    <ele>518.9100000000001</ele>
   </trkpt>
   <trkpt lat="49.029540000000004" lon="-118.44359000000001">
    <ele>518.7700000000001</ele>
   </trkpt>
   <trkpt lat="49.02964" lon="-118.44357000000001">
    <ele>518.95</ele>
   </trkpt>
   <trkpt lat="49.029810000000005" lon="-118.44348000000001">
    <ele>519.25</ele>
   </trkpt>
   <trkpt lat="49.029900000000005" lon="-118.44330000000001">
    <ele>519.35</ele>
   </trkpt>
   <trkpt lat="49.030193360673884" lon="-118.44217503315625">
    <ele>521.25</ele>
   </trkpt>
   <trkpt lat="49.03048671041275" lon="-118.44105005304641">
    <ele>523.32</ele>
   </trkpt>
   <trkpt lat="49.030780049216325" lon="-118.4399250596707">
    <ele>520.69</ele>
   </trkpt>
   <trkpt lat="49.03107337708438" lon="-118.43880005302925">
    <ele>516.97</ele>
   </trkpt>
   <trkpt lat="49.03136669401668" lon="-118.4376750331224">
    <ele>516.5500000000001</ele>
   </trkpt>
   <trkpt lat="49.03166" lon="-118.43655000000001">
    <ele>516.21</ele>
   </trkpt>
   <trkpt lat="49.031690000000005" lon="-118.43644">
    <ele>516.1800000000001</ele>
   </trkpt>
   <trkpt lat="49.031175000479045" lon="-118.43611999671033">
    <ele>515.96</ele>
   </trkpt>
   <trkpt lat="49.030660000000005" lon="-118.43580000000001">
    <ele>517.1800000000001</ele>
   </trkpt>
   <trkpt lat="49.03004000000001" lon="-118.43535000000001">
    <ele>517.1600000000001</ele>
   </trkpt>
   <trkpt lat="49.02931000159731" lon="-118.43491998738205">
    <ele>514.2500000000001</ele>
   </trkpt>
   <trkpt lat="49.02858000159696" lon="-118.4344899873821">
    <ele>513.8900000000001</ele>
   </trkpt>
   <trkpt lat="49.02785" lon="-118.43406000000002">
    <ele>514.6700000000001</ele>
   </trkpt>
   <trkpt lat="49.02817334669181" lon="-118.43281668282059">
    <ele>514.63</ele>
   </trkpt>
   <trkpt lat="49.028496680026606" lon="-118.43157334948194">
    <ele>515.45</ele>
   </trkpt>
   <trkpt lat="49.02882" lon="-118.43033000000001">
    <ele>517.2800000000001</ele>
   </trkpt>
   <trkpt lat="49.028690000000005" lon="-118.43022">
    <ele>516.64</ele>
   </trkpt>
   <trkpt lat="49.02826" lon="-118.42982">
    <ele>514.6500000000001</ele>
   </trkpt>
   <trkpt lat="49.02819" lon="-118.42960000000001">
    <ele>514.47</ele>
   </trkpt>
   <trkpt lat="49.0278600013236" lon="-118.42901999592533">
    <ele>514.17</ele>
   </trkpt>
   <trkpt lat="49.027530000000006" lon="-118.42844000000001">
    <ele>514.27</ele>
   </trkpt>
   <trkpt lat="49.027480000000004" lon="-118.42815000000002">
    <ele>514.6700000000001</ele>
   </trkpt>
   <trkpt lat="49.02738" lon="-118.42793">
    <ele>514.72</ele>
   </trkpt>
   <trkpt lat="49.027080000000005" lon="-118.42744">
    <ele>513.94</ele>
   </trkpt>
   <trkpt lat="49.026900000000005" lon="-118.42722">
    <ele>513.83</ele>
   </trkpt>
   <trkpt lat="49.02667" lon="-118.42708">
    <ele>514.0100000000001</ele>
   </trkpt>
   <trkpt lat="49.026450000000004" lon="-118.42704">
    <ele>514.19</ele>
   </trkpt>
   <trkpt lat="49.0262" lon="-118.42714000000001">
    <ele>514.29</ele>
   </trkpt>
   <trkpt lat="49.025980000000004" lon="-118.42717">
    <ele>514.63</ele>
   </trkpt>
   <trkpt lat="49.02572000000001" lon="-118.42695">
    <ele>514.7400000000001</ele>
   </trkpt>
   <trkpt lat="49.02546" lon="-118.42663">
    <ele>514.7</ele>
   </trkpt>
   <trkpt lat="49.02514000000001" lon="-118.42602000000001">
    <ele>515.22</ele>
   </trkpt>
   <trkpt lat="49.024820000000005" lon="-118.42543">
    <ele>514.82</ele>
   </trkpt>
   <trkpt lat="49.024620000000006" lon="-118.42524000000002">
    <ele>514.6700000000001</ele>
   </trkpt>
   <trkpt lat="49.02458000000001" lon="-118.42518000000001">
    <ele>514.6700000000001</ele>
   </trkpt>
   <trkpt lat="49.024205001703834" lon="-118.42456499548008">
    <ele>514.61</ele>
   </trkpt>
   <trkpt lat="49.023830000000004" lon="-118.42395">
    <ele>514.3199999999999</ele>
   </trkpt>
   <trkpt lat="49.02353" lon="-118.42337">
    <ele>514.17</ele>
   </trkpt>
   <trkpt lat="49.02315" lon="-118.42238">
    <ele>513.99</ele>
   </trkpt>
   <trkpt lat="49.02292333956764" lon="-118.42152999222472">
    <ele>514.69</ele>
   </trkpt>
   <trkpt lat="49.02269667289228" lon="-118.42067999219222">
    <ele>514.51</ele>
   </trkpt>
   <trkpt lat="49.022470000000006" lon="-118.41983">
    <ele>513.8600000000001</ele>
   </trkpt>
   <trkpt lat="49.02237" lon="-118.41965">
    <ele>513.8600000000001</ele>
   </trkpt>
   <trkpt lat="49.02219" lon="-118.41868000000001">
    <ele>513.22</ele>
   </trkpt>
   <trkpt lat="49.02203" lon="-118.41742">
    <ele>512.84</ele>
   </trkpt>
   <trkpt lat="49.02199000297427" lon="-118.41658999929022">
    <ele>513.05</ele>
   </trkpt>
   <trkpt lat="49.021950000000004" lon="-118.41576">
    <ele>513.26</ele>
   </trkpt>
   <trkpt lat="49.0219" lon="-118.41449000000001">
    <ele>513.85</ele>
   </trkpt>
   <trkpt lat="49.021820000000005" lon="-118.41449000000001">
    <ele>513.82</ele>
   </trkpt>
   <trkpt lat="49.02182000752786" lon="-118.41316999996874">
    <ele>516.73</ele>
   </trkpt>
   <trkpt lat="49.021820000000005" lon="-118.41185000000002">
    <ele>518.37</ele>
   </trkpt>
   <trkpt lat="49.021770000000004" lon="-118.4111">
    <ele>518.58</ele>
   </trkpt>
   <trkpt lat="49.021756677765595" lon="-118.40996666608599">
    <ele>520.25</ele>
   </trkpt>
   <trkpt lat="49.021743344432565" lon="-118.40883333277903">
    <ele>520.1800000000001</ele>
   </trkpt>
   <trkpt lat="49.021730000000005" lon="-118.4077">
    <ele>520.57</ele>
   </trkpt>
   <trkpt lat="49.02172836478678" lon="-118.40649333311967">
    <ele>522.1999999999999</ele>
   </trkpt>
   <trkpt lat="49.02172671699218" lon="-118.40528666631897">
    <ele>523.05</ele>
   </trkpt>
   <trkpt lat="49.02172505661617" lon="-118.40407999959848">
    <ele>523.47</ele>
   </trkpt>
   <trkpt lat="49.021723383658795" lon="-118.40287333295878">
    <ele>523.3500000000001</ele>
   </trkpt>
   <trkpt lat="49.02172169812003" lon="-118.40166666640052">
    <ele>523.4000000000001</ele>
   </trkpt>
   <trkpt lat="49.02172" lon="-118.40046000000001">
    <ele>524.17</ele>
   </trkpt>
   <trkpt lat="49.02176000000001" lon="-118.39986">
    <ele>524.19</ele>
   </trkpt>
   <trkpt lat="49.02194" lon="-118.39880000000001">
    <ele>524.17</ele>
   </trkpt>
   <trkpt lat="49.02208" lon="-118.39831000000001">
    <ele>524.6200000000001</ele>
   </trkpt>
   <trkpt lat="49.02240500338008" lon="-118.39742500578964">
    <ele>526.2900000000001</ele>
   </trkpt>
   <trkpt lat="49.02273" lon="-118.39654000000002">
    <ele>526.99</ele>
   </trkpt>
   <trkpt lat="49.023141056736996" lon="-118.3953320897971">
    <ele>529.44</ele>
   </trkpt>
   <trkpt lat="49.02355210086654" lon="-118.39412415964004">
    <ele>530.72</ele>
   </trkpt>
   <trkpt lat="49.02396313238824" lon="-118.3929162095289">
    <ele>530.39</ele>
   </trkpt>
   <trkpt lat="49.024374151301714" lon="-118.39170823946368">
    <ele>531.08</ele>
   </trkpt>
   <trkpt lat="49.02478515760657" lon="-118.39050024944432">
    <ele>532.0</ele>
   </trkpt>
   <trkpt lat="49.02519615130241" lon="-118.38929223947088">
    <ele>533.85</ele>
   </trkpt>
   <trkpt lat="49.02560713238886" lon="-118.38808420954328">
    <ele>535.21</ele>
   </trkpt>
   <trkpt lat="49.0260181008655" lon="-118.38687615966157">
    <ele>537.2</ele>
   </trkpt>
   <trkpt lat="49.02642905673196" lon="-118.38566808982571">
    <ele>538.3800000000001</ele>
   </trkpt>
   <trkpt lat="49.02684000000001" lon="-118.38446">
    <ele>537.97</ele>
   </trkpt>
   <trkpt lat="49.02709500275792" lon="-118.38365500425718">
    <ele>536.1600000000001</ele>
   </trkpt>
   <trkpt lat="49.027350000000006" lon="-118.38285">
    <ele>537.6700000000001</ele>
   </trkpt>
   <trkpt lat="49.02769000000001" lon="-118.38159">
    <ele>539.76</ele>
   </trkpt>
   <trkpt lat="49.02776" lon="-118.38128">
    <ele>540.3</ele>
   </trkpt>
   <trkpt lat="49.027905003295174" lon="-118.38040500262547">
    <ele>540.75</ele>
   </trkpt>
   <trkpt lat="49.02805000000001" lon="-118.37953">
    <ele>540.21</ele>
   </trkpt>
   <trkpt lat="49.02814" lon="-118.37868">
    <ele>540.1100000000001</ele>
   </trkpt>
   <trkpt lat="49.02821" lon="-118.37779">
    <ele>539.12</ele>
   </trkpt>
   <trkpt lat="49.028230004576656" lon="-118.37676000075926">
    <ele>538.42</ele>
   </trkpt>
   <trkpt lat="49.02825000000001" lon="-118.37573">
    <ele>537.7</ele>
   </trkpt>
   <trkpt lat="49.02820000254325" lon="-118.37496499945951">
    <ele>537.73</ele>
   </trkpt>
   <trkpt lat="49.028150000000004" lon="-118.37420000000002">
    <ele>537.52</ele>
   </trkpt>
   <trkpt lat="49.028000000000006" lon="-118.37335000000002">
    <ele>536.0200000000001</ele>
   </trkpt>
   <trkpt lat="49.02776" lon="-118.37272000000002">
    <ele>537.2</ele>
   </trkpt>
   <trkpt lat="49.027440000000006" lon="-118.37215">
    <ele>538.0100000000001</ele>
   </trkpt>
   <trkpt lat="49.02707" lon="-118.37161">
    <ele>537.6500000000001</ele>
   </trkpt>
   <trkpt lat="49.02657000000001" lon="-118.37104000000001">
    <ele>537.88</ele>
   </trkpt>
   <trkpt lat="49.025860003957284" lon="-118.370489976486">
    <ele>538.34</ele>
   </trkpt>
   <trkpt lat="49.02515000530062" lon="-118.36993996866738">
    <ele>537.74</ele>
   </trkpt>
   <trkpt lat="49.02444000403016" lon="-118.36938997654333">
    <ele>537.1</ele>
   </trkpt>
   <trkpt lat="49.02373" lon="-118.36884">
    <ele>534.36</ele>
   </trkpt>
   <trkpt lat="49.022980000000004" lon="-118.36825">
    <ele>532.0400000000001</ele>
   </trkpt>
   <trkpt lat="49.02262" lon="-118.36782000000001">
    <ele>531.73</ele>
   </trkpt>
   <trkpt lat="49.022360000000006" lon="-118.36735000000002">
    <ele>530.9200000000001</ele>
   </trkpt>
   <trkpt lat="49.02201" lon="-118.36642">
    <ele>531.07</ele>
   </trkpt>
   <trkpt lat="49.02178802471737" lon="-118.365223978646">
    <ele>530.1800000000001</ele>
   </trkpt>
   <trkpt lat="49.02156603707446" lon="-118.36402796796118">
    <ele>529.47</ele>
   </trkpt>
   <trkpt lat="49.02134403707151" lon="-118.36283196794595">
    <ele>527.72</ele>
   </trkpt>
   <trkpt lat="49.021122024708696" lon="-118.36163597860077">
    <ele>525.94</ele>
   </trkpt>
   <trkpt lat="49.020900000000005" lon="-118.36044000000001">
    <ele>524.11</ele>
   </trkpt>
   <trkpt lat="49.02065000634849" lon="-118.35922499375393">
    <ele>522.6800000000001</ele>
   </trkpt>
   <trkpt lat="49.0204" lon="-118.35801000000001">
    <ele>521.6800000000001</ele>
   </trkpt>
   <trkpt lat="49.01999000000001" lon="-118.35711">
    <ele>520.4100000000001</ele>
   </trkpt>
   <trkpt lat="49.01944" lon="-118.35635">
    <ele>519.42</ele>
   </trkpt>
   <trkpt lat="49.01876000000001" lon="-118.35559">
    <ele>518.73</ele>
   </trkpt>
   <trkpt lat="49.01822000212281" lon="-118.35488999241325">
    <ele>519.0600000000001</ele>
   </trkpt>
   <trkpt lat="49.017680000000006" lon="-118.35419">
    <ele>518.3000000000001</ele>
   </trkpt>
   <trkpt lat="49.017070000000004" lon="-118.35347000000002">
    <ele>518.39</ele>
   </trkpt>
   <trkpt lat="49.016760000000005" lon="-118.35262000000002">
    <ele>519.17</ele>
   </trkpt>
   <trkpt lat="49.016690000000004" lon="-118.35182">
    <ele>521.21</ele>
   </trkpt>
   <trkpt lat="49.01684000233728" lon="-118.35108500219907">
    <ele>521.48</ele>
   </trkpt>
   <trkpt lat="49.01699000000001" lon="-118.35035">
    <ele>522.5000000000001</ele>
   </trkpt>
   <trkpt lat="49.017070000000004" lon="-118.34976">
    <ele>522.88</ele>
   </trkpt>
   <trkpt lat="49.01704" lon="-118.34941">
    <ele>523.3100000000001</ele>
   </trkpt>
   <trkpt lat="49.01681000000001" lon="-118.34855">
    <ele>524.2800000000001</ele>
   </trkpt>
   <trkpt lat="49.016560000000005" lon="-118.34788">
    <ele>524.21</ele>
   </trkpt>
   <trkpt lat="49.016290000000005" lon="-118.34743">
    <ele>523.32</ele>
   </trkpt>
   <trkpt lat="49.015805000579746" lon="-118.34700999574996">
    <ele>524.17</ele>
   </trkpt>
   <trkpt lat="49.01532" lon="-118.34659">
    <ele>525.81</ele>
   </trkpt>
   <trkpt lat="49.01520000000001" lon="-118.34655000000001">
    <ele>526.12</ele>
   </trkpt>
  </trkseg>
 </trk>
</gpx>
