<?xml version="1.0" encoding="UTF-8"?>
<gpx creator="StravaGPX" version="1.1" xmlns="http://www.topografix.com/GPX/1/1" xmlns:xsi="http://www.w3.org/2001/XMLSchema-instance" xsi:schemaLocation="http://www.topografix.com/GPX/1/1 http://www.topografix.com/GPX/1/1/gpx.xsd">
 <metadata>
  <name>Day 3 - E Grand Forks &gt; North Castlegar</name>
  <author>
   <name>Stephan Becker</name>
   <link href="https://www.strava.com/athletes/349770"/>
  </author>
  <copyright author="OpenStreetMap contributors">
   <year>2020</year>
   <license>https://www.openstreetmap.org/copyright</license>
  </copyright>
  <link href="https://www.strava.com/routes/3494097577956116946"/>
 </metadata>
 <wpt lat="49.04483" lon="-118.20626">
  <name>Coffee shop</name>
  <desc></desc>
  <sym>Coffee</sym>
  <type>Coffee</type>
 </wpt>
 <wpt lat="49.04573" lon="-118.20529">
  <name>Grocery</name>
  <desc></desc>
  <sym>Grocery</sym>
  <type>Grocery</type>
 </wpt>
 <wpt lat="49.05344" lon="-118.21156">
  <name>Smoochies Brewing</name>
  <desc></desc>
  <sym>Coffee</sym>
  <type>Coffee</type>
 </wpt>
 <wpt lat="49.05511" lon="-118.21322">
  <name>outdoor shop</name>
  <desc></desc>
  <sym>Aid Station</sym>
  <type>Aid Station</type>
 </wpt>
 <wpt lat="49.31129" lon="-118.11142">
  <name>Water?</name>
  <desc></desc>
  <sym>Water Source</sym>
  <type>Water Source</type>
 </wpt>
 <wpt lat="49.35362" lon="-118.10795">
  <name>Water</name>
  <desc></desc>
  <sym>Water Source</sym>
  <type>Water Source</type>
 </wpt>
 <wpt lat="49.36984" lon="-118.04845">
  <name>water</name>
  <desc></desc>
  <sym>Water Source</sym>
  <type>Water Source</type>
 </wpt>
 <wpt lat="49.37044" lon="-118.01212">
  <name>water</name>
  <desc></desc>
  <sym>Water Source</sym>
  <type>Water Source</type>
 </wpt>
 <trk>
  <name>Day 3 - E Grand Forks &gt; North Castlegar</name>
  <link href="https://www.strava.com/routes/3494097577956116946"/>
  <type>mountain_biking</type>
  <trkseg>
   <trkpt lat="49.02615" lon="-118.37072">
    <ele>539.0500000000001</ele>
   </trkpt>
   <trkpt lat="49.02554500284634" lon="-118.37024998284438">
    <ele>537.2800000000001</ele>
   </trkpt>
   <trkpt lat="49.02494000378388" lon="-118.36977997711745">
    <ele>538.03</ele>
   </trkpt>
   <trkpt lat="49.0243350028127" lon="-118.36930998281879">
    <ele>537.1</ele>
   </trkpt>
   <trkpt lat="49.02373" lon="-118.36884">
    <ele>535.0</ele>
   </trkpt>
   <trkpt lat="49.022980000000004" lon="-118.36825">
    <ele>532.0400000000001</ele>
   </trkpt>
   <trkpt lat="49.02262" lon="-118.36782000000001">
    <ele>531.73</ele>
   </trkpt>
   <trkpt lat="49.022360000000006" lon="-118.36735000000002">
    <ele>530.96</ele>
   </trkpt>
   <trkpt lat="49.02201" lon="-118.36642">
    <ele>531.09</ele>
   </trkpt>
   <trkpt lat="49.02178802471737" lon="-118.365223978646">
    <ele>530.1800000000001</ele>
   </trkpt>
   <trkpt lat="49.02156603707446" lon="-118.36402796796118">
    <ele>529.47</ele>
   </trkpt>
   <trkpt lat="49.02134403707151" lon="-118.36283196794595">
    <ele>527.72</ele>
   </trkpt>
   <trkpt lat="49.021122024708696" lon="-118.36163597860077">
    <ele>525.94</ele>
   </trkpt>
   <trkpt lat="49.020900000000005" lon="-118.36044000000001">
    <ele>524.11</ele>
   </trkpt>
   <trkpt lat="49.02065" lon="-118.35920000000002">
    <ele>522.6800000000001</ele>
   </trkpt>
   <trkpt lat="49.0204" lon="-118.35801000000001">
    <ele>521.99</ele>
   </trkpt>
   <trkpt lat="49.01999000000001" lon="-118.35711">
    <ele>520.4100000000001</ele>
   </trkpt>
   <trkpt lat="49.01944" lon="-118.35635">
    <ele>519.42</ele>
   </trkpt>
   <trkpt lat="49.01876000000001" lon="-118.35559">
    <ele>518.73</ele>
   </trkpt>
   <trkpt lat="49.01822000212281" lon="-118.35488999241325">
    <ele>519.02</ele>
   </trkpt>
   <trkpt lat="49.017680000000006" lon="-118.35419">
    <ele>518.3000000000001</ele>
   </trkpt>
   <trkpt lat="49.017070000000004" lon="-118.35347000000002">
    <ele>518.39</ele>
   </trkpt>
   <trkpt lat="49.016760000000005" lon="-118.35262000000002">
    <ele>519.17</ele>
   </trkpt>
   <trkpt lat="49.016690000000004" lon="-118.35182">
    <ele>521.0100000000001</ele>
   </trkpt>
   <trkpt lat="49.01684000233728" lon="-118.35108500219907">
    <ele>521.4100000000001</ele>
   </trkpt>
   <trkpt lat="49.01699000000001" lon="-118.35035">
    <ele>522.5000000000001</ele>
   </trkpt>
   <trkpt lat="49.017070000000004" lon="-118.34976">
    <ele>522.88</ele>
   </trkpt>
   <trkpt lat="49.01704" lon="-118.34941">
    <ele>523.3100000000001</ele>
   </trkpt>
   <trkpt lat="49.01681000000001" lon="-118.34855">
    <ele>524.1</ele>
   </trkpt>
   <trkpt lat="49.016560000000005" lon="-118.34788">
    <ele>524.21</ele>
   </trkpt>
   <trkpt lat="49.016290000000005" lon="-118.34743">
    <ele>523.32</ele>
   </trkpt>
   <trkpt lat="49.015805000579746" lon="-118.34700999574996">
    <ele>524.17</ele>
   </trkpt>
   <trkpt lat="49.01532" lon="-118.34659">
    <ele>525.6</ele>
   </trkpt>
   <trkpt lat="49.01464000000001" lon="-118.34632">
    <ele>527.63</ele>
   </trkpt>
   <trkpt lat="49.014190000000006" lon="-118.34596">
    <ele>527.4300000000001</ele>
   </trkpt>
   <trkpt lat="49.01373" lon="-118.34546">
    <ele>527.12</ele>
   </trkpt>
   <trkpt lat="49.01339" lon="-118.34498">
    <ele>526.6700000000001</ele>
   </trkpt>
   <trkpt lat="49.01319" lon="-118.34454000000001">
    <ele>526.02</ele>
   </trkpt>
   <trkpt lat="49.013090000000005" lon="-118.34403">
    <ele>525.37</ele>
   </trkpt>
   <trkpt lat="49.013040000000004" lon="-118.34341">
    <ele>524.8000000000001</ele>
   </trkpt>
   <trkpt lat="49.01303" lon="-118.34242">
    <ele>524.05</ele>
   </trkpt>
   <trkpt lat="49.01305000000001" lon="-118.34204000000001">
    <ele>523.7700000000001</ele>
   </trkpt>
   <trkpt lat="49.01305000000001" lon="-118.34205000000001">
    <ele>523.7700000000001</ele>
   </trkpt>
   <trkpt lat="49.01312" lon="-118.34104">
    <ele>522.96</ele>
   </trkpt>
   <trkpt lat="49.01323000000001" lon="-118.34009">
    <ele>522.1600000000001</ele>
   </trkpt>
   <trkpt lat="49.01336000214775" lon="-118.33938000201925">
    <ele>521.11</ele>
   </trkpt>
   <trkpt lat="49.013490000000004" lon="-118.33867000000001">
    <ele>520.21</ele>
   </trkpt>
   <trkpt lat="49.01362" lon="-118.33785">
    <ele>519.5600000000001</ele>
   </trkpt>
   <trkpt lat="49.013650000000005" lon="-118.33727">
    <ele>519.1300000000001</ele>
   </trkpt>
   <trkpt lat="49.013600000000004" lon="-118.33675000000001">
    <ele>518.86</ele>
   </trkpt>
   <trkpt lat="49.01341000000001" lon="-118.3358">
    <ele>517.86</ele>
   </trkpt>
   <trkpt lat="49.013310000000004" lon="-118.33548">
    <ele>517.5300000000001</ele>
   </trkpt>
   <trkpt lat="49.01303000190048" lon="-118.33481499623565">
    <ele>516.78</ele>
   </trkpt>
   <trkpt lat="49.012750000000004" lon="-118.33415000000001">
    <ele>516.4300000000001</ele>
   </trkpt>
   <trkpt lat="49.012460000000004" lon="-118.33302">
    <ele>515.27</ele>
   </trkpt>
   <trkpt lat="49.0123" lon="-118.33212">
    <ele>514.6500000000001</ele>
   </trkpt>
   <trkpt lat="49.01221" lon="-118.33104000000002">
    <ele>514.3000000000001</ele>
   </trkpt>
   <trkpt lat="49.01229000000001" lon="-118.32971">
    <ele>512.46</ele>
   </trkpt>
   <trkpt lat="49.01236" lon="-118.32913">
    <ele>511.55000000000007</ele>
   </trkpt>
   <trkpt lat="49.01239334793721" lon="-118.32783000173116">
    <ele>510.05</ele>
   </trkpt>
   <trkpt lat="49.012426681270796" lon="-118.32653000172107">
    <ele>509.07</ele>
   </trkpt>
   <trkpt lat="49.012460000000004" lon="-118.32523">
    <ele>507.55000000000007</ele>
   </trkpt>
   <trkpt lat="49.012515008047515" lon="-118.32386500157595">
    <ele>506.70000000000005</ele>
   </trkpt>
   <trkpt lat="49.012570000000004" lon="-118.3225">
    <ele>507.2300000000001</ele>
   </trkpt>
   <trkpt lat="49.01249000000001" lon="-118.32179000000001">
    <ele>507.45000000000005</ele>
   </trkpt>
   <trkpt lat="49.01229836002915" lon="-118.32067831192633">
    <ele>507.6400000000001</ele>
   </trkpt>
   <trkpt lat="49.01210670937917" lon="-118.31956663241147">
    <ele>509.8400000000001</ele>
   </trkpt>
   <trkpt lat="49.0119150480502" lon="-118.31845496145574">
    <ele>510.65000000000003</ele>
   </trkpt>
   <trkpt lat="49.011723376042355" lon="-118.31734329905949">
    <ele>511.55000000000007</ele>
   </trkpt>
   <trkpt lat="49.01153169335587" lon="-118.3162316452231">
    <ele>511.3500000000001</ele>
   </trkpt>
   <trkpt lat="49.011340000000004" lon="-118.31512000000001">
    <ele>510.88</ele>
   </trkpt>
   <trkpt lat="49.01111002956798" lon="-118.31381197582878">
    <ele>511.36</ele>
   </trkpt>
   <trkpt lat="49.01088004435153" lon="-118.31250396374162">
    <ele>511.09999999999997</ele>
   </trkpt>
   <trkpt lat="49.010650044350946" lon="-118.31119596373915">
    <ele>511.09999999999997</ele>
   </trkpt>
   <trkpt lat="49.01042002956646" lon="-118.3098879758219">
    <ele>511.0</ele>
   </trkpt>
   <trkpt lat="49.01019" lon="-118.30858">
    <ele>511.07</ele>
   </trkpt>
   <trkpt lat="49.009890000000006" lon="-118.30729000000001">
    <ele>511.07</ele>
   </trkpt>
   <trkpt lat="49.00972000171032" lon="-118.30665499771281">
    <ele>511.04</ele>
   </trkpt>
   <trkpt lat="49.009550000000004" lon="-118.30602">
    <ele>511.2</ele>
   </trkpt>
   <trkpt lat="49.00925" lon="-118.30508">
    <ele>511.6400000000001</ele>
   </trkpt>
   <trkpt lat="49.0088900466963" lon="-118.30383743712775">
    <ele>511.3500000000001</ele>
   </trkpt>
   <trkpt lat="49.00853008005088" lon="-118.30259489222144">
    <ele>511.48</ele>
   </trkpt>
   <trkpt lat="49.00817010006409" lon="-118.30135236528123">
    <ele>511.31000000000006</ele>
   </trkpt>
   <trkpt lat="49.00781010673635" lon="-118.30010985630732">
    <ele>511.3500000000001</ele>
   </trkpt>
   <trkpt lat="49.00745010006795" lon="-118.29886736529988">
    <ele>511.30000000000007</ele>
   </trkpt>
   <trkpt lat="49.0070900800593" lon="-118.29762489225908">
    <ele>511.4700000000001</ele>
   </trkpt>
   <trkpt lat="49.00673004671075" lon="-118.29638243718512">
    <ele>511.32</ele>
   </trkpt>
   <trkpt lat="49.006370000000004" lon="-118.29514">
    <ele>511.30000000000007</ele>
   </trkpt>
   <trkpt lat="49.006123339979574" lon="-118.29426332466541">
    <ele>511.13000000000005</ele>
   </trkpt>
   <trkpt lat="49.00587667331772" lon="-118.29338665801598">
    <ele>511.09999999999997</ele>
   </trkpt>
   <trkpt lat="49.005630000000004" lon="-118.29251000000001">
    <ele>511.29</ele>
   </trkpt>
   <trkpt lat="49.00547" lon="-118.29129">
    <ele>511.24</ele>
   </trkpt>
   <trkpt lat="49.005427518201635" lon="-118.29010499695853">
    <ele>511.30000000000007</ele>
   </trkpt>
   <trkpt lat="49.00538502426864" lon="-118.28891999593918">
    <ele>511.30000000000007</ele>
   </trkpt>
   <trkpt lat="49.005342518201054" lon="-118.28773499694258">
    <ele>511.32</ele>
   </trkpt>
   <trkpt lat="49.005300000000005" lon="-118.28655">
    <ele>511.28000000000003</ele>
   </trkpt>
   <trkpt lat="49.00520500194532" lon="-118.28587999876227">
    <ele>511.49</ele>
   </trkpt>
   <trkpt lat="49.00511" lon="-118.28521">
    <ele>511.59</ele>
   </trkpt>
   <trkpt lat="49.00495" lon="-118.28462">
    <ele>511.76</ele>
   </trkpt>
   <trkpt lat="49.00463000969677" lon="-118.28355998633442">
    <ele>512.4000000000001</ele>
   </trkpt>
   <trkpt lat="49.0043100096838" lon="-118.28249998629171">
    <ele>512.7900000000001</ele>
   </trkpt>
   <trkpt lat="49.00399" lon="-118.28144">
    <ele>513.09</ele>
   </trkpt>
   <trkpt lat="49.00392" lon="-118.2809">
    <ele>513.3000000000001</ele>
   </trkpt>
   <trkpt lat="49.0038800039823" lon="-118.27993999923572">
    <ele>512.81</ele>
   </trkpt>
   <trkpt lat="49.003840000000004" lon="-118.27898">
    <ele>513.2500000000001</ele>
   </trkpt>
   <trkpt lat="49.00395000190906" lon="-118.27831000166601">
    <ele>513.21</ele>
   </trkpt>
   <trkpt lat="49.00406" lon="-118.27764">
    <ele>513.35</ele>
   </trkpt>
   <trkpt lat="49.00421" lon="-118.2771">
    <ele>513.4300000000001</ele>
   </trkpt>
   <trkpt lat="49.00441002065782" lon="-118.27583751522894">
    <ele>513.24</ele>
   </trkpt>
   <trkpt lat="49.00461002754208" lon="-118.27457502031643">
    <ele>512.94</ele>
   </trkpt>
   <trkpt lat="49.00481002065254" lon="-118.27331251526306">
    <ele>512.2800000000001</ele>
   </trkpt>
   <trkpt lat="49.005010000000006" lon="-118.27205000000001">
    <ele>512.2500000000001</ele>
   </trkpt>
   <trkpt lat="49.005100000000006" lon="-118.27083">
    <ele>511.69000000000005</ele>
   </trkpt>
   <trkpt lat="49.00526000000001" lon="-118.26985">
    <ele>511.61</ele>
   </trkpt>
   <trkpt lat="49.00538" lon="-118.26895">
    <ele>511.87000000000006</ele>
   </trkpt>
   <trkpt lat="49.00549334220022" lon="-118.26793667133795">
    <ele>510.86000000000007</ele>
   </trkpt>
   <trkpt lat="49.00560667552701" lon="-118.26692333806321">
    <ele>510.56</ele>
   </trkpt>
   <trkpt lat="49.005720000000004" lon="-118.26591">
    <ele>510.07</ele>
   </trkpt>
   <trkpt lat="49.005970000000005" lon="-118.26484">
    <ele>509.72</ele>
   </trkpt>
   <trkpt lat="49.006330000000005" lon="-118.26375000000002">
    <ele>510.04</ele>
   </trkpt>
   <trkpt lat="49.00664500182264" lon="-118.26310500402883">
    <ele>509.8</ele>
   </trkpt>
   <trkpt lat="49.00696000000001" lon="-118.26246">
    <ele>510.72</ele>
   </trkpt>
   <trkpt lat="49.007480002596004" lon="-118.26168000819474">
    <ele>511.21999999999997</ele>
   </trkpt>
   <trkpt lat="49.008" lon="-118.2609">
    <ele>510.76</ele>
   </trkpt>
   <trkpt lat="49.008370000000006" lon="-118.26031">
    <ele>510.97999999999996</ele>
   </trkpt>
   <trkpt lat="49.008810000000004" lon="-118.25924">
    <ele>511.58000000000004</ele>
   </trkpt>
   <trkpt lat="49.00912000451524" lon="-118.25821500646167">
    <ele>512.99</ele>
   </trkpt>
   <trkpt lat="49.00943" lon="-118.25719000000001">
    <ele>513.12</ele>
   </trkpt>
   <trkpt lat="49.00971500195578" lon="-118.25651500389415">
    <ele>512.48</ele>
   </trkpt>
   <trkpt lat="49.010000000000005" lon="-118.25584">
    <ele>511.13000000000005</ele>
   </trkpt>
   <trkpt lat="49.01048" lon="-118.25498">
    <ele>510.6400000000001</ele>
   </trkpt>
   <trkpt lat="49.01109501253509" lon="-118.25421838037362">
    <ele>511.75</ele>
   </trkpt>
   <trkpt lat="49.011710020057585" lon="-118.2534567419307">
    <ele>512.2800000000001</ele>
   </trkpt>
   <trkpt lat="49.012325022567225" lon="-118.2526950846705">
    <ele>512.48</ele>
   </trkpt>
   <trkpt lat="49.01294002006379" lon="-118.25193340859236">
    <ele>513.3100000000001</ele>
   </trkpt>
   <trkpt lat="49.01355501254707" lon="-118.25117171369547">
    <ele>514.4000000000001</ele>
   </trkpt>
   <trkpt lat="49.01417000000001" lon="-118.25041000000002">
    <ele>510.34000000000003</ele>
   </trkpt>
   <trkpt lat="49.01456" lon="-118.24983">
    <ele>510.92</ele>
   </trkpt>
   <trkpt lat="49.014950000000006" lon="-118.24898">
    <ele>510.4000000000001</ele>
   </trkpt>
   <trkpt lat="49.01534" lon="-118.24778">
    <ele>511.34000000000003</ele>
   </trkpt>
   <trkpt lat="49.01552500185262" lon="-118.24713000232009">
    <ele>512.0300000000001</ele>
   </trkpt>
   <trkpt lat="49.015710000000006" lon="-118.24648">
    <ele>511.04</ele>
   </trkpt>
   <trkpt lat="49.0160566758381" lon="-118.24545001433387">
    <ele>508.0300000000001</ele>
   </trkpt>
   <trkpt lat="49.016403342509065" lon="-118.24442001432135">
    <ele>508.0</ele>
   </trkpt>
   <trkpt lat="49.01675" lon="-118.24339">
    <ele>508.3500000000001</ele>
   </trkpt>
   <trkpt lat="49.016740000000006" lon="-118.24322000000001">
    <ele>507.6400000000001</ele>
   </trkpt>
   <trkpt lat="49.016780000000004" lon="-118.24303">
    <ele>506.34</ele>
   </trkpt>
   <trkpt lat="49.01711500411718" lon="-118.24206000637753">
    <ele>506.72</ele>
   </trkpt>
   <trkpt lat="49.017450000000004" lon="-118.24109000000001">
    <ele>507.06000000000006</ele>
   </trkpt>
   <trkpt lat="49.01767" lon="-118.24022000000001">
    <ele>506.75</ele>
   </trkpt>
   <trkpt lat="49.01773000000001" lon="-118.23949">
    <ele>506.29</ele>
   </trkpt>
   <trkpt lat="49.01774500345892" lon="-118.23859500038229">
    <ele>506.11000000000007</ele>
   </trkpt>
   <trkpt lat="49.01776" lon="-118.2377">
    <ele>505.95</ele>
   </trkpt>
   <trkpt lat="49.01785" lon="-118.23646000000001">
    <ele>505.12</ele>
   </trkpt>
   <trkpt lat="49.01786000386022" lon="-118.2355150000072">
    <ele>506.07</ele>
   </trkpt>
   <trkpt lat="49.01787" lon="-118.23457">
    <ele>505.36999999999995</ele>
   </trkpt>
   <trkpt lat="49.01784000000001" lon="-118.23418000000001">
    <ele>505.36999999999995</ele>
   </trkpt>
   <trkpt lat="49.01773000000001" lon="-118.23373000000001">
    <ele>504.69000000000005</ele>
   </trkpt>
   <trkpt lat="49.01752000243366" lon="-118.23298499698353">
    <ele>504.55000000000007</ele>
   </trkpt>
   <trkpt lat="49.01731" lon="-118.23224">
    <ele>504.61</ele>
   </trkpt>
   <trkpt lat="49.01719000000001" lon="-118.23175">
    <ele>504.85</ele>
   </trkpt>
   <trkpt lat="49.017120000000006" lon="-118.23108">
    <ele>505.26000000000005</ele>
   </trkpt>
   <trkpt lat="49.017130007990765" lon="-118.22972000032993">
    <ele>504.46000000000004</ele>
   </trkpt>
   <trkpt lat="49.017140000000005" lon="-118.22836000000001">
    <ele>503.9</ele>
   </trkpt>
   <trkpt lat="49.01711500445788" lon="-118.22734499976605">
    <ele>503.69000000000005</ele>
   </trkpt>
   <trkpt lat="49.01709" lon="-118.22633">
    <ele>503.75</ele>
   </trkpt>
   <trkpt lat="49.016980000000004" lon="-118.22518000000001">
    <ele>502.68</ele>
   </trkpt>
   <trkpt lat="49.016896674301044" lon="-118.22423999684341">
    <ele>501.97</ele>
   </trkpt>
   <trkpt lat="49.016813340966884" lon="-118.22329999683404">
    <ele>501.73</ele>
   </trkpt>
   <trkpt lat="49.01673" lon="-118.22236000000001">
    <ele>501.96000000000004</ele>
   </trkpt>
   <trkpt lat="49.016670000000005" lon="-118.22216000000002">
    <ele>501.73</ele>
   </trkpt>
   <trkpt lat="49.01666" lon="-118.22164000000001">
    <ele>501.9800000000001</ele>
   </trkpt>
   <trkpt lat="49.01695" lon="-118.22057000000001">
    <ele>501.78</ele>
   </trkpt>
   <trkpt lat="49.017030000000005" lon="-118.21997">
    <ele>501.02000000000004</ele>
   </trkpt>
   <trkpt lat="49.017030000000005" lon="-118.21998">
    <ele>501.0300000000001</ele>
   </trkpt>
   <trkpt lat="49.017140000000005" lon="-118.21921">
    <ele>500.04</ele>
   </trkpt>
   <trkpt lat="49.01715" lon="-118.21787">
    <ele>497.37</ele>
   </trkpt>
   <trkpt lat="49.017250000000004" lon="-118.21742">
    <ele>496.86</ele>
   </trkpt>
   <trkpt lat="49.017410000000005" lon="-118.21697">
    <ele>496.52</ele>
   </trkpt>
   <trkpt lat="49.01773000111592" lon="-118.21645500335914">
    <ele>495.82000000000005</ele>
   </trkpt>
   <trkpt lat="49.01805" lon="-118.21594">
    <ele>494.44000000000005</ele>
   </trkpt>
   <trkpt lat="49.01820000000001" lon="-118.21555000000001">
    <ele>493.92</ele>
   </trkpt>
   <trkpt lat="49.01838" lon="-118.21478">
    <ele>492.87</ele>
   </trkpt>
   <trkpt lat="49.018440000000005" lon="-118.21439000000001">
    <ele>492.48</ele>
   </trkpt>
   <trkpt lat="49.018390000000004" lon="-118.21383000000002">
    <ele>491.48</ele>
   </trkpt>
   <trkpt lat="49.01829000000001" lon="-118.21317">
    <ele>490.50000000000006</ele>
   </trkpt>
   <trkpt lat="49.018130000000006" lon="-118.21289000000002">
    <ele>488.92</ele>
   </trkpt>
   <trkpt lat="49.017810000000004" lon="-118.21249000000002">
    <ele>488.68000000000006</ele>
   </trkpt>
   <trkpt lat="49.01738500174145" lon="-118.21184499440787">
    <ele>486.54</ele>
   </trkpt>
   <trkpt lat="49.016960000000005" lon="-118.2112">
    <ele>485.32</ele>
   </trkpt>
   <trkpt lat="49.016425002211044" lon="-118.21047999222297">
    <ele>484.61</ele>
   </trkpt>
   <trkpt lat="49.015890000000006" lon="-118.20976">
    <ele>483.23</ele>
   </trkpt>
   <trkpt lat="49.015350002759774" lon="-118.20894499099296">
    <ele>483.18000000000006</ele>
   </trkpt>
   <trkpt lat="49.014810000000004" lon="-118.20813000000001">
    <ele>483.7</ele>
   </trkpt>
   <trkpt lat="49.01435000399347" lon="-118.20745332088227">
    <ele>481.96000000000004</ele>
   </trkpt>
   <trkpt lat="49.013890004030316" lon="-118.20677665426997">
    <ele>479.39000000000004</ele>
   </trkpt>
   <trkpt lat="49.01343000000001" lon="-118.2061">
    <ele>477.61</ele>
   </trkpt>
   <trkpt lat="49.01297" lon="-118.20506">
    <ele>473.59000000000003</ele>
   </trkpt>
   <trkpt lat="49.01279" lon="-118.2043">
    <ele>471.96000000000004</ele>
   </trkpt>
   <trkpt lat="49.012710000000006" lon="-118.20363">
    <ele>470.05</ele>
   </trkpt>
   <trkpt lat="49.01271668210547" lon="-118.20229333373166">
    <ele>465.22</ele>
   </trkpt>
   <trkpt lat="49.01272334877195" lon="-118.20095666710489">
    <ele>460.64000000000004</ele>
   </trkpt>
   <trkpt lat="49.012730000000005" lon="-118.19962000000001">
    <ele>455.91</ele>
   </trkpt>
   <trkpt lat="49.012730000000005" lon="-118.19963000000001">
    <ele>455.91</ele>
   </trkpt>
   <trkpt lat="49.012736679178886" lon="-118.19842666704352">
    <ele>451.90000000000003</ele>
   </trkpt>
   <trkpt lat="49.01274334584525" lon="-118.19722333376441">
    <ele>448.95</ele>
   </trkpt>
   <trkpt lat="49.012750000000004" lon="-118.19602">
    <ele>448.0</ele>
   </trkpt>
   <trkpt lat="49.012800000000006" lon="-118.19503">
    <ele>453.09000000000003</ele>
   </trkpt>
   <trkpt lat="49.012800000000006" lon="-118.19375000000001">
    <ele>457.99000000000007</ele>
   </trkpt>
   <trkpt lat="49.01278000000001" lon="-118.19254000000001">
    <ele>457.98</ele>
   </trkpt>
   <trkpt lat="49.012890000000006" lon="-118.19186">
    <ele>459.24</ele>
   </trkpt>
   <trkpt lat="49.01306" lon="-118.19137">
    <ele>459.89</ele>
   </trkpt>
   <trkpt lat="49.01334000000001" lon="-118.19096">
    <ele>461.69000000000005</ele>
   </trkpt>
   <trkpt lat="49.01409" lon="-118.19051">
    <ele>466.65000000000003</ele>
   </trkpt>
   <trkpt lat="49.014590000000005" lon="-118.19051">
    <ele>468.88</ele>
   </trkpt>
   <trkpt lat="49.015010000000004" lon="-118.19069">
    <ele>471.55</ele>
   </trkpt>
   <trkpt lat="49.0157" lon="-118.19115000000001">
    <ele>474.56</ele>
   </trkpt>
   <trkpt lat="49.01597" lon="-118.19127">
    <ele>476.48</ele>
   </trkpt>
   <trkpt lat="49.016450000000006" lon="-118.19136">
    <ele>477.48</ele>
   </trkpt>
   <trkpt lat="49.01706" lon="-118.19156000000001">
    <ele>478.80000000000007</ele>
   </trkpt>
   <trkpt lat="49.01773500034174" lon="-118.19188999546195">
    <ele>480.2</ele>
   </trkpt>
   <trkpt lat="49.01841" lon="-118.19222">
    <ele>482.37</ele>
   </trkpt>
   <trkpt lat="49.01894" lon="-118.19243000000002">
    <ele>483.03000000000003</ele>
   </trkpt>
   <trkpt lat="49.01966" lon="-118.19249">
    <ele>485.1</ele>
   </trkpt>
   <trkpt lat="49.02026000000001" lon="-118.19244">
    <ele>486.38000000000005</ele>
   </trkpt>
   <trkpt lat="49.02066000000001" lon="-118.19245000000001">
    <ele>486.76</ele>
   </trkpt>
   <trkpt lat="49.02093000000001" lon="-118.19257">
    <ele>487.75</ele>
   </trkpt>
   <trkpt lat="49.021350000000005" lon="-118.19284">
    <ele>488.33000000000004</ele>
   </trkpt>
   <trkpt lat="49.021730000000005" lon="-118.19329">
    <ele>490.22</ele>
   </trkpt>
   <trkpt lat="49.02228" lon="-118.19374">
    <ele>491.31</ele>
   </trkpt>
   <trkpt lat="49.02307500116957" lon="-118.19425499178837">
    <ele>493.58</ele>
   </trkpt>
   <trkpt lat="49.02387" lon="-118.19477">
    <ele>495.1</ele>
   </trkpt>
   <trkpt lat="49.024420000000006" lon="-118.19513">
    <ele>496.56000000000006</ele>
   </trkpt>
   <trkpt lat="49.02497" lon="-118.19553">
    <ele>497.82000000000005</ele>
   </trkpt>
   <trkpt lat="49.02549000012131" lon="-118.1957499976639">
    <ele>499.20000000000005</ele>
   </trkpt>
   <trkpt lat="49.02601000000001" lon="-118.19597">
    <ele>500.9</ele>
   </trkpt>
   <trkpt lat="49.026360000000004" lon="-118.19602">
    <ele>501.5900000000001</ele>
   </trkpt>
   <trkpt lat="49.02647" lon="-118.19615">
    <ele>501.5900000000001</ele>
   </trkpt>
   <trkpt lat="49.02698" lon="-118.19633">
    <ele>503.04</ele>
   </trkpt>
   <trkpt lat="49.02747000022475" lon="-118.19653499799931">
    <ele>504.07</ele>
   </trkpt>
   <trkpt lat="49.02796000000001" lon="-118.19674">
    <ele>505.61</ele>
   </trkpt>
   <trkpt lat="49.02873000086103" lon="-118.19718499311658">
    <ele>507.37</ele>
   </trkpt>
   <trkpt lat="49.029500000000006" lon="-118.19763">
    <ele>509.21999999999997</ele>
   </trkpt>
   <trkpt lat="49.029720000000005" lon="-118.19775000000001">
    <ele>510.0800000000001</ele>
   </trkpt>
   <trkpt lat="49.030100000000004" lon="-118.19794">
    <ele>510.57000000000005</ele>
   </trkpt>
   <trkpt lat="49.030680000091905" lon="-118.19802999895965">
    <ele>512.11</ele>
   </trkpt>
   <trkpt lat="49.03126" lon="-118.19812">
    <ele>514.21</ele>
   </trkpt>
   <trkpt lat="49.03172000021648" lon="-118.19823499897655">
    <ele>514.85</ele>
   </trkpt>
   <trkpt lat="49.032180000000004" lon="-118.19835">
    <ele>516.0600000000001</ele>
   </trkpt>
   <trkpt lat="49.03271" lon="-118.19825000000002">
    <ele>517.21</ele>
   </trkpt>
   <trkpt lat="49.032770000000006" lon="-118.1983">
    <ele>517.5300000000001</ele>
   </trkpt>
   <trkpt lat="49.032920000000004" lon="-118.19867">
    <ele>517.82</ele>
   </trkpt>
   <trkpt lat="49.033" lon="-118.19875">
    <ele>517.7</ele>
   </trkpt>
   <trkpt lat="49.03311" lon="-118.1988">
    <ele>517.7700000000001</ele>
   </trkpt>
   <trkpt lat="49.033280000000005" lon="-118.1988">
    <ele>518.24</ele>
   </trkpt>
   <trkpt lat="49.033390000000004" lon="-118.19875">
    <ele>518.24</ele>
   </trkpt>
   <trkpt lat="49.033500000000004" lon="-118.19862">
    <ele>518.45</ele>
   </trkpt>
   <trkpt lat="49.03381" lon="-118.19835">
    <ele>518.36</ele>
   </trkpt>
   <trkpt lat="49.03380000000001" lon="-118.19826">
    <ele>518.36</ele>
   </trkpt>
   <trkpt lat="49.03407000000001" lon="-118.19812">
    <ele>516.63</ele>
   </trkpt>
   <trkpt lat="49.03455" lon="-118.19799">
    <ele>513.61</ele>
   </trkpt>
   <trkpt lat="49.03504" lon="-118.19795">
    <ele>510.17</ele>
   </trkpt>
   <trkpt lat="49.03589500028767" lon="-118.198194995797">
    <ele>503.48</ele>
   </trkpt>
   <trkpt lat="49.036750000000005" lon="-118.19844">
    <ele>500.50000000000006</ele>
   </trkpt>
   <trkpt lat="49.03735" lon="-118.19853">
    <ele>497.72</ele>
   </trkpt>
   <trkpt lat="49.03790000020429" lon="-118.19870499808785">
    <ele>495.37</ele>
   </trkpt>
   <trkpt lat="49.038450000000005" lon="-118.19888">
    <ele>494.47</ele>
   </trkpt>
   <trkpt lat="49.03869" lon="-118.19900000000001">
    <ele>491.92</ele>
   </trkpt>
   <trkpt lat="49.039435000866426" lon="-118.19945499316765">
    <ele>490.38000000000005</ele>
   </trkpt>
   <trkpt lat="49.04018000000001" lon="-118.19991">
    <ele>486.82</ele>
   </trkpt>
   <trkpt lat="49.040685000821355" lon="-118.2003199959142">
    <ele>484.11</ele>
   </trkpt>
   <trkpt lat="49.04119000000001" lon="-118.20073000000001">
    <ele>478.80000000000007</ele>
   </trkpt>
   <trkpt lat="49.041630000000005" lon="-118.20125000000002">
    <ele>475.58000000000004</ele>
   </trkpt>
   <trkpt lat="49.04213750681687" lon="-118.20197497781189">
    <ele>473.03000000000003</ele>
   </trkpt>
   <trkpt lat="49.04264500909254" lon="-118.20269997042023">
    <ele>468.44</ele>
   </trkpt>
   <trkpt lat="49.04315250682688" lon="-118.20342497782552">
    <ele>464.41</ele>
   </trkpt>
   <trkpt lat="49.04366" lon="-118.20415000000001">
    <ele>461.94</ele>
   </trkpt>
   <trkpt lat="49.043910000000004" lon="-118.20462">
    <ele>460.42</ele>
   </trkpt>
   <trkpt lat="49.04402" lon="-118.20497">
    <ele>458.77</ele>
   </trkpt>
   <trkpt lat="49.04404" lon="-118.20513000000001">
    <ele>458.77</ele>
   </trkpt>
   <trkpt lat="49.044070000000005" lon="-118.20529">
    <ele>458.22</ele>
   </trkpt>
   <trkpt lat="49.04410000000001" lon="-118.20570000000001">
    <ele>456.69000000000005</ele>
   </trkpt>
   <trkpt lat="49.04403000000001" lon="-118.20596">
    <ele>456.40000000000003</ele>
   </trkpt>
   <trkpt lat="49.044180000000004" lon="-118.20623">
    <ele>455.8</ele>
   </trkpt>
   <trkpt lat="49.044290000000004" lon="-118.20633000000001">
    <ele>454.52000000000004</ele>
   </trkpt>
   <trkpt lat="49.04451" lon="-118.20633000000001">
    <ele>453.28000000000003</ele>
   </trkpt>
   <trkpt lat="49.044830000000005" lon="-118.20626000000001">
    <ele>452.12</ele>
   </trkpt>
   <trkpt lat="49.044920000000005" lon="-118.20623">
    <ele>452.12</ele>
   </trkpt>
   <trkpt lat="49.045030000000004" lon="-118.20627">
    <ele>451.65000000000003</ele>
   </trkpt>
   <trkpt lat="49.04507" lon="-118.20632">
    <ele>451.65000000000003</ele>
   </trkpt>
   <trkpt lat="49.045030000000004" lon="-118.20627">
    <ele>451.65000000000003</ele>
   </trkpt>
   <trkpt lat="49.044920000000005" lon="-118.20623">
    <ele>452.12</ele>
   </trkpt>
   <trkpt lat="49.04451" lon="-118.20633000000001">
    <ele>453.28000000000003</ele>
   </trkpt>
   <trkpt lat="49.044290000000004" lon="-118.20633000000001">
    <ele>454.52000000000004</ele>
   </trkpt>
   <trkpt lat="49.044180000000004" lon="-118.20623">
    <ele>455.8</ele>
   </trkpt>
   <trkpt lat="49.04403000000001" lon="-118.20596">
    <ele>456.40000000000003</ele>
   </trkpt>
   <trkpt lat="49.04410000000001" lon="-118.20570000000001">
    <ele>456.69000000000005</ele>
   </trkpt>
   <trkpt lat="49.044070000000005" lon="-118.20529">
    <ele>458.22</ele>
   </trkpt>
   <trkpt lat="49.04490000016804" lon="-118.20528999999999">
    <ele>454.47</ele>
   </trkpt>
   <trkpt lat="49.045730000000006" lon="-118.20529">
    <ele>452.01</ele>
   </trkpt>
   <trkpt lat="49.045840000000005" lon="-118.20529">
    <ele>451.87000000000006</ele>
   </trkpt>
   <trkpt lat="49.04663000000001" lon="-118.20534">
    <ele>450.92</ele>
   </trkpt>
   <trkpt lat="49.04692000000001" lon="-118.20542">
    <ele>450.71000000000004</ele>
   </trkpt>
   <trkpt lat="49.04735" lon="-118.20556">
    <ele>450.17</ele>
   </trkpt>
   <trkpt lat="49.048" lon="-118.20582">
    <ele>450.0</ele>
   </trkpt>
   <trkpt lat="49.04869" lon="-118.20619">
    <ele>449.70000000000005</ele>
   </trkpt>
   <trkpt lat="49.04921" lon="-118.20636">
    <ele>449.6</ele>
   </trkpt>
   <trkpt lat="49.04932" lon="-118.20645">
    <ele>449.6</ele>
   </trkpt>
   <trkpt lat="49.04937" lon="-118.20655000000001">
    <ele>449.74</ele>
   </trkpt>
   <trkpt lat="49.049380000000006" lon="-118.20672">
    <ele>449.74</ele>
   </trkpt>
   <trkpt lat="49.049330000000005" lon="-118.20688000000001">
    <ele>449.83000000000004</ele>
   </trkpt>
   <trkpt lat="49.05006" lon="-118.20754000000001">
    <ele>449.58000000000004</ele>
   </trkpt>
   <trkpt lat="49.05053000139398" lon="-118.20806999519334">
    <ele>449.66</ele>
   </trkpt>
   <trkpt lat="49.051" lon="-118.2086">
    <ele>449.68</ele>
   </trkpt>
   <trkpt lat="49.05127" lon="-118.20891">
    <ele>449.75000000000006</ele>
   </trkpt>
   <trkpt lat="49.051300000000005" lon="-118.20915000000001">
    <ele>449.87000000000006</ele>
   </trkpt>
   <trkpt lat="49.05201333891923" lon="-118.20995331029198">
    <ele>450.62</ele>
   </trkpt>
   <trkpt lat="49.05272667226316" lon="-118.2107566436368">
    <ele>452.65000000000003</ele>
   </trkpt>
   <trkpt lat="49.05344" lon="-118.21156">
    <ele>454.43000000000006</ele>
   </trkpt>
   <trkpt lat="49.053580000000004" lon="-118.21171000000001">
    <ele>454.85</ele>
   </trkpt>
   <trkpt lat="49.05364" lon="-118.21162000000001">
    <ele>454.70000000000005</ele>
   </trkpt>
   <trkpt lat="49.054115001359314" lon="-118.21216999480558">
    <ele>456.15000000000003</ele>
   </trkpt>
   <trkpt lat="49.054590000000005" lon="-118.21272">
    <ele>457.23</ele>
   </trkpt>
   <trkpt lat="49.05483" lon="-118.21299">
    <ele>458.23</ele>
   </trkpt>
   <trkpt lat="49.055110000000006" lon="-118.21322">
    <ele>458.53000000000003</ele>
   </trkpt>
   <trkpt lat="49.05538000000001" lon="-118.21336000000001">
    <ele>459.17</ele>
   </trkpt>
   <trkpt lat="49.055420000000005" lon="-118.21317">
    <ele>459.92</ele>
   </trkpt>
   <trkpt lat="49.0555" lon="-118.21298000000002">
    <ele>459.92</ele>
   </trkpt>
   <trkpt lat="49.05603000000001" lon="-118.21258">
    <ele>462.24</ele>
   </trkpt>
   <trkpt lat="49.056020000000004" lon="-118.21258">
    <ele>462.22</ele>
   </trkpt>
   <trkpt lat="49.05622" lon="-118.21243000000001">
    <ele>463.46000000000004</ele>
   </trkpt>
   <trkpt lat="49.05668000000001" lon="-118.21227">
    <ele>464.99</ele>
   </trkpt>
   <trkpt lat="49.057320000000004" lon="-118.21218">
    <ele>467.35</ele>
   </trkpt>
   <trkpt lat="49.05805333367683" lon="-118.21197000620735">
    <ele>471.40000000000003</ele>
   </trkpt>
   <trkpt lat="49.05878666697267" lon="-118.21176000621823">
    <ele>476.27000000000004</ele>
   </trkpt>
   <trkpt lat="49.059520000000006" lon="-118.21155">
    <ele>481.15000000000003</ele>
   </trkpt>
   <trkpt lat="49.05968000000001" lon="-118.21097">
    <ele>484.54</ele>
   </trkpt>
   <trkpt lat="49.059810000000006" lon="-118.21079">
    <ele>485.93</ele>
   </trkpt>
   <trkpt lat="49.05995" lon="-118.21072000000001">
    <ele>486.31</ele>
   </trkpt>
   <trkpt lat="49.06035000000001" lon="-118.2108">
    <ele>490.24000000000007</ele>
   </trkpt>
   <trkpt lat="49.06038" lon="-118.21078000000001">
    <ele>490.24000000000007</ele>
   </trkpt>
   <trkpt lat="49.060370000000006" lon="-118.21078000000001">
    <ele>490.11</ele>
   </trkpt>
   <trkpt lat="49.06045" lon="-118.21072000000001">
    <ele>491.19</ele>
   </trkpt>
   <trkpt lat="49.060550000000006" lon="-118.21057">
    <ele>491.19</ele>
   </trkpt>
   <trkpt lat="49.06062000000001" lon="-118.21026">
    <ele>492.48</ele>
   </trkpt>
   <trkpt lat="49.060690003302014" lon="-118.20938500129675">
    <ele>496.39000000000004</ele>
   </trkpt>
   <trkpt lat="49.06076" lon="-118.20851">
    <ele>501.9100000000001</ele>
   </trkpt>
   <trkpt lat="49.060810000000004" lon="-118.20838">
    <ele>503.06000000000006</ele>
   </trkpt>
   <trkpt lat="49.060880000000004" lon="-118.20838">
    <ele>504.9</ele>
   </trkpt>
   <trkpt lat="49.06096" lon="-118.20842">
    <ele>504.9</ele>
   </trkpt>
   <trkpt lat="49.06127000000001" lon="-118.20887">
    <ele>509.76</ele>
   </trkpt>
   <trkpt lat="49.061490000000006" lon="-118.20905">
    <ele>514.85</ele>
   </trkpt>
   <trkpt lat="49.06194000000001" lon="-118.20928">
    <ele>518.1999999999999</ele>
   </trkpt>
   <trkpt lat="49.0621" lon="-118.20928">
    <ele>524.11</ele>
   </trkpt>
   <trkpt lat="49.06222" lon="-118.20922000000002">
    <ele>524.11</ele>
   </trkpt>
   <trkpt lat="49.062310000000004" lon="-118.20901">
    <ele>524.11</ele>
   </trkpt>
   <trkpt lat="49.06237" lon="-118.2086">
    <ele>528.6700000000001</ele>
   </trkpt>
   <trkpt lat="49.062470000000005" lon="-118.20846000000002">
    <ele>529.73</ele>
   </trkpt>
   <trkpt lat="49.06257" lon="-118.20842">
    <ele>530.73</ele>
   </trkpt>
   <trkpt lat="49.06266" lon="-118.20846000000002">
    <ele>532.6700000000001</ele>
   </trkpt>
   <trkpt lat="49.06275" lon="-118.20856">
    <ele>533.72</ele>
   </trkpt>
   <trkpt lat="49.062870000000004" lon="-118.2086">
    <ele>534.85</ele>
   </trkpt>
   <trkpt lat="49.063050000000004" lon="-118.20855000000002">
    <ele>537.76</ele>
   </trkpt>
   <trkpt lat="49.063250000000004" lon="-118.20839000000001">
    <ele>538.86</ele>
   </trkpt>
   <trkpt lat="49.06407" lon="-118.20846000000002">
    <ele>547.24</ele>
   </trkpt>
   <trkpt lat="49.064440000000005" lon="-118.20855000000002">
    <ele>550.7200000000001</ele>
   </trkpt>
   <trkpt lat="49.064890000183894" lon="-118.20870999857719">
    <ele>556.5</ele>
   </trkpt>
   <trkpt lat="49.065340000000006" lon="-118.20887">
    <ele>564.4300000000001</ele>
   </trkpt>
   <trkpt lat="49.06548" lon="-118.20887">
    <ele>565.6500000000001</ele>
   </trkpt>
   <trkpt lat="49.065540000000006" lon="-118.20883">
    <ele>566.23</ele>
   </trkpt>
   <trkpt lat="49.065560000000005" lon="-118.20875000000001">
    <ele>567.2700000000001</ele>
   </trkpt>
   <trkpt lat="49.06553" lon="-118.20864">
    <ele>567.7500000000001</ele>
   </trkpt>
   <trkpt lat="49.065200000000004" lon="-118.20831000000001">
    <ele>571.77</ele>
   </trkpt>
   <trkpt lat="49.064715001580325" lon="-118.20770499409436">
    <ele>578.83</ele>
   </trkpt>
   <trkpt lat="49.06423" lon="-118.20710000000001">
    <ele>586.4100000000001</ele>
   </trkpt>
   <trkpt lat="49.06403" lon="-118.20676">
    <ele>588.64</ele>
   </trkpt>
   <trkpt lat="49.063520000000004" lon="-118.20632">
    <ele>591.65</ele>
   </trkpt>
   <trkpt lat="49.063300000000005" lon="-118.206">
    <ele>592.71</ele>
   </trkpt>
   <trkpt lat="49.06324000000001" lon="-118.20582">
    <ele>593.0500000000001</ele>
   </trkpt>
   <trkpt lat="49.06322" lon="-118.20556">
    <ele>593.5600000000001</ele>
   </trkpt>
   <trkpt lat="49.06322000315767" lon="-118.20470500019175">
    <ele>595.9300000000001</ele>
   </trkpt>
   <trkpt lat="49.06322" lon="-118.20385">
    <ele>600.14</ele>
   </trkpt>
   <trkpt lat="49.063340000000004" lon="-118.20393000000001">
    <ele>600.26</ele>
   </trkpt>
   <trkpt lat="49.06396666794532" lon="-118.20430999043496">
    <ele>601.0300000000001</ele>
   </trkpt>
   <trkpt lat="49.06459333464321" lon="-118.20468999045374">
    <ele>603.6400000000001</ele>
   </trkpt>
   <trkpt lat="49.065220000000004" lon="-118.20507">
    <ele>604.5500000000001</ele>
   </trkpt>
   <trkpt lat="49.065760000000004" lon="-118.20529">
    <ele>606.2</ele>
   </trkpt>
   <trkpt lat="49.066500000000005" lon="-118.20543">
    <ele>608.21</ele>
   </trkpt>
   <trkpt lat="49.06689" lon="-118.20551">
    <ele>609.58</ele>
   </trkpt>
   <trkpt lat="49.06729000000001" lon="-118.20565">
    <ele>610.14</ele>
   </trkpt>
   <trkpt lat="49.06754" lon="-118.20578">
    <ele>610.77</ele>
   </trkpt>
   <trkpt lat="49.067730000000005" lon="-118.20596">
    <ele>611.6400000000001</ele>
   </trkpt>
   <trkpt lat="49.06841333852793" lon="-118.20673331209409">
    <ele>613.86</ele>
   </trkpt>
   <trkpt lat="49.069096671889625" lon="-118.20750664545909">
    <ele>615.19</ele>
   </trkpt>
   <trkpt lat="49.06978" lon="-118.20828000000002">
    <ele>618.89</ele>
   </trkpt>
   <trkpt lat="49.07032" lon="-118.20871000000001">
    <ele>619.58</ele>
   </trkpt>
   <trkpt lat="49.07056000000001" lon="-118.20882">
    <ele>620.0600000000001</ele>
   </trkpt>
   <trkpt lat="49.070890000000006" lon="-118.20891">
    <ele>620.99</ele>
   </trkpt>
   <trkpt lat="49.071450000000006" lon="-118.20882">
    <ele>622.09</ele>
   </trkpt>
   <trkpt lat="49.07224" lon="-118.20855000000002">
    <ele>624.08</ele>
   </trkpt>
   <trkpt lat="49.07268000020854" lon="-118.20833000194878">
    <ele>625.7</ele>
   </trkpt>
   <trkpt lat="49.07312" lon="-118.20811">
    <ele>626.5200000000001</ele>
   </trkpt>
   <trkpt lat="49.073625000531536" lon="-118.20775000367976">
    <ele>628.09</ele>
   </trkpt>
   <trkpt lat="49.074130000000004" lon="-118.20739">
    <ele>629.1800000000001</ele>
   </trkpt>
   <trkpt lat="49.07428" lon="-118.20731">
    <ele>629.36</ele>
   </trkpt>
   <trkpt lat="49.07453" lon="-118.2073">
    <ele>630.0400000000001</ele>
   </trkpt>
   <trkpt lat="49.07481000000001" lon="-118.20735">
    <ele>630.5</ele>
   </trkpt>
   <trkpt lat="49.075" lon="-118.20748">
    <ele>631.26</ele>
   </trkpt>
   <trkpt lat="49.07547" lon="-118.20771">
    <ele>632.1800000000001</ele>
   </trkpt>
   <trkpt lat="49.07569" lon="-118.20771">
    <ele>632.7400000000001</ele>
   </trkpt>
   <trkpt lat="49.07573000000001" lon="-118.20771">
    <ele>632.7400000000001</ele>
   </trkpt>
   <trkpt lat="49.07603" lon="-118.20762">
    <ele>633.5400000000001</ele>
   </trkpt>
   <trkpt lat="49.07627" lon="-118.20744">
    <ele>633.9</ele>
   </trkpt>
   <trkpt lat="49.07674" lon="-118.2069">
    <ele>634.8600000000001</ele>
   </trkpt>
   <trkpt lat="49.07743000000001" lon="-118.20627">
    <ele>636.66</ele>
   </trkpt>
   <trkpt lat="49.07802666715042" lon="-118.20603333901941">
    <ele>638.61</ele>
   </trkpt>
   <trkpt lat="49.07862333381701" lon="-118.20579667235288">
    <ele>639.5200000000001</ele>
   </trkpt>
   <trkpt lat="49.07922000000001" lon="-118.20556">
    <ele>641.5900000000001</ele>
   </trkpt>
   <trkpt lat="49.08005499985989" lon="-118.20551500076458">
    <ele>643.72</ele>
   </trkpt>
   <trkpt lat="49.080890000000004" lon="-118.20547">
    <ele>645.22</ele>
   </trkpt>
   <trkpt lat="49.08162" lon="-118.20547">
    <ele>647.0300000000001</ele>
   </trkpt>
   <trkpt lat="49.08216" lon="-118.20556">
    <ele>648.35</ele>
   </trkpt>
   <trkpt lat="49.08268000016094" lon="-118.20569499860778">
    <ele>649.36</ele>
   </trkpt>
   <trkpt lat="49.083200000000005" lon="-118.20583">
    <ele>650.84</ele>
   </trkpt>
   <trkpt lat="49.083830000000006" lon="-118.20596">
    <ele>652.5600000000001</ele>
   </trkpt>
   <trkpt lat="49.084140000000005" lon="-118.20596">
    <ele>653.0100000000001</ele>
   </trkpt>
   <trkpt lat="49.08487" lon="-118.20565">
    <ele>654.75</ele>
   </trkpt>
   <trkpt lat="49.08513000000001" lon="-118.20567000000001">
    <ele>655.2800000000001</ele>
   </trkpt>
   <trkpt lat="49.08527" lon="-118.20569">
    <ele>655.44</ele>
   </trkpt>
   <trkpt lat="49.085640000000005" lon="-118.20587">
    <ele>656.0600000000001</ele>
   </trkpt>
   <trkpt lat="49.085860000000004" lon="-118.20605">
    <ele>656.3000000000001</ele>
   </trkpt>
   <trkpt lat="49.086090000000006" lon="-118.20636">
    <ele>657.33</ele>
   </trkpt>
   <trkpt lat="49.0863" lon="-118.20681">
    <ele>657.93</ele>
   </trkpt>
   <trkpt lat="49.086380000000005" lon="-118.20724000000001">
    <ele>658.6</ele>
   </trkpt>
   <trkpt lat="49.08641" lon="-118.20739">
    <ele>658.6200000000001</ele>
   </trkpt>
   <trkpt lat="49.08643000000001" lon="-118.20785000000001">
    <ele>659.1400000000001</ele>
   </trkpt>
   <trkpt lat="49.08638500341917" lon="-118.20874000084468">
    <ele>660.5000000000001</ele>
   </trkpt>
   <trkpt lat="49.08634000000001" lon="-118.20963">
    <ele>661.83</ele>
   </trkpt>
   <trkpt lat="49.086400000000005" lon="-118.21008">
    <ele>662.71</ele>
   </trkpt>
   <trkpt lat="49.0865" lon="-118.21049000000001">
    <ele>662.71</ele>
   </trkpt>
   <trkpt lat="49.08662" lon="-118.21079">
    <ele>663.36</ele>
   </trkpt>
   <trkpt lat="49.086850000000005" lon="-118.21111">
    <ele>663.95</ele>
   </trkpt>
   <trkpt lat="49.087160000000004" lon="-118.21142">
    <ele>664.58</ele>
   </trkpt>
   <trkpt lat="49.0874" lon="-118.21151">
    <ele>664.58</ele>
   </trkpt>
   <trkpt lat="49.08775000000001" lon="-118.21155">
    <ele>665.6200000000001</ele>
   </trkpt>
   <trkpt lat="49.088300000000004" lon="-118.21147">
    <ele>667.33</ele>
   </trkpt>
   <trkpt lat="49.08891333378666" lon="-118.21123667243789">
    <ele>668.12</ele>
   </trkpt>
   <trkpt lat="49.08952666710305" lon="-118.21100333911109">
    <ele>670.0100000000001</ele>
   </trkpt>
   <trkpt lat="49.090140000000005" lon="-118.21077000000001">
    <ele>672.07</ele>
   </trkpt>
   <trkpt lat="49.090680000000006" lon="-118.21071">
    <ele>673.09</ele>
   </trkpt>
   <trkpt lat="49.09140200023731" lon="-118.2108239933704">
    <ele>675.6800000000001</ele>
   </trkpt>
   <trkpt lat="49.092124000362375" lon="-118.21093799005641">
    <ele>677.07</ele>
   </trkpt>
   <trkpt lat="49.092846000375175" lon="-118.21105199005825">
    <ele>678.58</ele>
   </trkpt>
   <trkpt lat="49.09356800027572" lon="-118.2111659933761">
    <ele>680.79</ele>
   </trkpt>
   <trkpt lat="49.09429" lon="-118.21128000000002">
    <ele>682.15</ele>
   </trkpt>
   <trkpt lat="49.09454" lon="-118.21137000000002">
    <ele>682.74</ele>
   </trkpt>
   <trkpt lat="49.09505" lon="-118.21186000000002">
    <ele>683.5300000000001</ele>
   </trkpt>
   <trkpt lat="49.09534000000001" lon="-118.21254">
    <ele>684.44</ele>
   </trkpt>
   <trkpt lat="49.09573" lon="-118.21375">
    <ele>686.37</ele>
   </trkpt>
   <trkpt lat="49.09575" lon="-118.21379">
    <ele>686.37</ele>
   </trkpt>
   <trkpt lat="49.096090000000004" lon="-118.21424">
    <ele>687.33</ele>
   </trkpt>
   <trkpt lat="49.09652500019175" lon="-118.21444999816028">
    <ele>688.64</ele>
   </trkpt>
   <trkpt lat="49.09696" lon="-118.21466000000001">
    <ele>689.52</ele>
   </trkpt>
   <trkpt lat="49.09732" lon="-118.21492">
    <ele>690.27</ele>
   </trkpt>
   <trkpt lat="49.09772" lon="-118.21531000000002">
    <ele>691.15</ele>
   </trkpt>
   <trkpt lat="49.09823000071512" lon="-118.21566999641067">
    <ele>692.59</ele>
   </trkpt>
   <trkpt lat="49.09874000000001" lon="-118.21603">
    <ele>694.11</ele>
   </trkpt>
   <trkpt lat="49.09892000000001" lon="-118.21608">
    <ele>694.6500000000001</ele>
   </trkpt>
   <trkpt lat="49.099090000000004" lon="-118.21609000000001">
    <ele>695.13</ele>
   </trkpt>
   <trkpt lat="49.09931" lon="-118.21603">
    <ele>695.13</ele>
   </trkpt>
   <trkpt lat="49.099560000000004" lon="-118.21582000000001">
    <ele>695.9399999999999</ele>
   </trkpt>
   <trkpt lat="49.09995000102517" lon="-118.21534500367073">
    <ele>696.89</ele>
   </trkpt>
   <trkpt lat="49.10034" lon="-118.21487">
    <ele>697.4</ele>
   </trkpt>
   <trkpt lat="49.10076" lon="-118.21464">
    <ele>699.28</ele>
   </trkpt>
   <trkpt lat="49.10157" lon="-118.21433">
    <ele>701.1200000000001</ele>
   </trkpt>
   <trkpt lat="49.10229" lon="-118.21403000000001">
    <ele>703.3900000000001</ele>
   </trkpt>
   <trkpt lat="49.10262" lon="-118.21384">
    <ele>704.0200000000001</ele>
   </trkpt>
   <trkpt lat="49.10295000000001" lon="-118.21352">
    <ele>704.84</ele>
   </trkpt>
   <trkpt lat="49.10345" lon="-118.21313">
    <ele>706.62</ele>
   </trkpt>
   <trkpt lat="49.104000000000006" lon="-118.21291000000001">
    <ele>707.83</ele>
   </trkpt>
   <trkpt lat="49.104290000000006" lon="-118.2129">
    <ele>707.83</ele>
   </trkpt>
   <trkpt lat="49.10459" lon="-118.21298000000002">
    <ele>709.64</ele>
   </trkpt>
   <trkpt lat="49.10484" lon="-118.21309000000001">
    <ele>709.64</ele>
   </trkpt>
   <trkpt lat="49.1052" lon="-118.21313">
    <ele>710.96</ele>
   </trkpt>
   <trkpt lat="49.105764999894994" lon="-118.21308000057957">
    <ele>712.21</ele>
   </trkpt>
   <trkpt lat="49.10633000000001" lon="-118.21303">
    <ele>714.0500000000001</ele>
   </trkpt>
   <trkpt lat="49.10709000000001" lon="-118.21299">
    <ele>715.5100000000001</ele>
   </trkpt>
   <trkpt lat="49.10774999984234" lon="-118.21290000122343">
    <ele>717.46</ele>
   </trkpt>
   <trkpt lat="49.108410000000006" lon="-118.21281">
    <ele>718.37</ele>
   </trkpt>
   <trkpt lat="49.108990000000006" lon="-118.21278000000001">
    <ele>720.9000000000001</ele>
   </trkpt>
   <trkpt lat="49.109480000000005" lon="-118.21282000000001">
    <ele>721.45</ele>
   </trkpt>
   <trkpt lat="49.11025" lon="-118.21303">
    <ele>723.6600000000001</ele>
   </trkpt>
   <trkpt lat="49.11052" lon="-118.21321">
    <ele>724.09</ele>
   </trkpt>
   <trkpt lat="49.11094000000001" lon="-118.21372000000001">
    <ele>725.1500000000001</ele>
   </trkpt>
   <trkpt lat="49.11150000000001" lon="-118.21473">
    <ele>727.6100000000001</ele>
   </trkpt>
   <trkpt lat="49.11171" lon="-118.215">
    <ele>728.07</ele>
   </trkpt>
   <trkpt lat="49.112" lon="-118.21522000000002">
    <ele>728.84</ele>
   </trkpt>
   <trkpt lat="49.1122" lon="-118.21528">
    <ele>729.4</ele>
   </trkpt>
   <trkpt lat="49.112550000000006" lon="-118.21531000000002">
    <ele>729.7</ele>
   </trkpt>
   <trkpt lat="49.11292" lon="-118.21523">
    <ele>730.87</ele>
   </trkpt>
   <trkpt lat="49.113420000000005" lon="-118.21496">
    <ele>732.08</ele>
   </trkpt>
   <trkpt lat="49.11401000000001" lon="-118.21456">
    <ele>733.36</ele>
   </trkpt>
   <trkpt lat="49.1148" lon="-118.21392000000002">
    <ele>736.1800000000001</ele>
   </trkpt>
   <trkpt lat="49.115370004345415" lon="-118.21334002000725">
    <ele>737.3700000000001</ele>
   </trkpt>
   <trkpt lat="49.115940005785575" lon="-118.2127600266852">
    <ele>739.16</ele>
   </trkpt>
   <trkpt lat="49.11651000432033" lon="-118.21218002003343">
    <ele>741.11</ele>
   </trkpt>
   <trkpt lat="49.11708" lon="-118.2116">
    <ele>741.69</ele>
   </trkpt>
   <trkpt lat="49.117505001157284" lon="-118.21108500439827">
    <ele>743.6</ele>
   </trkpt>
   <trkpt lat="49.11793" lon="-118.21057">
    <ele>745.3000000000001</ele>
   </trkpt>
   <trkpt lat="49.118520000000004" lon="-118.20967">
    <ele>748.9100000000001</ele>
   </trkpt>
   <trkpt lat="49.11892" lon="-118.20922000000002">
    <ele>749.5500000000001</ele>
   </trkpt>
   <trkpt lat="49.119670000000006" lon="-118.20878">
    <ele>749.97</ele>
   </trkpt>
   <trkpt lat="49.11984" lon="-118.20855000000002">
    <ele>750.2800000000001</ele>
   </trkpt>
   <trkpt lat="49.12058500241773" lon="-118.20780501117015">
    <ele>751.96</ele>
   </trkpt>
   <trkpt lat="49.12133000000001" lon="-118.20706000000001">
    <ele>754.19</ele>
   </trkpt>
   <trkpt lat="49.12185" lon="-118.20672">
    <ele>755.6100000000001</ele>
   </trkpt>
   <trkpt lat="49.12259" lon="-118.20655000000001">
    <ele>757.57</ele>
   </trkpt>
   <trkpt lat="49.12301" lon="-118.20641">
    <ele>758.1800000000001</ele>
   </trkpt>
   <trkpt lat="49.12375000189622" lon="-118.20594334725132">
    <ele>759.65</ele>
   </trkpt>
   <trkpt lat="49.12449000191168" lon="-118.20547668057517">
    <ele>761.9</ele>
   </trkpt>
   <trkpt lat="49.12523" lon="-118.20501000000002">
    <ele>764.1800000000001</ele>
   </trkpt>
   <trkpt lat="49.1253" lon="-118.20493">
    <ele>764.1800000000001</ele>
   </trkpt>
   <trkpt lat="49.1253" lon="-118.20494000000001">
    <ele>764.17</ele>
   </trkpt>
   <trkpt lat="49.12561" lon="-118.20466">
    <ele>765.0100000000001</ele>
   </trkpt>
   <trkpt lat="49.12577" lon="-118.2043">
    <ele>765.6</ele>
   </trkpt>
   <trkpt lat="49.12597000183593" lon="-118.2036500025843">
    <ele>766.12</ele>
   </trkpt>
   <trkpt lat="49.12617" lon="-118.203">
    <ele>767.58</ele>
   </trkpt>
   <trkpt lat="49.12662" lon="-118.20224">
    <ele>769.2500000000001</ele>
   </trkpt>
   <trkpt lat="49.12708000000001" lon="-118.20135">
    <ele>770.8900000000001</ele>
   </trkpt>
   <trkpt lat="49.127490011421486" lon="-118.20020001901833">
    <ele>772.94</ele>
   </trkpt>
   <trkpt lat="49.127900011421744" lon="-118.19905001901797">
    <ele>774.83</ele>
   </trkpt>
   <trkpt lat="49.128310000000006" lon="-118.1979">
    <ele>776.99</ele>
   </trkpt>
   <trkpt lat="49.12868000239553" lon="-118.1971600054604">
    <ele>777.9800000000001</ele>
   </trkpt>
   <trkpt lat="49.12905000000001" lon="-118.19642">
    <ele>779.7700000000001</ele>
   </trkpt>
   <trkpt lat="49.12935" lon="-118.19602">
    <ele>780.3100000000001</ele>
   </trkpt>
   <trkpt lat="49.12994000086209" lon="-118.19557500529031">
    <ele>782.1300000000001</ele>
   </trkpt>
   <trkpt lat="49.13053000000001" lon="-118.19513">
    <ele>783.1800000000001</ele>
   </trkpt>
   <trkpt lat="49.13092" lon="-118.19481">
    <ele>784.5000000000001</ele>
   </trkpt>
   <trkpt lat="49.13111000000001" lon="-118.19454">
    <ele>785.24</ele>
   </trkpt>
   <trkpt lat="49.131280000000004" lon="-118.19418">
    <ele>785.7</ele>
   </trkpt>
   <trkpt lat="49.13136" lon="-118.1937">
    <ele>786.4300000000001</ele>
   </trkpt>
   <trkpt lat="49.131330000000005" lon="-118.1932">
    <ele>787.2600000000001</ele>
   </trkpt>
   <trkpt lat="49.13109000000001" lon="-118.19191000000001">
    <ele>788.39</ele>
   </trkpt>
   <trkpt lat="49.130786677024155" lon="-118.19081331980888">
    <ele>791.0100000000001</ele>
   </trkpt>
   <trkpt lat="49.13048334366173" lon="-118.18971665303731">
    <ele>792.46</ele>
   </trkpt>
   <trkpt lat="49.13018" lon="-118.18862000000001">
    <ele>794.32</ele>
   </trkpt>
   <trkpt lat="49.13018500769525" lon="-118.18728500026543">
    <ele>796.42</ele>
   </trkpt>
   <trkpt lat="49.130190000000006" lon="-118.18595">
    <ele>798.45</ele>
   </trkpt>
   <trkpt lat="49.13026500606257" lon="-118.1847650018074">
    <ele>800.25</ele>
   </trkpt>
   <trkpt lat="49.130340000000004" lon="-118.18358">
    <ele>802.19</ele>
   </trkpt>
   <trkpt lat="49.13047000300111" lon="-118.18274500225078">
    <ele>803.21</ele>
   </trkpt>
   <trkpt lat="49.1306" lon="-118.18191000000002">
    <ele>804.1</ele>
   </trkpt>
   <trkpt lat="49.13074" lon="-118.18121000000001">
    <ele>805.2800000000001</ele>
   </trkpt>
   <trkpt lat="49.130990002341" lon="-118.18048500344912">
    <ele>806.1400000000001</ele>
   </trkpt>
   <trkpt lat="49.131240000000005" lon="-118.17976000000002">
    <ele>807.73</ele>
   </trkpt>
   <trkpt lat="49.13134" lon="-118.17918000000002">
    <ele>808.83</ele>
   </trkpt>
   <trkpt lat="49.13138000000001" lon="-118.17835000000001">
    <ele>810.1100000000001</ele>
   </trkpt>
   <trkpt lat="49.131350000000005" lon="-118.17771">
    <ele>810.9000000000001</ele>
   </trkpt>
   <trkpt lat="49.13145" lon="-118.17723000000001">
    <ele>811.1</ele>
   </trkpt>
   <trkpt lat="49.13171500137192" lon="-118.17664500336065">
    <ele>812.13</ele>
   </trkpt>
   <trkpt lat="49.131980000000006" lon="-118.17606">
    <ele>812.96</ele>
   </trkpt>
   <trkpt lat="49.13244" lon="-118.17489">
    <ele>815.27</ele>
   </trkpt>
   <trkpt lat="49.1325950018413" lon="-118.1742400019613">
    <ele>816.27</ele>
   </trkpt>
   <trkpt lat="49.13275" lon="-118.17359">
    <ele>817.33</ele>
   </trkpt>
   <trkpt lat="49.132830000000006" lon="-118.17287">
    <ele>819.13</ele>
   </trkpt>
   <trkpt lat="49.133030000000005" lon="-118.17184">
    <ele>820.24</ele>
   </trkpt>
   <trkpt lat="49.133340000000004" lon="-118.17086">
    <ele>821.76</ele>
   </trkpt>
   <trkpt lat="49.133660000000006" lon="-118.17023">
    <ele>822.64</ele>
   </trkpt>
   <trkpt lat="49.13385" lon="-118.16974">
    <ele>823.09</ele>
   </trkpt>
   <trkpt lat="49.133900000000004" lon="-118.16933000000002">
    <ele>823.83</ele>
   </trkpt>
   <trkpt lat="49.13382000000001" lon="-118.16848000000002">
    <ele>825.3000000000001</ele>
   </trkpt>
   <trkpt lat="49.13356001186976" lon="-118.1675224849101">
    <ele>826.3900000000001</ele>
   </trkpt>
   <trkpt lat="49.13330001582185" lon="-118.16656497986386">
    <ele>828.69</ele>
   </trkpt>
   <trkpt lat="49.13304001185642" lon="-118.16560748486143">
    <ele>830.6800000000001</ele>
   </trkpt>
   <trkpt lat="49.132780000000004" lon="-118.16465000000001">
    <ele>831.96</ele>
   </trkpt>
   <trkpt lat="49.132670000000005" lon="-118.16397">
    <ele>832.9200000000001</ele>
   </trkpt>
   <trkpt lat="49.132690000000004" lon="-118.16289">
    <ele>834.4100000000001</ele>
   </trkpt>
   <trkpt lat="49.13268000381687" lon="-118.16194999994998">
    <ele>836.33</ele>
   </trkpt>
   <trkpt lat="49.132670000000005" lon="-118.16101">
    <ele>837.9900000000001</ele>
   </trkpt>
   <trkpt lat="49.132525002500074" lon="-118.16025499799325">
    <ele>838.73</ele>
   </trkpt>
   <trkpt lat="49.132380000000005" lon="-118.15950000000001">
    <ele>840.3100000000001</ele>
   </trkpt>
   <trkpt lat="49.132000000000005" lon="-118.15836000000002">
    <ele>841.7800000000001</ele>
   </trkpt>
   <trkpt lat="49.13199" lon="-118.15798000000001">
    <ele>842.38</ele>
   </trkpt>
   <trkpt lat="49.132130000000004" lon="-118.15734">
    <ele>843.3900000000001</ele>
   </trkpt>
   <trkpt lat="49.13249000226926" lon="-118.1566200051669">
    <ele>844.59</ele>
   </trkpt>
   <trkpt lat="49.132850000000005" lon="-118.1559">
    <ele>846.5100000000001</ele>
   </trkpt>
   <trkpt lat="49.13306000000001" lon="-118.15492">
    <ele>847.2400000000001</ele>
   </trkpt>
   <trkpt lat="49.13318500195162" lon="-118.15425000161834">
    <ele>848.7000000000002</ele>
   </trkpt>
   <trkpt lat="49.13331" lon="-118.15358">
    <ele>849.3900000000001</ele>
   </trkpt>
   <trkpt lat="49.13340000522263" lon="-118.15248000202313">
    <ele>851.1700000000001</ele>
   </trkpt>
   <trkpt lat="49.13349" lon="-118.15138">
    <ele>853.19</ele>
   </trkpt>
   <trkpt lat="49.13350500297815" lon="-118.15055000005827">
    <ele>853.9300000000001</ele>
   </trkpt>
   <trkpt lat="49.133520000000004" lon="-118.14972000000002">
    <ele>855.3900000000001</ele>
   </trkpt>
   <trkpt lat="49.133590004635664" lon="-118.14868500131188">
    <ele>857.21</ele>
   </trkpt>
   <trkpt lat="49.133660000000006" lon="-118.14765000000001">
    <ele>858.99</ele>
   </trkpt>
   <trkpt lat="49.133790006902736" lon="-118.1463850033856">
    <ele>860.62</ele>
   </trkpt>
   <trkpt lat="49.13392" lon="-118.14512">
    <ele>862.69</ele>
   </trkpt>
   <trkpt lat="49.134170005365355" lon="-118.14400500563592">
    <ele>864.1700000000001</ele>
   </trkpt>
   <trkpt lat="49.134420000000006" lon="-118.14289000000001">
    <ele>866.84</ele>
   </trkpt>
   <trkpt lat="49.134683346053016" lon="-118.14167667952967">
    <ele>868.9000000000001</ele>
   </trkpt>
   <trkpt lat="49.13494667939259" lon="-118.14046334616793">
    <ele>870.4200000000001</ele>
   </trkpt>
   <trkpt lat="49.13521" lon="-118.13925">
    <ele>871.9100000000001</ele>
   </trkpt>
   <trkpt lat="49.135480005637895" lon="-118.1381100060985">
    <ele>873.1200000000001</ele>
   </trkpt>
   <trkpt lat="49.13575" lon="-118.13697">
    <ele>874.1600000000001</ele>
   </trkpt>
   <trkpt lat="49.13595500252946" lon="-118.13621500287155">
    <ele>875.1000000000001</ele>
   </trkpt>
   <trkpt lat="49.136160000000004" lon="-118.13546000000001">
    <ele>875.6800000000001</ele>
   </trkpt>
   <trkpt lat="49.136160000000004" lon="-118.13547000000001">
    <ele>875.6700000000001</ele>
   </trkpt>
   <trkpt lat="49.13635500216116" lon="-118.134770002591">
    <ele>876.5400000000001</ele>
   </trkpt>
   <trkpt lat="49.13655000000001" lon="-118.13407000000001">
    <ele>877.26</ele>
   </trkpt>
   <trkpt lat="49.13678000746854" lon="-118.13314000863315">
    <ele>878.3400000000001</ele>
   </trkpt>
   <trkpt lat="49.13701000746801" lon="-118.1322100086354">
    <ele>878.97</ele>
   </trkpt>
   <trkpt lat="49.137240000000006" lon="-118.13128">
    <ele>880.5500000000001</ele>
   </trkpt>
   <trkpt lat="49.13740000370232" lon="-118.13036000269577">
    <ele>881.44</ele>
   </trkpt>
   <trkpt lat="49.13756" lon="-118.12944000000002">
    <ele>882.41</ele>
   </trkpt>
   <trkpt lat="49.13767000349712" lon="-118.1285400020004">
    <ele>883.5500000000001</ele>
   </trkpt>
   <trkpt lat="49.13778000000001" lon="-118.12764000000001">
    <ele>884.0000000000001</ele>
   </trkpt>
   <trkpt lat="49.137690000000006" lon="-118.12739">
    <ele>891.6800000000001</ele>
   </trkpt>
   <trkpt lat="49.13752" lon="-118.12714000000001">
    <ele>897.0</ele>
   </trkpt>
   <trkpt lat="49.13752" lon="-118.12703">
    <ele>904.99</ele>
   </trkpt>
   <trkpt lat="49.13765" lon="-118.12698">
    <ele>900.84</ele>
   </trkpt>
   <trkpt lat="49.13785000000001" lon="-118.12698">
    <ele>894.0600000000001</ele>
   </trkpt>
   <trkpt lat="49.137980000000006" lon="-118.12655000000001">
    <ele>895.4000000000001</ele>
   </trkpt>
   <trkpt lat="49.13841000000001" lon="-118.12565000000001">
    <ele>895.63</ele>
   </trkpt>
   <trkpt lat="49.13879000232118" lon="-118.12493000536334">
    <ele>895.7600000000001</ele>
   </trkpt>
   <trkpt lat="49.13917000000001" lon="-118.12421">
    <ele>896.5900000000001</ele>
   </trkpt>
   <trkpt lat="49.13967000705848" lon="-118.12347252230154">
    <ele>898.51</ele>
   </trkpt>
   <trkpt lat="49.14017000942012" lon="-118.12273502972283">
    <ele>900.35</ele>
   </trkpt>
   <trkpt lat="49.1406700070848" lon="-118.12199752226343">
    <ele>901.83</ele>
   </trkpt>
   <trkpt lat="49.14117" lon="-118.12126">
    <ele>903.5000000000001</ele>
   </trkpt>
   <trkpt lat="49.14153" lon="-118.12063">
    <ele>904.2500000000001</ele>
   </trkpt>
   <trkpt lat="49.14194500303857" lon="-118.11978500716661">
    <ele>906.4100000000001</ele>
   </trkpt>
   <trkpt lat="49.142360000000004" lon="-118.11894000000001">
    <ele>908.1600000000001</ele>
   </trkpt>
   <trkpt lat="49.142825004322255" lon="-118.11794500923463">
    <ele>909.2900000000001</ele>
   </trkpt>
   <trkpt lat="49.14329000000001" lon="-118.11695">
    <ele>911.21</ele>
   </trkpt>
   <trkpt lat="49.14367500149339" lon="-118.1163500047566">
    <ele>912.5900000000001</ele>
   </trkpt>
   <trkpt lat="49.14406" lon="-118.11575">
    <ele>914.3000000000001</ele>
   </trkpt>
   <trkpt lat="49.144477509588974" lon="-118.11489002171906">
    <ele>916.0</ele>
   </trkpt>
   <trkpt lat="49.14489501279136" lon="-118.11403002894676">
    <ele>917.4700000000001</ele>
   </trkpt>
   <trkpt lat="49.14531250960693" lon="-118.11317002168273">
    <ele>919.3500000000001</ele>
   </trkpt>
   <trkpt lat="49.14573000000001" lon="-118.11231000000001">
    <ele>920.88</ele>
   </trkpt>
   <trkpt lat="49.14612500129062" lon="-118.1117900039832">
    <ele>922.45</ele>
   </trkpt>
   <trkpt lat="49.14652" lon="-118.11127">
    <ele>923.6400000000001</ele>
   </trkpt>
   <trkpt lat="49.146770000000004" lon="-118.11077000000002">
    <ele>924.46</ele>
   </trkpt>
   <trkpt lat="49.14699" lon="-118.10997">
    <ele>926.0100000000001</ele>
   </trkpt>
   <trkpt lat="49.14734000000001" lon="-118.10918000000001">
    <ele>926.9200000000001</ele>
   </trkpt>
   <trkpt lat="49.14784" lon="-118.10813">
    <ele>929.2</ele>
   </trkpt>
   <trkpt lat="49.14809" lon="-118.10737">
    <ele>930.51</ele>
   </trkpt>
   <trkpt lat="49.148410000000005" lon="-118.10625">
    <ele>932.85</ele>
   </trkpt>
   <trkpt lat="49.14873" lon="-118.10558">
    <ele>933.9300000000001</ele>
   </trkpt>
   <trkpt lat="49.14929" lon="-118.10458000000001">
    <ele>935.7800000000001</ele>
   </trkpt>
   <trkpt lat="49.14965" lon="-118.10388">
    <ele>937.15</ele>
   </trkpt>
   <trkpt lat="49.1499" lon="-118.10317">
    <ele>938.33</ele>
   </trkpt>
   <trkpt lat="49.15040502418322" lon="-118.10211172059871">
    <ele>940.2300000000001</ele>
   </trkpt>
   <trkpt lat="49.15091003869518" lon="-118.10105341962193">
    <ele>942.7200000000001</ele>
   </trkpt>
   <trkpt lat="49.15141504353553" lon="-118.09999509706924">
    <ele>945.1800000000001</ele>
   </trkpt>
   <trkpt lat="49.15192003870384" lon="-118.09893675294028">
    <ele>946.8000000000001</ele>
   </trkpt>
   <trkpt lat="49.152425024199815" lon="-118.09787838723459">
    <ele>949.13</ele>
   </trkpt>
   <trkpt lat="49.152930000000005" lon="-118.09682000000001">
    <ele>950.94</ele>
   </trkpt>
   <trkpt lat="49.153470000000006" lon="-118.09583">
    <ele>953.07</ele>
   </trkpt>
   <trkpt lat="49.15372000000001" lon="-118.0956">
    <ele>953.79</ele>
   </trkpt>
   <trkpt lat="49.15408000000001" lon="-118.09538">
    <ele>954.2100000000002</ele>
   </trkpt>
   <trkpt lat="49.15447" lon="-118.09529">
    <ele>955.2</ele>
   </trkpt>
   <trkpt lat="49.1552" lon="-118.09495000000001">
    <ele>957.19</ele>
   </trkpt>
   <trkpt lat="49.15579000104539" lon="-118.09447500560042">
    <ele>958.69</ele>
   </trkpt>
   <trkpt lat="49.156380000000006" lon="-118.09400000000001">
    <ele>960.4</ele>
   </trkpt>
   <trkpt lat="49.15691" lon="-118.09385">
    <ele>961.64</ele>
   </trkpt>
   <trkpt lat="49.15751" lon="-118.09382000000001">
    <ele>963.2</ele>
   </trkpt>
   <trkpt lat="49.15821500020022" lon="-118.09370500490607">
    <ele>964.8000000000001</ele>
   </trkpt>
   <trkpt lat="49.15892000028622" lon="-118.09359000653839">
    <ele>966.74</ele>
   </trkpt>
   <trkpt lat="49.15962500025805" lon="-118.09347500489682">
    <ele>967.9900000000001</ele>
   </trkpt>
   <trkpt lat="49.16033" lon="-118.09336">
    <ele>970.0900000000001</ele>
   </trkpt>
   <trkpt lat="49.160963333452024" lon="-118.09327000229497">
    <ele>971.73</ele>
   </trkpt>
   <trkpt lat="49.16159666683409" lon="-118.09318000228807">
    <ele>973.25</ele>
   </trkpt>
   <trkpt lat="49.16223" lon="-118.09309">
    <ele>974.6500000000001</ele>
   </trkpt>
   <trkpt lat="49.1625" lon="-118.09315000000001">
    <ele>975.0600000000001</ele>
   </trkpt>
   <trkpt lat="49.1627" lon="-118.09323">
    <ele>975.74</ele>
   </trkpt>
   <trkpt lat="49.16336000095434" lon="-118.09369999373638">
    <ele>977.37</ele>
   </trkpt>
   <trkpt lat="49.16402" lon="-118.09417">
    <ele>979.4</ele>
   </trkpt>
   <trkpt lat="49.16454" lon="-118.09432000000001">
    <ele>980.2600000000001</ele>
   </trkpt>
   <trkpt lat="49.16505" lon="-118.09448">
    <ele>981.57</ele>
   </trkpt>
   <trkpt lat="49.165685000083656" lon="-118.09463499800738">
    <ele>983.1500000000001</ele>
   </trkpt>
   <trkpt lat="49.166320000000006" lon="-118.09479">
    <ele>984.46</ele>
   </trkpt>
   <trkpt lat="49.16716500059017" lon="-118.0951549937774">
    <ele>986.22</ele>
   </trkpt>
   <trkpt lat="49.16801" lon="-118.09552000000001">
    <ele>988.44</ele>
   </trkpt>
   <trkpt lat="49.16884500081445" lon="-118.09598499209146">
    <ele>990.82</ele>
   </trkpt>
   <trkpt lat="49.16968000000001" lon="-118.09645">
    <ele>993.44</ele>
   </trkpt>
   <trkpt lat="49.17047000093227" lon="-118.09692499239529">
    <ele>995.53</ele>
   </trkpt>
   <trkpt lat="49.171260000000004" lon="-118.09740000000001">
    <ele>997.4000000000001</ele>
   </trkpt>
   <trkpt lat="49.17202000184096" lon="-118.09785998588464">
    <ele>998.95</ele>
   </trkpt>
   <trkpt lat="49.17278000185497" lon="-118.09831998589284">
    <ele>1001.6500000000001</ele>
   </trkpt>
   <trkpt lat="49.17354" lon="-118.09878">
    <ele>1003.57</ele>
   </trkpt>
   <trkpt lat="49.17378" lon="-118.09882">
    <ele>1004.0500000000001</ele>
   </trkpt>
   <trkpt lat="49.17399" lon="-118.09878">
    <ele>1004.58</ele>
   </trkpt>
   <trkpt lat="49.174290000000006" lon="-118.09869">
    <ele>1005.23</ele>
   </trkpt>
   <trkpt lat="49.174710000000005" lon="-118.09865">
    <ele>1005.9</ele>
   </trkpt>
   <trkpt lat="49.175160000000005" lon="-118.09873">
    <ele>1006.9200000000001</ele>
   </trkpt>
   <trkpt lat="49.17539000000001" lon="-118.09887">
    <ele>1007.6400000000001</ele>
   </trkpt>
   <trkpt lat="49.17611" lon="-118.09927">
    <ele>1009.1700000000001</ele>
   </trkpt>
   <trkpt lat="49.17669000121555" lon="-118.09978999394994">
    <ele>1010.8600000000001</ele>
   </trkpt>
   <trkpt lat="49.17727000000001" lon="-118.10031000000001">
    <ele>1012.17</ele>
   </trkpt>
   <trkpt lat="49.17787500277758" lon="-118.10110999024067">
    <ele>1014.4900000000001</ele>
   </trkpt>
   <trkpt lat="49.17848000000001" lon="-118.10191">
    <ele>1016.0500000000001</ele>
   </trkpt>
   <trkpt lat="49.17910333810477" lon="-118.10265331461055">
    <ele>1018.54</ele>
   </trkpt>
   <trkpt lat="49.179726671439" lon="-118.10339664794465">
    <ele>1020.6700000000002</ele>
   </trkpt>
   <trkpt lat="49.180350000000004" lon="-118.10414000000002">
    <ele>1021.5100000000001</ele>
   </trkpt>
   <trkpt lat="49.18101333918358" lon="-118.10496331125913">
    <ele>1024.2</ele>
   </trkpt>
   <trkpt lat="49.1816766725146" lon="-118.10578664458916">
    <ele>1026.6000000000001</ele>
   </trkpt>
   <trkpt lat="49.18234" lon="-118.10661">
    <ele>1028.54</ele>
   </trkpt>
   <trkpt lat="49.182770000000005" lon="-118.10697">
    <ele>1029.8100000000002</ele>
   </trkpt>
   <trkpt lat="49.18309000000001" lon="-118.10703000000001">
    <ele>1030.21</ele>
   </trkpt>
   <trkpt lat="49.18383000000001" lon="-118.10706">
    <ele>1032.18</ele>
   </trkpt>
   <trkpt lat="49.18426" lon="-118.1071">
    <ele>1032.95</ele>
   </trkpt>
   <trkpt lat="49.185010000000005" lon="-118.10728">
    <ele>1034.75</ele>
   </trkpt>
   <trkpt lat="49.185550000000006" lon="-118.10751">
    <ele>1036.58</ele>
   </trkpt>
   <trkpt lat="49.185990000000004" lon="-118.10796">
    <ele>1037.18</ele>
   </trkpt>
   <trkpt lat="49.186240000000005" lon="-118.10837000000001">
    <ele>1038.0200000000002</ele>
   </trkpt>
   <trkpt lat="49.18648" lon="-118.10889000000002">
    <ele>1038.96</ele>
   </trkpt>
   <trkpt lat="49.186580000000006" lon="-118.10921">
    <ele>1039.43</ele>
   </trkpt>
   <trkpt lat="49.18667000000001" lon="-118.11001">
    <ele>1040.7</ele>
   </trkpt>
   <trkpt lat="49.186800000000005" lon="-118.11036000000001">
    <ele>1041.0600000000002</ele>
   </trkpt>
   <trkpt lat="49.18704" lon="-118.11065">
    <ele>1046.3</ele>
   </trkpt>
   <trkpt lat="49.187540000000006" lon="-118.11101000000001">
    <ele>1051.7</ele>
   </trkpt>
   <trkpt lat="49.18782" lon="-118.11111000000001">
    <ele>1043.59</ele>
   </trkpt>
   <trkpt lat="49.188010000000006" lon="-118.11104">
    <ele>1045.16</ele>
   </trkpt>
   <trkpt lat="49.18849" lon="-118.11070000000001">
    <ele>1046.01</ele>
   </trkpt>
   <trkpt lat="49.18877500125892" lon="-118.11015500318389">
    <ele>1047.29</ele>
   </trkpt>
   <trkpt lat="49.189060000000005" lon="-118.10961">
    <ele>1047.92</ele>
   </trkpt>
   <trkpt lat="49.18939" lon="-118.1093">
    <ele>1048.42</ele>
   </trkpt>
   <trkpt lat="49.18976000000001" lon="-118.10921">
    <ele>1049.13</ele>
   </trkpt>
   <trkpt lat="49.19005000000001" lon="-118.1093">
    <ele>1049.71</ele>
   </trkpt>
   <trkpt lat="49.190670000000004" lon="-118.10966">
    <ele>1050.9</ele>
   </trkpt>
   <trkpt lat="49.191250000000004" lon="-118.11014000000002">
    <ele>1052.72</ele>
   </trkpt>
   <trkpt lat="49.191610000000004" lon="-118.11038">
    <ele>1053.0000000000002</ele>
   </trkpt>
   <trkpt lat="49.19218500005079" lon="-118.11053499818415">
    <ele>1054.0</ele>
   </trkpt>
   <trkpt lat="49.19276000000001" lon="-118.11069">
    <ele>1054.91</ele>
   </trkpt>
   <trkpt lat="49.19350000361161" lon="-118.11114797258799">
    <ele>1057.22</ele>
   </trkpt>
   <trkpt lat="49.19424000541241" lon="-118.11160595887813">
    <ele>1059.19</ele>
   </trkpt>
   <trkpt lat="49.19498000540231" lon="-118.11206395887106">
    <ele>1061.32</ele>
   </trkpt>
   <trkpt lat="49.1957200035812" lon="-118.11252197256759">
    <ele>1062.8300000000002</ele>
   </trkpt>
   <trkpt lat="49.19646" lon="-118.11298000000001">
    <ele>1064.96</ele>
   </trkpt>
   <trkpt lat="49.19696000123837" lon="-118.11348999496242">
    <ele>1065.72</ele>
   </trkpt>
   <trkpt lat="49.19746000000001" lon="-118.114">
    <ele>1067.3300000000002</ele>
   </trkpt>
   <trkpt lat="49.19814000088371" lon="-118.11431665796758">
    <ele>1068.8200000000002</ele>
   </trkpt>
   <trkpt lat="49.19882000090173" lon="-118.1146333246425">
    <ele>1070.6100000000001</ele>
   </trkpt>
   <trkpt lat="49.19950000000001" lon="-118.11495000000001">
    <ele>1072.5500000000002</ele>
   </trkpt>
   <trkpt lat="49.200190000000006" lon="-118.11529000000002">
    <ele>1074.13</ele>
   </trkpt>
   <trkpt lat="49.200790000000005" lon="-118.11576000000001">
    <ele>1075.77</ele>
   </trkpt>
   <trkpt lat="49.201480000000004" lon="-118.11624">
    <ele>1077.52</ele>
   </trkpt>
   <trkpt lat="49.202040000000004" lon="-118.11646">
    <ele>1079.35</ele>
   </trkpt>
   <trkpt lat="49.202716666791886" lon="-118.11653666457698">
    <ele>1080.27</ele>
   </trkpt>
   <trkpt lat="49.203393333533064" lon="-118.11661333125205">
    <ele>1081.63</ele>
   </trkpt>
   <trkpt lat="49.20407" lon="-118.11669">
    <ele>1083.29</ele>
   </trkpt>
   <trkpt lat="49.204715000064105" lon="-118.11684499796867">
    <ele>1084.41</ele>
   </trkpt>
   <trkpt lat="49.205360000000006" lon="-118.117">
    <ele>1085.76</ele>
   </trkpt>
   <trkpt lat="49.20557" lon="-118.11709">
    <ele>1086.17</ele>
   </trkpt>
   <trkpt lat="49.206030000000005" lon="-118.11727">
    <ele>1087.7700000000002</ele>
   </trkpt>
   <trkpt lat="49.206615000508684" lon="-118.11757999638203">
    <ele>1089.22</ele>
   </trkpt>
   <trkpt lat="49.20720000000001" lon="-118.11789">
    <ele>1090.5500000000002</ele>
   </trkpt>
   <trkpt lat="49.207950000000004" lon="-118.11841000000001">
    <ele>1092.3400000000001</ele>
   </trkpt>
   <trkpt lat="49.208676668972586" lon="-118.11892331826577">
    <ele>1094.3200000000002</ele>
   </trkpt>
   <trkpt lat="49.20940333567045" lon="-118.11943665162083">
    <ele>1095.68</ele>
   </trkpt>
   <trkpt lat="49.21013000000001" lon="-118.11995">
    <ele>1097.45</ele>
   </trkpt>
   <trkpt lat="49.21068666883843" lon="-118.12045665521624">
    <ele>1099.5700000000002</ele>
   </trkpt>
   <trkpt lat="49.21124333546084" lon="-118.12096332184244">
    <ele>1100.71</ele>
   </trkpt>
   <trkpt lat="49.211800000000004" lon="-118.12147000000002">
    <ele>1101.8100000000002</ele>
   </trkpt>
   <trkpt lat="49.212410000000006" lon="-118.12197">
    <ele>1103.65</ele>
   </trkpt>
   <trkpt lat="49.213000000938074" lon="-118.1224249946038">
    <ele>1104.7</ele>
   </trkpt>
   <trkpt lat="49.21359" lon="-118.12288000000001">
    <ele>1106.64</ele>
   </trkpt>
   <trkpt lat="49.21427666997183" lon="-118.12349664955424">
    <ele>1108.19</ele>
   </trkpt>
   <trkpt lat="49.21496333666105" lon="-118.12411331624084">
    <ele>1109.7700000000002</ele>
   </trkpt>
   <trkpt lat="49.215650000000004" lon="-118.12473000000001">
    <ele>1111.75</ele>
   </trkpt>
   <trkpt lat="49.21578" lon="-118.12489000000001">
    <ele>1111.95</ele>
   </trkpt>
   <trkpt lat="49.21645000184322" lon="-118.12553499130274">
    <ele>1114.0400000000002</ele>
   </trkpt>
   <trkpt lat="49.21712" lon="-118.12618">
    <ele>1115.0200000000002</ele>
   </trkpt>
   <trkpt lat="49.21775" lon="-118.12681">
    <ele>1117.38</ele>
   </trkpt>
   <trkpt lat="49.21831" lon="-118.12756">
    <ele>1119.17</ele>
   </trkpt>
   <trkpt lat="49.21882" lon="-118.12801">
    <ele>1120.49</ele>
   </trkpt>
   <trkpt lat="49.219300000000004" lon="-118.12828">
    <ele>1121.5300000000002</ele>
   </trkpt>
   <trkpt lat="49.21977499990468" lon="-118.12836999911032">
    <ele>1122.5900000000001</ele>
   </trkpt>
   <trkpt lat="49.22025000000001" lon="-118.12846">
    <ele>1123.75</ele>
   </trkpt>
   <trkpt lat="49.220710000000004" lon="-118.1286">
    <ele>1124.8400000000001</ele>
   </trkpt>
   <trkpt lat="49.221270000000004" lon="-118.12895">
    <ele>1126.56</ele>
   </trkpt>
   <trkpt lat="49.22164" lon="-118.12927">
    <ele>1127.45</ele>
   </trkpt>
   <trkpt lat="49.221940000000004" lon="-118.12964000000001">
    <ele>1127.99</ele>
   </trkpt>
   <trkpt lat="49.22241" lon="-118.1303">
    <ele>1129.44</ele>
   </trkpt>
   <trkpt lat="49.222970000000004" lon="-118.13102">
    <ele>1131.3300000000002</ele>
   </trkpt>
   <trkpt lat="49.223510000000005" lon="-118.13155">
    <ele>1132.77</ele>
   </trkpt>
   <trkpt lat="49.22379" lon="-118.13173">
    <ele>1133.3300000000002</ele>
   </trkpt>
   <trkpt lat="49.22417" lon="-118.13191">
    <ele>1134.32</ele>
   </trkpt>
   <trkpt lat="49.22479500008426" lon="-118.13204999822914">
    <ele>1136.03</ele>
   </trkpt>
   <trkpt lat="49.22542000000001" lon="-118.13219000000001">
    <ele>1136.88</ele>
   </trkpt>
   <trkpt lat="49.226266000641345" lon="-118.13238398671136">
    <ele>1138.93</ele>
   </trkpt>
   <trkpt lat="49.227112000957845" lon="-118.13257798006563">
    <ele>1140.8700000000001</ele>
   </trkpt>
   <trkpt lat="49.22795800094949" lon="-118.1327719800633">
    <ele>1142.9</ele>
   </trkpt>
   <trkpt lat="49.22880400061625" lon="-118.13296598670473">
    <ele>1144.8700000000001</ele>
   </trkpt>
   <trkpt lat="49.22965000000001" lon="-118.13316">
    <ele>1147.39</ele>
   </trkpt>
   <trkpt lat="49.23008" lon="-118.13316">
    <ele>1148.0400000000002</ele>
   </trkpt>
   <trkpt lat="49.23064500012581" lon="-118.13296000230389">
    <ele>1148.88</ele>
   </trkpt>
   <trkpt lat="49.231210000000004" lon="-118.13276">
    <ele>1150.3700000000001</ele>
   </trkpt>
   <trkpt lat="49.23180000000001" lon="-118.1328">
    <ele>1152.25</ele>
   </trkpt>
   <trkpt lat="49.23227000000001" lon="-118.13303">
    <ele>1153.63</ele>
   </trkpt>
   <trkpt lat="49.2329733347942" lon="-118.13344665477943">
    <ele>1154.7800000000002</ele>
   </trkpt>
   <trkpt lat="49.233676668089906" lon="-118.13386332142362">
    <ele>1155.68</ele>
   </trkpt>
   <trkpt lat="49.23438" lon="-118.13428">
    <ele>1158.92</ele>
   </trkpt>
   <trkpt lat="49.23481" lon="-118.13437">
    <ele>1159.5600000000002</ele>
   </trkpt>
   <trkpt lat="49.23565000001497" lon="-118.13441999829902">
    <ele>1161.6000000000001</ele>
   </trkpt>
   <trkpt lat="49.236490000008374" lon="-118.13446999829857">
    <ele>1162.91</ele>
   </trkpt>
   <trkpt lat="49.23733000000001" lon="-118.13452000000001">
    <ele>1164.43</ele>
   </trkpt>
   <trkpt lat="49.23787" lon="-118.13441">
    <ele>1165.6200000000001</ele>
   </trkpt>
   <trkpt lat="49.23842000011584" lon="-118.13421500218867">
    <ele>1166.88</ele>
   </trkpt>
   <trkpt lat="49.23897" lon="-118.13402">
    <ele>1167.57</ele>
   </trkpt>
   <trkpt lat="49.23950999994321" lon="-118.13390500128168">
    <ele>1168.59</ele>
   </trkpt>
   <trkpt lat="49.240050000000004" lon="-118.13379">
    <ele>1169.69</ele>
   </trkpt>
   <trkpt lat="49.240745000134915" lon="-118.13368500443421">
    <ele>1170.7200000000003</ele>
   </trkpt>
   <trkpt lat="49.24144000017469" lon="-118.13358000591317">
    <ele>1172.42</ele>
   </trkpt>
   <trkpt lat="49.24213500011929" lon="-118.13347500443673">
    <ele>1174.02</ele>
   </trkpt>
   <trkpt lat="49.242830000000005" lon="-118.13337000000001">
    <ele>1175.27</ele>
   </trkpt>
   <trkpt lat="49.24329" lon="-118.13334">
    <ele>1175.94</ele>
   </trkpt>
   <trkpt lat="49.243590000000005" lon="-118.13338000000002">
    <ele>1176.38</ele>
   </trkpt>
   <trkpt lat="49.2442850002923" lon="-118.1335799972195">
    <ele>1177.66</ele>
   </trkpt>
   <trkpt lat="49.244980000000005" lon="-118.13378000000002">
    <ele>1179.04</ele>
   </trkpt>
   <trkpt lat="49.245600000079435" lon="-118.13380499968919">
    <ele>1180.2400000000002</ele>
   </trkpt>
   <trkpt lat="49.24622" lon="-118.13383">
    <ele>1181.68</ele>
   </trkpt>
   <trkpt lat="49.24665" lon="-118.13397">
    <ele>1182.6000000000001</ele>
   </trkpt>
   <trkpt lat="49.24729666710488" lon="-118.13419666072737">
    <ele>1183.66</ele>
   </trkpt>
   <trkpt lat="49.247943333766315" lon="-118.1344233273921">
    <ele>1185.0500000000002</ele>
   </trkpt>
   <trkpt lat="49.24859000000001" lon="-118.13465000000001">
    <ele>1186.0400000000002</ele>
   </trkpt>
   <trkpt lat="49.24911" lon="-118.13481000000002">
    <ele>1187.5300000000002</ele>
   </trkpt>
   <trkpt lat="49.24964000000001" lon="-118.13486">
    <ele>1188.22</ele>
   </trkpt>
   <trkpt lat="49.25043" lon="-118.13499000000002">
    <ele>1189.91</ele>
   </trkpt>
   <trkpt lat="49.25117" lon="-118.13517000000002">
    <ele>1191.47</ele>
   </trkpt>
   <trkpt lat="49.25195000036934" lon="-118.13539499648843">
    <ele>1193.0800000000002</ele>
   </trkpt>
   <trkpt lat="49.25273000000001" lon="-118.13562">
    <ele>1194.5100000000002</ele>
   </trkpt>
   <trkpt lat="49.25343" lon="-118.13571">
    <ele>1195.87</ele>
   </trkpt>
   <trkpt lat="49.254283333348674" lon="-118.13573333131653">
    <ele>1197.3600000000001</ele>
   </trkpt>
   <trkpt lat="49.255136666692636" lon="-118.13575666343976">
    <ele>1199.3500000000001</ele>
   </trkpt>
   <trkpt lat="49.25599000003192" lon="-118.13577999636972">
    <ele>1201.0700000000002</ele>
   </trkpt>
   <trkpt lat="49.2568433333665" lon="-118.1358033301065">
    <ele>1202.29</ele>
   </trkpt>
   <trkpt lat="49.257696666696376" lon="-118.1358266646501">
    <ele>1203.65</ele>
   </trkpt>
   <trkpt lat="49.25855000000001" lon="-118.13585">
    <ele>1205.23</ele>
   </trkpt>
   <trkpt lat="49.25939" lon="-118.13604000000001">
    <ele>1206.96</ele>
   </trkpt>
   <trkpt lat="49.26023000000001" lon="-118.13625">
    <ele>1208.5700000000002</ele>
   </trkpt>
   <trkpt lat="49.26102" lon="-118.13616">
    <ele>1210.08</ele>
   </trkpt>
   <trkpt lat="49.26145" lon="-118.13607">
    <ele>1210.93</ele>
   </trkpt>
   <trkpt lat="49.26213000038988" lon="-118.13576000428301">
    <ele>1212.16</ele>
   </trkpt>
   <trkpt lat="49.26281" lon="-118.13545">
    <ele>1213.5600000000002</ele>
   </trkpt>
   <trkpt lat="49.262800000000006" lon="-118.13545">
    <ele>1213.5600000000002</ele>
   </trkpt>
   <trkpt lat="49.26352000000001" lon="-118.13513">
    <ele>1215.0700000000002</ele>
   </trkpt>
   <trkpt lat="49.26410000048078" lon="-118.13489333889802">
    <ele>1216.01</ele>
   </trkpt>
   <trkpt lat="49.26468000047819" lon="-118.13465667223248">
    <ele>1217.18</ele>
   </trkpt>
   <trkpt lat="49.265260000000005" lon="-118.13442">
    <ele>1217.39</ele>
   </trkpt>
   <trkpt lat="49.26581" lon="-118.13407000000001">
    <ele>1217.3500000000001</ele>
   </trkpt>
   <trkpt lat="49.26629000042222" lon="-118.13379500262035">
    <ele>1217.33</ele>
   </trkpt>
   <trkpt lat="49.26677" lon="-118.13352">
    <ele>1217.27</ele>
   </trkpt>
   <trkpt lat="49.26747" lon="-118.13320000000002">
    <ele>1217.15</ele>
   </trkpt>
   <trkpt lat="49.26787" lon="-118.13295000000001">
    <ele>1217.17</ele>
   </trkpt>
   <trkpt lat="49.2683050001579" lon="-118.13274000186719">
    <ele>1216.82</ele>
   </trkpt>
   <trkpt lat="49.26874" lon="-118.13253">
    <ele>1216.39</ele>
   </trkpt>
   <trkpt lat="49.269220000000004" lon="-118.13241000000001">
    <ele>1215.91</ele>
   </trkpt>
   <trkpt lat="49.27006" lon="-118.13237000000001">
    <ele>1214.08</ele>
   </trkpt>
   <trkpt lat="49.27046000000001" lon="-118.13231">
    <ele>1213.3400000000001</ele>
   </trkpt>
   <trkpt lat="49.27094" lon="-118.13217000000002">
    <ele>1212.08</ele>
   </trkpt>
   <trkpt lat="49.27163000022592" lon="-118.13190500373616">
    <ele>1210.32</ele>
   </trkpt>
   <trkpt lat="49.27232" lon="-118.13164">
    <ele>1208.97</ele>
   </trkpt>
   <trkpt lat="49.272830000000006" lon="-118.13137">
    <ele>1207.95</ele>
   </trkpt>
   <trkpt lat="49.273430000000005" lon="-118.1312">
    <ele>1206.19</ele>
   </trkpt>
   <trkpt lat="49.27391" lon="-118.13111">
    <ele>1205.4600000000003</ele>
   </trkpt>
   <trkpt lat="49.274570000000004" lon="-118.13107000000001">
    <ele>1203.9700000000003</ele>
   </trkpt>
   <trkpt lat="49.27507000031302" lon="-118.13081500256833">
    <ele>1202.76</ele>
   </trkpt>
   <trkpt lat="49.27557" lon="-118.13056">
    <ele>1202.02</ele>
   </trkpt>
   <trkpt lat="49.27604" lon="-118.13039">
    <ele>1200.48</ele>
   </trkpt>
   <trkpt lat="49.276700000000005" lon="-118.13004000000001">
    <ele>1198.8500000000001</ele>
   </trkpt>
   <trkpt lat="49.277060000000006" lon="-118.12976">
    <ele>1198.16</ele>
   </trkpt>
   <trkpt lat="49.277440000000006" lon="-118.12927">
    <ele>1197.06</ele>
   </trkpt>
   <trkpt lat="49.27779" lon="-118.12890000000002">
    <ele>1196.0300000000002</ele>
   </trkpt>
   <trkpt lat="49.278330000000004" lon="-118.12842">
    <ele>1194.8700000000001</ele>
   </trkpt>
   <trkpt lat="49.278870000000005" lon="-118.12803000000001">
    <ele>1193.3600000000001</ele>
   </trkpt>
   <trkpt lat="49.278870000000005" lon="-118.12804000000001">
    <ele>1193.38</ele>
   </trkpt>
   <trkpt lat="49.27937500083247" lon="-118.12760000450794">
    <ele>1191.95</ele>
   </trkpt>
   <trkpt lat="49.279880000000006" lon="-118.12716">
    <ele>1191.0200000000002</ele>
   </trkpt>
   <trkpt lat="49.280496671376376" lon="-118.12642001852544">
    <ele>1189.06</ele>
   </trkpt>
   <trkpt lat="49.28111333802738" lon="-118.12568001854454">
    <ele>1187.2600000000002</ele>
   </trkpt>
   <trkpt lat="49.28173" lon="-118.12494000000001">
    <ele>1185.3200000000002</ele>
   </trkpt>
   <trkpt lat="49.28249" lon="-118.12435">
    <ele>1183.3100000000002</ele>
   </trkpt>
   <trkpt lat="49.28314" lon="-118.12403">
    <ele>1181.88</ele>
   </trkpt>
   <trkpt lat="49.283440000000006" lon="-118.1238">
    <ele>1179.89</ele>
   </trkpt>
   <trkpt lat="49.283970000000004" lon="-118.12349">
    <ele>1179.5500000000002</ele>
   </trkpt>
   <trkpt lat="49.28455" lon="-118.12318">
    <ele>1178.15</ele>
   </trkpt>
   <trkpt lat="49.284940000000006" lon="-118.12305">
    <ele>1176.5400000000002</ele>
   </trkpt>
   <trkpt lat="49.28535" lon="-118.123">
    <ele>1175.39</ele>
   </trkpt>
   <trkpt lat="49.286070000008" lon="-118.12296500153366">
    <ele>1173.8600000000001</ele>
   </trkpt>
   <trkpt lat="49.28679000000544" lon="-118.1229300020452">
    <ele>1172.43</ele>
   </trkpt>
   <trkpt lat="49.28750999999232" lon="-118.12289500153449">
    <ele>1171.17</ele>
   </trkpt>
   <trkpt lat="49.288230000000006" lon="-118.12286">
    <ele>1169.6100000000001</ele>
   </trkpt>
   <trkpt lat="49.28894750012991" lon="-118.12276000436597">
    <ele>1167.81</ele>
   </trkpt>
   <trkpt lat="49.289665000173514" lon="-118.12266000582134">
    <ele>1166.0400000000002</ele>
   </trkpt>
   <trkpt lat="49.290382500130846" lon="-118.12256000436598">
    <ele>1164.2</ele>
   </trkpt>
   <trkpt lat="49.29110000000001" lon="-118.12246">
    <ele>1162.41</ele>
   </trkpt>
   <trkpt lat="49.291380000000004" lon="-118.12237">
    <ele>1162.0700000000002</ele>
   </trkpt>
   <trkpt lat="49.291760000000004" lon="-118.1221">
    <ele>1160.8200000000002</ele>
   </trkpt>
   <trkpt lat="49.29222000089757" lon="-118.12161500464941">
    <ele>1159.8700000000001</ele>
   </trkpt>
   <trkpt lat="49.292680000000004" lon="-118.12113000000001">
    <ele>1158.3000000000002</ele>
   </trkpt>
   <trkpt lat="49.29296" lon="-118.12094">
    <ele>1157.31</ele>
   </trkpt>
   <trkpt lat="49.29364" lon="-118.12067">
    <ele>1155.8400000000001</ele>
   </trkpt>
   <trkpt lat="49.294290000000004" lon="-118.12037000000001">
    <ele>1154.05</ele>
   </trkpt>
   <trkpt lat="49.29495000000001" lon="-118.11997000000001">
    <ele>1152.1200000000001</ele>
   </trkpt>
   <trkpt lat="49.29556" lon="-118.11937">
    <ele>1150.4500000000003</ele>
   </trkpt>
   <trkpt lat="49.29608" lon="-118.11876000000001">
    <ele>1148.8200000000002</ele>
   </trkpt>
   <trkpt lat="49.296220000000005" lon="-118.11867000000001">
    <ele>1148.4800000000002</ele>
   </trkpt>
   <trkpt lat="49.2965" lon="-118.11861">
    <ele>1148.17</ele>
   </trkpt>
   <trkpt lat="49.296870000000006" lon="-118.11856000000002">
    <ele>1147.2300000000002</ele>
   </trkpt>
   <trkpt lat="49.297160000000005" lon="-118.11843">
    <ele>1146.77</ele>
   </trkpt>
   <trkpt lat="49.29728" lon="-118.11835">
    <ele>1146.5400000000002</ele>
   </trkpt>
   <trkpt lat="49.297270000000005" lon="-118.11835">
    <ele>1146.56</ele>
   </trkpt>
   <trkpt lat="49.29737" lon="-118.11829000000002">
    <ele>1146.56</ele>
   </trkpt>
   <trkpt lat="49.297850000000004" lon="-118.11759">
    <ele>1145.0</ele>
   </trkpt>
   <trkpt lat="49.29824000000001" lon="-118.11735000000002">
    <ele>1143.97</ele>
   </trkpt>
   <trkpt lat="49.29905" lon="-118.11727">
    <ele>1141.82</ele>
   </trkpt>
   <trkpt lat="49.29945000000001" lon="-118.11718">
    <ele>1140.95</ele>
   </trkpt>
   <trkpt lat="49.29989000014615" lon="-118.11693500225023">
    <ele>1139.91</ele>
   </trkpt>
   <trkpt lat="49.30033" lon="-118.11669">
    <ele>1139.15</ele>
   </trkpt>
   <trkpt lat="49.30095000000001" lon="-118.11611">
    <ele>1137.37</ele>
   </trkpt>
   <trkpt lat="49.301230000000004" lon="-118.11592">
    <ele>1136.32</ele>
   </trkpt>
   <trkpt lat="49.301460000000006" lon="-118.11585000000001">
    <ele>1135.81</ele>
   </trkpt>
   <trkpt lat="49.301700000000004" lon="-118.11584">
    <ele>1135.13</ele>
   </trkpt>
   <trkpt lat="49.30248" lon="-118.11601">
    <ele>1133.63</ele>
   </trkpt>
   <trkpt lat="49.30285000000001" lon="-118.11601">
    <ele>1132.66</ele>
   </trkpt>
   <trkpt lat="49.30313" lon="-118.11589000000001">
    <ele>1132.06</ele>
   </trkpt>
   <trkpt lat="49.30356500064771" lon="-118.11555500283139">
    <ele>1130.92</ele>
   </trkpt>
   <trkpt lat="49.304" lon="-118.11522000000001">
    <ele>1129.95</ele>
   </trkpt>
   <trkpt lat="49.30431" lon="-118.11516">
    <ele>1129.1100000000001</ele>
   </trkpt>
   <trkpt lat="49.3046" lon="-118.11512">
    <ele>1128.26</ele>
   </trkpt>
   <trkpt lat="49.30537400021178" lon="-118.11522799321536">
    <ele>1126.23</ele>
   </trkpt>
   <trkpt lat="49.30614800032291" lon="-118.11533598982356">
    <ele>1124.36</ele>
   </trkpt>
   <trkpt lat="49.30692200033342" lon="-118.11544398982483">
    <ele>1122.36</ele>
   </trkpt>
   <trkpt lat="49.30769600024327" lon="-118.11555199321934">
    <ele>1120.2500000000002</ele>
   </trkpt>
   <trkpt lat="49.30847000000001" lon="-118.11566">
    <ele>1118.9</ele>
   </trkpt>
   <trkpt lat="49.30895" lon="-118.11558000000001">
    <ele>1117.48</ele>
   </trkpt>
   <trkpt lat="49.309380000000004" lon="-118.11544">
    <ele>1116.7600000000002</ele>
   </trkpt>
   <trkpt lat="49.30977000000001" lon="-118.11525">
    <ele>1115.7700000000002</ele>
   </trkpt>
   <trkpt lat="49.31007" lon="-118.11498">
    <ele>1115.14</ele>
   </trkpt>
   <trkpt lat="49.31036" lon="-118.11458">
    <ele>1114.5900000000001</ele>
   </trkpt>
   <trkpt lat="49.31051" lon="-118.11409">
    <ele>1114.26</ele>
   </trkpt>
   <trkpt lat="49.31058" lon="-118.11373">
    <ele>1114.1000000000001</ele>
   </trkpt>
   <trkpt lat="49.31053000000001" lon="-118.11325000000001">
    <ele>1113.67</ele>
   </trkpt>
   <trkpt lat="49.31065" lon="-118.11240000000001">
    <ele>1112.4</ele>
   </trkpt>
   <trkpt lat="49.31076" lon="-118.11208">
    <ele>1111.55</ele>
   </trkpt>
   <trkpt lat="49.31087" lon="-118.11182000000001">
    <ele>1110.89</ele>
   </trkpt>
   <trkpt lat="49.31105" lon="-118.11163">
    <ele>1110.71</ele>
   </trkpt>
   <trkpt lat="49.31127000000001" lon="-118.11144000000002">
    <ele>1110.27</ele>
   </trkpt>
   <trkpt lat="49.3113" lon="-118.11142000000001">
    <ele>1110.27</ele>
   </trkpt>
   <trkpt lat="49.31129000000001" lon="-118.11142000000001">
    <ele>1110.3</ele>
   </trkpt>
   <trkpt lat="49.31147000000001" lon="-118.11135000000002">
    <ele>1110.06</ele>
   </trkpt>
   <trkpt lat="49.311460000000004" lon="-118.11135000000002">
    <ele>1110.0700000000002</ele>
   </trkpt>
   <trkpt lat="49.31168" lon="-118.11131">
    <ele>1109.95</ele>
   </trkpt>
   <trkpt lat="49.31194000000001" lon="-118.11136">
    <ele>1109.8000000000002</ele>
   </trkpt>
   <trkpt lat="49.31214000000001" lon="-118.11149">
    <ele>1109.44</ele>
   </trkpt>
   <trkpt lat="49.3126" lon="-118.11191000000001">
    <ele>1108.4</ele>
   </trkpt>
   <trkpt lat="49.31295" lon="-118.11242000000001">
    <ele>1107.8600000000001</ele>
   </trkpt>
   <trkpt lat="49.3132" lon="-118.11292">
    <ele>1106.88</ele>
   </trkpt>
   <trkpt lat="49.3134000019995" lon="-118.11359499737398">
    <ele>1106.16</ele>
   </trkpt>
   <trkpt lat="49.3136" lon="-118.11427">
    <ele>1105.13</ele>
   </trkpt>
   <trkpt lat="49.3138" lon="-118.11463">
    <ele>1104.51</ele>
   </trkpt>
   <trkpt lat="49.314060000000005" lon="-118.11489">
    <ele>1103.8700000000001</ele>
   </trkpt>
   <trkpt lat="49.31456000000001" lon="-118.11531000000001">
    <ele>1102.2200000000003</ele>
   </trkpt>
   <trkpt lat="49.3147" lon="-118.11557">
    <ele>1101.9</ele>
   </trkpt>
   <trkpt lat="49.31514000000001" lon="-118.11673">
    <ele>1100.7900000000002</ele>
   </trkpt>
   <trkpt lat="49.31539" lon="-118.11701000000001">
    <ele>1100.26</ele>
   </trkpt>
   <trkpt lat="49.315690000000004" lon="-118.11722">
    <ele>1099.69</ele>
   </trkpt>
   <trkpt lat="49.31609" lon="-118.11727">
    <ele>1098.3400000000001</ele>
   </trkpt>
   <trkpt lat="49.316714999928976" lon="-118.11723000051258">
    <ele>1097.05</ele>
   </trkpt>
   <trkpt lat="49.31734" lon="-118.11719000000001">
    <ele>1095.39</ele>
   </trkpt>
   <trkpt lat="49.317979999982" lon="-118.1171850000651">
    <ele>1093.82</ele>
   </trkpt>
   <trkpt lat="49.31862" lon="-118.11718">
    <ele>1092.6</ele>
   </trkpt>
   <trkpt lat="49.31906000000001" lon="-118.11722">
    <ele>1091.88</ele>
   </trkpt>
   <trkpt lat="49.31985" lon="-118.11718">
    <ele>1089.58</ele>
   </trkpt>
   <trkpt lat="49.32018" lon="-118.11718">
    <ele>1089.0900000000001</ele>
   </trkpt>
   <trkpt lat="49.320870000000006" lon="-118.1174">
    <ele>1087.52</ele>
   </trkpt>
   <trkpt lat="49.32176499994556" lon="-118.11736000072973">
    <ele>1085.05</ele>
   </trkpt>
   <trkpt lat="49.322660000000006" lon="-118.11732">
    <ele>1083.3700000000001</ele>
   </trkpt>
   <trkpt lat="49.32265" lon="-118.11732">
    <ele>1083.3700000000001</ele>
   </trkpt>
   <trkpt lat="49.32287" lon="-118.11731">
    <ele>1083.11</ele>
   </trkpt>
   <trkpt lat="49.32336" lon="-118.11722">
    <ele>1081.5700000000002</ele>
   </trkpt>
   <trkpt lat="49.324000000000005" lon="-118.11686">
    <ele>1080.24</ele>
   </trkpt>
   <trkpt lat="49.32424" lon="-118.11683000000001">
    <ele>1079.69</ele>
   </trkpt>
   <trkpt lat="49.32448" lon="-118.11686">
    <ele>1079.43</ele>
   </trkpt>
   <trkpt lat="49.325030000000005" lon="-118.11705">
    <ele>1078.27</ele>
   </trkpt>
   <trkpt lat="49.32549" lon="-118.11714">
    <ele>1076.89</ele>
   </trkpt>
   <trkpt lat="49.32583" lon="-118.11714">
    <ele>1076.18</ele>
   </trkpt>
   <trkpt lat="49.32638000000001" lon="-118.11723">
    <ele>1073.73</ele>
   </trkpt>
   <trkpt lat="49.326950000000004" lon="-118.11719000000001">
    <ele>1073.73</ele>
   </trkpt>
   <trkpt lat="49.32754499996771" lon="-118.1170500017194">
    <ele>1072.43</ele>
   </trkpt>
   <trkpt lat="49.328140000000005" lon="-118.11691">
    <ele>1070.96</ele>
   </trkpt>
   <trkpt lat="49.32882000000001" lon="-118.11668000000002">
    <ele>1069.42</ele>
   </trkpt>
   <trkpt lat="49.329260000000005" lon="-118.11673">
    <ele>1067.64</ele>
   </trkpt>
   <trkpt lat="49.32979000002501" lon="-118.11667000064487">
    <ele>1066.91</ele>
   </trkpt>
   <trkpt lat="49.33032000000001" lon="-118.11661000000001">
    <ele>1065.17</ele>
   </trkpt>
   <trkpt lat="49.33077999984142" lon="-118.11666999941666">
    <ele>1064.1000000000001</ele>
   </trkpt>
   <trkpt lat="49.33124" lon="-118.11673">
    <ele>1063.3799999999999</ele>
   </trkpt>
   <trkpt lat="49.3317750000645" lon="-118.11686499852927">
    <ele>1062.2500000000002</ele>
   </trkpt>
   <trkpt lat="49.33231000000001" lon="-118.117">
    <ele>1060.6100000000001</ele>
   </trkpt>
   <trkpt lat="49.332570000000004" lon="-118.11713">
    <ele>1060.0</ele>
   </trkpt>
   <trkpt lat="49.33285" lon="-118.11731">
    <ele>1059.48</ele>
   </trkpt>
   <trkpt lat="49.333330000000004" lon="-118.11777000000001">
    <ele>1058.33</ele>
   </trkpt>
   <trkpt lat="49.333580000000005" lon="-118.11789">
    <ele>1058.33</ele>
   </trkpt>
   <trkpt lat="49.333890000000004" lon="-118.11794">
    <ele>1057.41</ele>
   </trkpt>
   <trkpt lat="49.334365000116144" lon="-118.1179000003768">
    <ele>1056.0800000000002</ele>
   </trkpt>
   <trkpt lat="49.33484000000001" lon="-118.11786000000001">
    <ele>1054.65</ele>
   </trkpt>
   <trkpt lat="49.3356749999523" lon="-118.11775000187926">
    <ele>1052.95</ele>
   </trkpt>
   <trkpt lat="49.336510000000004" lon="-118.11764000000001">
    <ele>1051.83</ele>
   </trkpt>
   <trkpt lat="49.337030000000006" lon="-118.11749">
    <ele>1049.8</ele>
   </trkpt>
   <trkpt lat="49.337810000000005" lon="-118.11713">
    <ele>1047.91</ele>
   </trkpt>
   <trkpt lat="49.33860000000001" lon="-118.117">
    <ele>1046.5600000000002</ele>
   </trkpt>
   <trkpt lat="49.339240000000004" lon="-118.117">
    <ele>1044.28</ele>
   </trkpt>
   <trkpt lat="49.339620000000004" lon="-118.11706000000001">
    <ele>1043.4800000000002</ele>
   </trkpt>
   <trkpt lat="49.34038500011934" lon="-118.11720999767262">
    <ele>1042.3999999999999</ele>
   </trkpt>
   <trkpt lat="49.341150000000006" lon="-118.11736">
    <ele>1041.5100000000002</ele>
   </trkpt>
   <trkpt lat="49.341550000000005" lon="-118.11728000000001">
    <ele>1041.4800000000002</ele>
   </trkpt>
   <trkpt lat="49.34187000000001" lon="-118.11713">
    <ele>1041.2</ele>
   </trkpt>
   <trkpt lat="49.342130000000004" lon="-118.11691">
    <ele>1040.98</ele>
   </trkpt>
   <trkpt lat="49.34286" lon="-118.11637">
    <ele>1040.0</ele>
   </trkpt>
   <trkpt lat="49.343140000000005" lon="-118.11624">
    <ele>1039.86</ele>
   </trkpt>
   <trkpt lat="49.34366000000001" lon="-118.11611">
    <ele>1039.8</ele>
   </trkpt>
   <trkpt lat="49.343990000000005" lon="-118.1161">
    <ele>1039.39</ele>
   </trkpt>
   <trkpt lat="49.3444699998876" lon="-118.11614499954966">
    <ele>1038.7900000000002</ele>
   </trkpt>
   <trkpt lat="49.344950000000004" lon="-118.11619">
    <ele>1037.8100000000002</ele>
   </trkpt>
   <trkpt lat="49.345330000000004" lon="-118.11616000000001">
    <ele>1036.95</ele>
   </trkpt>
   <trkpt lat="49.345800000000004" lon="-118.11606">
    <ele>1036.0800000000002</ele>
   </trkpt>
   <trkpt lat="49.34653" lon="-118.11575">
    <ele>1034.31</ele>
   </trkpt>
   <trkpt lat="49.34685" lon="-118.11566">
    <ele>1033.5400000000002</ele>
   </trkpt>
   <trkpt lat="49.34716" lon="-118.11571">
    <ele>1033.1000000000001</ele>
   </trkpt>
   <trkpt lat="49.34773000006197" lon="-118.11590499770594">
    <ele>1031.62</ele>
   </trkpt>
   <trkpt lat="49.3483" lon="-118.1161">
    <ele>1030.31</ele>
   </trkpt>
   <trkpt lat="49.34866" lon="-118.11616000000001">
    <ele>1029.35</ele>
   </trkpt>
   <trkpt lat="49.34904" lon="-118.11611">
    <ele>1028.5900000000001</ele>
   </trkpt>
   <trkpt lat="49.349430000000005" lon="-118.11597">
    <ele>1028.06</ele>
   </trkpt>
   <trkpt lat="49.349740000000004" lon="-118.11574000000002">
    <ele>1027.19</ele>
   </trkpt>
   <trkpt lat="49.34996" lon="-118.11539">
    <ele>1026.45</ele>
   </trkpt>
   <trkpt lat="49.350335002703034" lon="-118.1146050058893">
    <ele>1024.99</ele>
   </trkpt>
   <trkpt lat="49.35071000000001" lon="-118.11382">
    <ele>1023.49</ele>
   </trkpt>
   <trkpt lat="49.35087000000001" lon="-118.11352000000001">
    <ele>1023.25</ele>
   </trkpt>
   <trkpt lat="49.35119" lon="-118.11319">
    <ele>1022.3100000000001</ele>
   </trkpt>
   <trkpt lat="49.35186" lon="-118.11275">
    <ele>1021.2100000000002</ele>
   </trkpt>
   <trkpt lat="49.35210000000001" lon="-118.11244">
    <ele>1020.5200000000001</ele>
   </trkpt>
   <trkpt lat="49.35210000000001" lon="-118.11245000000001">
    <ele>1020.54</ele>
   </trkpt>
   <trkpt lat="49.35233" lon="-118.11207">
    <ele>1019.7500000000001</ele>
   </trkpt>
   <trkpt lat="49.35269" lon="-118.11129000000001">
    <ele>1018.71</ele>
   </trkpt>
   <trkpt lat="49.353030000000004" lon="-118.11041000000002">
    <ele>1017.0700000000002</ele>
   </trkpt>
   <trkpt lat="49.35311" lon="-118.11006">
    <ele>1016.8300000000002</ele>
   </trkpt>
   <trkpt lat="49.353170000000006" lon="-118.10965000000002">
    <ele>1016.0600000000002</ele>
   </trkpt>
   <trkpt lat="49.35323" lon="-118.10886">
    <ele>1014.4300000000002</ele>
   </trkpt>
   <trkpt lat="49.353390000000005" lon="-118.10827">
    <ele>1013.6700000000001</ele>
   </trkpt>
   <trkpt lat="49.353550000000006" lon="-118.10801000000001">
    <ele>1012.9700000000001</ele>
   </trkpt>
   <trkpt lat="49.35362000000001" lon="-118.10795000000002">
    <ele>1012.9700000000001</ele>
   </trkpt>
   <trkpt lat="49.35383" lon="-118.10778">
    <ele>1012.5700000000002</ele>
   </trkpt>
   <trkpt lat="49.35407000000001" lon="-118.10761000000001">
    <ele>1012.35</ele>
   </trkpt>
   <trkpt lat="49.35434" lon="-118.10761000000001">
    <ele>1012.2600000000001</ele>
   </trkpt>
   <trkpt lat="49.35443" lon="-118.10764">
    <ele>1012.2600000000001</ele>
   </trkpt>
   <trkpt lat="49.35465000000001" lon="-118.10769">
    <ele>1012.1600000000002</ele>
   </trkpt>
   <trkpt lat="49.35486" lon="-118.10782">
    <ele>1011.7500000000001</ele>
   </trkpt>
   <trkpt lat="49.355090000000004" lon="-118.10809">
    <ele>1011.1800000000002</ele>
   </trkpt>
   <trkpt lat="49.355430000000005" lon="-118.10832">
    <ele>1010.4300000000002</ele>
   </trkpt>
   <trkpt lat="49.35578" lon="-118.10844000000002">
    <ele>1009.63</ele>
   </trkpt>
   <trkpt lat="49.3565340000288" lon="-118.1084180013485">
    <ele>1007.8299999999999</ele>
   </trkpt>
   <trkpt lat="49.357288000053465" lon="-118.10839600202249">
    <ele>1006.2200000000001</ele>
   </trkpt>
   <trkpt lat="49.35804200007392" lon="-118.10837400202192">
    <ele>1004.08</ele>
   </trkpt>
   <trkpt lat="49.358796000090216" lon="-118.10835200134677">
    <ele>1002.4000000000002</ele>
   </trkpt>
   <trkpt lat="49.359550000000006" lon="-118.10833000000001">
    <ele>1001.0400000000001</ele>
   </trkpt>
   <trkpt lat="49.35989000000001" lon="-118.10813">
    <ele>1000.6000000000001</ele>
   </trkpt>
   <trkpt lat="49.36008" lon="-118.10787">
    <ele>1000.6000000000001</ele>
   </trkpt>
   <trkpt lat="49.36043" lon="-118.10724">
    <ele>998.6600000000001</ele>
   </trkpt>
   <trkpt lat="49.360710000000005" lon="-118.10683000000002">
    <ele>997.9700000000001</ele>
   </trkpt>
   <trkpt lat="49.36128" lon="-118.10618000000001">
    <ele>996.8800000000001</ele>
   </trkpt>
   <trkpt lat="49.361450000000005" lon="-118.1059">
    <ele>996.57</ele>
   </trkpt>
   <trkpt lat="49.361560000000004" lon="-118.1055">
    <ele>995.87</ele>
   </trkpt>
   <trkpt lat="49.36168000000001" lon="-118.10482">
    <ele>994.38</ele>
   </trkpt>
   <trkpt lat="49.36186000000001" lon="-118.10428">
    <ele>993.6300000000001</ele>
   </trkpt>
   <trkpt lat="49.36215000000001" lon="-118.10376000000001">
    <ele>993.09</ele>
   </trkpt>
   <trkpt lat="49.362833336007384" lon="-118.10320334880392">
    <ele>991.4600000000002</ele>
   </trkpt>
   <trkpt lat="49.36351666934192" lon="-118.10264668213658">
    <ele>990.16</ele>
   </trkpt>
   <trkpt lat="49.364200000000004" lon="-118.10209">
    <ele>988.7300000000001</ele>
   </trkpt>
   <trkpt lat="49.36465000038228" lon="-118.10184500217504">
    <ele>987.71</ele>
   </trkpt>
   <trkpt lat="49.365100000000005" lon="-118.1016">
    <ele>987.0200000000001</ele>
   </trkpt>
   <trkpt lat="49.36556000005292" lon="-118.10146500127054">
    <ele>986.23</ele>
   </trkpt>
   <trkpt lat="49.366020000000006" lon="-118.10133">
    <ele>985.19</ele>
   </trkpt>
   <trkpt lat="49.36682000006435" lon="-118.10117000261263">
    <ele>983.59</ele>
   </trkpt>
   <trkpt lat="49.36762" lon="-118.10101000000002">
    <ele>982.7000000000002</ele>
   </trkpt>
   <trkpt lat="49.367920000000005" lon="-118.10085000000001">
    <ele>982.6100000000001</ele>
   </trkpt>
   <trkpt lat="49.368230000000004" lon="-118.10052">
    <ele>982.43</ele>
   </trkpt>
   <trkpt lat="49.36834" lon="-118.10034">
    <ele>982.2700000000001</ele>
   </trkpt>
   <trkpt lat="49.368500000000004" lon="-118.10003">
    <ele>982.6600000000001</ele>
   </trkpt>
   <trkpt lat="49.3686" lon="-118.0994">
    <ele>981.35</ele>
   </trkpt>
   <trkpt lat="49.36857802567593" lon="-118.09817999781005">
    <ele>979.0600000000001</ele>
   </trkpt>
   <trkpt lat="49.368556038513816" lon="-118.09695999671105">
    <ele>976.9000000000001</ele>
   </trkpt>
   <trkpt lat="49.368534038513666" lon="-118.09573999670359">
    <ele>974.8200000000002</ele>
   </trkpt>
   <trkpt lat="49.36851202567553" lon="-118.09451999778831">
    <ele>973.6600000000001</ele>
   </trkpt>
   <trkpt lat="49.36849" lon="-118.09330000000001">
    <ele>973.0300000000001</ele>
   </trkpt>
   <trkpt lat="49.368468022893204" lon="-118.09214799791843">
    <ele>973.11</ele>
   </trkpt>
   <trkpt lat="49.3684460343396" lon="-118.09099599686705">
    <ele>973.19</ele>
   </trkpt>
   <trkpt lat="49.368424034339185" lon="-118.08984399684645">
    <ele>973.2400000000001</ele>
   </trkpt>
   <trkpt lat="49.368402022892006" lon="-118.0886919978571">
    <ele>973.5100000000001</ele>
   </trkpt>
   <trkpt lat="49.36838" lon="-118.08754">
    <ele>973.3800000000001</ele>
   </trkpt>
   <trkpt lat="49.36844000000001" lon="-118.08666000000001">
    <ele>971.7800000000001</ele>
   </trkpt>
   <trkpt lat="49.36862334500558" lon="-118.08549667534841">
    <ele>970.07</ele>
   </trkpt>
   <trkpt lat="49.36880667833814" lon="-118.08433334202019">
    <ele>967.9200000000001</ele>
   </trkpt>
   <trkpt lat="49.368990000000004" lon="-118.08317000000001">
    <ele>965.3800000000001</ele>
   </trkpt>
   <trkpt lat="49.368990000000004" lon="-118.08318000000001">
    <ele>965.3900000000001</ele>
   </trkpt>
   <trkpt lat="49.369160014541684" lon="-118.08212001096796">
    <ele>963.1400000000001</ele>
   </trkpt>
   <trkpt lat="49.36933001939205" lon="-118.08106001460463">
    <ele>961.74</ele>
   </trkpt>
   <trkpt lat="49.36950001455098" lon="-118.08000001091041">
    <ele>959.94</ele>
   </trkpt>
   <trkpt lat="49.369670000000006" lon="-118.07894">
    <ele>957.5100000000001</ele>
   </trkpt>
   <trkpt lat="49.36968" lon="-118.07836">
    <ele>956.37</ele>
   </trkpt>
   <trkpt lat="49.36955000582608" lon="-118.07719499667569">
    <ele>955.0</ele>
   </trkpt>
   <trkpt lat="49.369420000000005" lon="-118.07603">
    <ele>953.3000000000001</ele>
   </trkpt>
   <trkpt lat="49.369420000000005" lon="-118.07524000000001">
    <ele>951.95</ele>
   </trkpt>
   <trkpt lat="49.36952" lon="-118.07465">
    <ele>950.64</ele>
   </trkpt>
   <trkpt lat="49.36981751253684" lon="-118.07366501793494">
    <ele>948.94</ele>
   </trkpt>
   <trkpt lat="49.37011501670539" lon="-118.0726800239481">
    <ele>947.85</ele>
   </trkpt>
   <trkpt lat="49.37041251250542" lon="-118.07169501803955">
    <ele>945.83</ele>
   </trkpt>
   <trkpt lat="49.37071" lon="-118.07071">
    <ele>944.39</ele>
   </trkpt>
   <trkpt lat="49.370870000000004" lon="-118.07008">
    <ele>943.0100000000001</ele>
   </trkpt>
   <trkpt lat="49.370870000000004" lon="-118.06959">
    <ele>942.47</ele>
   </trkpt>
   <trkpt lat="49.37079000000001" lon="-118.069">
    <ele>941.9900000000001</ele>
   </trkpt>
   <trkpt lat="49.3706" lon="-118.06824">
    <ele>940.5000000000001</ele>
   </trkpt>
   <trkpt lat="49.37033" lon="-118.06758">
    <ele>939.44</ele>
   </trkpt>
   <trkpt lat="49.37012000000001" lon="-118.06677">
    <ele>934.39</ele>
   </trkpt>
   <trkpt lat="49.370160000000006" lon="-118.06596">
    <ele>932.8400000000001</ele>
   </trkpt>
   <trkpt lat="49.370290000000004" lon="-118.06514000000001">
    <ele>935.6800000000001</ele>
   </trkpt>
   <trkpt lat="49.37056000259715" lon="-118.06436500423686">
    <ele>935.1600000000001</ele>
   </trkpt>
   <trkpt lat="49.370830000000005" lon="-118.06359">
    <ele>933.95</ele>
   </trkpt>
   <trkpt lat="49.37124000000001" lon="-118.06283">
    <ele>932.25</ele>
   </trkpt>
   <trkpt lat="49.37182000277694" lon="-118.06202500952271">
    <ele>929.95</ele>
   </trkpt>
   <trkpt lat="49.372400000000006" lon="-118.06122">
    <ele>928.32</ele>
   </trkpt>
   <trkpt lat="49.37275" lon="-118.06063">
    <ele>927.03</ele>
   </trkpt>
   <trkpt lat="49.37314000000001" lon="-118.05969">
    <ele>925.42</ele>
   </trkpt>
   <trkpt lat="49.373340000000006" lon="-118.05890000000001">
    <ele>924.51</ele>
   </trkpt>
   <trkpt lat="49.373430000000006" lon="-118.05804">
    <ele>922.9600000000002</ele>
   </trkpt>
   <trkpt lat="49.37341000000001" lon="-118.05760000000001">
    <ele>922.4700000000001</ele>
   </trkpt>
   <trkpt lat="49.373400000000004" lon="-118.05727">
    <ele>922.1400000000001</ele>
   </trkpt>
   <trkpt lat="49.37326" lon="-118.0567">
    <ele>921.6200000000001</ele>
   </trkpt>
   <trkpt lat="49.37297" lon="-118.0562">
    <ele>920.54</ele>
   </trkpt>
   <trkpt lat="49.372620000000005" lon="-118.05593">
    <ele>919.4100000000001</ele>
   </trkpt>
   <trkpt lat="49.3721" lon="-118.05566">
    <ele>918.87</ele>
   </trkpt>
   <trkpt lat="49.371570000000006" lon="-118.05543000000002">
    <ele>917.34</ele>
   </trkpt>
   <trkpt lat="49.37102" lon="-118.05522">
    <ele>916.21</ele>
   </trkpt>
   <trkpt lat="49.370470000000005" lon="-118.05478000000001">
    <ele>914.6800000000001</ele>
   </trkpt>
   <trkpt lat="49.36997" lon="-118.05428">
    <ele>914.22</ele>
   </trkpt>
   <trkpt lat="49.36963" lon="-118.05405">
    <ele>912.44</ele>
   </trkpt>
   <trkpt lat="49.36936000000001" lon="-118.05401">
    <ele>912.44</ele>
   </trkpt>
   <trkpt lat="49.368840000000006" lon="-118.05405">
    <ele>911.3000000000001</ele>
   </trkpt>
   <trkpt lat="49.36804" lon="-118.05393000000001">
    <ele>909.57</ele>
   </trkpt>
   <trkpt lat="49.367610000000006" lon="-118.05378">
    <ele>908.44</ele>
   </trkpt>
   <trkpt lat="49.36706" lon="-118.05364000000002">
    <ele>907.4300000000001</ele>
   </trkpt>
   <trkpt lat="49.36681" lon="-118.05338">
    <ele>906.6500000000001</ele>
   </trkpt>
   <trkpt lat="49.36665000000001" lon="-118.05303">
    <ele>906.6500000000001</ele>
   </trkpt>
   <trkpt lat="49.366460000000004" lon="-118.05254000000001">
    <ele>904.6800000000001</ele>
   </trkpt>
   <trkpt lat="49.366400000000006" lon="-118.05213">
    <ele>904.35</ele>
   </trkpt>
   <trkpt lat="49.366440000000004" lon="-118.05154">
    <ele>903.8900000000001</ele>
   </trkpt>
   <trkpt lat="49.36657" lon="-118.05101">
    <ele>903.57</ele>
   </trkpt>
   <trkpt lat="49.3669" lon="-118.05047">
    <ele>903.0600000000001</ele>
   </trkpt>
   <trkpt lat="49.367520000000006" lon="-118.05005000000001">
    <ele>901.5500000000001</ele>
   </trkpt>
   <trkpt lat="49.367520000000006" lon="-118.05006000000002">
    <ele>901.5200000000001</ele>
   </trkpt>
   <trkpt lat="49.36821000082126" lon="-118.04959500660117">
    <ele>898.6</ele>
   </trkpt>
   <trkpt lat="49.368900000000004" lon="-118.04913">
    <ele>897.6</ele>
   </trkpt>
   <trkpt lat="49.36935000055201" lon="-118.04879500301577">
    <ele>896.1500000000001</ele>
   </trkpt>
   <trkpt lat="49.369800000000005" lon="-118.04846">
    <ele>895.1800000000001</ele>
   </trkpt>
   <trkpt lat="49.36984" lon="-118.04845000000002">
    <ele>895.1800000000001</ele>
   </trkpt>
   <trkpt lat="49.37004" lon="-118.04839000000001">
    <ele>894.73</ele>
   </trkpt>
   <trkpt lat="49.37003000000001" lon="-118.04839000000001">
    <ele>894.7400000000001</ele>
   </trkpt>
   <trkpt lat="49.37082750082732" lon="-118.04813751228814">
    <ele>892.6800000000001</ele>
   </trkpt>
   <trkpt lat="49.37162500110475" lon="-118.04788501638397">
    <ele>890.47</ele>
   </trkpt>
   <trkpt lat="49.372422500832286" lon="-118.04763251228707">
    <ele>888.7</ele>
   </trkpt>
   <trkpt lat="49.37322" lon="-118.04738">
    <ele>886.41</ele>
   </trkpt>
   <trkpt lat="49.373833333841546" lon="-118.04714333922982">
    <ele>884.75</ele>
   </trkpt>
   <trkpt lat="49.37444666720002" lon="-118.04690667255358">
    <ele>882.8100000000001</ele>
   </trkpt>
   <trkpt lat="49.375060000000005" lon="-118.04667">
    <ele>882.2800000000001</ele>
   </trkpt>
   <trkpt lat="49.37593000012895" lon="-118.04654000229274">
    <ele>880.1800000000001</ele>
   </trkpt>
   <trkpt lat="49.3768" lon="-118.04641000000001">
    <ele>878.09</ele>
   </trkpt>
   <trkpt lat="49.377626666934056" lon="-118.0462566718129">
    <ele>876.0100000000001</ele>
   </trkpt>
   <trkpt lat="49.37845333366533" lon="-118.0461033384677">
    <ele>873.4900000000001</ele>
   </trkpt>
   <trkpt lat="49.37928" lon="-118.04595">
    <ele>872.0600000000001</ele>
   </trkpt>
   <trkpt lat="49.37978000004799" lon="-118.04588000070844">
    <ele>871.07</ele>
   </trkpt>
   <trkpt lat="49.380280000000006" lon="-118.04581">
    <ele>869.7600000000001</ele>
   </trkpt>
   <trkpt lat="49.380979999997436" lon="-118.04577000057034">
    <ele>867.6300000000001</ele>
   </trkpt>
   <trkpt lat="49.38168" lon="-118.04573">
    <ele>866.2700000000001</ele>
   </trkpt>
   <trkpt lat="49.38226" lon="-118.04581">
    <ele>864.1</ele>
   </trkpt>
   <trkpt lat="49.38295" lon="-118.04596000000001">
    <ele>863.3700000000001</ele>
   </trkpt>
   <trkpt lat="49.38378" lon="-118.04623000000001">
    <ele>861.08</ele>
   </trkpt>
   <trkpt lat="49.384330000000006" lon="-118.04631">
    <ele>860.01</ele>
   </trkpt>
   <trkpt lat="49.38497" lon="-118.04622">
    <ele>858.8100000000001</ele>
   </trkpt>
   <trkpt lat="49.385620000470055" lon="-118.04598000635995">
    <ele>857.3000000000001</ele>
   </trkpt>
   <trkpt lat="49.38627000044334" lon="-118.04574000636993">
    <ele>855.4200000000001</ele>
   </trkpt>
   <trkpt lat="49.38692" lon="-118.0455">
    <ele>854.1500000000001</ele>
   </trkpt>
   <trkpt lat="49.387440000000005" lon="-118.04519">
    <ele>852.9000000000001</ele>
   </trkpt>
   <trkpt lat="49.388110000000005" lon="-118.04447">
    <ele>850.87</ele>
   </trkpt>
   <trkpt lat="49.38875" lon="-118.0442">
    <ele>849.6300000000001</ele>
   </trkpt>
   <trkpt lat="49.38926499999638" lon="-118.0440850012191">
    <ele>847.9100000000001</ele>
   </trkpt>
   <trkpt lat="49.38978" lon="-118.04397000000002">
    <ele>847.37</ele>
   </trkpt>
   <trkpt lat="49.38998" lon="-118.0438">
    <ele>846.34</ele>
   </trkpt>
   <trkpt lat="49.390330000000006" lon="-118.04331">
    <ele>846.1800000000001</ele>
   </trkpt>
   <trkpt lat="49.39079" lon="-118.04229000000001">
    <ele>844.2</ele>
   </trkpt>
   <trkpt lat="49.391200000000005" lon="-118.04174">
    <ele>843.1200000000001</ele>
   </trkpt>
   <trkpt lat="49.39163000048306" lon="-118.04142500271693">
    <ele>841.8000000000001</ele>
   </trkpt>
   <trkpt lat="49.39206" lon="-118.04111">
    <ele>840.77</ele>
   </trkpt>
   <trkpt lat="49.392450000000004" lon="-118.04076">
    <ele>839.61</ele>
   </trkpt>
   <trkpt lat="49.39271" lon="-118.04041000000001">
    <ele>839.0000000000001</ele>
   </trkpt>
   <trkpt lat="49.39305" lon="-118.03977">
    <ele>837.9700000000001</ele>
   </trkpt>
   <trkpt lat="49.393150000000006" lon="-118.03918000000002">
    <ele>837.5400000000001</ele>
   </trkpt>
   <trkpt lat="49.393080000000005" lon="-118.03865">
    <ele>837.07</ele>
   </trkpt>
   <trkpt lat="49.39302000000001" lon="-118.03844000000001">
    <ele>836.82</ele>
   </trkpt>
   <trkpt lat="49.39281500283066" lon="-118.03762499646523">
    <ele>834.91</ele>
   </trkpt>
   <trkpt lat="49.392610000000005" lon="-118.03681">
    <ele>834.91</ele>
   </trkpt>
   <trkpt lat="49.39239000763595" lon="-118.03586999164642">
    <ele>833.1500000000001</ele>
   </trkpt>
   <trkpt lat="49.39217000765142" lon="-118.03492999171266">
    <ele>831.2400000000001</ele>
   </trkpt>
   <trkpt lat="49.39195" lon="-118.03399">
    <ele>829.95</ele>
   </trkpt>
   <trkpt lat="49.39153" lon="-118.03324">
    <ele>828.45</ele>
   </trkpt>
   <trkpt lat="49.39099" lon="-118.03261">
    <ele>826.22</ele>
   </trkpt>
   <trkpt lat="49.390480003012996" lon="-118.03177999145207">
    <ele>824.7</ele>
   </trkpt>
   <trkpt lat="49.389970000000005" lon="-118.03095">
    <ele>822.73</ele>
   </trkpt>
   <trkpt lat="49.38971" lon="-118.03063000000002">
    <ele>822.73</ele>
   </trkpt>
   <trkpt lat="49.38920000048508" lon="-118.03028499639944">
    <ele>820.6700000000001</ele>
   </trkpt>
   <trkpt lat="49.388690000000004" lon="-118.02994000000001">
    <ele>819.6700000000001</ele>
   </trkpt>
   <trkpt lat="49.388160000000006" lon="-118.02938">
    <ele>818.35</ele>
   </trkpt>
   <trkpt lat="49.387730000000005" lon="-118.02862">
    <ele>816.3100000000001</ele>
   </trkpt>
   <trkpt lat="49.38728667448483" lon="-118.02766664941825">
    <ele>815.3100000000001</ele>
   </trkpt>
   <trkpt lat="49.38684334113116" lon="-118.02671331604148">
    <ele>813.0</ele>
   </trkpt>
   <trkpt lat="49.3864" lon="-118.02576">
    <ele>811.51</ele>
   </trkpt>
   <trkpt lat="49.38604" lon="-118.02504">
    <ele>810.0100000000001</ele>
   </trkpt>
   <trkpt lat="49.38568" lon="-118.02451">
    <ele>808.97</ele>
   </trkpt>
   <trkpt lat="49.38501000150678" lon="-118.02389999159294">
    <ele>806.8100000000001</ele>
   </trkpt>
   <trkpt lat="49.38434" lon="-118.02329">
    <ele>805.0500000000001</ele>
   </trkpt>
   <trkpt lat="49.38373000000001" lon="-118.02278000000001">
    <ele>803.3500000000001</ele>
   </trkpt>
   <trkpt lat="49.38328000053212" lon="-118.02241499662296">
    <ele>801.85</ele>
   </trkpt>
   <trkpt lat="49.382830000000006" lon="-118.02205000000001">
    <ele>800.7800000000001</ele>
   </trkpt>
   <trkpt lat="49.38214000000001" lon="-118.02186">
    <ele>798.6200000000001</ele>
   </trkpt>
   <trkpt lat="49.381660000000004" lon="-118.02181000000002">
    <ele>797.76</ele>
   </trkpt>
   <trkpt lat="49.38123" lon="-118.02155">
    <ele>797.76</ele>
   </trkpt>
   <trkpt lat="49.380950000000006" lon="-118.02114">
    <ele>796.1700000000001</ele>
   </trkpt>
   <trkpt lat="49.380455002876815" lon="-118.02033999213064">
    <ele>794.5000000000001</ele>
   </trkpt>
   <trkpt lat="49.379960000000004" lon="-118.01954">
    <ele>793.19</ele>
   </trkpt>
   <trkpt lat="49.379480001753976" lon="-118.01890999390227">
    <ele>791.5600000000001</ele>
   </trkpt>
   <trkpt lat="49.379000000000005" lon="-118.01828">
    <ele>789.5000000000001</ele>
   </trkpt>
   <trkpt lat="49.37859500256689" lon="-118.0175199938796">
    <ele>788.24</ele>
   </trkpt>
   <trkpt lat="49.378190000000004" lon="-118.01676">
    <ele>786.83</ele>
   </trkpt>
   <trkpt lat="49.37776" lon="-118.01631">
    <ele>785.75</ele>
   </trkpt>
   <trkpt lat="49.37744000000001" lon="-118.01608000000002">
    <ele>785.19</ele>
   </trkpt>
   <trkpt lat="49.377100000000006" lon="-118.01592000000001">
    <ele>783.82</ele>
   </trkpt>
   <trkpt lat="49.37664999997306" lon="-118.01582499911632">
    <ele>783.1800000000001</ele>
   </trkpt>
   <trkpt lat="49.376200000000004" lon="-118.01573">
    <ele>782.12</ele>
   </trkpt>
   <trkpt lat="49.3754999999652" lon="-118.01568666542921">
    <ele>780.6700000000001</ele>
   </trkpt>
   <trkpt lat="49.37479999991419" lon="-118.01564333209274">
    <ele>779.19</ele>
   </trkpt>
   <trkpt lat="49.374100000000006" lon="-118.0156">
    <ele>777.61</ele>
   </trkpt>
   <trkpt lat="49.373550000289804" lon="-118.01536999745224">
    <ele>776.34</ele>
   </trkpt>
   <trkpt lat="49.373000000000005" lon="-118.01514000000002">
    <ele>775.0600000000001</ele>
   </trkpt>
   <trkpt lat="49.37223000097076" lon="-118.01469499309691">
    <ele>773.1500000000001</ele>
   </trkpt>
   <trkpt lat="49.371460000000006" lon="-118.01425">
    <ele>771.7700000000001</ele>
   </trkpt>
   <trkpt lat="49.370870000000004" lon="-118.01381">
    <ele>770.85</ele>
   </trkpt>
   <trkpt lat="49.37053" lon="-118.01322">
    <ele>770.23</ele>
   </trkpt>
   <trkpt lat="49.370430000000006" lon="-118.01278">
    <ele>769.5200000000001</ele>
   </trkpt>
   <trkpt lat="49.37044" lon="-118.01211">
    <ele>768.3000000000001</ele>
   </trkpt>
   <trkpt lat="49.37044" lon="-118.01212000000001">
    <ele>768.3000000000001</ele>
   </trkpt>
   <trkpt lat="49.370450000000005" lon="-118.01192">
    <ele>767.97</ele>
   </trkpt>
   <trkpt lat="49.37057" lon="-118.01143">
    <ele>767.57</ele>
   </trkpt>
   <trkpt lat="49.370870000000004" lon="-118.01076">
    <ele>766.7600000000001</ele>
   </trkpt>
   <trkpt lat="49.371300000000005" lon="-118.01">
    <ele>765.14</ele>
   </trkpt>
   <trkpt lat="49.3717650030947" lon="-118.00914500819432">
    <ele>764.3700000000001</ele>
   </trkpt>
   <trkpt lat="49.37223" lon="-118.00829000000002">
    <ele>761.96</ele>
   </trkpt>
   <trkpt lat="49.372670006827875" lon="-118.00740334911204">
    <ele>760.34</ele>
   </trkpt>
   <trkpt lat="49.373110006874946" lon="-118.00651668235076">
    <ele>758.35</ele>
   </trkpt>
   <trkpt lat="49.37355" lon="-118.00563000000001">
    <ele>757.3100000000001</ele>
   </trkpt>
   <trkpt lat="49.373630000000006" lon="-118.00500000000001">
    <ele>755.12</ele>
   </trkpt>
   <trkpt lat="49.373630000000006" lon="-118.00501000000001">
    <ele>755.1300000000001</ele>
   </trkpt>
   <trkpt lat="49.373650000000005" lon="-118.00449">
    <ele>755.75</ele>
   </trkpt>
   <trkpt lat="49.3736" lon="-118.00396">
    <ele>754.6700000000001</ele>
   </trkpt>
   <trkpt lat="49.373520000000006" lon="-118.00342">
    <ele>754.6</ele>
   </trkpt>
   <trkpt lat="49.373355002297075" lon="-118.00267999722679">
    <ele>753.0400000000001</ele>
   </trkpt>
   <trkpt lat="49.37319" lon="-118.00194">
    <ele>751.6700000000001</ele>
   </trkpt>
   <trkpt lat="49.372950003672074" lon="-118.00101999559207">
    <ele>750.33</ele>
   </trkpt>
   <trkpt lat="49.372710000000005" lon="-118.0001">
    <ele>747.84</ele>
   </trkpt>
   <trkpt lat="49.372440000000005" lon="-117.99931000000001">
    <ele>747.2500000000001</ele>
   </trkpt>
   <trkpt lat="49.37199801465434" lon="-117.99838796681802">
    <ele>745.63</ele>
   </trkpt>
   <trkpt lat="49.3715560219761" lon="-117.9974659502166">
    <ele>744.1300000000001</ele>
   </trkpt>
   <trkpt lat="49.371114021965546" lon="-117.99654395019537">
    <ele>741.26</ele>
   </trkpt>
   <trkpt lat="49.37067201462295" lon="-117.99562196675414">
    <ele>739.1200000000001</ele>
   </trkpt>
   <trkpt lat="49.37023000000001" lon="-117.99470000000001">
    <ele>737.89</ele>
   </trkpt>
   <trkpt lat="49.36992000000001" lon="-117.99354000000001">
    <ele>735.89</ele>
   </trkpt>
   <trkpt lat="49.369690000000006" lon="-117.99303">
    <ele>735.1800000000001</ele>
   </trkpt>
   <trkpt lat="49.369320000833156" lon="-117.99257999656437">
    <ele>733.8100000000001</ele>
   </trkpt>
   <trkpt lat="49.368950000000005" lon="-117.99213">
    <ele>732.84</ele>
   </trkpt>
   <trkpt lat="49.368450000829675" lon="-117.9916599951044">
    <ele>731.2400000000001</ele>
   </trkpt>
   <trkpt lat="49.36795000000001" lon="-117.99119">
    <ele>729.8500000000001</ele>
   </trkpt>
   <trkpt lat="49.36737" lon="-117.99038000000002">
    <ele>727.82</ele>
   </trkpt>
   <trkpt lat="49.36681251488155" lon="-117.98930746351499">
    <ele>726.37</ele>
   </trkpt>
   <trkpt lat="49.366255019841155" lon="-117.98823495135247">
    <ele>724.45</ele>
   </trkpt>
   <trkpt lat="49.36569751487925" lon="-117.98716246351195">
    <ele>721.96</ele>
   </trkpt>
   <trkpt lat="49.365140000000004" lon="-117.98609">
    <ele>719.5600000000001</ele>
   </trkpt>
   <trkpt lat="49.364900000000006" lon="-117.98546">
    <ele>718.28</ele>
   </trkpt>
   <trkpt lat="49.36451" lon="-117.98506">
    <ele>717.7300000000001</ele>
   </trkpt>
   <trkpt lat="49.36401000000001" lon="-117.98479">
    <ele>716.45</ele>
   </trkpt>
   <trkpt lat="49.363620000000004" lon="-117.98449000000001">
    <ele>716.01</ele>
   </trkpt>
   <trkpt lat="49.363145002579955" lon="-117.98371499249659">
    <ele>714.74</ele>
   </trkpt>
   <trkpt lat="49.36267" lon="-117.98294000000001">
    <ele>712.95</ele>
   </trkpt>
   <trkpt lat="49.362570000000005" lon="-117.98261000000001">
    <ele>712.2400000000001</ele>
   </trkpt>
   <trkpt lat="49.36245" lon="-117.9821">
    <ele>711.3000000000001</ele>
   </trkpt>
   <trkpt lat="49.36235000561121" lon="-117.98095999775302">
    <ele>709.5400000000001</ele>
   </trkpt>
   <trkpt lat="49.36225" lon="-117.97982">
    <ele>708.0900000000001</ele>
   </trkpt>
   <trkpt lat="49.361990000000006" lon="-117.97875">
    <ele>706.25</ele>
   </trkpt>
   <trkpt lat="49.36166" lon="-117.97773000000001">
    <ele>704.34</ele>
   </trkpt>
   <trkpt lat="49.361385001557146" lon="-117.97709999612267">
    <ele>703.0500000000001</ele>
   </trkpt>
   <trkpt lat="49.361110000000004" lon="-117.97647">
    <ele>701.37</ele>
   </trkpt>
   <trkpt lat="49.36091500291734" lon="-117.97563999647984">
    <ele>700.12</ele>
   </trkpt>
   <trkpt lat="49.36072" lon="-117.97481">
    <ele>698.9000000000001</ele>
   </trkpt>
   <trkpt lat="49.360600000000005" lon="-117.97374">
    <ele>697.52</ele>
   </trkpt>
   <trkpt lat="49.36060000439957" lon="-117.9727300001506">
    <ele>696.5100000000001</ele>
   </trkpt>
   <trkpt lat="49.360600000000005" lon="-117.97172">
    <ele>694.96</ele>
   </trkpt>
   <trkpt lat="49.36037" lon="-117.97056">
    <ele>692.6600000000001</ele>
   </trkpt>
   <trkpt lat="49.36027000000001" lon="-117.96990000000001">
    <ele>691.71</ele>
   </trkpt>
   <trkpt lat="49.36027000000001" lon="-117.96952">
    <ele>691.32</ele>
   </trkpt>
   <trkpt lat="49.360350000000004" lon="-117.96854">
    <ele>690.79</ele>
   </trkpt>
   <trkpt lat="49.36037500221003" lon="-117.96782500021574">
    <ele>688.15</ele>
   </trkpt>
   <trkpt lat="49.360400000000006" lon="-117.96711">
    <ele>687.45</ele>
   </trkpt>
   <trkpt lat="49.36028" lon="-117.96613">
    <ele>686.07</ele>
   </trkpt>
   <trkpt lat="49.36009000000001" lon="-117.96518">
    <ele>684.34</ele>
   </trkpt>
   <trkpt lat="49.35987" lon="-117.96428000000002">
    <ele>682.98</ele>
   </trkpt>
   <trkpt lat="49.359730000000006" lon="-117.96348">
    <ele>681.46</ele>
   </trkpt>
   <trkpt lat="49.359640002773844" lon="-117.96267499833878">
    <ele>680.58</ele>
   </trkpt>
   <trkpt lat="49.359550000000006" lon="-117.96187">
    <ele>679.3800000000001</ele>
   </trkpt>
   <trkpt lat="49.359440000000006" lon="-117.96142">
    <ele>678.42</ele>
   </trkpt>
   <trkpt lat="49.35919000179388" lon="-117.96076999662212">
    <ele>677.36</ele>
   </trkpt>
   <trkpt lat="49.358940000000004" lon="-117.96012">
    <ele>676.42</ele>
   </trkpt>
   <trkpt lat="49.35886000000001" lon="-117.95955000000001">
    <ele>675.51</ele>
   </trkpt>
   <trkpt lat="49.358680005994586" lon="-117.95836999561091">
    <ele>673.76</ele>
   </trkpt>
   <trkpt lat="49.35850000000001" lon="-117.95719000000001">
    <ele>672.09</ele>
   </trkpt>
   <trkpt lat="49.35832500431563" lon="-117.95619499671945">
    <ele>670.44</ele>
   </trkpt>
   <trkpt lat="49.35815" lon="-117.9552">
    <ele>668.6899999999999</ele>
   </trkpt>
   <trkpt lat="49.357960000000006" lon="-117.95404">
    <ele>667.37</ele>
   </trkpt>
   <trkpt lat="49.35791500535746" lon="-117.95292499886855">
    <ele>665.52</ele>
   </trkpt>
   <trkpt lat="49.357870000000005" lon="-117.95181000000001">
    <ele>663.5000000000001</ele>
   </trkpt>
   <trkpt lat="49.35781" lon="-117.95105000000001">
    <ele>662.63</ele>
   </trkpt>
   <trkpt lat="49.357690000000005" lon="-117.95041">
    <ele>661.6899999999999</ele>
   </trkpt>
   <trkpt lat="49.35759" lon="-117.95">
    <ele>660.7400000000001</ele>
   </trkpt>
   <trkpt lat="49.357150000000004" lon="-117.94893">
    <ele>659.39</ele>
   </trkpt>
   <trkpt lat="49.35699" lon="-117.94804">
    <ele>658.0600000000001</ele>
   </trkpt>
   <trkpt lat="49.356880000000004" lon="-117.94772">
    <ele>657.21</ele>
   </trkpt>
   <trkpt lat="49.35669000000001" lon="-117.94733000000001">
    <ele>656.66</ele>
   </trkpt>
   <trkpt lat="49.35643" lon="-117.94705">
    <ele>656.19</ele>
   </trkpt>
   <trkpt lat="49.35622000000001" lon="-117.94651">
    <ele>654.94</ele>
   </trkpt>
   <trkpt lat="49.3560300050598" lon="-117.94542499570842">
    <ele>653.51</ele>
   </trkpt>
   <trkpt lat="49.35584" lon="-117.94434000000001">
    <ele>651.7400000000001</ele>
   </trkpt>
   <trkpt lat="49.355740000000004" lon="-117.94388000000001">
    <ele>651.5000000000001</ele>
   </trkpt>
   <trkpt lat="49.355650000000004" lon="-117.9437">
    <ele>651.1600000000001</ele>
   </trkpt>
   <trkpt lat="49.35551" lon="-117.94352">
    <ele>650.63</ele>
   </trkpt>
   <trkpt lat="49.35480250371473" lon="-117.94298247678827">
    <ele>649.0</ele>
   </trkpt>
   <trkpt lat="49.35409500493721" lon="-117.94244496903963">
    <ele>646.93</ele>
   </trkpt>
   <trkpt lat="49.35338750366757" lon="-117.94190747675333">
    <ele>644.8900000000001</ele>
   </trkpt>
   <trkpt lat="49.35268000000001" lon="-117.94137">
    <ele>643.2500000000001</ele>
   </trkpt>
   <trkpt lat="49.352250000000005" lon="-117.94114">
    <ele>642.33</ele>
   </trkpt>
   <trkpt lat="49.35146" lon="-117.94105">
    <ele>640.6200000000001</ele>
   </trkpt>
   <trkpt lat="49.350880000000004" lon="-117.94078">
    <ele>639.47</ele>
   </trkpt>
   <trkpt lat="49.35031500119169" lon="-117.94023999373502">
    <ele>637.6500000000001</ele>
   </trkpt>
   <trkpt lat="49.34975000000001" lon="-117.93970000000002">
    <ele>635.75</ele>
   </trkpt>
   <trkpt lat="49.34926" lon="-117.93932000000001">
    <ele>634.6500000000001</ele>
   </trkpt>
   <trkpt lat="49.34895" lon="-117.93917">
    <ele>633.6</ele>
   </trkpt>
   <trkpt lat="49.34863000000001" lon="-117.93908">
    <ele>633.07</ele>
   </trkpt>
   <trkpt lat="49.348110000000005" lon="-117.93899">
    <ele>632.24</ele>
   </trkpt>
   <trkpt lat="49.34747666664165" lon="-117.93899333341932">
    <ele>630.46</ele>
   </trkpt>
   <trkpt lat="49.34684333328319" lon="-117.93899666675279">
    <ele>628.9300000000001</ele>
   </trkpt>
   <trkpt lat="49.346210000000006" lon="-117.93900000000001">
    <ele>627.8100000000001</ele>
   </trkpt>
   <trkpt lat="49.34557000000011" lon="-117.93906333498434">
    <ele>626.5400000000001</ele>
   </trkpt>
   <trkpt lat="49.34492999996563" lon="-117.93912666832107">
    <ele>625.02</ele>
   </trkpt>
   <trkpt lat="49.34429" lon="-117.93919000000001">
    <ele>623.96</ele>
   </trkpt>
   <trkpt lat="49.34376" lon="-117.93921">
    <ele>622.9800000000001</ele>
   </trkpt>
   <trkpt lat="49.343070000000004" lon="-117.93954000000001">
    <ele>622.59</ele>
   </trkpt>
   <trkpt lat="49.342670000000005" lon="-117.9398">
    <ele>622.8</ele>
   </trkpt>
   <trkpt lat="49.34255" lon="-117.93982000000001">
    <ele>622.8</ele>
   </trkpt>
   <trkpt lat="49.34234000000001" lon="-117.93989">
    <ele>622.83</ele>
   </trkpt>
   <trkpt lat="49.342020000000005" lon="-117.93984">
    <ele>622.73</ele>
   </trkpt>
   <trkpt lat="49.34181" lon="-117.93966">
    <ele>622.35</ele>
   </trkpt>
   <trkpt lat="49.341660000000005" lon="-117.93948">
    <ele>621.65</ele>
   </trkpt>
   <trkpt lat="49.34147" lon="-117.93904">
    <ele>621.2700000000001</ele>
   </trkpt>
   <trkpt lat="49.341390000000004" lon="-117.93878000000001">
    <ele>621.21</ele>
   </trkpt>
   <trkpt lat="49.34136" lon="-117.93818">
    <ele>621.51</ele>
   </trkpt>
   <trkpt lat="49.341480000000004" lon="-117.93765">
    <ele>621.5200000000001</ele>
   </trkpt>
   <trkpt lat="49.34176" lon="-117.93722000000001">
    <ele>621.34</ele>
   </trkpt>
   <trkpt lat="49.342483336991954" lon="-117.9365700190968">
    <ele>620.2500000000001</ele>
   </trkpt>
   <trkpt lat="49.34320667033928" lon="-117.93592001908462">
    <ele>618.5500000000001</ele>
   </trkpt>
   <trkpt lat="49.34393000000001" lon="-117.93527">
    <ele>616.99</ele>
   </trkpt>
   <trkpt lat="49.34427" lon="-117.93491000000002">
    <ele>616.0300000000001</ele>
   </trkpt>
   <trkpt lat="49.34451000000001" lon="-117.93442">
    <ele>615.2500000000001</ele>
   </trkpt>
   <trkpt lat="49.34463" lon="-117.93399000000001">
    <ele>614.85</ele>
   </trkpt>
   <trkpt lat="49.344710000000006" lon="-117.93339">
    <ele>613.63</ele>
   </trkpt>
   <trkpt lat="49.344660000000005" lon="-117.93267000000002">
    <ele>612.84</ele>
   </trkpt>
   <trkpt lat="49.344480000000004" lon="-117.93142">
    <ele>611.4300000000001</ele>
   </trkpt>
   <trkpt lat="49.344460000000005" lon="-117.93088000000002">
    <ele>610.0000000000001</ele>
   </trkpt>
   <trkpt lat="49.34452" lon="-117.93032000000001">
    <ele>609.4200000000001</ele>
   </trkpt>
   <trkpt lat="49.344800000000006" lon="-117.92932">
    <ele>608.1800000000001</ele>
   </trkpt>
   <trkpt lat="49.344840000000005" lon="-117.92892">
    <ele>607.7600000000001</ele>
   </trkpt>
   <trkpt lat="49.34483" lon="-117.92838">
    <ele>606.46</ele>
   </trkpt>
   <trkpt lat="49.344550000000005" lon="-117.92731">
    <ele>604.7</ele>
   </trkpt>
   <trkpt lat="49.34441" lon="-117.92663">
    <ele>603.7900000000001</ele>
   </trkpt>
   <trkpt lat="49.34436" lon="-117.92605">
    <ele>603.5100000000001</ele>
   </trkpt>
   <trkpt lat="49.34440000000001" lon="-117.9256">
    <ele>602.7900000000001</ele>
   </trkpt>
   <trkpt lat="49.34440000000001" lon="-117.92561">
    <ele>602.8</ele>
   </trkpt>
   <trkpt lat="49.34449000541883" lon="-117.92449000194541">
    <ele>600.5200000000001</ele>
   </trkpt>
   <trkpt lat="49.34458" lon="-117.92337">
    <ele>599.22</ele>
   </trkpt>
   <trkpt lat="49.344570000000004" lon="-117.92238">
    <ele>597.31</ele>
   </trkpt>
   <trkpt lat="49.34436" lon="-117.9214">
    <ele>596.0500000000001</ele>
   </trkpt>
   <trkpt lat="49.344260000000006" lon="-117.92074000000001">
    <ele>594.83</ele>
   </trkpt>
   <trkpt lat="49.34421000663697" lon="-117.9194999988616">
    <ele>593.1</ele>
   </trkpt>
   <trkpt lat="49.34416" lon="-117.91826">
    <ele>591.2</ele>
   </trkpt>
   <trkpt lat="49.344080000000005" lon="-117.91729000000001">
    <ele>589.5100000000001</ele>
   </trkpt>
   <trkpt lat="49.344190000000005" lon="-117.91642000000002">
    <ele>588.4100000000001</ele>
   </trkpt>
   <trkpt lat="49.344210000000004" lon="-117.91581000000001">
    <ele>587.55</ele>
   </trkpt>
   <trkpt lat="49.344100000000005" lon="-117.91514000000001">
    <ele>586.8800000000001</ele>
   </trkpt>
   <trkpt lat="49.34382" lon="-117.91463000000002">
    <ele>585.9300000000001</ele>
   </trkpt>
   <trkpt lat="49.343650000000004" lon="-117.91401">
    <ele>584.8100000000001</ele>
   </trkpt>
   <trkpt lat="49.343590000000006" lon="-117.91316">
    <ele>583.82</ele>
   </trkpt>
   <trkpt lat="49.343335003148105" lon="-117.91230999570098">
    <ele>582.31</ele>
   </trkpt>
   <trkpt lat="49.34308" lon="-117.91146">
    <ele>580.96</ele>
   </trkpt>
   <trkpt lat="49.342960000000005" lon="-117.91065">
    <ele>579.7800000000001</ele>
   </trkpt>
   <trkpt lat="49.34288" lon="-117.90954">
    <ele>577.97</ele>
   </trkpt>
   <trkpt lat="49.342780000000005" lon="-117.90921000000002">
    <ele>577.5400000000001</ele>
   </trkpt>
   <trkpt lat="49.3423" lon="-117.90841">
    <ele>576.08</ele>
   </trkpt>
   <trkpt lat="49.34207000000001" lon="-117.90783">
    <ele>575.5400000000001</ele>
   </trkpt>
   <trkpt lat="49.34198000000001" lon="-117.90743">
    <ele>574.67</ele>
   </trkpt>
   <trkpt lat="49.34196000000001" lon="-117.90702">
    <ele>574.19</ele>
   </trkpt>
   <trkpt lat="49.3419700022078" lon="-117.9063049999505">
    <ele>573.0500000000001</ele>
   </trkpt>
   <trkpt lat="49.34198000000001" lon="-117.90559">
    <ele>571.96</ele>
   </trkpt>
   <trkpt lat="49.34193000205089" lon="-117.90489999926207">
    <ele>570.35</ele>
   </trkpt>
   <trkpt lat="49.34188" lon="-117.90421">
    <ele>569.4</ele>
   </trkpt>
   <trkpt lat="49.34175000224698" lon="-117.90348999815868">
    <ele>568.3900000000001</ele>
   </trkpt>
   <trkpt lat="49.341620000000006" lon="-117.90277">
    <ele>567.6600000000001</ele>
   </trkpt>
   <trkpt lat="49.341210000000004" lon="-117.90156">
    <ele>564.9200000000001</ele>
   </trkpt>
   <trkpt lat="49.340900000000005" lon="-117.90049">
    <ele>562.7500000000001</ele>
   </trkpt>
   <trkpt lat="49.34073" lon="-117.8996">
    <ele>560.71</ele>
   </trkpt>
   <trkpt lat="49.340680000000006" lon="-117.89856">
    <ele>559.55</ele>
   </trkpt>
   <trkpt lat="49.34060000436188" lon="-117.89755499843277">
    <ele>558.0400000000001</ele>
   </trkpt>
   <trkpt lat="49.340520000000005" lon="-117.89655">
    <ele>557.03</ele>
   </trkpt>
   <trkpt lat="49.340360000000004" lon="-117.89601">
    <ele>556.13</ele>
   </trkpt>
   <trkpt lat="49.33990000000001" lon="-117.89543">
    <ele>554.86</ele>
   </trkpt>
   <trkpt lat="49.339560000000006" lon="-117.89507">
    <ele>554.15</ele>
   </trkpt>
   <trkpt lat="49.339360000000006" lon="-117.89466000000002">
    <ele>553.58</ele>
   </trkpt>
   <trkpt lat="49.339225004135" lon="-117.89367999725677">
    <ele>551.9200000000001</ele>
   </trkpt>
   <trkpt lat="49.339090000000006" lon="-117.8927">
    <ele>550.47</ele>
   </trkpt>
   <trkpt lat="49.33886001354977" lon="-117.8914466549436">
    <ele>548.3</ele>
   </trkpt>
   <trkpt lat="49.338630013548126" lon="-117.8901933216016">
    <ele>546.2600000000001</ele>
   </trkpt>
   <trkpt lat="49.33840000000001" lon="-117.88894">
    <ele>544.19</ele>
   </trkpt>
   <trkpt lat="49.33838" lon="-117.88836">
    <ele>543.5699999999999</ele>
   </trkpt>
   <trkpt lat="49.33848000314671" lon="-117.88751000146962">
    <ele>542.7700000000001</ele>
   </trkpt>
   <trkpt lat="49.33858000000001" lon="-117.88666">
    <ele>541.8700000000001</ele>
   </trkpt>
   <trkpt lat="49.33867000000001" lon="-117.88567">
    <ele>540.5600000000001</ele>
   </trkpt>
   <trkpt lat="49.33863" lon="-117.885">
    <ele>539.51</ele>
   </trkpt>
   <trkpt lat="49.33843" lon="-117.88427000000001">
    <ele>538.4300000000001</ele>
   </trkpt>
   <trkpt lat="49.33812" lon="-117.88313000000001">
    <ele>536.9900000000001</ele>
   </trkpt>
   <trkpt lat="49.337990000000005" lon="-117.88255000000001">
    <ele>536.1</ele>
   </trkpt>
   <trkpt lat="49.337790000000005" lon="-117.88213">
    <ele>535.5000000000001</ele>
   </trkpt>
   <trkpt lat="49.337500000000006" lon="-117.88159">
    <ele>534.3</ele>
   </trkpt>
   <trkpt lat="49.33713" lon="-117.88101">
    <ele>533.13</ele>
   </trkpt>
   <trkpt lat="49.33701000000001" lon="-117.88071000000001">
    <ele>532.3100000000001</ele>
   </trkpt>
   <trkpt lat="49.33691" lon="-117.88039">
    <ele>532.07</ele>
   </trkpt>
   <trkpt lat="49.336870000000005" lon="-117.88003">
    <ele>531.42</ele>
   </trkpt>
   <trkpt lat="49.336795006569645" lon="-117.87879499796499">
    <ele>529.5300000000001</ele>
   </trkpt>
   <trkpt lat="49.33672000000001" lon="-117.87756">
    <ele>527.4300000000001</ele>
   </trkpt>
   <trkpt lat="49.33656334409587" lon="-117.87644332626229">
    <ele>525.66</ele>
   </trkpt>
   <trkpt lat="49.33640667743447" lon="-117.87532665963325">
    <ele>523.94</ele>
   </trkpt>
   <trkpt lat="49.33625000000001" lon="-117.87421">
    <ele>522.37</ele>
   </trkpt>
   <trkpt lat="49.33615" lon="-117.87371">
    <ele>521.8900000000001</ele>
   </trkpt>
   <trkpt lat="49.33576" lon="-117.87304">
    <ele>520.47</ele>
   </trkpt>
   <trkpt lat="49.33516" lon="-117.87249000000001">
    <ele>519.2800000000001</ele>
   </trkpt>
   <trkpt lat="49.33491" lon="-117.87215">
    <ele>518.94</ele>
   </trkpt>
   <trkpt lat="49.33473000000001" lon="-117.87143">
    <ele>517.4700000000001</ele>
   </trkpt>
   <trkpt lat="49.33461334653068" lon="-117.87019332751092">
    <ele>514.73</ele>
   </trkpt>
   <trkpt lat="49.33449667986773" lon="-117.8689566608839">
    <ele>513.19</ele>
   </trkpt>
   <trkpt lat="49.33438" lon="-117.86772">
    <ele>511.2300000000001</ele>
   </trkpt>
   <trkpt lat="49.33433500440484" lon="-117.86670999918114">
    <ele>509.38000000000005</ele>
   </trkpt>
   <trkpt lat="49.33429" lon="-117.8657">
    <ele>507.73</ele>
   </trkpt>
   <trkpt lat="49.33449000556849" lon="-117.86456000484463">
    <ele>505.87</ele>
   </trkpt>
   <trkpt lat="49.33469" lon="-117.86342">
    <ele>503.34</ele>
   </trkpt>
   <trkpt lat="49.33496" lon="-117.86257">
    <ele>502.74000000000007</ele>
   </trkpt>
   <trkpt lat="49.335080000000005" lon="-117.86212">
    <ele>502.39</ele>
   </trkpt>
   <trkpt lat="49.335150000000006" lon="-117.86167">
    <ele>501.4200000000001</ele>
   </trkpt>
   <trkpt lat="49.33516" lon="-117.861">
    <ele>500.5900000000001</ele>
   </trkpt>
   <trkpt lat="49.335100000000004" lon="-117.86014000000002">
    <ele>499.04</ele>
   </trkpt>
   <trkpt lat="49.33503500342319" lon="-117.85924999891348">
    <ele>497.85</ele>
   </trkpt>
   <trkpt lat="49.334970000000006" lon="-117.85836">
    <ele>495.98</ele>
   </trkpt>
   <trkpt lat="49.335060000000006" lon="-117.85764">
    <ele>495.14</ele>
   </trkpt>
   <trkpt lat="49.335410003490445" lon="-117.85674500627408">
    <ele>493.38000000000005</ele>
   </trkpt>
   <trkpt lat="49.33576" lon="-117.85585">
    <ele>492.36</ele>
   </trkpt>
   <trkpt lat="49.33579000397312" lon="-117.85489000065368">
    <ele>490.95000000000005</ele>
   </trkpt>
   <trkpt lat="49.335820000000005" lon="-117.85393">
    <ele>489.67</ele>
   </trkpt>
   <trkpt lat="49.33587000000001" lon="-117.85366">
    <ele>489.33000000000004</ele>
   </trkpt>
   <trkpt lat="49.33585" lon="-117.85335">
    <ele>489.06000000000006</ele>
   </trkpt>
   <trkpt lat="49.335750000000004" lon="-117.8529">
    <ele>487.68000000000006</ele>
   </trkpt>
   <trkpt lat="49.335520002411606" lon="-117.85214499631714">
    <ele>486.52000000000004</ele>
   </trkpt>
   <trkpt lat="49.33529" lon="-117.85139000000001">
    <ele>484.93</ele>
   </trkpt>
   <trkpt lat="49.33522000000001" lon="-117.85084">
    <ele>484.18000000000006</ele>
   </trkpt>
   <trkpt lat="49.335293346521844" lon="-117.84960333710285">
    <ele>482.02000000000004</ele>
   </trkpt>
   <trkpt lat="49.335366679850196" lon="-117.84836667052038">
    <ele>479.91</ele>
   </trkpt>
   <trkpt lat="49.335440000000006" lon="-117.84713">
    <ele>478.28000000000003</ele>
   </trkpt>
   <trkpt lat="49.33548667535522" lon="-117.84612666848241">
    <ele>476.87</ele>
   </trkpt>
   <trkpt lat="49.33553334202594" lon="-117.84512333506213">
    <ele>475.86000000000007</ele>
   </trkpt>
   <trkpt lat="49.33558000000001" lon="-117.84412">
    <ele>473.71000000000004</ele>
   </trkpt>
   <trkpt lat="49.335660000000004" lon="-117.84315000000001">
    <ele>472.61</ele>
   </trkpt>
   <trkpt lat="49.335980000000006" lon="-117.84215">
    <ele>471.01000000000005</ele>
   </trkpt>
   <trkpt lat="49.33628" lon="-117.84145000000001">
    <ele>469.85</ele>
   </trkpt>
   <trkpt lat="49.336400000000005" lon="-117.84108">
    <ele>468.61</ele>
   </trkpt>
   <trkpt lat="49.33646" lon="-117.84031000000002">
    <ele>468.16</ele>
   </trkpt>
   <trkpt lat="49.33643000000001" lon="-117.83987">
    <ele>467.57000000000005</ele>
   </trkpt>
   <trkpt lat="49.336290000000005" lon="-117.83942">
    <ele>467.09000000000003</ele>
   </trkpt>
   <trkpt lat="49.33615" lon="-117.83902">
    <ele>466.52000000000004</ele>
   </trkpt>
   <trkpt lat="49.335765001329655" lon="-117.83843499520147">
    <ele>464.76000000000005</ele>
   </trkpt>
   <trkpt lat="49.33538" lon="-117.83785">
    <ele>463.88</ele>
   </trkpt>
   <trkpt lat="49.33522000000001" lon="-117.83733000000001">
    <ele>462.92</ele>
   </trkpt>
   <trkpt lat="49.335100000000004" lon="-117.83682">
    <ele>462.21000000000004</ele>
   </trkpt>
   <trkpt lat="49.3349950039445" lon="-117.83586499805841">
    <ele>460.23</ele>
   </trkpt>
   <trkpt lat="49.33489" lon="-117.83491000000001">
    <ele>458.78000000000003</ele>
   </trkpt>
   <trkpt lat="49.33482" lon="-117.83375000000001">
    <ele>456.76000000000005</ele>
   </trkpt>
   <trkpt lat="49.33482" lon="-117.83279">
    <ele>455.23</ele>
   </trkpt>
   <trkpt lat="49.33498" lon="-117.83172">
    <ele>453.68</ele>
   </trkpt>
   <trkpt lat="49.335190000000004" lon="-117.83056">
    <ele>452.76000000000005</ele>
   </trkpt>
   <trkpt lat="49.33523" lon="-117.82988">
    <ele>452.22</ele>
   </trkpt>
   <trkpt lat="49.33523" lon="-117.82953">
    <ele>452.03000000000003</ele>
   </trkpt>
   <trkpt lat="49.33516000295739" lon="-117.82869999865171">
    <ele>451.77000000000004</ele>
   </trkpt>
   <trkpt lat="49.33509" lon="-117.82787">
    <ele>451.62</ele>
   </trkpt>
   <trkpt lat="49.335080000000005" lon="-117.8272">
    <ele>451.61</ele>
   </trkpt>
   <trkpt lat="49.33516" lon="-117.82618000000001">
    <ele>451.67</ele>
   </trkpt>
   <trkpt lat="49.33527000254231" lon="-117.82541000182673">
    <ele>451.76000000000005</ele>
   </trkpt>
   <trkpt lat="49.33538" lon="-117.82464000000002">
    <ele>452.03000000000003</ele>
   </trkpt>
   <trkpt lat="49.335565002668496" lon="-117.82386000274545">
    <ele>452.09000000000003</ele>
   </trkpt>
   <trkpt lat="49.335750000000004" lon="-117.82308">
    <ele>452.25000000000006</ele>
   </trkpt>
   <trkpt lat="49.33601" lon="-117.82209">
    <ele>453.18</ele>
   </trkpt>
   <trkpt lat="49.336040000000004" lon="-117.82175000000001">
    <ele>453.27000000000004</ele>
   </trkpt>
   <trkpt lat="49.33607000000001" lon="-117.82102">
    <ele>454.07</ele>
   </trkpt>
   <trkpt lat="49.33603" lon="-117.82044">
    <ele>454.17</ele>
   </trkpt>
   <trkpt lat="49.335890000000006" lon="-117.81999">
    <ele>454.25000000000006</ele>
   </trkpt>
   <trkpt lat="49.33552" lon="-117.819">
    <ele>454.27000000000004</ele>
   </trkpt>
   <trkpt lat="49.335350000000005" lon="-117.81833">
    <ele>454.18</ele>
   </trkpt>
   <trkpt lat="49.33527" lon="-117.8178">
    <ele>454.1</ele>
   </trkpt>
   <trkpt lat="49.3352400090929" lon="-117.81677333207293">
    <ele>453.75000000000006</ele>
   </trkpt>
   <trkpt lat="49.33521000909263" lon="-117.81574666539713">
    <ele>453.19000000000005</ele>
   </trkpt>
   <trkpt lat="49.33518" lon="-117.81472000000001">
    <ele>452.57</ele>
   </trkpt>
   <trkpt lat="49.3351800059047" lon="-117.8135500000748">
    <ele>451.93000000000006</ele>
   </trkpt>
   <trkpt lat="49.33518" lon="-117.81238">
    <ele>451.5</ele>
   </trkpt>
   <trkpt lat="49.33523334100743" lon="-117.81143666876045">
    <ele>451.23</ele>
   </trkpt>
   <trkpt lat="49.335286674337986" lon="-117.81049333547648">
    <ele>451.12</ele>
   </trkpt>
   <trkpt lat="49.33534" lon="-117.80955000000002">
    <ele>451.22</ele>
   </trkpt>
   <trkpt lat="49.33544751741259" lon="-117.80839000759971">
    <ele>451.22</ele>
   </trkpt>
   <trkpt lat="49.33555502321691" lon="-117.80723001013192">
    <ele>451.11</ele>
   </trkpt>
   <trkpt lat="49.33566251741288" lon="-117.80607000759711">
    <ele>451.1</ele>
   </trkpt>
   <trkpt lat="49.335770000000004" lon="-117.80491">
    <ele>450.99000000000007</ele>
   </trkpt>
   <trkpt lat="49.33596500419714" lon="-117.80392000407691">
    <ele>451.25000000000006</ele>
   </trkpt>
   <trkpt lat="49.33616000000001" lon="-117.80293">
    <ele>451.42</ele>
   </trkpt>
   <trkpt lat="49.33641000364632" lon="-117.80201000468986">
    <ele>451.24</ele>
   </trkpt>
   <trkpt lat="49.33666" lon="-117.80109000000002">
    <ele>451.28000000000003</ele>
   </trkpt>
   <trkpt lat="49.336760000000005" lon="-117.80038">
    <ele>451.25000000000006</ele>
   </trkpt>
   <trkpt lat="49.336780000000005" lon="-117.7998">
    <ele>451.66</ele>
   </trkpt>
   <trkpt lat="49.336690000000004" lon="-117.79922">
    <ele>451.77000000000004</ele>
   </trkpt>
   <trkpt lat="49.336495002053425" lon="-117.79852499713931">
    <ele>451.72</ele>
   </trkpt>
   <trkpt lat="49.3363" lon="-117.79783">
    <ele>451.65000000000003</ele>
   </trkpt>
   <trkpt lat="49.33625000000001" lon="-117.79756">
    <ele>451.65000000000003</ele>
   </trkpt>
   <trkpt lat="49.336220000000004" lon="-117.79725">
    <ele>451.70000000000005</ele>
   </trkpt>
   <trkpt lat="49.336240000000004" lon="-117.79684">
    <ele>451.70000000000005</ele>
   </trkpt>
   <trkpt lat="49.33632" lon="-117.79626">
    <ele>451.70000000000005</ele>
   </trkpt>
   <trkpt lat="49.33634000000001" lon="-117.79587000000001">
    <ele>451.79</ele>
   </trkpt>
   <trkpt lat="49.33632" lon="-117.79523">
    <ele>451.69000000000005</ele>
   </trkpt>
   <trkpt lat="49.336110000000005" lon="-117.7946">
    <ele>451.67</ele>
   </trkpt>
   <trkpt lat="49.33576" lon="-117.7938">
    <ele>451.61</ele>
   </trkpt>
   <trkpt lat="49.33554" lon="-117.79299">
    <ele>451.74</ele>
   </trkpt>
   <trkpt lat="49.335387514338706" lon="-117.7919374902441">
    <ele>451.77000000000004</ele>
   </trkpt>
   <trkpt lat="49.335235019120795" lon="-117.79088498700975">
    <ele>451.69000000000005</ele>
   </trkpt>
   <trkpt lat="49.335082514346354" lon="-117.78983249029726">
    <ele>451.55000000000007</ele>
   </trkpt>
   <trkpt lat="49.33493000000001" lon="-117.78878">
    <ele>451.47</ele>
   </trkpt>
   <trkpt lat="49.33483000410792" lon="-117.78780499809149">
    <ele>451.27000000000004</ele>
   </trkpt>
   <trkpt lat="49.33473000000001" lon="-117.78683000000001">
    <ele>451.21000000000004</ele>
   </trkpt>
   <trkpt lat="49.33467000484107" lon="-117.78576999861002">
    <ele>451.19</ele>
   </trkpt>
   <trkpt lat="49.334610000000005" lon="-117.78471">
    <ele>451.04</ele>
   </trkpt>
   <trkpt lat="49.3346" lon="-117.7839">
    <ele>451.01</ele>
   </trkpt>
   <trkpt lat="49.334610000000005" lon="-117.78309000000002">
    <ele>451.06</ele>
   </trkpt>
   <trkpt lat="49.334610000000005" lon="-117.7831">
    <ele>451.06</ele>
   </trkpt>
   <trkpt lat="49.334610000000005" lon="-117.78284000000001">
    <ele>451.02000000000004</ele>
   </trkpt>
   <trkpt lat="49.33456" lon="-117.78274">
    <ele>451.08000000000004</ele>
   </trkpt>
   <trkpt lat="49.33457000000001" lon="-117.78247">
    <ele>450.91</ele>
   </trkpt>
   <trkpt lat="49.33466000000001" lon="-117.78235000000001">
    <ele>450.71000000000004</ele>
   </trkpt>
   <trkpt lat="49.334880000000005" lon="-117.78193">
    <ele>450.0</ele>
   </trkpt>
   <trkpt lat="49.33489" lon="-117.78184">
    <ele>449.98</ele>
   </trkpt>
   <trkpt lat="49.33489" lon="-117.78185">
    <ele>449.98</ele>
   </trkpt>
   <trkpt lat="49.33503334074725" lon="-117.78092333869225">
    <ele>450.08000000000004</ele>
   </trkpt>
   <trkpt lat="49.33517667408651" lon="-117.77999667198738">
    <ele>449.58000000000004</ele>
   </trkpt>
   <trkpt lat="49.33532" lon="-117.77907">
    <ele>449.52000000000004</ele>
   </trkpt>
   <trkpt lat="49.335440000000006" lon="-117.77804">
    <ele>449.44000000000005</ele>
   </trkpt>
   <trkpt lat="49.33549000000001" lon="-117.77728">
    <ele>449.28000000000003</ele>
   </trkpt>
   <trkpt lat="49.335480000000004" lon="-117.77607">
    <ele>449.18</ele>
   </trkpt>
   <trkpt lat="49.33541" lon="-117.77513">
    <ele>449.19</ele>
   </trkpt>
   <trkpt lat="49.33535000493424" lon="-117.77405999862025">
    <ele>449.22</ele>
   </trkpt>
   <trkpt lat="49.33529" lon="-117.77299000000001">
    <ele>449.40000000000003</ele>
   </trkpt>
   <trkpt lat="49.335280000000004" lon="-117.77249">
    <ele>449.76000000000005</ele>
   </trkpt>
   <trkpt lat="49.335330000000006" lon="-117.77201000000001">
    <ele>449.76000000000005</ele>
   </trkpt>
   <trkpt lat="49.33547" lon="-117.77141">
    <ele>449.83000000000004</ele>
   </trkpt>
   <trkpt lat="49.335550000000005" lon="-117.77134000000001">
    <ele>449.83000000000004</ele>
   </trkpt>
   <trkpt lat="49.335950000000004" lon="-117.77063000000001">
    <ele>449.55000000000007</ele>
   </trkpt>
   <trkpt lat="49.33583" lon="-117.77018000000001">
    <ele>449.19</ele>
   </trkpt>
   <trkpt lat="49.335567515097175" lon="-117.76909998273499">
    <ele>451.17</ele>
   </trkpt>
   <trkpt lat="49.33530502013175" lon="-117.76801997698927">
    <ele>457.39</ele>
   </trkpt>
   <trkpt lat="49.33504251510386" lon="-117.76693998276309">
    <ele>462.26000000000005</ele>
   </trkpt>
   <trkpt lat="49.33478" lon="-117.76586">
    <ele>466.45000000000005</ele>
   </trkpt>
   <trkpt lat="49.33467" lon="-117.76515">
    <ele>468.57000000000005</ele>
   </trkpt>
   <trkpt lat="49.334630000000004" lon="-117.76458000000001">
    <ele>469.58000000000004</ele>
   </trkpt>
   <trkpt lat="49.334610000000005" lon="-117.76375000000002">
    <ele>470.54</ele>
   </trkpt>
   <trkpt lat="49.334700002147706" lon="-117.76304000150895">
    <ele>470.9200000000001</ele>
   </trkpt>
   <trkpt lat="49.334790000000005" lon="-117.76233">
    <ele>470.81000000000006</ele>
   </trkpt>
   <trkpt lat="49.33501502818736" lon="-117.76118669282654">
    <ele>470.40000000000003</ele>
   </trkpt>
   <trkpt lat="49.335240045097905" lon="-117.76004337519944">
    <ele>469.70000000000005</ele>
   </trkpt>
   <trkpt lat="49.335465050731464" lon="-117.758900047119">
    <ele>469.47</ele>
   </trkpt>
   <trkpt lat="49.33569004508785" lon="-117.7577567085856">
    <ele>469.23</ele>
   </trkpt>
   <trkpt lat="49.33591502816684" lon="-117.75661335959958">
    <ele>469.47</ele>
   </trkpt>
   <trkpt lat="49.33614000000001" lon="-117.75547">
    <ele>469.90000000000003</ele>
   </trkpt>
   <trkpt lat="49.33623000000001" lon="-117.75494">
    <ele>470.20000000000005</ele>
   </trkpt>
   <trkpt lat="49.336270000000006" lon="-117.75426000000002">
    <ele>470.33000000000004</ele>
   </trkpt>
   <trkpt lat="49.33626170181855" lon="-117.7529833322541">
    <ele>470.44</ele>
   </trkpt>
   <trkpt lat="49.33625338957632" lon="-117.75170666493901">
    <ele>470.75000000000006</ele>
   </trkpt>
   <trkpt lat="49.33624506327336" lon="-117.75042999805548">
    <ele>471.11</ele>
   </trkpt>
   <trkpt lat="49.33623672290964" lon="-117.74915333160429">
    <ele>471.28000000000003</ele>
   </trkpt>
   <trkpt lat="49.3362283684852" lon="-117.74787666558613">
    <ele>471.47</ele>
   </trkpt>
   <trkpt lat="49.336220000000004" lon="-117.74660000000002">
    <ele>471.54</ele>
   </trkpt>
   <trkpt lat="49.3362025243759" lon="-117.74522749849665">
    <ele>471.79</ele>
   </trkpt>
   <trkpt lat="49.33618503250083" lon="-117.74385499796837">
    <ele>471.41</ele>
   </trkpt>
   <trkpt lat="49.33616752437486" lon="-117.74248249841607">
    <ele>470.78000000000003</ele>
   </trkpt>
   <trkpt lat="49.33615" lon="-117.74111">
    <ele>469.58000000000004</ele>
   </trkpt>
   <trkpt lat="49.336045014889095" lon="-117.74003749318095">
    <ele>468.95000000000005</ele>
   </trkpt>
   <trkpt lat="49.33594001985498" lon="-117.73896499093739">
    <ele>466.5</ele>
   </trkpt>
   <trkpt lat="49.33583501489775" lon="-117.73789249326975">
    <ele>464.64000000000004</ele>
   </trkpt>
   <trkpt lat="49.335730000000005" lon="-117.73682000000001">
    <ele>461.31000000000006</ele>
   </trkpt>
   <trkpt lat="49.335580007888304" lon="-117.73546999612914">
    <ele>459.44</ele>
   </trkpt>
   <trkpt lat="49.33543" lon="-117.73412">
    <ele>459.64000000000004</ele>
   </trkpt>
   <trkpt lat="49.33520000000001" lon="-117.73292000000001">
    <ele>461.45000000000005</ele>
   </trkpt>
   <trkpt lat="49.33493500440094" lon="-117.73190999456524">
    <ele>462.74</ele>
   </trkpt>
   <trkpt lat="49.33467" lon="-117.7309">
    <ele>463.68</ele>
   </trkpt>
   <trkpt lat="49.33444000298869" lon="-117.73006999618352">
    <ele>464.14000000000004</ele>
   </trkpt>
   <trkpt lat="49.334210000000006" lon="-117.72924">
    <ele>463.84000000000003</ele>
   </trkpt>
   <trkpt lat="49.33415" lon="-117.72861">
    <ele>463.78000000000003</ele>
   </trkpt>
   <trkpt lat="49.33417000000001" lon="-117.72758">
    <ele>463.4800000000001</ele>
   </trkpt>
   <trkpt lat="49.33409000202999" lon="-117.72689499893801">
    <ele>463.21</ele>
   </trkpt>
   <trkpt lat="49.334010000000006" lon="-117.72621000000001">
    <ele>462.64000000000004</ele>
   </trkpt>
   <trkpt lat="49.33389500351603" lon="-117.72530499775316">
    <ele>461.64000000000004</ele>
   </trkpt>
   <trkpt lat="49.333780000000004" lon="-117.7244">
    <ele>460.09000000000003</ele>
   </trkpt>
   <trkpt lat="49.333745007234185" lon="-117.72310499909236">
    <ele>458.51</ele>
   </trkpt>
   <trkpt lat="49.33371" lon="-117.72181">
    <ele>456.27000000000004</ele>
   </trkpt>
   <trkpt lat="49.33368501965805" lon="-117.7205774981572">
    <ele>455.3</ele>
   </trkpt>
   <trkpt lat="49.33366002621119" lon="-117.71934499756568">
    <ele>452.68</ele>
   </trkpt>
   <trkpt lat="49.33363501965943" lon="-117.71811249822612">
    <ele>451.29</ele>
   </trkpt>
   <trkpt lat="49.33361000000001" lon="-117.71688">
    <ele>448.13</ele>
   </trkpt>
   <trkpt lat="49.333470000000005" lon="-117.71567">
    <ele>445.33000000000004</ele>
   </trkpt>
   <trkpt lat="49.33325000453137" lon="-117.71463999518674">
    <ele>443.48</ele>
   </trkpt>
   <trkpt lat="49.33303" lon="-117.71361">
    <ele>442.19</ele>
   </trkpt>
   <trkpt lat="49.33292000228255" lon="-117.71287999826168">
    <ele>442.03000000000003</ele>
   </trkpt>
   <trkpt lat="49.33281" lon="-117.71215000000001">
    <ele>442.56</ele>
   </trkpt>
   <trkpt lat="49.332740005462334" lon="-117.71102499844886">
    <ele>444.90000000000003</ele>
   </trkpt>
   <trkpt lat="49.33267000000001" lon="-117.7099">
    <ele>446.11000000000007</ele>
   </trkpt>
   <trkpt lat="49.33255000701368" lon="-117.70862499690786">
    <ele>446.3</ele>
   </trkpt>
   <trkpt lat="49.33243" lon="-117.70735">
    <ele>444.70000000000005</ele>
   </trkpt>
   <trkpt lat="49.3322600133936" lon="-117.70633248943503">
    <ele>442.56</ele>
   </trkpt>
   <trkpt lat="49.332090017855435" lon="-117.70531498589749">
    <ele>440.06000000000006</ele>
   </trkpt>
   <trkpt lat="49.33192001338563" lon="-117.70429748938773">
    <ele>436.56000000000006</ele>
   </trkpt>
   <trkpt lat="49.33175000000001" lon="-117.70328">
    <ele>435.00000000000006</ele>
   </trkpt>
   <trkpt lat="49.331460013731345" lon="-117.70224998180582">
    <ele>435.50000000000006</ele>
   </trkpt>
   <trkpt lat="49.331170018309976" lon="-117.70121997574692">
    <ele>436.7300000000001</ele>
   </trkpt>
   <trkpt lat="49.33088001373611" lon="-117.7001899818234">
    <ele>437.28000000000003</ele>
   </trkpt>
   <trkpt lat="49.33059" lon="-117.69916">
    <ele>437.97</ele>
   </trkpt>
   <trkpt lat="49.33024402757081" lon="-117.69789596447771">
    <ele>437.1700000000001</ele>
   </trkpt>
   <trkpt lat="49.32989804135747" lon="-117.69663194672226">
    <ele>437.13</ele>
   </trkpt>
   <trkpt lat="49.32955204136037" lon="-117.69536794673392">
    <ele>438.49</ele>
   </trkpt>
   <trkpt lat="49.32920602757985" lon="-117.6941039645129">
    <ele>440.73</ele>
   </trkpt>
   <trkpt lat="49.328860000000006" lon="-117.69284">
    <ele>440.74</ele>
   </trkpt>
   <trkpt lat="49.32866500416145" lon="-117.69185999621212">
    <ele>440.09000000000003</ele>
   </trkpt>
   <trkpt lat="49.32847" lon="-117.69088">
    <ele>440.19</ele>
   </trkpt>
   <trkpt lat="49.328340011749226" lon="-117.68971332723125">
    <ele>440.61000000000007</ele>
   </trkpt>
   <trkpt lat="49.32821001175576" lon="-117.68854666062346">
    <ele>441.57</ele>
   </trkpt>
   <trkpt lat="49.32808000000001" lon="-117.68738">
    <ele>442.57</ele>
   </trkpt>
   <trkpt lat="49.327980015874154" lon="-117.68627249326724">
    <ele>443.1</ele>
   </trkpt>
   <trkpt lat="49.327880021166415" lon="-117.68516499103299">
    <ele>443.32000000000005</ele>
   </trkpt>
   <trkpt lat="49.32778001587686" lon="-117.68405749329769">
    <ele>444.00000000000006</ele>
   </trkpt>
   <trkpt lat="49.32768" lon="-117.68295">
    <ele>445.35</ele>
   </trkpt>
   <trkpt lat="49.327655002358355" lon="-117.68220999951212">
    <ele>445.55000000000007</ele>
   </trkpt>
   <trkpt lat="49.327630000000006" lon="-117.68147">
    <ele>446.55000000000007</ele>
   </trkpt>
   <trkpt lat="49.32762000297214" lon="-117.68063999987035">
    <ele>447.32000000000005</ele>
   </trkpt>
   <trkpt lat="49.32761000000001" lon="-117.67981">
    <ele>449.17</ele>
   </trkpt>
   <trkpt lat="49.32764" lon="-117.67929000000001">
    <ele>449.8</ele>
   </trkpt>
   <trkpt lat="49.32764" lon="-117.67930000000001">
    <ele>449.79</ele>
   </trkpt>
   <trkpt lat="49.32766" lon="-117.67909000000002">
    <ele>449.79</ele>
   </trkpt>
   <trkpt lat="49.32770000000001" lon="-117.67883">
    <ele>450.41</ele>
   </trkpt>
   <trkpt lat="49.32775" lon="-117.67865">
    <ele>450.41</ele>
   </trkpt>
   <trkpt lat="49.327650000000006" lon="-117.67842">
    <ele>450.61</ele>
   </trkpt>
   <trkpt lat="49.32762" lon="-117.67825">
    <ele>450.61</ele>
   </trkpt>
   <trkpt lat="49.32770000000001" lon="-117.67811">
    <ele>449.77000000000004</ele>
   </trkpt>
   <trkpt lat="49.327740000000006" lon="-117.67784">
    <ele>448.12</ele>
   </trkpt>
   <trkpt lat="49.327760000000005" lon="-117.67753">
    <ele>445.94000000000005</ele>
   </trkpt>
   <trkpt lat="49.327830000000006" lon="-117.67723000000001">
    <ele>444.65000000000003</ele>
   </trkpt>
   <trkpt lat="49.328050000000005" lon="-117.67659">
    <ele>441.13</ele>
   </trkpt>
   <trkpt lat="49.32817000000001" lon="-117.67641">
    <ele>439.73</ele>
   </trkpt>
   <trkpt lat="49.328300000000006" lon="-117.67627000000002">
    <ele>438.88000000000005</ele>
   </trkpt>
   <trkpt lat="49.328450000000004" lon="-117.67601">
    <ele>437.99</ele>
   </trkpt>
   <trkpt lat="49.32880000166018" lon="-117.67538000457222">
    <ele>437.56000000000006</ele>
   </trkpt>
   <trkpt lat="49.329150000000006" lon="-117.67475">
    <ele>437.93</ele>
   </trkpt>
   <trkpt lat="49.32929000000001" lon="-117.67435">
    <ele>438.16</ele>
   </trkpt>
   <trkpt lat="49.32938000000001" lon="-117.6739">
    <ele>439.01</ele>
   </trkpt>
   <trkpt lat="49.329390000000004" lon="-117.67351000000001">
    <ele>439.1700000000001</ele>
   </trkpt>
   <trkpt lat="49.329280000000004" lon="-117.67292">
    <ele>439.92</ele>
   </trkpt>
   <trkpt lat="49.329100000000004" lon="-117.67225">
    <ele>439.28000000000003</ele>
   </trkpt>
   <trkpt lat="49.32896" lon="-117.67202">
    <ele>438.94000000000005</ele>
   </trkpt>
   <trkpt lat="49.328720000000004" lon="-117.67184">
    <ele>438.81</ele>
   </trkpt>
   <trkpt lat="49.32865" lon="-117.67171">
    <ele>438.95000000000005</ele>
   </trkpt>
   <trkpt lat="49.328430000000004" lon="-117.67144">
    <ele>439.74</ele>
   </trkpt>
   <trkpt lat="49.32768" lon="-117.67074000000001">
    <ele>440.44000000000005</ele>
   </trkpt>
   <trkpt lat="49.32713000142429" lon="-117.67032332396856">
    <ele>441.24</ele>
   </trkpt>
   <trkpt lat="49.326580001350756" lon="-117.66990665724636">
    <ele>447.45</ele>
   </trkpt>
   <trkpt lat="49.32603" lon="-117.66949000000001">
    <ele>447.09000000000003</ele>
   </trkpt>
   <trkpt lat="49.32593000000001" lon="-117.66938">
    <ele>446.67</ele>
   </trkpt>
   <trkpt lat="49.32533" lon="-117.66895000000001">
    <ele>446.66</ele>
   </trkpt>
   <trkpt lat="49.32513" lon="-117.66868000000001">
    <ele>445.08000000000004</ele>
   </trkpt>
   <trkpt lat="49.32466" lon="-117.66831">
    <ele>439.41</ele>
   </trkpt>
   <trkpt lat="49.32471" lon="-117.66793000000001">
    <ele>439.39000000000004</ele>
   </trkpt>
   <trkpt lat="49.3248" lon="-117.66751000000001">
    <ele>439.53000000000003</ele>
   </trkpt>
   <trkpt lat="49.32479000000001" lon="-117.66739000000001">
    <ele>439.38000000000005</ele>
   </trkpt>
   <trkpt lat="49.324560000000005" lon="-117.66738000000001">
    <ele>439.24</ele>
   </trkpt>
   <trkpt lat="49.32386" lon="-117.66692">
    <ele>439.96000000000004</ele>
   </trkpt>
   <trkpt lat="49.32372" lon="-117.66668000000001">
    <ele>439.76000000000005</ele>
   </trkpt>
   <trkpt lat="49.3239" lon="-117.66665">
    <ele>439.66</ele>
   </trkpt>
   <trkpt lat="49.32437" lon="-117.66647">
    <ele>439.27000000000004</ele>
   </trkpt>
   <trkpt lat="49.32444" lon="-117.66643">
    <ele>439.27000000000004</ele>
   </trkpt>
   <trkpt lat="49.32444" lon="-117.66644000000001">
    <ele>439.27000000000004</ele>
   </trkpt>
   <trkpt lat="49.325065000465656" lon="-117.66609500440556">
    <ele>440.15000000000003</ele>
   </trkpt>
   <trkpt lat="49.32569" lon="-117.66575">
    <ele>441.86</ele>
   </trkpt>
   <trkpt lat="49.32620000000001" lon="-117.66545">
    <ele>443.72</ele>
   </trkpt>
   <trkpt lat="49.326460000000004" lon="-117.6654">
    <ele>444.35</ele>
   </trkpt>
   <trkpt lat="49.3269" lon="-117.66535">
    <ele>445.94000000000005</ele>
   </trkpt>
   <trkpt lat="49.32725000000001" lon="-117.66543000000001">
    <ele>446.51</ele>
   </trkpt>
   <trkpt lat="49.327470000000005" lon="-117.66559000000001">
    <ele>446.77000000000004</ele>
   </trkpt>
   <trkpt lat="49.32764" lon="-117.66578000000001">
    <ele>446.83000000000004</ele>
   </trkpt>
   <trkpt lat="49.32784" lon="-117.6662">
    <ele>446.58000000000004</ele>
   </trkpt>
   <trkpt lat="49.328090001390585" lon="-117.66678999674214">
    <ele>445.20000000000005</ele>
   </trkpt>
   <trkpt lat="49.328340000000004" lon="-117.66738000000001">
    <ele>444.21000000000004</ele>
   </trkpt>
   <trkpt lat="49.32876" lon="-117.66844">
    <ele>442.28000000000003</ele>
   </trkpt>
   <trkpt lat="49.32901500237815" lon="-117.66919999572553">
    <ele>440.45000000000005</ele>
   </trkpt>
   <trkpt lat="49.32927" lon="-117.66996">
    <ele>439.46000000000004</ele>
   </trkpt>
   <trkpt lat="49.32934" lon="-117.67027000000002">
    <ele>439.37</ele>
   </trkpt>
   <trkpt lat="49.32936" lon="-117.6705">
    <ele>439.43</ele>
   </trkpt>
   <trkpt lat="49.3293" lon="-117.67108">
    <ele>439.9</ele>
   </trkpt>
   <trkpt lat="49.32931000000001" lon="-117.67126">
    <ele>440.18</ele>
   </trkpt>
   <trkpt lat="49.32936" lon="-117.67145000000001">
    <ele>440.18</ele>
   </trkpt>
   <trkpt lat="49.329480000000004" lon="-117.67159000000001">
    <ele>440.20000000000005</ele>
   </trkpt>
   <trkpt lat="49.32952" lon="-117.67162">
    <ele>440.20000000000005</ele>
   </trkpt>
   <trkpt lat="49.32956" lon="-117.67162">
    <ele>440.20000000000005</ele>
   </trkpt>
   <trkpt lat="49.329620000000006" lon="-117.67159000000001">
    <ele>440.1700000000001</ele>
   </trkpt>
   <trkpt lat="49.32968" lon="-117.67153">
    <ele>440.14000000000004</ele>
   </trkpt>
   <trkpt lat="49.32976000000001" lon="-117.67119000000001">
    <ele>439.81</ele>
   </trkpt>
   <trkpt lat="49.32977" lon="-117.67075000000001">
    <ele>439.78000000000003</ele>
   </trkpt>
   <trkpt lat="49.329800000000006" lon="-117.67046">
    <ele>439.6</ele>
   </trkpt>
   <trkpt lat="49.32988" lon="-117.66993000000001">
    <ele>439.32000000000005</ele>
   </trkpt>
   <trkpt lat="49.329950000000004" lon="-117.6696">
    <ele>439.1</ele>
   </trkpt>
   <trkpt lat="49.33005000000001" lon="-117.66929">
    <ele>439.1</ele>
   </trkpt>
   <trkpt lat="49.330180000000006" lon="-117.66898">
    <ele>438.87</ele>
   </trkpt>
   <trkpt lat="49.33065001293743" lon="-117.66811403307625">
    <ele>438.3</ele>
   </trkpt>
   <trkpt lat="49.33112001940527" lon="-117.66724804961677">
    <ele>438.02000000000004</ele>
   </trkpt>
   <trkpt lat="49.33159001940328" lon="-117.66638204962122">
    <ele>437.66</ele>
   </trkpt>
   <trkpt lat="49.332060012931244" lon="-117.66551603308923">
    <ele>437.04</ele>
   </trkpt>
   <trkpt lat="49.332530000000006" lon="-117.66465000000001">
    <ele>436.69</ele>
   </trkpt>
   <trkpt lat="49.33290000214381" lon="-117.66395000520446">
    <ele>436.09000000000003</ele>
   </trkpt>
   <trkpt lat="49.333270000000006" lon="-117.66325">
    <ele>435.09000000000003</ele>
   </trkpt>
   <trkpt lat="49.33341" lon="-117.66293">
    <ele>434.7300000000001</ele>
   </trkpt>
   <trkpt lat="49.333540000000006" lon="-117.66258">
    <ele>434.00000000000006</ele>
   </trkpt>
   <trkpt lat="49.333650000000006" lon="-117.66222">
    <ele>433.55</ele>
   </trkpt>
   <trkpt lat="49.333800000000004" lon="-117.66155">
    <ele>432.93</ele>
   </trkpt>
   <trkpt lat="49.33386" lon="-117.66116000000001">
    <ele>432.53000000000003</ele>
   </trkpt>
   <trkpt lat="49.33391" lon="-117.66054000000001">
    <ele>431.98</ele>
   </trkpt>
   <trkpt lat="49.33393500503562" lon="-117.65946000035959">
    <ele>430.78000000000003</ele>
   </trkpt>
   <trkpt lat="49.333960000000005" lon="-117.65838000000001">
    <ele>431.72</ele>
   </trkpt>
   <trkpt lat="49.33400001154076" lon="-117.65722333524445">
    <ele>434.86</ele>
   </trkpt>
   <trkpt lat="49.33404001153969" lon="-117.65606666860874">
    <ele>439.59000000000003</ele>
   </trkpt>
   <trkpt lat="49.33408000000001" lon="-117.65491000000002">
    <ele>442.8</ele>
   </trkpt>
   <trkpt lat="49.33409" lon="-117.65443">
    <ele>444.29</ele>
   </trkpt>
   <trkpt lat="49.33404" lon="-117.65368000000001">
    <ele>445.98</ele>
   </trkpt>
   <trkpt lat="49.33395" lon="-117.65313">
    <ele>447.18</ele>
   </trkpt>
   <trkpt lat="49.33410000000001" lon="-117.65308">
    <ele>448.18</ele>
   </trkpt>
   <trkpt lat="49.334250000000004" lon="-117.65310000000001">
    <ele>448.73</ele>
   </trkpt>
   <trkpt lat="49.33446000000001" lon="-117.65332000000001">
    <ele>449.48</ele>
   </trkpt>
   <trkpt lat="49.334790000000005" lon="-117.65375000000002">
    <ele>449.08000000000004</ele>
   </trkpt>
   <trkpt lat="49.33517500050603" lon="-117.65411499707993">
    <ele>449.70000000000005</ele>
   </trkpt>
   <trkpt lat="49.33556" lon="-117.65448">
    <ele>450.42</ele>
   </trkpt>
   <trkpt lat="49.3361550008871" lon="-117.65492999457035">
    <ele>450.37000000000006</ele>
   </trkpt>
   <trkpt lat="49.33675" lon="-117.65538000000001">
    <ele>449.98</ele>
   </trkpt>
   <trkpt lat="49.33697" lon="-117.65564">
    <ele>449.35</ele>
   </trkpt>
   <trkpt lat="49.33719000000001" lon="-117.65595">
    <ele>449.22</ele>
   </trkpt>
   <trkpt lat="49.337680000000006" lon="-117.65689">
    <ele>450.71000000000004</ele>
   </trkpt>
   <trkpt lat="49.33816" lon="-117.65784000000001">
    <ele>453.63</ele>
   </trkpt>
   <trkpt lat="49.338330000000006" lon="-117.65828">
    <ele>455.5</ele>
   </trkpt>
   <trkpt lat="49.33856" lon="-117.65905000000001">
    <ele>456.44</ele>
   </trkpt>
   <trkpt lat="49.338770000000004" lon="-117.65949">
    <ele>456.53000000000003</ele>
   </trkpt>
   <trkpt lat="49.33941" lon="-117.65993">
    <ele>456.8</ele>
   </trkpt>
   <trkpt lat="49.34010000000001" lon="-117.66043">
    <ele>458.65000000000003</ele>
   </trkpt>
   <trkpt lat="49.34071" lon="-117.66078">
    <ele>460.12</ele>
   </trkpt>
   <trkpt lat="49.341390000000004" lon="-117.66097">
    <ele>463.06</ele>
   </trkpt>
   <trkpt lat="49.34187000020021" lon="-117.66103499939061">
    <ele>464.4800000000001</ele>
   </trkpt>
   <trkpt lat="49.34235" lon="-117.6611">
    <ele>466.12</ele>
   </trkpt>
   <trkpt lat="49.34302" lon="-117.66132">
    <ele>466.75000000000006</ele>
   </trkpt>
   <trkpt lat="49.343726667432186" lon="-117.6616166581482">
    <ele>468.11</ele>
   </trkpt>
   <trkpt lat="49.344433334105176" lon="-117.66191332481736">
    <ele>468.65</ele>
   </trkpt>
   <trkpt lat="49.34514" lon="-117.66221000000002">
    <ele>468.32</ele>
   </trkpt>
   <trkpt lat="49.34528" lon="-117.66227">
    <ele>468.31000000000006</ele>
   </trkpt>
   <trkpt lat="49.34552" lon="-117.66253">
    <ele>468.33000000000004</ele>
   </trkpt>
   <trkpt lat="49.346120000000006" lon="-117.66288000000002">
    <ele>468.41</ele>
   </trkpt>
   <trkpt lat="49.346590000000006" lon="-117.6632">
    <ele>467.77</ele>
   </trkpt>
   <trkpt lat="49.346720000000005" lon="-117.66324000000002">
    <ele>467.51000000000005</ele>
   </trkpt>
   <trkpt lat="49.347370000000005" lon="-117.66329">
    <ele>467.0</ele>
   </trkpt>
   <trkpt lat="49.34799499998833" lon="-117.66322500082887">
    <ele>466.94</ele>
   </trkpt>
   <trkpt lat="49.348620000000004" lon="-117.66316">
    <ele>469.57000000000005</ele>
   </trkpt>
   <trkpt lat="49.348780000000005" lon="-117.6632">
    <ele>469.94</ele>
   </trkpt>
   <trkpt lat="49.349180000000004" lon="-117.66353000000001">
    <ele>472.28000000000003</ele>
   </trkpt>
   <trkpt lat="49.34931" lon="-117.66357">
    <ele>473.79</ele>
   </trkpt>
   <trkpt lat="49.34966000000001" lon="-117.66352">
    <ele>474.72</ele>
   </trkpt>
   <trkpt lat="49.349900000000005" lon="-117.66353000000001">
    <ele>474.65000000000003</ele>
   </trkpt>
   <trkpt lat="49.350120000000004" lon="-117.66375000000001">
    <ele>474.67</ele>
   </trkpt>
   <trkpt lat="49.35024000000001" lon="-117.66437">
    <ele>473.80000000000007</ele>
   </trkpt>
   <trkpt lat="49.350300000000004" lon="-117.66508">
    <ele>473.55</ele>
   </trkpt>
   <trkpt lat="49.350300000000004" lon="-117.66578000000001">
    <ele>474.22</ele>
   </trkpt>
   <trkpt lat="49.35025" lon="-117.66611">
    <ele>475.33000000000004</ele>
   </trkpt>
   <trkpt lat="49.35011" lon="-117.66629">
    <ele>476.67</ele>
   </trkpt>
   <trkpt lat="49.349360000000004" lon="-117.66692">
    <ele>486.37</ele>
   </trkpt>
   <trkpt lat="49.34908" lon="-117.66724">
    <ele>487.49</ele>
   </trkpt>
   <trkpt lat="49.34882" lon="-117.66781">
    <ele>490.94000000000005</ele>
   </trkpt>
   <trkpt lat="49.348710000000004" lon="-117.66845">
    <ele>492.98</ele>
   </trkpt>
   <trkpt lat="49.348630002145825" lon="-117.66916000140681">
    <ele>494.34000000000003</ele>
   </trkpt>
   <trkpt lat="49.34855" lon="-117.66987">
    <ele>494.90000000000003</ele>
   </trkpt>
   <trkpt lat="49.34852" lon="-117.67123000000001">
    <ele>496.75</ele>
   </trkpt>
   <trkpt lat="49.34826" lon="-117.67229">
    <ele>497.06000000000006</ele>
   </trkpt>
   <trkpt lat="49.34825000000001" lon="-117.67265">
    <ele>496.74</ele>
   </trkpt>
   <trkpt lat="49.3483" lon="-117.67301">
    <ele>496.85</ele>
   </trkpt>
   <trkpt lat="49.348420000000004" lon="-117.67336000000002">
    <ele>497.83000000000004</ele>
   </trkpt>
   <trkpt lat="49.348620000000004" lon="-117.67368">
    <ele>498.98</ele>
   </trkpt>
   <trkpt lat="49.34886" lon="-117.67396000000001">
    <ele>499.77000000000004</ele>
   </trkpt>
   <trkpt lat="49.349270000000004" lon="-117.67432000000001">
    <ele>500.09999999999997</ele>
   </trkpt>
   <trkpt lat="49.349560000000004" lon="-117.67449">
    <ele>500.96000000000004</ele>
   </trkpt>
   <trkpt lat="49.349990000000005" lon="-117.67457">
    <ele>502.05</ele>
   </trkpt>
   <trkpt lat="49.350480000000005" lon="-117.67462">
    <ele>505.5200000000001</ele>
   </trkpt>
   <trkpt lat="49.3507" lon="-117.67448">
    <ele>506.5200000000001</ele>
   </trkpt>
   <trkpt lat="49.35105000099026" lon="-117.67401000329362">
    <ele>507.6</ele>
   </trkpt>
   <trkpt lat="49.351400000000005" lon="-117.67354">
    <ele>509.36</ele>
   </trkpt>
   <trkpt lat="49.35168" lon="-117.67287">
    <ele>511.59</ele>
   </trkpt>
   <trkpt lat="49.35197" lon="-117.67225">
    <ele>513.1300000000001</ele>
   </trkpt>
   <trkpt lat="49.35262000312601" lon="-117.67176001940996">
    <ele>513.7700000000001</ele>
   </trkpt>
   <trkpt lat="49.353270004181" lon="-117.67127002587061">
    <ele>514.0</ele>
   </trkpt>
   <trkpt lat="49.353920003164866" lon="-117.67078001938135">
    <ele>514.87</ele>
   </trkpt>
   <trkpt lat="49.35457" lon="-117.67029000000001">
    <ele>516.9</ele>
   </trkpt>
   <trkpt lat="49.35479" lon="-117.67015">
    <ele>517.46</ele>
   </trkpt>
   <trkpt lat="49.35492000000001" lon="-117.66987">
    <ele>517.7</ele>
   </trkpt>
   <trkpt lat="49.354960000000005" lon="-117.66956">
    <ele>518.46</ele>
   </trkpt>
   <trkpt lat="49.354910000000004" lon="-117.6692">
    <ele>518.85</ele>
   </trkpt>
   <trkpt lat="49.35468" lon="-117.66849">
    <ele>519.5200000000001</ele>
   </trkpt>
   <trkpt lat="49.3547" lon="-117.66733">
    <ele>519.63</ele>
   </trkpt>
   <trkpt lat="49.354820000000004" lon="-117.66687">
    <ele>519.15</ele>
   </trkpt>
   <trkpt lat="49.35502" lon="-117.6666">
    <ele>517.1999999999999</ele>
   </trkpt>
   <trkpt lat="49.355320000000006" lon="-117.66656">
    <ele>515.99</ele>
   </trkpt>
   <trkpt lat="49.35579500021575" lon="-117.66683499728028">
    <ele>515.6200000000001</ele>
   </trkpt>
   <trkpt lat="49.35627" lon="-117.66711000000001">
    <ele>516.11</ele>
   </trkpt>
   <trkpt lat="49.356590000000004" lon="-117.66714">
    <ele>516.5000000000001</ele>
   </trkpt>
   <trkpt lat="49.35721" lon="-117.66692">
    <ele>517.36</ele>
   </trkpt>
  </trkseg>
 </trk>
</gpx>
