<?xml version="1.0" encoding="UTF-8"?>
<gpx creator="StravaGPX" version="1.1" xmlns="http://www.topografix.com/GPX/1/1" xmlns:xsi="http://www.w3.org/2001/XMLSchema-instance" xsi:schemaLocation="http://www.topografix.com/GPX/1/1 http://www.topografix.com/GPX/1/1/gpx.xsd">
 <metadata>
  <name>Day 4 - Castlegar -&gt; Gray Creek base</name>
  <author>
   <name>Stephan Becker</name>
   <link href="https://www.strava.com/athletes/349770"/>
  </author>
  <copyright author="OpenStreetMap contributors">
   <year>2020</year>
   <license>https://www.openstreetmap.org/copyright</license>
  </copyright>
  <link href="https://www.strava.com/routes/3494167675476779648"/>
 </metadata>
 <wpt lat="49.44594" lon="-117.55769">
  <name>various cafes</name>
  <desc></desc>
  <sym>Coffee</sym>
  <type>Coffee</type>
 </wpt>
 <wpt lat="49.68184" lon="-116.82662">
  <name>Grocery</name>
  <desc></desc>
  <sym>Grocery</sym>
  <type>Grocery</type>
 </wpt>
 <wpt lat="49.67642" lon="-116.82478">
  <name>restaurant</name>
  <desc></desc>
  <sym>Restaurant</sym>
  <type>Restaurant</type>
 </wpt>
 <trk>
  <name>Day 4 - Castlegar -&gt; Gray Creek base</name>
  <link href="https://www.strava.com/routes/3494167675476779648"/>
  <type>cycling</type>
  <trkseg>
   <trkpt lat="49.42412" lon="-117.72636000000001">
    <ele>912.5200000000001</ele>
   </trkpt>
   <trkpt lat="49.42413500531332" lon="-117.72525000024778">
    <ele>909.95</ele>
   </trkpt>
   <trkpt lat="49.424150000000004" lon="-117.72414">
    <ele>909.6</ele>
   </trkpt>
   <trkpt lat="49.42419" lon="-117.7232">
    <ele>910.5600000000001</ele>
   </trkpt>
   <trkpt lat="49.42419" lon="-117.72248">
    <ele>911.2300000000001</ele>
   </trkpt>
   <trkpt lat="49.42407000000001" lon="-117.72189000000002">
    <ele>909.3100000000001</ele>
   </trkpt>
   <trkpt lat="49.42381" lon="-117.72119">
    <ele>906.0600000000001</ele>
   </trkpt>
   <trkpt lat="49.423660000000005" lon="-117.72073">
    <ele>904.23</ele>
   </trkpt>
   <trkpt lat="49.42352" lon="-117.71953">
    <ele>899.9</ele>
   </trkpt>
   <trkpt lat="49.42334" lon="-117.71846000000001">
    <ele>897.5900000000001</ele>
   </trkpt>
   <trkpt lat="49.423120000000004" lon="-117.718">
    <ele>896.0600000000001</ele>
   </trkpt>
   <trkpt lat="49.42286000000001" lon="-117.71755">
    <ele>892.84</ele>
   </trkpt>
   <trkpt lat="49.42266000000001" lon="-117.71715">
    <ele>889.7800000000001</ele>
   </trkpt>
   <trkpt lat="49.422630000000005" lon="-117.71652">
    <ele>886.65</ele>
   </trkpt>
   <trkpt lat="49.4226" lon="-117.71627000000001">
    <ele>885.6600000000001</ele>
   </trkpt>
   <trkpt lat="49.42233" lon="-117.71585">
    <ele>884.5200000000001</ele>
   </trkpt>
   <trkpt lat="49.421910000000004" lon="-117.71541">
    <ele>882.1000000000001</ele>
   </trkpt>
   <trkpt lat="49.421420000000005" lon="-117.71463000000001">
    <ele>879.0000000000001</ele>
   </trkpt>
   <trkpt lat="49.42098000000001" lon="-117.71411">
    <ele>876.3900000000001</ele>
   </trkpt>
   <trkpt lat="49.420730000000006" lon="-117.71358000000001">
    <ele>874.45</ele>
   </trkpt>
   <trkpt lat="49.420390000000005" lon="-117.71325000000002">
    <ele>872.53</ele>
   </trkpt>
   <trkpt lat="49.41995000000001" lon="-117.71264000000001">
    <ele>866.3100000000001</ele>
   </trkpt>
   <trkpt lat="49.41975" lon="-117.71227">
    <ele>861.1700000000001</ele>
   </trkpt>
   <trkpt lat="49.41946" lon="-117.71192">
    <ele>859.1500000000001</ele>
   </trkpt>
   <trkpt lat="49.418995001054874" lon="-117.7114299953779">
    <ele>853.3900000000001</ele>
   </trkpt>
   <trkpt lat="49.418530000000004" lon="-117.71094000000001">
    <ele>849.0500000000001</ele>
   </trkpt>
   <trkpt lat="49.41821" lon="-117.71052000000002">
    <ele>846.6300000000001</ele>
   </trkpt>
   <trkpt lat="49.41787" lon="-117.70994">
    <ele>844.61</ele>
   </trkpt>
   <trkpt lat="49.41762000000001" lon="-117.70927">
    <ele>840.2</ele>
   </trkpt>
   <trkpt lat="49.4173950036094" lon="-117.70835499580372">
    <ele>834.3900000000001</ele>
   </trkpt>
   <trkpt lat="49.417170000000006" lon="-117.70744">
    <ele>830.7500000000001</ele>
   </trkpt>
   <trkpt lat="49.41696" lon="-117.7069">
    <ele>829.45</ele>
   </trkpt>
   <trkpt lat="49.41675000000001" lon="-117.70618">
    <ele>827.5600000000001</ele>
   </trkpt>
   <trkpt lat="49.416500000000006" lon="-117.70584000000001">
    <ele>826.5600000000001</ele>
   </trkpt>
   <trkpt lat="49.416250000000005" lon="-117.70574">
    <ele>825.25</ele>
   </trkpt>
   <trkpt lat="49.41606" lon="-117.70562000000001">
    <ele>824.62</ele>
   </trkpt>
   <trkpt lat="49.416070000000005" lon="-117.70562000000001">
    <ele>824.62</ele>
   </trkpt>
   <trkpt lat="49.41588" lon="-117.70548000000001">
    <ele>824.12</ele>
   </trkpt>
   <trkpt lat="49.415560000000006" lon="-117.70481000000001">
    <ele>823.0</ele>
   </trkpt>
   <trkpt lat="49.41528000132906" lon="-117.70424499668137">
    <ele>822.76</ele>
   </trkpt>
   <trkpt lat="49.415000000000006" lon="-117.70368">
    <ele>822.79</ele>
   </trkpt>
   <trkpt lat="49.414750000000005" lon="-117.70306000000001">
    <ele>823.3900000000001</ele>
   </trkpt>
   <trkpt lat="49.41460000000001" lon="-117.7022">
    <ele>826.83</ele>
   </trkpt>
   <trkpt lat="49.41433000000001" lon="-117.70157">
    <ele>825.34</ele>
   </trkpt>
   <trkpt lat="49.414210000000004" lon="-117.70094">
    <ele>822.64</ele>
   </trkpt>
   <trkpt lat="49.41414" lon="-117.70027">
    <ele>818.7700000000001</ele>
   </trkpt>
   <trkpt lat="49.41393" lon="-117.69956">
    <ele>815.07</ele>
   </trkpt>
   <trkpt lat="49.413610000000006" lon="-117.69898">
    <ele>812.71</ele>
   </trkpt>
   <trkpt lat="49.413380000000004" lon="-117.69839">
    <ele>809.12</ele>
   </trkpt>
   <trkpt lat="49.4132" lon="-117.69781">
    <ele>805.34</ele>
   </trkpt>
   <trkpt lat="49.413120000000006" lon="-117.69697000000001">
    <ele>800.36</ele>
   </trkpt>
   <trkpt lat="49.41311" lon="-117.69598">
    <ele>795.75</ele>
   </trkpt>
   <trkpt lat="49.41308" lon="-117.69518000000001">
    <ele>792.6</ele>
   </trkpt>
   <trkpt lat="49.413340000000005" lon="-117.69472">
    <ele>788.6</ele>
   </trkpt>
   <trkpt lat="49.413590000000006" lon="-117.69423">
    <ele>786.94</ele>
   </trkpt>
   <trkpt lat="49.413540000000005" lon="-117.69387">
    <ele>785.75</ele>
   </trkpt>
   <trkpt lat="49.41317" lon="-117.69333">
    <ele>782.09</ele>
   </trkpt>
   <trkpt lat="49.413000000000004" lon="-117.69302">
    <ele>781.0</ele>
   </trkpt>
   <trkpt lat="49.41295" lon="-117.69262">
    <ele>776.73</ele>
   </trkpt>
   <trkpt lat="49.41301000000001" lon="-117.69199">
    <ele>773.9300000000001</ele>
   </trkpt>
   <trkpt lat="49.41292000000001" lon="-117.69159">
    <ele>773.32</ele>
   </trkpt>
   <trkpt lat="49.413030000000006" lon="-117.69109">
    <ele>769.8900000000001</ele>
   </trkpt>
   <trkpt lat="49.41326" lon="-117.69055000000002">
    <ele>766.5200000000001</ele>
   </trkpt>
   <trkpt lat="49.41326" lon="-117.69015">
    <ele>764.33</ele>
   </trkpt>
   <trkpt lat="49.41302" lon="-117.68975">
    <ele>760.8600000000001</ele>
   </trkpt>
   <trkpt lat="49.412710000000004" lon="-117.68895">
    <ele>750.65</ele>
   </trkpt>
   <trkpt lat="49.41239" lon="-117.68801">
    <ele>741.2900000000001</ele>
   </trkpt>
   <trkpt lat="49.41201" lon="-117.68725">
    <ele>733.2700000000001</ele>
   </trkpt>
   <trkpt lat="49.41187000000001" lon="-117.68707">
    <ele>731.23</ele>
   </trkpt>
   <trkpt lat="49.411750000000005" lon="-117.68697000000002">
    <ele>729.8500000000001</ele>
   </trkpt>
   <trkpt lat="49.411620000000006" lon="-117.68689">
    <ele>726.8500000000001</ele>
   </trkpt>
   <trkpt lat="49.411440000000006" lon="-117.68684">
    <ele>724.9000000000001</ele>
   </trkpt>
   <trkpt lat="49.41111" lon="-117.68675">
    <ele>721.16</ele>
   </trkpt>
   <trkpt lat="49.41093000000001" lon="-117.68671">
    <ele>719.38</ele>
   </trkpt>
   <trkpt lat="49.41075000000001" lon="-117.68663000000001">
    <ele>718.5600000000001</ele>
   </trkpt>
   <trkpt lat="49.41064" lon="-117.68657">
    <ele>717.0600000000001</ele>
   </trkpt>
   <trkpt lat="49.41049" lon="-117.68639">
    <ele>715.09</ele>
   </trkpt>
   <trkpt lat="49.4104" lon="-117.68621">
    <ele>713.62</ele>
   </trkpt>
   <trkpt lat="49.410320000000006" lon="-117.68591">
    <ele>710.34</ele>
   </trkpt>
   <trkpt lat="49.41019000000001" lon="-117.68515000000001">
    <ele>704.23</ele>
   </trkpt>
   <trkpt lat="49.409800000000004" lon="-117.68400000000001">
    <ele>697.74</ele>
   </trkpt>
   <trkpt lat="49.40957" lon="-117.68344">
    <ele>693.85</ele>
   </trkpt>
   <trkpt lat="49.409490000000005" lon="-117.6833">
    <ele>692.2</ele>
   </trkpt>
   <trkpt lat="49.409330000000004" lon="-117.68305000000001">
    <ele>691.58</ele>
   </trkpt>
   <trkpt lat="49.408550000000005" lon="-117.68272">
    <ele>685.46</ele>
   </trkpt>
   <trkpt lat="49.40841" lon="-117.68268">
    <ele>685.2</ele>
   </trkpt>
   <trkpt lat="49.40831000000001" lon="-117.68263">
    <ele>683.88</ele>
   </trkpt>
   <trkpt lat="49.408120000000004" lon="-117.6825">
    <ele>683.2</ele>
   </trkpt>
   <trkpt lat="49.40785" lon="-117.68223">
    <ele>681.9000000000001</ele>
   </trkpt>
   <trkpt lat="49.407630000000005" lon="-117.68192">
    <ele>678.3800000000001</ele>
   </trkpt>
   <trkpt lat="49.407450000000004" lon="-117.68147">
    <ele>673.5000000000001</ele>
   </trkpt>
   <trkpt lat="49.40739000000001" lon="-117.68116">
    <ele>670.54</ele>
   </trkpt>
   <trkpt lat="49.407300000000006" lon="-117.68089">
    <ele>669.15</ele>
   </trkpt>
   <trkpt lat="49.40697" lon="-117.68035">
    <ele>664.9900000000001</ele>
   </trkpt>
   <trkpt lat="49.406940000000006" lon="-117.68012000000002">
    <ele>664.58</ele>
   </trkpt>
   <trkpt lat="49.40693" lon="-117.67978000000001">
    <ele>661.81</ele>
   </trkpt>
   <trkpt lat="49.406780000000005" lon="-117.67924000000001">
    <ele>656.63</ele>
   </trkpt>
   <trkpt lat="49.40673" lon="-117.67901">
    <ele>654.8000000000001</ele>
   </trkpt>
   <trkpt lat="49.40663000000001" lon="-117.67883">
    <ele>653.0600000000001</ele>
   </trkpt>
   <trkpt lat="49.40646" lon="-117.67838">
    <ele>650.9</ele>
   </trkpt>
   <trkpt lat="49.406240000000004" lon="-117.67816">
    <ele>646.2800000000001</ele>
   </trkpt>
   <trkpt lat="49.406150000000004" lon="-117.6782">
    <ele>645.46</ele>
   </trkpt>
   <trkpt lat="49.406000000000006" lon="-117.67838">
    <ele>642.4200000000001</ele>
   </trkpt>
   <trkpt lat="49.40601" lon="-117.67892">
    <ele>636.48</ele>
   </trkpt>
   <trkpt lat="49.40587000000001" lon="-117.67914">
    <ele>634.97</ele>
   </trkpt>
   <trkpt lat="49.40587000000001" lon="-117.6799">
    <ele>631.22</ele>
   </trkpt>
   <trkpt lat="49.405800000000006" lon="-117.68017">
    <ele>629.3100000000001</ele>
   </trkpt>
   <trkpt lat="49.405800000000006" lon="-117.68036000000001">
    <ele>627.61</ele>
   </trkpt>
   <trkpt lat="49.405750000000005" lon="-117.68041000000001">
    <ele>627.61</ele>
   </trkpt>
   <trkpt lat="49.405620000000006" lon="-117.68044">
    <ele>624.97</ele>
   </trkpt>
   <trkpt lat="49.405460000000005" lon="-117.68035">
    <ele>622.74</ele>
   </trkpt>
   <trkpt lat="49.40541" lon="-117.6803">
    <ele>622.74</ele>
   </trkpt>
   <trkpt lat="49.40527" lon="-117.67986">
    <ele>618.75</ele>
   </trkpt>
   <trkpt lat="49.4052" lon="-117.67976000000002">
    <ele>617.02</ele>
   </trkpt>
   <trkpt lat="49.40516" lon="-117.67958000000002">
    <ele>616.0000000000001</ele>
   </trkpt>
   <trkpt lat="49.40513000000001" lon="-117.6787">
    <ele>610.8100000000001</ele>
   </trkpt>
   <trkpt lat="49.40505" lon="-117.67838">
    <ele>609.57</ele>
   </trkpt>
   <trkpt lat="49.405010000000004" lon="-117.67781000000001">
    <ele>607.26</ele>
   </trkpt>
   <trkpt lat="49.40498" lon="-117.67771">
    <ele>606.57</ele>
   </trkpt>
   <trkpt lat="49.404900000000005" lon="-117.67642000000001">
    <ele>599.48</ele>
   </trkpt>
   <trkpt lat="49.404720000000005" lon="-117.67596">
    <ele>597.26</ele>
   </trkpt>
   <trkpt lat="49.404630000000004" lon="-117.67587">
    <ele>597.26</ele>
   </trkpt>
   <trkpt lat="49.40449" lon="-117.67561">
    <ele>596.6</ele>
   </trkpt>
   <trkpt lat="49.40439000000001" lon="-117.67551">
    <ele>593.6</ele>
   </trkpt>
   <trkpt lat="49.404210000000006" lon="-117.67524000000002">
    <ele>592.43</ele>
   </trkpt>
   <trkpt lat="49.403740000000006" lon="-117.67488000000002">
    <ele>590.4100000000001</ele>
   </trkpt>
   <trkpt lat="49.40364" lon="-117.67475">
    <ele>590.4100000000001</ele>
   </trkpt>
   <trkpt lat="49.403510000000004" lon="-117.67449">
    <ele>589.1700000000001</ele>
   </trkpt>
   <trkpt lat="49.403380000000006" lon="-117.67413">
    <ele>588.47</ele>
   </trkpt>
   <trkpt lat="49.40319" lon="-117.67317000000001">
    <ele>585.95</ele>
   </trkpt>
   <trkpt lat="49.40306000555528" lon="-117.67203499700045">
    <ele>584.64</ele>
   </trkpt>
   <trkpt lat="49.402930000000005" lon="-117.6709">
    <ele>583.38</ele>
   </trkpt>
   <trkpt lat="49.40283" lon="-117.67046">
    <ele>583.19</ele>
   </trkpt>
   <trkpt lat="49.4027" lon="-117.67014">
    <ele>582.92</ele>
   </trkpt>
   <trkpt lat="49.40209500223026" lon="-117.66940999092448">
    <ele>582.67</ele>
   </trkpt>
   <trkpt lat="49.40149" lon="-117.66868000000001">
    <ele>583.59</ele>
   </trkpt>
   <trkpt lat="49.40192667278421" lon="-117.66783668169587">
    <ele>583.2700000000001</ele>
   </trkpt>
   <trkpt lat="49.402363339435176" lon="-117.66699334839309">
    <ele>582.85</ele>
   </trkpt>
   <trkpt lat="49.402800000000006" lon="-117.66615000000002">
    <ele>582.46</ele>
   </trkpt>
   <trkpt lat="49.4029" lon="-117.66584">
    <ele>582.5</ele>
   </trkpt>
   <trkpt lat="49.402910000000006" lon="-117.66544">
    <ele>582.74</ele>
   </trkpt>
   <trkpt lat="49.40278000000001" lon="-117.66468">
    <ele>582.87</ele>
   </trkpt>
   <trkpt lat="49.40282000723113" lon="-117.66338500105613">
    <ele>584.2700000000001</ele>
   </trkpt>
   <trkpt lat="49.402860000000004" lon="-117.66209">
    <ele>585.6300000000001</ele>
   </trkpt>
   <trkpt lat="49.40281500221762" lon="-117.66136999905753">
    <ele>586.0500000000001</ele>
   </trkpt>
   <trkpt lat="49.402770000000004" lon="-117.66065">
    <ele>586.38</ele>
   </trkpt>
   <trkpt lat="49.40276" lon="-117.65993">
    <ele>586.83</ele>
   </trkpt>
   <trkpt lat="49.402930000000005" lon="-117.65949">
    <ele>587.13</ele>
   </trkpt>
   <trkpt lat="49.40343000000001" lon="-117.65883000000001">
    <ele>587.9100000000001</ele>
   </trkpt>
   <trkpt lat="49.403560000000006" lon="-117.6585">
    <ele>588.04</ele>
   </trkpt>
   <trkpt lat="49.403620000000004" lon="-117.6581">
    <ele>588.16</ele>
   </trkpt>
   <trkpt lat="49.40357" lon="-117.65753000000001">
    <ele>588.46</ele>
   </trkpt>
   <trkpt lat="49.40354000000001" lon="-117.65649">
    <ele>588.26</ele>
   </trkpt>
   <trkpt lat="49.403800000000004" lon="-117.65546">
    <ele>588.0600000000001</ele>
   </trkpt>
   <trkpt lat="49.404140000000005" lon="-117.65461">
    <ele>588.2900000000001</ele>
   </trkpt>
   <trkpt lat="49.404610000000005" lon="-117.65376">
    <ele>589.4200000000001</ele>
   </trkpt>
   <trkpt lat="49.404785002581654" lon="-117.65297500313612">
    <ele>590.38</ele>
   </trkpt>
   <trkpt lat="49.40496" lon="-117.65219">
    <ele>590.95</ele>
   </trkpt>
   <trkpt lat="49.40537000295035" lon="-117.65136500685774">
    <ele>592.2900000000001</ele>
   </trkpt>
   <trkpt lat="49.40578000000001" lon="-117.65054">
    <ele>593.11</ele>
   </trkpt>
   <trkpt lat="49.40599000283797" lon="-117.64973000342992">
    <ele>593.96</ele>
   </trkpt>
   <trkpt lat="49.406200000000005" lon="-117.64892">
    <ele>594.98</ele>
   </trkpt>
   <trkpt lat="49.40669003245513" lon="-117.64795007744775">
    <ele>596.43</ele>
   </trkpt>
   <trkpt lat="49.40718005679745" lon="-117.646980135534">
    <ele>596.9300000000001</ele>
   </trkpt>
   <trkpt lat="49.40767007302663" lon="-117.6460101742583">
    <ele>598.04</ele>
   </trkpt>
   <trkpt lat="49.4081600811424" lon="-117.64504019362032">
    <ele>597.8500000000001</ele>
   </trkpt>
   <trkpt lat="49.40865008114444" lon="-117.64407019361963">
    <ele>597.6700000000001</ele>
   </trkpt>
   <trkpt lat="49.409140073032454" lon="-117.6431001742558">
    <ele>597.5400000000001</ele>
   </trkpt>
   <trkpt lat="49.40963005680613" lon="-117.64213013552846">
    <ele>597.16</ele>
   </trkpt>
   <trkpt lat="49.41012003246517" lon="-117.64116007743722">
    <ele>596.04</ele>
   </trkpt>
   <trkpt lat="49.410610000000005" lon="-117.64019">
    <ele>593.5</ele>
   </trkpt>
   <trkpt lat="49.411" lon="-117.63938">
    <ele>592.44</ele>
   </trkpt>
   <trkpt lat="49.41127" lon="-117.63867">
    <ele>589.97</ele>
   </trkpt>
   <trkpt lat="49.411440000000006" lon="-117.63796">
    <ele>589.19</ele>
   </trkpt>
   <trkpt lat="49.4116000035079" lon="-117.63706000284674">
    <ele>587.2900000000001</ele>
   </trkpt>
   <trkpt lat="49.41176" lon="-117.63616">
    <ele>586.26</ele>
   </trkpt>
   <trkpt lat="49.412060000000004" lon="-117.63546000000001">
    <ele>585.44</ele>
   </trkpt>
   <trkpt lat="49.41257" lon="-117.63481000000002">
    <ele>583.99</ele>
   </trkpt>
   <trkpt lat="49.41274000000001" lon="-117.63441">
    <ele>583.1</ele>
   </trkpt>
   <trkpt lat="49.413050003972735" lon="-117.63344500622642">
    <ele>582.65</ele>
   </trkpt>
   <trkpt lat="49.413360000000004" lon="-117.63248000000002">
    <ele>582.72</ele>
   </trkpt>
   <trkpt lat="49.413640004074715" lon="-117.63150500564551">
    <ele>582.74</ele>
   </trkpt>
   <trkpt lat="49.413920000000005" lon="-117.63053000000001">
    <ele>583.1200000000001</ele>
   </trkpt>
   <trkpt lat="49.414380006075966" lon="-117.6293450110502">
    <ele>585.01</ele>
   </trkpt>
   <trkpt lat="49.414840000000005" lon="-117.62816000000001">
    <ele>586.7900000000001</ele>
   </trkpt>
   <trkpt lat="49.41525000269317" lon="-117.62736500670276">
    <ele>586.86</ele>
   </trkpt>
   <trkpt lat="49.41566" lon="-117.62657000000002">
    <ele>586.58</ele>
   </trkpt>
   <trkpt lat="49.416050000000006" lon="-117.62552000000001">
    <ele>585.62</ele>
   </trkpt>
   <trkpt lat="49.41637" lon="-117.62483">
    <ele>584.61</ele>
   </trkpt>
   <trkpt lat="49.41644" lon="-117.62452">
    <ele>584.44</ele>
   </trkpt>
   <trkpt lat="49.4165000025237" lon="-117.62376000050672">
    <ele>584.26</ele>
   </trkpt>
   <trkpt lat="49.416560000000004" lon="-117.623">
    <ele>586.19</ele>
   </trkpt>
   <trkpt lat="49.416710002503166" lon="-117.62224000225793">
    <ele>589.46</ele>
   </trkpt>
   <trkpt lat="49.41686000000001" lon="-117.62148">
    <ele>592.7900000000001</ele>
   </trkpt>
   <trkpt lat="49.416920000000005" lon="-117.62081">
    <ele>594.7900000000001</ele>
   </trkpt>
   <trkpt lat="49.41686000000001" lon="-117.6204">
    <ele>595.82</ele>
   </trkpt>
   <trkpt lat="49.41663000200141" lon="-117.61970999661251">
    <ele>597.09</ele>
   </trkpt>
   <trkpt lat="49.4164" lon="-117.61902">
    <ele>598.2900000000001</ele>
   </trkpt>
   <trkpt lat="49.416230000000006" lon="-117.61799">
    <ele>600.58</ele>
   </trkpt>
   <trkpt lat="49.416360000000005" lon="-117.61673">
    <ele>606.97</ele>
   </trkpt>
   <trkpt lat="49.41653" lon="-117.61592">
    <ele>610.83</ele>
   </trkpt>
   <trkpt lat="49.41687" lon="-117.61526">
    <ele>612.5400000000001</ele>
   </trkpt>
   <trkpt lat="49.41740750708002" lon="-117.61452002431739">
    <ele>613.02</ele>
   </trkpt>
   <trkpt lat="49.41794500943823" lon="-117.61378003242619">
    <ele>613.97</ele>
   </trkpt>
   <trkpt lat="49.418482507074444" lon="-117.61304002432587">
    <ele>614.5500000000001</ele>
   </trkpt>
   <trkpt lat="49.41902" lon="-117.6123">
    <ele>613.41</ele>
   </trkpt>
   <trkpt lat="49.41959000000001" lon="-117.61173000000001">
    <ele>611.5600000000001</ele>
   </trkpt>
   <trkpt lat="49.42043" lon="-117.61127">
    <ele>610.6</ele>
   </trkpt>
   <trkpt lat="49.42123" lon="-117.61092000000001">
    <ele>609.6</ele>
   </trkpt>
   <trkpt lat="49.42169999987205" lon="-117.61092000000002">
    <ele>606.8</ele>
   </trkpt>
   <trkpt lat="49.42217" lon="-117.61092000000001">
    <ele>604.23</ele>
   </trkpt>
   <trkpt lat="49.4228" lon="-117.61095">
    <ele>598.21</ele>
   </trkpt>
   <trkpt lat="49.423680000000004" lon="-117.61078">
    <ele>592.3900000000001</ele>
   </trkpt>
   <trkpt lat="49.42439" lon="-117.61087">
    <ele>591.6300000000001</ele>
   </trkpt>
   <trkpt lat="49.42497" lon="-117.61109">
    <ele>591.01</ele>
   </trkpt>
   <trkpt lat="49.425250000000005" lon="-117.61124000000001">
    <ele>590.97</ele>
   </trkpt>
   <trkpt lat="49.42553" lon="-117.61141">
    <ele>590.38</ele>
   </trkpt>
   <trkpt lat="49.425935000694935" lon="-117.61178999693114">
    <ele>589.57</ele>
   </trkpt>
   <trkpt lat="49.42634" lon="-117.61217">
    <ele>588.0300000000001</ele>
   </trkpt>
   <trkpt lat="49.426836669617046" lon="-117.61274998831504">
    <ele>586.89</ele>
   </trkpt>
   <trkpt lat="49.42733333633348" lon="-117.61332998837301">
    <ele>584.7800000000001</ele>
   </trkpt>
   <trkpt lat="49.42783000000001" lon="-117.61391">
    <ele>579.8100000000001</ele>
   </trkpt>
   <trkpt lat="49.42830000000001" lon="-117.61427">
    <ele>576.7500000000001</ele>
   </trkpt>
   <trkpt lat="49.42862" lon="-117.61431">
    <ele>576.7500000000001</ele>
   </trkpt>
   <trkpt lat="49.42889" lon="-117.61423">
    <ele>573.1200000000001</ele>
   </trkpt>
   <trkpt lat="49.429420000649365" lon="-117.61391000333167">
    <ele>571.2</ele>
   </trkpt>
   <trkpt lat="49.429950000000005" lon="-117.61359000000002">
    <ele>570.79</ele>
   </trkpt>
   <trkpt lat="49.43032" lon="-117.61328">
    <ele>570.35</ele>
   </trkpt>
   <trkpt lat="49.430690000000006" lon="-117.61285000000001">
    <ele>570.0500000000001</ele>
   </trkpt>
   <trkpt lat="49.43101500166543" lon="-117.61224000392652">
    <ele>569.57</ele>
   </trkpt>
   <trkpt lat="49.431340000000006" lon="-117.61163">
    <ele>569.49</ele>
   </trkpt>
   <trkpt lat="49.43178000725317" lon="-117.61071001659829">
    <ele>568.89</ele>
   </trkpt>
   <trkpt lat="49.432220007208414" lon="-117.60979001669214">
    <ele>564.55</ele>
   </trkpt>
   <trkpt lat="49.432660000000006" lon="-117.60887000000001">
    <ele>557.21</ele>
   </trkpt>
   <trkpt lat="49.433070002947076" lon="-117.6080300072157">
    <ele>550.0200000000001</ele>
   </trkpt>
   <trkpt lat="49.43348" lon="-117.60719">
    <ele>546.15</ele>
   </trkpt>
   <trkpt lat="49.43387667774851" lon="-117.60605668497745">
    <ele>547.01</ele>
   </trkpt>
   <trkpt lat="49.434273344422266" lon="-117.60492335162418">
    <ele>550.18</ele>
   </trkpt>
   <trkpt lat="49.434670000000004" lon="-117.60379">
    <ele>550.88</ele>
   </trkpt>
   <trkpt lat="49.434760000000004" lon="-117.60347000000002">
    <ele>550.2600000000001</ele>
   </trkpt>
   <trkpt lat="49.4348" lon="-117.60308">
    <ele>549.76</ele>
   </trkpt>
   <trkpt lat="49.43477000000001" lon="-117.60268">
    <ele>548.36</ele>
   </trkpt>
   <trkpt lat="49.43469" lon="-117.60228000000001">
    <ele>547.25</ele>
   </trkpt>
   <trkpt lat="49.43457" lon="-117.60196">
    <ele>546.8700000000001</ele>
   </trkpt>
   <trkpt lat="49.43451" lon="-117.60146">
    <ele>546.4300000000001</ele>
   </trkpt>
   <trkpt lat="49.43446" lon="-117.60025">
    <ele>544.6</ele>
   </trkpt>
   <trkpt lat="49.434340000000006" lon="-117.59959">
    <ele>541.84</ele>
   </trkpt>
   <trkpt lat="49.43412500199709" lon="-117.59891499714425">
    <ele>540.1600000000001</ele>
   </trkpt>
   <trkpt lat="49.433910000000004" lon="-117.59824">
    <ele>539.91</ele>
   </trkpt>
   <trkpt lat="49.43388" lon="-117.59743">
    <ele>540.21</ele>
   </trkpt>
   <trkpt lat="49.433865004183346" lon="-117.59644499973386">
    <ele>540.95</ele>
   </trkpt>
   <trkpt lat="49.43385000000001" lon="-117.59546">
    <ele>543.8100000000001</ele>
   </trkpt>
   <trkpt lat="49.43372" lon="-117.59475">
    <ele>544.64</ele>
   </trkpt>
   <trkpt lat="49.433510000000005" lon="-117.59422">
    <ele>543.73</ele>
   </trkpt>
   <trkpt lat="49.433220000000006" lon="-117.59382000000001">
    <ele>540.9900000000001</ele>
   </trkpt>
   <trkpt lat="49.432950000000005" lon="-117.59363">
    <ele>539.5300000000001</ele>
   </trkpt>
   <trkpt lat="49.43263" lon="-117.59324000000001">
    <ele>538.3800000000001</ele>
   </trkpt>
   <trkpt lat="49.43258" lon="-117.59292">
    <ele>538.15</ele>
   </trkpt>
   <trkpt lat="49.432640000000006" lon="-117.59256">
    <ele>538.1100000000001</ele>
   </trkpt>
   <trkpt lat="49.432870002994925" lon="-117.59172500395502">
    <ele>539.1400000000001</ele>
   </trkpt>
   <trkpt lat="49.4331" lon="-117.59089000000002">
    <ele>541.4100000000001</ele>
   </trkpt>
   <trkpt lat="49.433220000000006" lon="-117.59014">
    <ele>542.45</ele>
   </trkpt>
   <trkpt lat="49.4334550021716" lon="-117.5894200036435">
    <ele>540.35</ele>
   </trkpt>
   <trkpt lat="49.433690000000006" lon="-117.5887">
    <ele>539.2600000000001</ele>
   </trkpt>
   <trkpt lat="49.433780000000006" lon="-117.58826">
    <ele>538.7</ele>
   </trkpt>
   <trkpt lat="49.43379" lon="-117.58781">
    <ele>537.0500000000001</ele>
   </trkpt>
   <trkpt lat="49.433580000000006" lon="-117.58678">
    <ele>534.45</ele>
   </trkpt>
   <trkpt lat="49.433510000000005" lon="-117.58553">
    <ele>531.36</ele>
   </trkpt>
   <trkpt lat="49.433580000000006" lon="-117.58499">
    <ele>530.0100000000001</ele>
   </trkpt>
   <trkpt lat="49.433780000000006" lon="-117.58464000000001">
    <ele>529.34</ele>
   </trkpt>
   <trkpt lat="49.43428" lon="-117.58396">
    <ele>526.6899999999999</ele>
   </trkpt>
   <trkpt lat="49.43470000000001" lon="-117.58315">
    <ele>527.36</ele>
   </trkpt>
   <trkpt lat="49.434920000000005" lon="-117.58244">
    <ele>527.6500000000001</ele>
   </trkpt>
   <trkpt lat="49.4352" lon="-117.5819">
    <ele>527.15</ele>
   </trkpt>
   <trkpt lat="49.43531" lon="-117.58141">
    <ele>526.6500000000001</ele>
   </trkpt>
   <trkpt lat="49.435495006591985" lon="-117.58017500454784">
    <ele>526.58</ele>
   </trkpt>
   <trkpt lat="49.435680000000005" lon="-117.57894">
    <ele>525.05</ele>
   </trkpt>
   <trkpt lat="49.435990000000004" lon="-117.57769">
    <ele>518.88</ele>
   </trkpt>
   <trkpt lat="49.43646500245854" lon="-117.57695000701456">
    <ele>516.1800000000001</ele>
   </trkpt>
   <trkpt lat="49.43694000000001" lon="-117.57621">
    <ele>515.8900000000001</ele>
   </trkpt>
   <trkpt lat="49.43729000221548" lon="-117.57550000498121">
    <ele>514.15</ele>
   </trkpt>
   <trkpt lat="49.43764" lon="-117.57479000000001">
    <ele>512.59</ele>
   </trkpt>
   <trkpt lat="49.43804" lon="-117.57381000000001">
    <ele>511.31000000000006</ele>
   </trkpt>
   <trkpt lat="49.43815000000001" lon="-117.57294">
    <ele>510.13000000000005</ele>
   </trkpt>
   <trkpt lat="49.438210000000005" lon="-117.57177000000001">
    <ele>510.28000000000003</ele>
   </trkpt>
   <trkpt lat="49.438355004498405" lon="-117.57075000292316">
    <ele>509.33000000000004</ele>
   </trkpt>
   <trkpt lat="49.438500000000005" lon="-117.56973">
    <ele>504.09000000000003</ele>
   </trkpt>
   <trkpt lat="49.43878" lon="-117.56887">
    <ele>502.11000000000007</ele>
   </trkpt>
   <trkpt lat="49.43931000337654" lon="-117.56800000921614">
    <ele>499.44000000000005</ele>
   </trkpt>
   <trkpt lat="49.439840000000004" lon="-117.56713">
    <ele>498.26000000000005</ele>
   </trkpt>
   <trkpt lat="49.439980000000006" lon="-117.56668">
    <ele>497.1</ele>
   </trkpt>
   <trkpt lat="49.439870000000006" lon="-117.56609">
    <ele>496.2900000000001</ele>
   </trkpt>
   <trkpt lat="49.43965000000001" lon="-117.56565">
    <ele>494.01000000000005</ele>
   </trkpt>
   <trkpt lat="49.43948" lon="-117.56524">
    <ele>492.3500000000001</ele>
   </trkpt>
   <trkpt lat="49.43943" lon="-117.56453">
    <ele>490.84000000000003</ele>
   </trkpt>
   <trkpt lat="49.43948" lon="-117.56432000000001">
    <ele>490.33000000000004</ele>
   </trkpt>
   <trkpt lat="49.43981" lon="-117.56351000000001">
    <ele>489.1</ele>
   </trkpt>
   <trkpt lat="49.439890000000005" lon="-117.56296">
    <ele>489.67</ele>
   </trkpt>
   <trkpt lat="49.440090000000005" lon="-117.56274">
    <ele>490.41</ele>
   </trkpt>
   <trkpt lat="49.44028" lon="-117.56257000000001">
    <ele>491.31</ele>
   </trkpt>
   <trkpt lat="49.441100000000006" lon="-117.56242">
    <ele>495.21000000000004</ele>
   </trkpt>
   <trkpt lat="49.44127" lon="-117.56247">
    <ele>495.65000000000003</ele>
   </trkpt>
   <trkpt lat="49.44142" lon="-117.56275000000001">
    <ele>495.75</ele>
   </trkpt>
   <trkpt lat="49.44158" lon="-117.56332">
    <ele>494.93</ele>
   </trkpt>
   <trkpt lat="49.44176" lon="-117.56376000000002">
    <ele>492.55</ele>
   </trkpt>
   <trkpt lat="49.441970000000005" lon="-117.56404">
    <ele>491.3500000000001</ele>
   </trkpt>
   <trkpt lat="49.4423" lon="-117.56426">
    <ele>488.8</ele>
   </trkpt>
   <trkpt lat="49.44276000000001" lon="-117.56446000000001">
    <ele>487.29</ele>
   </trkpt>
   <trkpt lat="49.44305000000001" lon="-117.56454000000001">
    <ele>486.58</ele>
   </trkpt>
   <trkpt lat="49.44348" lon="-117.56453">
    <ele>486.14</ele>
   </trkpt>
   <trkpt lat="49.44427000032749" lon="-117.56429000384286">
    <ele>486.4100000000001</ele>
   </trkpt>
   <trkpt lat="49.445060000000005" lon="-117.56405000000001">
    <ele>485.07000000000005</ele>
   </trkpt>
   <trkpt lat="49.445676667572364" lon="-117.56373000803778">
    <ele>483.12000000000006</ele>
   </trkpt>
   <trkpt lat="49.4462933342619" lon="-117.56341000802605">
    <ele>478.47</ele>
   </trkpt>
   <trkpt lat="49.44691" lon="-117.56309">
    <ele>477.26</ele>
   </trkpt>
   <trkpt lat="49.447770000000006" lon="-117.56283">
    <ele>477.89000000000004</ele>
   </trkpt>
   <trkpt lat="49.448440000000005" lon="-117.56278">
    <ele>477.94</ele>
   </trkpt>
   <trkpt lat="49.44843" lon="-117.56278">
    <ele>477.95000000000005</ele>
   </trkpt>
   <trkpt lat="49.44848" lon="-117.56278">
    <ele>477.95000000000005</ele>
   </trkpt>
   <trkpt lat="49.449250000000006" lon="-117.56229">
    <ele>477.19000000000005</ele>
   </trkpt>
   <trkpt lat="49.44991" lon="-117.5618">
    <ele>477.61</ele>
   </trkpt>
   <trkpt lat="49.450450000000004" lon="-117.56171">
    <ele>478.14000000000004</ele>
   </trkpt>
   <trkpt lat="49.45087" lon="-117.56171">
    <ele>478.77000000000004</ele>
   </trkpt>
   <trkpt lat="49.451220000000006" lon="-117.56170000000002">
    <ele>479.34000000000003</ele>
   </trkpt>
   <trkpt lat="49.45119500262821" lon="-117.56091999977536">
    <ele>480.40000000000003</ele>
   </trkpt>
   <trkpt lat="49.451170000000005" lon="-117.56014">
    <ele>482.51000000000005</ele>
   </trkpt>
   <trkpt lat="49.45116" lon="-117.55942">
    <ele>483.32</ele>
   </trkpt>
   <trkpt lat="49.45109" lon="-117.55940000000001">
    <ele>483.30000000000007</ele>
   </trkpt>
   <trkpt lat="49.45116" lon="-117.55942">
    <ele>483.32</ele>
   </trkpt>
   <trkpt lat="49.45071" lon="-117.55933">
    <ele>483.24000000000007</ele>
   </trkpt>
   <trkpt lat="49.45005500029551" lon="-117.55911999722788">
    <ele>482.82</ele>
   </trkpt>
   <trkpt lat="49.449400000000004" lon="-117.55891000000001">
    <ele>482.08000000000004</ele>
   </trkpt>
   <trkpt lat="49.448535001188084" lon="-117.55860498385032">
    <ele>481.13000000000005</ele>
   </trkpt>
   <trkpt lat="49.447670001574075" lon="-117.55829997846402">
    <ele>479.85</ele>
   </trkpt>
   <trkpt lat="49.44680500115805" lon="-117.55799498384044">
    <ele>479.33000000000004</ele>
   </trkpt>
   <trkpt lat="49.44594000000001" lon="-117.55769000000001">
    <ele>478.71000000000004</ele>
   </trkpt>
   <trkpt lat="49.445660000000004" lon="-117.55758000000002">
    <ele>478.34000000000003</ele>
   </trkpt>
   <trkpt lat="49.44635" lon="-117.55784000000001">
    <ele>479.17</ele>
   </trkpt>
   <trkpt lat="49.44648" lon="-117.55691000000002">
    <ele>480.14000000000004</ele>
   </trkpt>
   <trkpt lat="49.44646" lon="-117.55675000000001">
    <ele>481.21000000000004</ele>
   </trkpt>
   <trkpt lat="49.44642" lon="-117.55669">
    <ele>481.21000000000004</ele>
   </trkpt>
   <trkpt lat="49.4463" lon="-117.55664000000002">
    <ele>482.07000000000005</ele>
   </trkpt>
   <trkpt lat="49.44614000000001" lon="-117.5566">
    <ele>483.95000000000005</ele>
   </trkpt>
   <trkpt lat="49.445930000000004" lon="-117.5566">
    <ele>486.62000000000006</ele>
   </trkpt>
   <trkpt lat="49.445820000000005" lon="-117.55656">
    <ele>487.7</ele>
   </trkpt>
   <trkpt lat="49.44576000000001" lon="-117.55647">
    <ele>488.29</ele>
   </trkpt>
   <trkpt lat="49.445750000000004" lon="-117.55629">
    <ele>488.82000000000005</ele>
   </trkpt>
   <trkpt lat="49.44547000000001" lon="-117.55625">
    <ele>488.74000000000007</ele>
   </trkpt>
   <trkpt lat="49.44527" lon="-117.55625">
    <ele>488.81</ele>
   </trkpt>
   <trkpt lat="49.445260000000005" lon="-117.55625">
    <ele>488.81</ele>
   </trkpt>
   <trkpt lat="49.445100000000004" lon="-117.5562">
    <ele>488.81</ele>
   </trkpt>
   <trkpt lat="49.444500000000005" lon="-117.55590000000001">
    <ele>489.7</ele>
   </trkpt>
   <trkpt lat="49.44415000000001" lon="-117.55548">
    <ele>490.08</ele>
   </trkpt>
   <trkpt lat="49.443880001264" lon="-117.55491999673399">
    <ele>490.83000000000004</ele>
   </trkpt>
   <trkpt lat="49.44361000000001" lon="-117.55436">
    <ele>491.49</ele>
   </trkpt>
   <trkpt lat="49.44316500462425" lon="-117.55333499091667">
    <ele>492.57000000000005</ele>
   </trkpt>
   <trkpt lat="49.44272" lon="-117.55231">
    <ele>492.3500000000001</ele>
   </trkpt>
   <trkpt lat="49.44257" lon="-117.55168">
    <ele>492.54</ele>
   </trkpt>
   <trkpt lat="49.442370000000004" lon="-117.55047">
    <ele>493.33000000000004</ele>
   </trkpt>
   <trkpt lat="49.44238000000001" lon="-117.54984">
    <ele>493.26000000000005</ele>
   </trkpt>
   <trkpt lat="49.44248" lon="-117.54921000000002">
    <ele>493.3</ele>
   </trkpt>
   <trkpt lat="49.442695001999844" lon="-117.5485250030767">
    <ele>493.39000000000004</ele>
   </trkpt>
   <trkpt lat="49.442910000000005" lon="-117.54784000000001">
    <ele>493.66</ele>
   </trkpt>
   <trkpt lat="49.44319000943497" lon="-117.54679334532592">
    <ele>493.84000000000003</ele>
   </trkpt>
   <trkpt lat="49.44347000942466" lon="-117.54574667869798">
    <ele>494.1</ele>
   </trkpt>
   <trkpt lat="49.44375" lon="-117.5447">
    <ele>494.58</ele>
   </trkpt>
   <trkpt lat="49.444190000000006" lon="-117.54394">
    <ele>494.54</ele>
   </trkpt>
   <trkpt lat="49.4444" lon="-117.54331">
    <ele>494.34000000000003</ele>
   </trkpt>
   <trkpt lat="49.44453000000001" lon="-117.54272">
    <ele>494.56000000000006</ele>
   </trkpt>
   <trkpt lat="49.44453000326293" lon="-117.54185000002063">
    <ele>494.55</ele>
   </trkpt>
   <trkpt lat="49.44453000000001" lon="-117.54098">
    <ele>494.62000000000006</ele>
   </trkpt>
   <trkpt lat="49.44455500535846" lon="-117.53986500061177">
    <ele>494.87</ele>
   </trkpt>
   <trkpt lat="49.44458" lon="-117.53875000000001">
    <ele>494.93</ele>
   </trkpt>
   <trkpt lat="49.44462000000001" lon="-117.53852">
    <ele>494.93</ele>
   </trkpt>
   <trkpt lat="49.444720000000004" lon="-117.53811">
    <ele>495.01000000000005</ele>
   </trkpt>
   <trkpt lat="49.44487" lon="-117.53775">
    <ele>495.24</ele>
   </trkpt>
   <trkpt lat="49.445190000000004" lon="-117.53724000000001">
    <ele>495.36</ele>
   </trkpt>
   <trkpt lat="49.44552" lon="-117.53677">
    <ele>495.49</ele>
   </trkpt>
   <trkpt lat="49.44572" lon="-117.53652000000001">
    <ele>495.38000000000005</ele>
   </trkpt>
   <trkpt lat="49.44619" lon="-117.53583">
    <ele>495.2900000000001</ele>
   </trkpt>
   <trkpt lat="49.44653" lon="-117.53543">
    <ele>495.37</ele>
   </trkpt>
   <trkpt lat="49.446870000000004" lon="-117.53507">
    <ele>495.3500000000001</ele>
   </trkpt>
   <trkpt lat="49.447660000000006" lon="-117.53457000000002">
    <ele>495.53000000000003</ele>
   </trkpt>
   <trkpt lat="49.44818000042238" lon="-117.53430500274985">
    <ele>495.55</ele>
   </trkpt>
   <trkpt lat="49.4487" lon="-117.53404">
    <ele>495.43</ele>
   </trkpt>
   <trkpt lat="49.44924" lon="-117.53373">
    <ele>495.33000000000004</ele>
   </trkpt>
   <trkpt lat="49.44950000000001" lon="-117.53354000000002">
    <ele>495.39000000000004</ele>
   </trkpt>
   <trkpt lat="49.45006000210842" lon="-117.53305001116152">
    <ele>495.11</ele>
   </trkpt>
   <trkpt lat="49.45062000214684" lon="-117.53256001112806">
    <ele>494.28000000000003</ele>
   </trkpt>
   <trkpt lat="49.45118" lon="-117.53207">
    <ele>493.83000000000004</ele>
   </trkpt>
   <trkpt lat="49.45178000294897" lon="-117.53124001018804">
    <ele>492.72</ele>
   </trkpt>
   <trkpt lat="49.452380000000005" lon="-117.53041">
    <ele>492.53000000000003</ele>
   </trkpt>
   <trkpt lat="49.45274500232101" lon="-117.52967000559053">
    <ele>493.19</ele>
   </trkpt>
   <trkpt lat="49.45311" lon="-117.52893">
    <ele>493.37</ele>
   </trkpt>
   <trkpt lat="49.453500000000005" lon="-117.5284">
    <ele>493.93</ele>
   </trkpt>
   <trkpt lat="49.454060000000005" lon="-117.52808">
    <ele>494.84000000000003</ele>
   </trkpt>
   <trkpt lat="49.454640000163224" lon="-117.5279650013398">
    <ele>495.16</ele>
   </trkpt>
   <trkpt lat="49.455220000000004" lon="-117.52785000000002">
    <ele>495.7900000000001</ele>
   </trkpt>
   <trkpt lat="49.455560000000006" lon="-117.52773">
    <ele>495.88000000000005</ele>
   </trkpt>
   <trkpt lat="49.45581000000001" lon="-117.52751">
    <ele>496.06000000000006</ele>
   </trkpt>
   <trkpt lat="49.456010000000006" lon="-117.52727000000002">
    <ele>496.33000000000004</ele>
   </trkpt>
   <trkpt lat="49.4562" lon="-117.52692">
    <ele>496.69</ele>
   </trkpt>
   <trkpt lat="49.45635000000001" lon="-117.52653000000001">
    <ele>496.74</ele>
   </trkpt>
   <trkpt lat="49.456450000000004" lon="-117.5262">
    <ele>496.6700000000001</ele>
   </trkpt>
   <trkpt lat="49.45651" lon="-117.52594">
    <ele>496.69</ele>
   </trkpt>
   <trkpt lat="49.456500000000005" lon="-117.52595000000001">
    <ele>496.69</ele>
   </trkpt>
   <trkpt lat="49.456590000000006" lon="-117.52559000000001">
    <ele>497.00000000000006</ele>
   </trkpt>
   <trkpt lat="49.45665" lon="-117.52549">
    <ele>497.25</ele>
   </trkpt>
   <trkpt lat="49.456770000000006" lon="-117.5254">
    <ele>497.81</ele>
   </trkpt>
   <trkpt lat="49.456810000000004" lon="-117.52531">
    <ele>497.81</ele>
   </trkpt>
   <trkpt lat="49.45684000000001" lon="-117.52510000000001">
    <ele>498.1700000000001</ele>
   </trkpt>
   <trkpt lat="49.456900000000005" lon="-117.52424">
    <ele>498.19</ele>
   </trkpt>
   <trkpt lat="49.4568" lon="-117.52422000000001">
    <ele>498.03000000000003</ele>
   </trkpt>
   <trkpt lat="49.45675000000001" lon="-117.52434000000001">
    <ele>497.93</ele>
   </trkpt>
   <trkpt lat="49.456256669351305" lon="-117.52490001129523">
    <ele>496.6700000000001</ele>
   </trkpt>
   <trkpt lat="49.455763335998924" lon="-117.5254600113167">
    <ele>497.26000000000005</ele>
   </trkpt>
   <trkpt lat="49.455270000000006" lon="-117.52602">
    <ele>498.69</ele>
   </trkpt>
   <trkpt lat="49.454840000000004" lon="-117.52625">
    <ele>499.50000000000006</ele>
   </trkpt>
   <trkpt lat="49.45469000000001" lon="-117.52640000000001">
    <ele>500.04</ele>
   </trkpt>
   <trkpt lat="49.45483" lon="-117.52676000000001">
    <ele>500.26000000000005</ele>
   </trkpt>
   <trkpt lat="49.455585002134185" lon="-117.52605501086784">
    <ele>503.13000000000005</ele>
   </trkpt>
   <trkpt lat="49.456340000000004" lon="-117.52535">
    <ele>505.53999999999996</ele>
   </trkpt>
   <trkpt lat="49.45669" lon="-117.52504">
    <ele>507.0800000000001</ele>
   </trkpt>
   <trkpt lat="49.456970000000005" lon="-117.52473">
    <ele>507.95</ele>
   </trkpt>
   <trkpt lat="49.457150000000006" lon="-117.52447000000001">
    <ele>509.0</ele>
   </trkpt>
   <trkpt lat="49.4577" lon="-117.52356">
    <ele>510.48</ele>
   </trkpt>
   <trkpt lat="49.457910000000005" lon="-117.52302000000002">
    <ele>511.94000000000005</ele>
   </trkpt>
   <trkpt lat="49.45810500326115" lon="-117.52215000346858">
    <ele>512.73</ele>
   </trkpt>
   <trkpt lat="49.4583" lon="-117.52128">
    <ele>512.5300000000001</ele>
   </trkpt>
   <trkpt lat="49.458580000000005" lon="-117.52040000000001">
    <ele>511.6400000000001</ele>
   </trkpt>
   <trkpt lat="49.459005004673635" lon="-117.51935500914531">
    <ele>509.50000000000006</ele>
   </trkpt>
   <trkpt lat="49.459430000000005" lon="-117.51831000000001">
    <ele>509.31</ele>
   </trkpt>
   <trkpt lat="49.459590000000006" lon="-117.51765">
    <ele>510.01000000000005</ele>
   </trkpt>
   <trkpt lat="49.45990500313684" lon="-117.51680000540314">
    <ele>511.55000000000007</ele>
   </trkpt>
   <trkpt lat="49.46022000000001" lon="-117.51595">
    <ele>511.51</ele>
   </trkpt>
   <trkpt lat="49.460605002852596" lon="-117.51515000609027">
    <ele>510.29</ele>
   </trkpt>
   <trkpt lat="49.46099" lon="-117.51435000000001">
    <ele>505.4700000000001</ele>
   </trkpt>
   <trkpt lat="49.46107000000001" lon="-117.51399">
    <ele>504.2000000000001</ele>
   </trkpt>
   <trkpt lat="49.46107000000001" lon="-117.51375000000002">
    <ele>503.83</ele>
   </trkpt>
   <trkpt lat="49.46103" lon="-117.51353">
    <ele>503.6</ele>
   </trkpt>
   <trkpt lat="49.46096000000001" lon="-117.51330000000002">
    <ele>503.39</ele>
   </trkpt>
   <trkpt lat="49.460730000000005" lon="-117.51268">
    <ele>498.40000000000003</ele>
   </trkpt>
   <trkpt lat="49.46052" lon="-117.51162000000001">
    <ele>492.43</ele>
   </trkpt>
   <trkpt lat="49.46038" lon="-117.51098">
    <ele>487.90000000000003</ele>
   </trkpt>
   <trkpt lat="49.460300000000004" lon="-117.51071">
    <ele>486.33000000000004</ele>
   </trkpt>
   <trkpt lat="49.46018" lon="-117.51050000000001">
    <ele>485.15000000000003</ele>
   </trkpt>
   <trkpt lat="49.459592505463114" lon="-117.50984997662187">
    <ele>484.56000000000006</ele>
   </trkpt>
   <trkpt lat="49.45900500728362" lon="-117.50919996882907">
    <ele>485.32</ele>
   </trkpt>
   <trkpt lat="49.45841750546171" lon="-117.50854997662107">
    <ele>485.95000000000005</ele>
   </trkpt>
   <trkpt lat="49.45783" lon="-117.5079">
    <ele>487.02000000000004</ele>
   </trkpt>
   <trkpt lat="49.45774" lon="-117.50749">
    <ele>489.00000000000006</ele>
   </trkpt>
   <trkpt lat="49.457710000000006" lon="-117.50718">
    <ele>492.67</ele>
   </trkpt>
   <trkpt lat="49.45780000804392" lon="-117.50581500232036">
    <ele>499.54</ele>
   </trkpt>
   <trkpt lat="49.457890000000006" lon="-117.50445">
    <ele>504.04</ele>
   </trkpt>
   <trkpt lat="49.457950000000004" lon="-117.50397000000001">
    <ele>504.70000000000005</ele>
   </trkpt>
   <trkpt lat="49.458160003892225" lon="-117.50302000406215">
    <ele>505.29</ele>
   </trkpt>
   <trkpt lat="49.45837" lon="-117.50207">
    <ele>506.13000000000005</ele>
   </trkpt>
   <trkpt lat="49.458450000000006" lon="-117.50122">
    <ele>508.50000000000006</ele>
   </trkpt>
   <trkpt lat="49.458540000000006" lon="-117.49997">
    <ele>512.75</ele>
   </trkpt>
   <trkpt lat="49.45865500209527" lon="-117.49927500155141">
    <ele>516.72</ele>
   </trkpt>
   <trkpt lat="49.45877" lon="-117.49858">
    <ele>520.95</ele>
   </trkpt>
   <trkpt lat="49.45882" lon="-117.49747">
    <ele>526.7400000000001</ele>
   </trkpt>
   <trkpt lat="49.458800000000004" lon="-117.49693">
    <ele>529.0</ele>
   </trkpt>
   <trkpt lat="49.45873" lon="-117.49617">
    <ele>530.11</ele>
   </trkpt>
   <trkpt lat="49.458560000000006" lon="-117.49531">
    <ele>532.34</ele>
   </trkpt>
   <trkpt lat="49.45835" lon="-117.4946">
    <ele>533.9</ele>
   </trkpt>
   <trkpt lat="49.458180000000006" lon="-117.49415">
    <ele>534.13</ele>
   </trkpt>
   <trkpt lat="49.45794" lon="-117.4937">
    <ele>532.5500000000001</ele>
   </trkpt>
   <trkpt lat="49.457820000000005" lon="-117.49339">
    <ele>530.51</ele>
   </trkpt>
   <trkpt lat="49.45778000000001" lon="-117.49312">
    <ele>528.15</ele>
   </trkpt>
   <trkpt lat="49.45772500814196" lon="-117.49174499826222">
    <ele>524.88</ele>
   </trkpt>
   <trkpt lat="49.45767000000001" lon="-117.49037000000001">
    <ele>526.45</ele>
   </trkpt>
   <trkpt lat="49.457615002276874" lon="-117.48963999891201">
    <ele>527.75</ele>
   </trkpt>
   <trkpt lat="49.45756" lon="-117.48891">
    <ele>531.12</ele>
   </trkpt>
   <trkpt lat="49.457350000000005" lon="-117.48765000000002">
    <ele>538.4300000000001</ele>
   </trkpt>
   <trkpt lat="49.457260000000005" lon="-117.48734">
    <ele>539.7700000000001</ele>
   </trkpt>
   <trkpt lat="49.457150000000006" lon="-117.48707">
    <ele>540.4100000000001</ele>
   </trkpt>
   <trkpt lat="49.456610000000005" lon="-117.48609">
    <ele>540.6500000000001</ele>
   </trkpt>
   <trkpt lat="49.45653" lon="-117.48587">
    <ele>540.6500000000001</ele>
   </trkpt>
   <trkpt lat="49.456500000000005" lon="-117.4856">
    <ele>540.6899999999999</ele>
   </trkpt>
   <trkpt lat="49.45651" lon="-117.48533">
    <ele>540.79</ele>
   </trkpt>
   <trkpt lat="49.45667" lon="-117.48443">
    <ele>540.64</ele>
   </trkpt>
   <trkpt lat="49.456680000000006" lon="-117.48408">
    <ele>539.9900000000001</ele>
   </trkpt>
   <trkpt lat="49.456630000000004" lon="-117.48380000000002">
    <ele>539.12</ele>
   </trkpt>
   <trkpt lat="49.45653" lon="-117.48349">
    <ele>538.45</ele>
   </trkpt>
   <trkpt lat="49.45599000000001" lon="-117.48246">
    <ele>531.49</ele>
   </trkpt>
   <trkpt lat="49.455850000000005" lon="-117.48202">
    <ele>527.05</ele>
   </trkpt>
   <trkpt lat="49.45582" lon="-117.48147000000002">
    <ele>524.0</ele>
   </trkpt>
   <trkpt lat="49.455856679217945" lon="-117.48026333519493">
    <ele>521.48</ele>
   </trkpt>
   <trkpt lat="49.455893345882934" lon="-117.47905666858408">
    <ele>522.3100000000001</ele>
   </trkpt>
   <trkpt lat="49.45593" lon="-117.47785">
    <ele>525.9</ele>
   </trkpt>
   <trkpt lat="49.45591" lon="-117.47731">
    <ele>527.27</ele>
   </trkpt>
   <trkpt lat="49.45579000383373" lon="-117.47636999789303">
    <ele>533.39</ele>
   </trkpt>
   <trkpt lat="49.455670000000005" lon="-117.47543">
    <ele>538.5300000000001</ele>
   </trkpt>
   <trkpt lat="49.455580000000005" lon="-117.47511000000002">
    <ele>538.87</ele>
   </trkpt>
   <trkpt lat="49.455090000000006" lon="-117.47451000000001">
    <ele>538.6500000000001</ele>
   </trkpt>
   <trkpt lat="49.455000000000005" lon="-117.47436">
    <ele>539.4</ele>
   </trkpt>
   <trkpt lat="49.45499" lon="-117.47415000000001">
    <ele>540.37</ele>
   </trkpt>
   <trkpt lat="49.455130003864355" lon="-117.4732050025993">
    <ele>546.6800000000001</ele>
   </trkpt>
   <trkpt lat="49.455270000000006" lon="-117.47226">
    <ele>550.2</ele>
   </trkpt>
   <trkpt lat="49.455360000000006" lon="-117.47180000000002">
    <ele>551.2</ele>
   </trkpt>
   <trkpt lat="49.45541" lon="-117.47161000000001">
    <ele>551.37</ele>
   </trkpt>
   <trkpt lat="49.45541" lon="-117.47162000000002">
    <ele>551.36</ele>
   </trkpt>
   <trkpt lat="49.455490000000005" lon="-117.47137000000001">
    <ele>551.36</ele>
   </trkpt>
   <trkpt lat="49.455895012552894" lon="-117.47038502440357">
    <ele>553.18</ele>
   </trkpt>
   <trkpt lat="49.45630001674146" lon="-117.46940003252823">
    <ele>554.7700000000001</ele>
   </trkpt>
   <trkpt lat="49.45670501256545" lon="-117.46841502437384">
    <ele>556.7</ele>
   </trkpt>
   <trkpt lat="49.45711000000001" lon="-117.46743000000001">
    <ele>557.8700000000001</ele>
   </trkpt>
   <trkpt lat="49.45741" lon="-117.46694000000001">
    <ele>556.25</ele>
   </trkpt>
   <trkpt lat="49.457730000000005" lon="-117.46653">
    <ele>551.5600000000001</ele>
   </trkpt>
   <trkpt lat="49.45831333578153" lon="-117.46600334581983">
    <ele>545.32</ele>
   </trkpt>
   <trkpt lat="49.4588966691718" lon="-117.46547667910194">
    <ele>543.42</ele>
   </trkpt>
   <trkpt lat="49.459480000000006" lon="-117.46495000000002">
    <ele>543.9000000000001</ele>
   </trkpt>
   <trkpt lat="49.460205001912044" lon="-117.46430500943693">
    <ele>546.6800000000001</ele>
   </trkpt>
   <trkpt lat="49.460930000000005" lon="-117.46366">
    <ele>549.58</ele>
   </trkpt>
   <trkpt lat="49.461330000000004" lon="-117.46347000000002">
    <ele>551.06</ele>
   </trkpt>
   <trkpt lat="49.462160000000004" lon="-117.46326">
    <ele>553.0500000000001</ele>
   </trkpt>
   <trkpt lat="49.46256" lon="-117.46299">
    <ele>555.1700000000001</ele>
   </trkpt>
   <trkpt lat="49.46298" lon="-117.46254">
    <ele>559.11</ele>
   </trkpt>
   <trkpt lat="49.46360000405666" lon="-117.46157501214431">
    <ele>563.99</ele>
   </trkpt>
   <trkpt lat="49.464220000000005" lon="-117.46061">
    <ele>576.25</ele>
   </trkpt>
   <trkpt lat="49.464670000000005" lon="-117.46017">
    <ele>581.6600000000001</ele>
   </trkpt>
   <trkpt lat="49.4652" lon="-117.45981">
    <ele>585.94</ele>
   </trkpt>
   <trkpt lat="49.465805003011305" lon="-117.45896001064077">
    <ele>589.43</ele>
   </trkpt>
   <trkpt lat="49.46641" lon="-117.45811">
    <ele>592.8500000000001</ele>
   </trkpt>
   <trkpt lat="49.46692500200349" lon="-117.45743000713435">
    <ele>596.72</ele>
   </trkpt>
   <trkpt lat="49.46744" lon="-117.45675000000001">
    <ele>599.98</ele>
   </trkpt>
   <trkpt lat="49.467650000000006" lon="-117.45632">
    <ele>600.82</ele>
   </trkpt>
   <trkpt lat="49.46784" lon="-117.45542">
    <ele>600.08</ele>
   </trkpt>
   <trkpt lat="49.46788" lon="-117.45472000000001">
    <ele>596.59</ele>
   </trkpt>
   <trkpt lat="49.467850000000006" lon="-117.45409000000001">
    <ele>595.1</ele>
   </trkpt>
   <trkpt lat="49.46797" lon="-117.45363">
    <ele>595.5600000000001</ele>
   </trkpt>
   <trkpt lat="49.468180000000004" lon="-117.45328">
    <ele>598.24</ele>
   </trkpt>
   <trkpt lat="49.46842" lon="-117.45301">
    <ele>602.6100000000001</ele>
   </trkpt>
   <trkpt lat="49.46855000000001" lon="-117.45297000000001">
    <ele>604.0500000000001</ele>
   </trkpt>
   <trkpt lat="49.46869" lon="-117.45302000000001">
    <ele>607.3100000000001</ele>
   </trkpt>
   <trkpt lat="49.46882" lon="-117.45315000000001">
    <ele>608.9100000000001</ele>
   </trkpt>
   <trkpt lat="49.469100000000005" lon="-117.45354">
    <ele>612.9</ele>
   </trkpt>
   <trkpt lat="49.469190000000005" lon="-117.45354">
    <ele>615.09</ele>
   </trkpt>
   <trkpt lat="49.469240000000006" lon="-117.45349000000002">
    <ele>615.09</ele>
   </trkpt>
   <trkpt lat="49.46923" lon="-117.45336">
    <ele>616.0300000000001</ele>
   </trkpt>
   <trkpt lat="49.46918" lon="-117.45323">
    <ele>616.8</ele>
   </trkpt>
   <trkpt lat="49.468680000000006" lon="-117.45233">
    <ele>622.53</ele>
   </trkpt>
   <trkpt lat="49.46810500320375" lon="-117.45145998969991">
    <ele>631.6700000000001</ele>
   </trkpt>
   <trkpt lat="49.467530000000004" lon="-117.45059">
    <ele>639.5300000000001</ele>
   </trkpt>
   <trkpt lat="49.46743000000001" lon="-117.45041">
    <ele>640.9100000000001</ele>
   </trkpt>
   <trkpt lat="49.46739" lon="-117.45019">
    <ele>642.22</ele>
   </trkpt>
   <trkpt lat="49.467360000000006" lon="-117.44938">
    <ele>648.93</ele>
   </trkpt>
   <trkpt lat="49.46727000215674" lon="-117.44867499881747">
    <ele>652.9100000000001</ele>
   </trkpt>
   <trkpt lat="49.467180000000006" lon="-117.44797000000001">
    <ele>658.2900000000001</ele>
   </trkpt>
   <trkpt lat="49.46707000325523" lon="-117.44710499829442">
    <ele>664.54</ele>
   </trkpt>
   <trkpt lat="49.46696000000001" lon="-117.44624">
    <ele>670.3100000000001</ele>
   </trkpt>
   <trkpt lat="49.46699" lon="-117.44549">
    <ele>676.5600000000001</ele>
   </trkpt>
   <trkpt lat="49.467090000000006" lon="-117.44498000000002">
    <ele>678.5500000000001</ele>
   </trkpt>
   <trkpt lat="49.46733667444888" lon="-117.44403000955859">
    <ele>680.9200000000001</ele>
   </trkpt>
   <trkpt lat="49.46758334111759" lon="-117.44308000955084">
    <ele>680.2600000000001</ele>
   </trkpt>
   <trkpt lat="49.467830000000006" lon="-117.44213">
    <ele>680.1100000000001</ele>
   </trkpt>
   <trkpt lat="49.467870000000005" lon="-117.44173">
    <ele>680.5500000000001</ele>
   </trkpt>
   <trkpt lat="49.467940000000006" lon="-117.44047">
    <ele>684.08</ele>
   </trkpt>
   <trkpt lat="49.46792000000001" lon="-117.44011">
    <ele>685.6800000000001</ele>
   </trkpt>
   <trkpt lat="49.46770000258745" lon="-117.43932499622967">
    <ele>687.91</ele>
   </trkpt>
   <trkpt lat="49.46748" lon="-117.43854">
    <ele>689.91</ele>
   </trkpt>
   <trkpt lat="49.46746" lon="-117.43820000000001">
    <ele>690.25</ele>
   </trkpt>
   <trkpt lat="49.467510000000004" lon="-117.43783">
    <ele>691.28</ele>
   </trkpt>
   <trkpt lat="49.46763000000001" lon="-117.43742">
    <ele>691.6600000000001</ele>
   </trkpt>
   <trkpt lat="49.46798000200881" lon="-117.4367500046452">
    <ele>694.3600000000001</ele>
   </trkpt>
   <trkpt lat="49.46833" lon="-117.43608">
    <ele>695.95</ele>
   </trkpt>
   <trkpt lat="49.46847" lon="-117.43563">
    <ele>697.06</ele>
   </trkpt>
   <trkpt lat="49.468540000000004" lon="-117.43523">
    <ele>697.57</ele>
   </trkpt>
   <trkpt lat="49.46857000000001" lon="-117.43443">
    <ele>698.5600000000001</ele>
   </trkpt>
   <trkpt lat="49.46862" lon="-117.4342">
    <ele>699.07</ele>
   </trkpt>
   <trkpt lat="49.46871" lon="-117.43402">
    <ele>699.07</ele>
   </trkpt>
   <trkpt lat="49.46945" lon="-117.43326">
    <ele>702.23</ele>
   </trkpt>
   <trkpt lat="49.4697" lon="-117.43291">
    <ele>703.71</ele>
   </trkpt>
   <trkpt lat="49.469950000000004" lon="-117.4325">
    <ele>704.9200000000001</ele>
   </trkpt>
   <trkpt lat="49.47027000178431" lon="-117.43187000397063">
    <ele>707.2700000000001</ele>
   </trkpt>
   <trkpt lat="49.47059" lon="-117.43124">
    <ele>710.57</ele>
   </trkpt>
   <trkpt lat="49.470740000000006" lon="-117.43107">
    <ele>711.0200000000001</ele>
   </trkpt>
   <trkpt lat="49.47108" lon="-117.43089">
    <ele>711.79</ele>
   </trkpt>
   <trkpt lat="49.471590000000006" lon="-117.43028000000001">
    <ele>715.1500000000001</ele>
   </trkpt>
   <trkpt lat="49.47209" lon="-117.43">
    <ele>717.21</ele>
   </trkpt>
   <trkpt lat="49.47240000000001" lon="-117.42977">
    <ele>718.69</ele>
   </trkpt>
   <trkpt lat="49.47287000000001" lon="-117.42919">
    <ele>720.28</ele>
   </trkpt>
   <trkpt lat="49.473200000000006" lon="-117.42848000000001">
    <ele>722.11</ele>
   </trkpt>
   <trkpt lat="49.47334000000001" lon="-117.42808000000001">
    <ele>724.5800000000002</ele>
   </trkpt>
   <trkpt lat="49.47346" lon="-117.42762">
    <ele>726.33</ele>
   </trkpt>
   <trkpt lat="49.47354500294526" lon="-117.42679000167526">
    <ele>728.23</ele>
   </trkpt>
   <trkpt lat="49.47363000000001" lon="-117.42596">
    <ele>729.84</ele>
   </trkpt>
   <trkpt lat="49.47368" lon="-117.42502">
    <ele>733.36</ele>
   </trkpt>
   <trkpt lat="49.47364" lon="-117.42418">
    <ele>734.28</ele>
   </trkpt>
   <trkpt lat="49.473510000000005" lon="-117.42328">
    <ele>736.9300000000001</ele>
   </trkpt>
   <trkpt lat="49.473510000000005" lon="-117.42296">
    <ele>736.9300000000001</ele>
   </trkpt>
   <trkpt lat="49.473670000000006" lon="-117.42198">
    <ele>740.62</ele>
   </trkpt>
   <trkpt lat="49.473650000000006" lon="-117.42166">
    <ele>740.62</ele>
   </trkpt>
   <trkpt lat="49.473510000000005" lon="-117.42108">
    <ele>742.2200000000001</ele>
   </trkpt>
   <trkpt lat="49.47341" lon="-117.4205">
    <ele>744.4900000000001</ele>
   </trkpt>
   <trkpt lat="49.473380000000006" lon="-117.42005">
    <ele>745.72</ele>
   </trkpt>
   <trkpt lat="49.47341" lon="-117.4196">
    <ele>746.86</ele>
   </trkpt>
   <trkpt lat="49.47348" lon="-117.41929">
    <ele>748.09</ele>
   </trkpt>
   <trkpt lat="49.47359" lon="-117.41890000000001">
    <ele>748.96</ele>
   </trkpt>
   <trkpt lat="49.473870000000005" lon="-117.41821000000002">
    <ele>749.1000000000001</ele>
   </trkpt>
   <trkpt lat="49.47407500309801" lon="-117.41736500345257">
    <ele>747.65</ele>
   </trkpt>
   <trkpt lat="49.47428000000001" lon="-117.41652">
    <ele>745.74</ele>
   </trkpt>
   <trkpt lat="49.47439000404686" lon="-117.41555500187698">
    <ele>744.08</ele>
   </trkpt>
   <trkpt lat="49.474500000000006" lon="-117.41459">
    <ele>741.4900000000001</ele>
   </trkpt>
   <trkpt lat="49.47473334409926" lon="-117.41347334389253">
    <ele>739.77</ele>
   </trkpt>
   <trkpt lat="49.47496667744947" lon="-117.41235667714533">
    <ele>737.6700000000001</ele>
   </trkpt>
   <trkpt lat="49.4752" lon="-117.41124">
    <ele>735.4000000000001</ele>
   </trkpt>
   <trkpt lat="49.47540500202098" lon="-117.41056500263707">
    <ele>733.8</ele>
   </trkpt>
   <trkpt lat="49.47561" lon="-117.40989">
    <ele>733.22</ele>
   </trkpt>
   <trkpt lat="49.47587000000001" lon="-117.40869">
    <ele>729.7300000000001</ele>
   </trkpt>
   <trkpt lat="49.47602500312886" lon="-117.40783500282723">
    <ele>727.1700000000001</ele>
   </trkpt>
   <trkpt lat="49.47618000000001" lon="-117.40698">
    <ele>723.7300000000001</ele>
   </trkpt>
   <trkpt lat="49.476300002564095" lon="-117.40621000183143">
    <ele>721.5</ele>
   </trkpt>
   <trkpt lat="49.476420000000005" lon="-117.40544000000001">
    <ele>718.8500000000001</ele>
   </trkpt>
   <trkpt lat="49.476536676539254" lon="-117.40437000506854">
    <ele>713.11</ele>
   </trkpt>
   <trkpt lat="49.47665334320914" lon="-117.40330000503909">
    <ele>709.4200000000001</ele>
   </trkpt>
   <trkpt lat="49.47677" lon="-117.40223">
    <ele>706.99</ele>
   </trkpt>
   <trkpt lat="49.47693" lon="-117.40143">
    <ele>706.38</ele>
   </trkpt>
   <trkpt lat="49.47716000242768" lon="-117.4006700037736">
    <ele>707.61</ele>
   </trkpt>
   <trkpt lat="49.47739000000001" lon="-117.39991">
    <ele>710.08</ele>
   </trkpt>
   <trkpt lat="49.47757000000001" lon="-117.39919">
    <ele>711.46</ele>
   </trkpt>
   <trkpt lat="49.477630000000005" lon="-117.39865">
    <ele>712.19</ele>
   </trkpt>
   <trkpt lat="49.47767" lon="-117.39758">
    <ele>713.16</ele>
   </trkpt>
   <trkpt lat="49.47777000329317" lon="-117.39670500184607">
    <ele>715.07</ele>
   </trkpt>
   <trkpt lat="49.47787" lon="-117.39583">
    <ele>719.0000000000001</ele>
   </trkpt>
   <trkpt lat="49.47787" lon="-117.39529">
    <ele>720.5600000000001</ele>
   </trkpt>
   <trkpt lat="49.47778" lon="-117.39472">
    <ele>723.2900000000001</ele>
   </trkpt>
   <trkpt lat="49.47755000166755" lon="-117.3941099973043">
    <ele>727.22</ele>
   </trkpt>
   <trkpt lat="49.477320000000006" lon="-117.3935">
    <ele>730.01</ele>
   </trkpt>
   <trkpt lat="49.47726" lon="-117.39320000000001">
    <ele>730.01</ele>
   </trkpt>
   <trkpt lat="49.47729" lon="-117.39292">
    <ele>731.2900000000001</ele>
   </trkpt>
   <trkpt lat="49.477380000000004" lon="-117.39261">
    <ele>732.4600000000002</ele>
   </trkpt>
   <trkpt lat="49.47764" lon="-117.39213000000001">
    <ele>734.1500000000001</ele>
   </trkpt>
   <trkpt lat="49.47776" lon="-117.39172">
    <ele>734.94</ele>
   </trkpt>
   <trkpt lat="49.477830000000004" lon="-117.39052000000001">
    <ele>736.6700000000001</ele>
   </trkpt>
   <trkpt lat="49.47805000187944" lon="-117.38986000295904">
    <ele>735.8</ele>
   </trkpt>
   <trkpt lat="49.47827" lon="-117.38920000000002">
    <ele>733.8500000000001</ele>
   </trkpt>
   <trkpt lat="49.47856" lon="-117.38872">
    <ele>732.6100000000001</ele>
   </trkpt>
   <trkpt lat="49.47901" lon="-117.38827">
    <ele>730.5200000000001</ele>
   </trkpt>
   <trkpt lat="49.47925000000001" lon="-117.38786">
    <ele>728.53</ele>
   </trkpt>
   <trkpt lat="49.47948" lon="-117.38731000000001">
    <ele>726.98</ele>
   </trkpt>
   <trkpt lat="49.479600000000005" lon="-117.38689000000001">
    <ele>725.45</ele>
   </trkpt>
   <trkpt lat="49.47963000000001" lon="-117.38656">
    <ele>724.28</ele>
   </trkpt>
   <trkpt lat="49.47961" lon="-117.38567">
    <ele>721.34</ele>
   </trkpt>
   <trkpt lat="49.47968" lon="-117.38518">
    <ele>719.69</ele>
   </trkpt>
   <trkpt lat="49.480000000000004" lon="-117.38392">
    <ele>716.19</ele>
   </trkpt>
   <trkpt lat="49.48006" lon="-117.38358000000001">
    <ele>714.8500000000001</ele>
   </trkpt>
   <trkpt lat="49.48010000389147" lon="-117.38263000073742">
    <ele>713.1400000000001</ele>
   </trkpt>
   <trkpt lat="49.480140000000006" lon="-117.38168">
    <ele>713.1500000000001</ele>
   </trkpt>
   <trkpt lat="49.480250000000005" lon="-117.38097">
    <ele>713.62</ele>
   </trkpt>
   <trkpt lat="49.48048500368612" lon="-117.38005000426601">
    <ele>713.99</ele>
   </trkpt>
   <trkpt lat="49.480720000000005" lon="-117.37913">
    <ele>714.64</ele>
   </trkpt>
   <trkpt lat="49.48106000000001" lon="-117.37801">
    <ele>715.22</ele>
   </trkpt>
   <trkpt lat="49.48152" lon="-117.37711000000002">
    <ele>715.0200000000001</ele>
   </trkpt>
   <trkpt lat="49.481960004380525" lon="-117.37610500896838">
    <ele>714.5400000000001</ele>
   </trkpt>
   <trkpt lat="49.482400000000005" lon="-117.3751">
    <ele>712.4</ele>
   </trkpt>
   <trkpt lat="49.482910000000004" lon="-117.37416">
    <ele>708.4100000000001</ele>
   </trkpt>
   <trkpt lat="49.48344" lon="-117.37336">
    <ele>706.2700000000001</ele>
   </trkpt>
   <trkpt lat="49.48395000000001" lon="-117.37286">
    <ele>702.71</ele>
   </trkpt>
   <trkpt lat="49.484230000000004" lon="-117.37224">
    <ele>700.1</ele>
   </trkpt>
   <trkpt lat="49.48434" lon="-117.3721">
    <ele>699.2600000000001</ele>
   </trkpt>
   <trkpt lat="49.484480000000005" lon="-117.37202">
    <ele>698.49</ele>
   </trkpt>
   <trkpt lat="49.484910000000006" lon="-117.37201">
    <ele>696.25</ele>
   </trkpt>
   <trkpt lat="49.485530000498606" lon="-117.371655004521">
    <ele>691.5500000000001</ele>
   </trkpt>
   <trkpt lat="49.48615" lon="-117.3713">
    <ele>689.1700000000001</ele>
   </trkpt>
   <trkpt lat="49.48631" lon="-117.37107">
    <ele>688.5300000000001</ele>
   </trkpt>
   <trkpt lat="49.48642" lon="-117.3708">
    <ele>688.2600000000001</ele>
   </trkpt>
   <trkpt lat="49.48650000000001" lon="-117.37049">
    <ele>688.19</ele>
   </trkpt>
   <trkpt lat="49.48662" lon="-117.37023">
    <ele>688.64</ele>
   </trkpt>
   <trkpt lat="49.486790000000006" lon="-117.37010000000001">
    <ele>689.4300000000001</ele>
   </trkpt>
   <trkpt lat="49.487280000000005" lon="-117.37005">
    <ele>690.0400000000001</ele>
   </trkpt>
   <trkpt lat="49.487700000000004" lon="-117.36988000000001">
    <ele>689.89</ele>
   </trkpt>
   <trkpt lat="49.48789000000001" lon="-117.36986">
    <ele>690.08</ele>
   </trkpt>
   <trkpt lat="49.48807000000001" lon="-117.36991">
    <ele>690.1</ele>
   </trkpt>
   <trkpt lat="49.488620000000004" lon="-117.3704">
    <ele>689.4300000000001</ele>
   </trkpt>
   <trkpt lat="49.48881" lon="-117.37044000000002">
    <ele>688.03</ele>
   </trkpt>
   <trkpt lat="49.489000000000004" lon="-117.3704">
    <ele>687.37</ele>
   </trkpt>
   <trkpt lat="49.489360000000005" lon="-117.37019000000001">
    <ele>685.8000000000001</ele>
   </trkpt>
   <trkpt lat="49.48992000075883" lon="-117.36976000494828">
    <ele>680.83</ele>
   </trkpt>
   <trkpt lat="49.490480000000005" lon="-117.36933">
    <ele>677.18</ele>
   </trkpt>
   <trkpt lat="49.490660000000005" lon="-117.36924">
    <ele>676.8400000000001</ele>
   </trkpt>
   <trkpt lat="49.490880000000004" lon="-117.36924">
    <ele>676.33</ele>
   </trkpt>
   <trkpt lat="49.49159" lon="-117.36951">
    <ele>672.72</ele>
   </trkpt>
   <trkpt lat="49.492470000000004" lon="-117.36951">
    <ele>667.08</ele>
   </trkpt>
   <trkpt lat="49.492610000000006" lon="-117.36948000000001">
    <ele>666.81</ele>
   </trkpt>
   <trkpt lat="49.492700000000006" lon="-117.3692">
    <ele>665.33</ele>
   </trkpt>
   <trkpt lat="49.492760000000004" lon="-117.36879">
    <ele>663.5500000000001</ele>
   </trkpt>
   <trkpt lat="49.4928" lon="-117.36826">
    <ele>662.81</ele>
   </trkpt>
   <trkpt lat="49.49279000000001" lon="-117.3678">
    <ele>662.6200000000001</ele>
   </trkpt>
   <trkpt lat="49.49268000000001" lon="-117.36647">
    <ele>664.4300000000001</ele>
   </trkpt>
   <trkpt lat="49.49253334724185" lon="-117.36519999244123">
    <ele>668.03</ele>
   </trkpt>
   <trkpt lat="49.49238668058112" lon="-117.36392999249288">
    <ele>668.72</ele>
   </trkpt>
   <trkpt lat="49.49224" lon="-117.36266">
    <ele>672.4300000000001</ele>
   </trkpt>
   <trkpt lat="49.49207500391807" lon="-117.36170499670806">
    <ele>675.86</ele>
   </trkpt>
   <trkpt lat="49.491910000000004" lon="-117.36075000000001">
    <ele>677.98</ele>
   </trkpt>
   <trkpt lat="49.4918250023884" lon="-117.35999999838114">
    <ele>677.8400000000001</ele>
   </trkpt>
   <trkpt lat="49.49174000000001" lon="-117.35925">
    <ele>676.6</ele>
   </trkpt>
   <trkpt lat="49.49168" lon="-117.35863">
    <ele>674.8100000000001</ele>
   </trkpt>
   <trkpt lat="49.49163" lon="-117.35773">
    <ele>672.9000000000001</ele>
   </trkpt>
   <trkpt lat="49.491600002800645" lon="-117.35692499971525">
    <ele>670.96</ele>
   </trkpt>
   <trkpt lat="49.49157" lon="-117.35612">
    <ele>670.0400000000001</ele>
   </trkpt>
   <trkpt lat="49.49154" lon="-117.35591000000001">
    <ele>670.2800000000001</ele>
   </trkpt>
   <trkpt lat="49.49148" lon="-117.35572">
    <ele>670.61</ele>
   </trkpt>
   <trkpt lat="49.49137" lon="-117.35544000000002">
    <ele>671.82</ele>
   </trkpt>
   <trkpt lat="49.49125" lon="-117.35518">
    <ele>672.96</ele>
   </trkpt>
   <trkpt lat="49.490770000000005" lon="-117.35429">
    <ele>678.58</ele>
   </trkpt>
   <trkpt lat="49.49045" lon="-117.35365000000002">
    <ele>681.82</ele>
   </trkpt>
   <trkpt lat="49.49034" lon="-117.35334">
    <ele>682.84</ele>
   </trkpt>
   <trkpt lat="49.490190000000005" lon="-117.35271000000002">
    <ele>683.8700000000001</ele>
   </trkpt>
   <trkpt lat="49.490120000000005" lon="-117.35231">
    <ele>684.1100000000001</ele>
   </trkpt>
   <trkpt lat="49.490010000000005" lon="-117.35102">
    <ele>684.4300000000001</ele>
   </trkpt>
   <trkpt lat="49.490010000000005" lon="-117.35046000000001">
    <ele>684.2</ele>
   </trkpt>
   <trkpt lat="49.49006000000001" lon="-117.34951000000001">
    <ele>683.18</ele>
   </trkpt>
   <trkpt lat="49.490120000000005" lon="-117.34876000000001">
    <ele>682.9000000000001</ele>
   </trkpt>
   <trkpt lat="49.490120000000005" lon="-117.34842">
    <ele>682.58</ele>
   </trkpt>
   <trkpt lat="49.49002" lon="-117.34793">
    <ele>682.47</ele>
   </trkpt>
   <trkpt lat="49.489830000000005" lon="-117.34752">
    <ele>682.44</ele>
   </trkpt>
   <trkpt lat="49.48937" lon="-117.34694">
    <ele>682.9300000000001</ele>
   </trkpt>
   <trkpt lat="49.489070000000005" lon="-117.34649">
    <ele>682.36</ele>
   </trkpt>
   <trkpt lat="49.488890000000005" lon="-117.34615000000001">
    <ele>681.7200000000001</ele>
   </trkpt>
   <trkpt lat="49.48877" lon="-117.34588000000001">
    <ele>681.7200000000001</ele>
   </trkpt>
   <trkpt lat="49.488565001965895" lon="-117.34520499718073">
    <ele>680.9300000000001</ele>
   </trkpt>
   <trkpt lat="49.48836000000001" lon="-117.34453">
    <ele>679.7200000000001</ele>
   </trkpt>
   <trkpt lat="49.48819" lon="-117.34412">
    <ele>679.48</ele>
   </trkpt>
   <trkpt lat="49.48771000000001" lon="-117.34306000000001">
    <ele>678.1400000000001</ele>
   </trkpt>
   <trkpt lat="49.487550000000006" lon="-117.34264">
    <ele>677.7700000000001</ele>
   </trkpt>
   <trkpt lat="49.48728667602453" lon="-117.34159665534298">
    <ele>674.6500000000001</ele>
   </trkpt>
   <trkpt lat="49.48702334266593" lon="-117.34055332190971">
    <ele>667.2800000000001</ele>
   </trkpt>
   <trkpt lat="49.486760000000004" lon="-117.33951">
    <ele>661.1100000000001</ele>
   </trkpt>
   <trkpt lat="49.48662" lon="-117.33884">
    <ele>657.4100000000001</ele>
   </trkpt>
   <trkpt lat="49.48646000331853" lon="-117.3379699974631">
    <ele>652.85</ele>
   </trkpt>
   <trkpt lat="49.48630000000001" lon="-117.3371">
    <ele>649.73</ele>
   </trkpt>
   <trkpt lat="49.48624" lon="-117.33688000000001">
    <ele>649.73</ele>
   </trkpt>
   <trkpt lat="49.48593" lon="-117.33606">
    <ele>647.61</ele>
   </trkpt>
   <trkpt lat="49.48588" lon="-117.33587000000001">
    <ele>647.61</ele>
   </trkpt>
   <trkpt lat="49.485760000000006" lon="-117.3353">
    <ele>647.6</ele>
   </trkpt>
   <trkpt lat="49.48572" lon="-117.33494">
    <ele>647.5200000000001</ele>
   </trkpt>
   <trkpt lat="49.4857" lon="-117.33458">
    <ele>647.26</ele>
   </trkpt>
   <trkpt lat="49.485710000000005" lon="-117.33387">
    <ele>644.94</ele>
   </trkpt>
   <trkpt lat="49.485760000000006" lon="-117.33348000000001">
    <ele>642.69</ele>
   </trkpt>
   <trkpt lat="49.48577" lon="-117.33329">
    <ele>642.69</ele>
   </trkpt>
   <trkpt lat="49.485710000000005" lon="-117.3327">
    <ele>638.87</ele>
   </trkpt>
   <trkpt lat="49.48556500263218" lon="-117.33191999774375">
    <ele>637.21</ele>
   </trkpt>
   <trkpt lat="49.485420000000005" lon="-117.33114">
    <ele>635.66</ele>
   </trkpt>
   <trkpt lat="49.48518000000001" lon="-117.33011">
    <ele>632.41</ele>
   </trkpt>
   <trkpt lat="49.484970001630344" lon="-117.32947999705704">
    <ele>630.48</ele>
   </trkpt>
   <trkpt lat="49.48476" lon="-117.32885">
    <ele>629.41</ele>
   </trkpt>
   <trkpt lat="49.48467" lon="-117.32832">
    <ele>626.46</ele>
   </trkpt>
   <trkpt lat="49.484440000000006" lon="-117.32738">
    <ele>623.68</ele>
   </trkpt>
   <trkpt lat="49.484370000000006" lon="-117.32675">
    <ele>622.09</ele>
   </trkpt>
   <trkpt lat="49.484370000000006" lon="-117.32634000000002">
    <ele>620.0400000000001</ele>
   </trkpt>
   <trkpt lat="49.484320000000004" lon="-117.32605000000001">
    <ele>618.99</ele>
   </trkpt>
   <trkpt lat="49.48431" lon="-117.32585">
    <ele>617.5500000000001</ele>
   </trkpt>
   <trkpt lat="49.484260000000006" lon="-117.32554">
    <ele>615.98</ele>
   </trkpt>
   <trkpt lat="49.484260000000006" lon="-117.32536">
    <ele>615.72</ele>
   </trkpt>
   <trkpt lat="49.484210000000004" lon="-117.32501">
    <ele>614.29</ele>
   </trkpt>
   <trkpt lat="49.4842" lon="-117.32437000000002">
    <ele>611.53</ele>
   </trkpt>
   <trkpt lat="49.48415000000001" lon="-117.32407">
    <ele>608.92</ele>
   </trkpt>
   <trkpt lat="49.48415000000001" lon="-117.32388">
    <ele>607.69</ele>
   </trkpt>
   <trkpt lat="49.48398" lon="-117.32282000000001">
    <ele>602.33</ele>
   </trkpt>
   <trkpt lat="49.48398" lon="-117.32267000000002">
    <ele>602.33</ele>
   </trkpt>
   <trkpt lat="49.48393" lon="-117.32241">
    <ele>601.96</ele>
   </trkpt>
   <trkpt lat="49.48387" lon="-117.32179000000001">
    <ele>599.7</ele>
   </trkpt>
   <trkpt lat="49.48387000333765" lon="-117.3209099999579">
    <ele>597.7800000000001</ele>
   </trkpt>
   <trkpt lat="49.48387" lon="-117.32003">
    <ele>594.84</ele>
   </trkpt>
   <trkpt lat="49.483920000000005" lon="-117.31963">
    <ele>593.87</ele>
   </trkpt>
   <trkpt lat="49.483920000000005" lon="-117.31951000000001">
    <ele>593.5100000000001</ele>
   </trkpt>
   <trkpt lat="49.48387" lon="-117.31919">
    <ele>592.82</ele>
   </trkpt>
   <trkpt lat="49.483850000000004" lon="-117.31878">
    <ele>592.4</ele>
   </trkpt>
   <trkpt lat="49.48386000000001" lon="-117.3186">
    <ele>591.74</ele>
   </trkpt>
   <trkpt lat="49.483880000000006" lon="-117.31847">
    <ele>591.74</ele>
   </trkpt>
   <trkpt lat="49.48397000000001" lon="-117.31830000000001">
    <ele>591.44</ele>
   </trkpt>
   <trkpt lat="49.48407" lon="-117.31821000000001">
    <ele>591.01</ele>
   </trkpt>
   <trkpt lat="49.48449" lon="-117.31793">
    <ele>588.07</ele>
   </trkpt>
   <trkpt lat="49.48463" lon="-117.31775">
    <ele>586.2700000000001</ele>
   </trkpt>
   <trkpt lat="49.48483" lon="-117.31734000000002">
    <ele>584.6600000000001</ele>
   </trkpt>
   <trkpt lat="49.48492" lon="-117.31695">
    <ele>583.0200000000001</ele>
   </trkpt>
   <trkpt lat="49.484930000000006" lon="-117.31663">
    <ele>580.61</ele>
   </trkpt>
   <trkpt lat="49.48492" lon="-117.31649000000002">
    <ele>580.61</ele>
   </trkpt>
   <trkpt lat="49.484840000000005" lon="-117.31614">
    <ele>578.79</ele>
   </trkpt>
   <trkpt lat="49.484550000000006" lon="-117.31524">
    <ele>574.72</ele>
   </trkpt>
   <trkpt lat="49.48454" lon="-117.31484">
    <ele>574.37</ele>
   </trkpt>
   <trkpt lat="49.484570000000005" lon="-117.31462">
    <ele>574.4200000000001</ele>
   </trkpt>
   <trkpt lat="49.484880000000004" lon="-117.31368">
    <ele>575.5600000000001</ele>
   </trkpt>
   <trkpt lat="49.48500000000001" lon="-117.31324000000001">
    <ele>576.16</ele>
   </trkpt>
   <trkpt lat="49.48523" lon="-117.31193">
    <ele>577.23</ele>
   </trkpt>
   <trkpt lat="49.4853" lon="-117.31122">
    <ele>577.8000000000001</ele>
   </trkpt>
   <trkpt lat="49.485380000000006" lon="-117.31003000000001">
    <ele>577.38</ele>
   </trkpt>
   <trkpt lat="49.485400000000006" lon="-117.30925">
    <ele>574.16</ele>
   </trkpt>
   <trkpt lat="49.48556000000001" lon="-117.30799">
    <ele>568.8199999999999</ele>
   </trkpt>
   <trkpt lat="49.48565000000001" lon="-117.30781">
    <ele>568.6600000000001</ele>
   </trkpt>
   <trkpt lat="49.48601000000001" lon="-117.30747000000001">
    <ele>567.62</ele>
   </trkpt>
   <trkpt lat="49.486380000000004" lon="-117.30674">
    <ele>560.89</ele>
   </trkpt>
   <trkpt lat="49.486580000000004" lon="-117.30616">
    <ele>559.2600000000001</ele>
   </trkpt>
   <trkpt lat="49.48668000000001" lon="-117.30553">
    <ele>555.11</ele>
   </trkpt>
   <trkpt lat="49.486740000000005" lon="-117.30468">
    <ele>549.8000000000001</ele>
   </trkpt>
   <trkpt lat="49.486830000000005" lon="-117.30392">
    <ele>544.84</ele>
   </trkpt>
   <trkpt lat="49.48698" lon="-117.3032">
    <ele>541.6800000000001</ele>
   </trkpt>
   <trkpt lat="49.487235002070555" lon="-117.30250500365068">
    <ele>540.4100000000001</ele>
   </trkpt>
   <trkpt lat="49.48749" lon="-117.30181">
    <ele>540.7700000000001</ele>
   </trkpt>
   <trkpt lat="49.48762500313649" lon="-117.30096000220166">
    <ele>541.91</ele>
   </trkpt>
   <trkpt lat="49.48776" lon="-117.30011">
    <ele>544.74</ele>
   </trkpt>
   <trkpt lat="49.488040000000005" lon="-117.29912000000002">
    <ele>545.79</ele>
   </trkpt>
   <trkpt lat="49.48836000000001" lon="-117.29830000000001">
    <ele>545.82</ele>
   </trkpt>
   <trkpt lat="49.488890000000005" lon="-117.29875000000001">
    <ele>544.7800000000001</ele>
   </trkpt>
   <trkpt lat="49.48913" lon="-117.29905000000001">
    <ele>544.12</ele>
   </trkpt>
   <trkpt lat="49.48939000000001" lon="-117.30007">
    <ele>543.25</ele>
   </trkpt>
   <trkpt lat="49.489560000000004" lon="-117.30044000000001">
    <ele>542.9300000000001</ele>
   </trkpt>
   <trkpt lat="49.489965024826745" lon="-117.29936671106334">
    <ele>548.8900000000001</ele>
   </trkpt>
   <trkpt lat="49.490370039723885" lon="-117.29829340436633">
    <ele>557.21</ele>
   </trkpt>
   <trkpt lat="49.490775044691105" lon="-117.2972200799089">
    <ele>560.55</ele>
   </trkpt>
   <trkpt lat="49.49118003972812" lon="-117.29614673769089">
    <ele>561.91</ele>
   </trkpt>
   <trkpt lat="49.49158502483461" lon="-117.29507337771223">
    <ele>562.09</ele>
   </trkpt>
   <trkpt lat="49.49199" lon="-117.29400000000001">
    <ele>562.0200000000001</ele>
   </trkpt>
   <trkpt lat="49.491560000382606" lon="-117.29361999645006">
    <ele>564.34</ele>
   </trkpt>
   <trkpt lat="49.491130000000005" lon="-117.29324000000001">
    <ele>568.57</ele>
   </trkpt>
   <trkpt lat="49.491560000862066" lon="-117.29361999687377">
    <ele>564.34</ele>
   </trkpt>
   <trkpt lat="49.49199" lon="-117.29400000000001">
    <ele>562.0200000000001</ele>
   </trkpt>
   <trkpt lat="49.49237751352416" lon="-117.29297752426675">
    <ele>562.9000000000001</ele>
   </trkpt>
   <trkpt lat="49.49276501803678" lon="-117.29195503234409">
    <ele>562.5400000000001</ele>
   </trkpt>
   <trkpt lat="49.49315251353762" lon="-117.29093252423199">
    <ele>561.61</ele>
   </trkpt>
   <trkpt lat="49.49354" lon="-117.28991">
    <ele>563.0200000000001</ele>
   </trkpt>
   <trkpt lat="49.49432" lon="-117.29059000000001">
    <ele>559.32</ele>
   </trkpt>
   <trkpt lat="49.49457000192869" lon="-117.2899200034382">
    <ele>560.4200000000001</ele>
   </trkpt>
   <trkpt lat="49.494820000000004" lon="-117.28925000000001">
    <ele>563.23</ele>
   </trkpt>
   <trkpt lat="49.49495" lon="-117.28936000000002">
    <ele>562.9900000000001</ele>
   </trkpt>
   <trkpt lat="49.49528" lon="-117.28955">
    <ele>562.24</ele>
   </trkpt>
   <trkpt lat="49.495380000000004" lon="-117.28955">
    <ele>562.13</ele>
   </trkpt>
   <trkpt lat="49.495580000000004" lon="-117.28954000000002">
    <ele>562.0200000000001</ele>
   </trkpt>
   <trkpt lat="49.49568000000001" lon="-117.2895">
    <ele>562.06</ele>
   </trkpt>
   <trkpt lat="49.49584" lon="-117.28936000000002">
    <ele>562.2900000000001</ele>
   </trkpt>
   <trkpt lat="49.49616" lon="-117.28868000000001">
    <ele>565.1</ele>
   </trkpt>
   <trkpt lat="49.496230000000004" lon="-117.28863000000001">
    <ele>565.09</ele>
   </trkpt>
   <trkpt lat="49.496340000000004" lon="-117.28866000000001">
    <ele>564.4800000000001</ele>
   </trkpt>
   <trkpt lat="49.49678" lon="-117.28896">
    <ele>561.69</ele>
   </trkpt>
   <trkpt lat="49.496880000000004" lon="-117.28896">
    <ele>560.97</ele>
   </trkpt>
   <trkpt lat="49.497020000000006" lon="-117.28892">
    <ele>560.5</ele>
   </trkpt>
   <trkpt lat="49.49720000000001" lon="-117.28869">
    <ele>560.0500000000001</ele>
   </trkpt>
   <trkpt lat="49.4973" lon="-117.28847">
    <ele>559.6300000000001</ele>
   </trkpt>
   <trkpt lat="49.49747000000001" lon="-117.28789">
    <ele>559.6500000000001</ele>
   </trkpt>
   <trkpt lat="49.49776000000001" lon="-117.28709">
    <ele>559.96</ele>
   </trkpt>
   <trkpt lat="49.49798000187743" lon="-117.28641500329876">
    <ele>560.8700000000001</ele>
   </trkpt>
   <trkpt lat="49.498200000000004" lon="-117.28574">
    <ele>562.57</ele>
   </trkpt>
   <trkpt lat="49.49828" lon="-117.28534">
    <ele>564.7500000000001</ele>
   </trkpt>
   <trkpt lat="49.49830000000001" lon="-117.28511">
    <ele>566.52</ele>
   </trkpt>
   <trkpt lat="49.49832500728381" lon="-117.28381000063715">
    <ele>567.91</ele>
   </trkpt>
   <trkpt lat="49.49835" lon="-117.28251000000002">
    <ele>566.55</ele>
   </trkpt>
   <trkpt lat="49.498730002324585" lon="-117.28178500551647">
    <ele>562.97</ele>
   </trkpt>
   <trkpt lat="49.49911" lon="-117.28106000000001">
    <ele>560.3800000000001</ele>
   </trkpt>
   <trkpt lat="49.49944000000001" lon="-117.28032">
    <ele>559.58</ele>
   </trkpt>
   <trkpt lat="49.499860000000005" lon="-117.27951000000002">
    <ele>559.18</ele>
   </trkpt>
   <trkpt lat="49.499950000000005" lon="-117.27945000000001">
    <ele>559.2600000000001</ele>
   </trkpt>
   <trkpt lat="49.50034" lon="-117.27943">
    <ele>557.9900000000001</ele>
   </trkpt>
   <trkpt lat="49.50097666675097" lon="-117.27942666675297">
    <ele>556.3800000000001</ele>
   </trkpt>
   <trkpt lat="49.501613333501844" lon="-117.27942333341919">
    <ele>555.5500000000001</ele>
   </trkpt>
   <trkpt lat="49.502250000000004" lon="-117.27942000000002">
    <ele>555.35</ele>
   </trkpt>
   <trkpt lat="49.502700000000004" lon="-117.27944000000001">
    <ele>554.76</ele>
   </trkpt>
   <trkpt lat="49.50331333337724" lon="-117.27943000025">
    <ele>554.48</ele>
   </trkpt>
   <trkpt lat="49.503926666753635" lon="-117.2794200002493">
    <ele>553.51</ele>
   </trkpt>
   <trkpt lat="49.504540000000006" lon="-117.27941000000001">
    <ele>551.8100000000001</ele>
   </trkpt>
   <trkpt lat="49.505090000160784" lon="-117.27941999989051">
    <ele>550.64</ele>
   </trkpt>
   <trkpt lat="49.50564000000001" lon="-117.27943">
    <ele>549.84</ele>
   </trkpt>
   <trkpt lat="49.5061" lon="-117.27926000000001">
    <ele>549.2600000000001</ele>
   </trkpt>
   <trkpt lat="49.506420000000006" lon="-117.27916">
    <ele>548.96</ele>
   </trkpt>
   <trkpt lat="49.50677" lon="-117.27907">
    <ele>549.1</ele>
   </trkpt>
   <trkpt lat="49.50699" lon="-117.27902">
    <ele>549.1</ele>
   </trkpt>
   <trkpt lat="49.50715" lon="-117.27904000000001">
    <ele>549.3800000000001</ele>
   </trkpt>
   <trkpt lat="49.507400000000004" lon="-117.27913000000001">
    <ele>549.47</ele>
   </trkpt>
   <trkpt lat="49.507740000000005" lon="-117.27939">
    <ele>549.7500000000001</ele>
   </trkpt>
   <trkpt lat="49.50817000091754" lon="-117.27985999583125">
    <ele>550.3100000000001</ele>
   </trkpt>
   <trkpt lat="49.5086" lon="-117.28033">
    <ele>551.12</ele>
   </trkpt>
   <trkpt lat="49.509306011357225" lon="-117.28114195311521">
    <ele>552.58</ele>
   </trkpt>
   <trkpt lat="49.51001201703222" lon="-117.28195392966721">
    <ele>554.25</ele>
   </trkpt>
   <trkpt lat="49.51071801702465" lon="-117.2827659296571">
    <ele>554.6800000000001</ele>
   </trkpt>
   <trkpt lat="49.51142401133424" lon="-117.28357795308594">
    <ele>553.61</ele>
   </trkpt>
   <trkpt lat="49.512130000000006" lon="-117.28439000000002">
    <ele>551.94</ele>
   </trkpt>
   <trkpt lat="49.51240000000001" lon="-117.28454">
    <ele>551.8700000000001</ele>
   </trkpt>
   <trkpt lat="49.51258000000001" lon="-117.28460000000001">
    <ele>551.9300000000001</ele>
   </trkpt>
   <trkpt lat="49.513290000000005" lon="-117.28463">
    <ele>553.47</ele>
   </trkpt>
   <trkpt lat="49.51393" lon="-117.28463">
    <ele>556.28</ele>
   </trkpt>
   <trkpt lat="49.513920000000006" lon="-117.28463">
    <ele>556.25</ele>
   </trkpt>
   <trkpt lat="49.51417000000001" lon="-117.28462">
    <ele>556.86</ele>
   </trkpt>
   <trkpt lat="49.51487" lon="-117.28456000000001">
    <ele>560.62</ele>
   </trkpt>
   <trkpt lat="49.515130000000006" lon="-117.28449">
    <ele>560.9300000000001</ele>
   </trkpt>
   <trkpt lat="49.51543" lon="-117.28432000000001">
    <ele>561.72</ele>
   </trkpt>
   <trkpt lat="49.51558000000001" lon="-117.28421000000002">
    <ele>562.07</ele>
   </trkpt>
   <trkpt lat="49.516070000000006" lon="-117.28359">
    <ele>562.4300000000001</ele>
   </trkpt>
   <trkpt lat="49.51662" lon="-117.28279">
    <ele>563.3600000000001</ele>
   </trkpt>
   <trkpt lat="49.517230000000005" lon="-117.28198">
    <ele>563.9200000000001</ele>
   </trkpt>
   <trkpt lat="49.51758" lon="-117.28154">
    <ele>564.5400000000001</ele>
   </trkpt>
   <trkpt lat="49.518240000000006" lon="-117.28077">
    <ele>560.01</ele>
   </trkpt>
   <trkpt lat="49.518840000000004" lon="-117.28041">
    <ele>557.86</ele>
   </trkpt>
   <trkpt lat="49.51926" lon="-117.28032">
    <ele>557.79</ele>
   </trkpt>
   <trkpt lat="49.519800000040135" lon="-117.28025500071514">
    <ele>559.5100000000001</ele>
   </trkpt>
   <trkpt lat="49.520340000000004" lon="-117.28019">
    <ele>563.2900000000001</ele>
   </trkpt>
   <trkpt lat="49.520860000000006" lon="-117.28015">
    <ele>563.98</ele>
   </trkpt>
   <trkpt lat="49.52109" lon="-117.28005">
    <ele>563.59</ele>
   </trkpt>
   <trkpt lat="49.52138" lon="-117.27979">
    <ele>563.11</ele>
   </trkpt>
   <trkpt lat="49.52175500261177" lon="-117.27900500611149">
    <ele>562.8700000000001</ele>
   </trkpt>
   <trkpt lat="49.522130000000004" lon="-117.27822">
    <ele>563.6300000000001</ele>
   </trkpt>
   <trkpt lat="49.52261000000001" lon="-117.27737">
    <ele>564.12</ele>
   </trkpt>
   <trkpt lat="49.523050000884666" lon="-117.27690500423417">
    <ele>564.52</ele>
   </trkpt>
   <trkpt lat="49.52349" lon="-117.27644000000001">
    <ele>564.6</ele>
   </trkpt>
   <trkpt lat="49.52387" lon="-117.27602">
    <ele>562.88</ele>
   </trkpt>
   <trkpt lat="49.52404000000001" lon="-117.27571">
    <ele>562.88</ele>
   </trkpt>
   <trkpt lat="49.52425" lon="-117.27528000000001">
    <ele>562.0</ele>
   </trkpt>
   <trkpt lat="49.52441" lon="-117.27473">
    <ele>560.08</ele>
   </trkpt>
   <trkpt lat="49.524620000000006" lon="-117.27374">
    <ele>556.98</ele>
   </trkpt>
   <trkpt lat="49.52476" lon="-117.2733">
    <ele>554.5600000000001</ele>
   </trkpt>
   <trkpt lat="49.52505000000001" lon="-117.27274000000001">
    <ele>552.12</ele>
   </trkpt>
   <trkpt lat="49.52554500234785" lon="-117.27201000731486">
    <ele>548.0</ele>
   </trkpt>
   <trkpt lat="49.52604" lon="-117.27128">
    <ele>544.5300000000001</ele>
   </trkpt>
   <trkpt lat="49.526500000000006" lon="-117.27047">
    <ele>543.0500000000001</ele>
   </trkpt>
   <trkpt lat="49.52698" lon="-117.2698">
    <ele>542.9900000000001</ele>
   </trkpt>
   <trkpt lat="49.527510001903835" lon="-117.26913000730212">
    <ele>542.45</ele>
   </trkpt>
   <trkpt lat="49.528040000000004" lon="-117.26846">
    <ele>541.6</ele>
   </trkpt>
   <trkpt lat="49.52858500178903" lon="-117.26781000728403">
    <ele>540.3</ele>
   </trkpt>
   <trkpt lat="49.52913" lon="-117.26716">
    <ele>540.15</ele>
   </trkpt>
   <trkpt lat="49.52972000192392" lon="-117.2665100077312">
    <ele>540.62</ele>
   </trkpt>
   <trkpt lat="49.53031000000001" lon="-117.26586">
    <ele>541.73</ele>
   </trkpt>
   <trkpt lat="49.530800000000006" lon="-117.26555">
    <ele>542.0400000000001</ele>
   </trkpt>
   <trkpt lat="49.531310000000005" lon="-117.26534000000001">
    <ele>542.19</ele>
   </trkpt>
   <trkpt lat="49.5313" lon="-117.26534000000001">
    <ele>542.19</ele>
   </trkpt>
   <trkpt lat="49.53186" lon="-117.2651">
    <ele>542.45</ele>
   </trkpt>
   <trkpt lat="49.53258" lon="-117.26492">
    <ele>541.8900000000001</ele>
   </trkpt>
   <trkpt lat="49.533064999897654" lon="-117.2649699994922">
    <ele>541.51</ele>
   </trkpt>
   <trkpt lat="49.533550000000005" lon="-117.26502">
    <ele>540.78</ele>
   </trkpt>
   <trkpt lat="49.53419" lon="-117.26497">
    <ele>540.9200000000001</ele>
   </trkpt>
   <trkpt lat="49.53481000009471" lon="-117.26483333681529">
    <ele>541.6500000000001</ele>
   </trkpt>
   <trkpt lat="49.53543000002848" lon="-117.26469667016329">
    <ele>542.5600000000001</ele>
   </trkpt>
   <trkpt lat="49.53605" lon="-117.26456">
    <ele>543.74</ele>
   </trkpt>
   <trkpt lat="49.536390000000004" lon="-117.26444000000001">
    <ele>543.9900000000001</ele>
   </trkpt>
   <trkpt lat="49.537150000000004" lon="-117.26403">
    <ele>544.61</ele>
   </trkpt>
   <trkpt lat="49.53774000000001" lon="-117.2638">
    <ele>544.34</ele>
   </trkpt>
   <trkpt lat="49.538160000000005" lon="-117.26371">
    <ele>543.58</ele>
   </trkpt>
   <trkpt lat="49.5388" lon="-117.26345">
    <ele>542.33</ele>
   </trkpt>
   <trkpt lat="49.53951000000001" lon="-117.26304">
    <ele>540.32</ele>
   </trkpt>
   <trkpt lat="49.53983" lon="-117.26263000000002">
    <ele>539.84</ele>
   </trkpt>
   <trkpt lat="49.53996" lon="-117.26232">
    <ele>539.52</ele>
   </trkpt>
   <trkpt lat="49.540175004945795" lon="-117.26125000464391">
    <ele>539.24</ele>
   </trkpt>
   <trkpt lat="49.54039" lon="-117.26018">
    <ele>539.5600000000001</ele>
   </trkpt>
   <trkpt lat="49.540620000000004" lon="-117.2595">
    <ele>540.2</ele>
   </trkpt>
   <trkpt lat="49.540870000000005" lon="-117.2591">
    <ele>540.79</ele>
   </trkpt>
   <trkpt lat="49.541410000000006" lon="-117.25861">
    <ele>542.84</ele>
   </trkpt>
   <trkpt lat="49.54195000000001" lon="-117.25852">
    <ele>544.76</ele>
   </trkpt>
   <trkpt lat="49.542590000000004" lon="-117.25861">
    <ele>543.45</ele>
   </trkpt>
   <trkpt lat="49.54303" lon="-117.25884">
    <ele>542.45</ele>
   </trkpt>
   <trkpt lat="49.54348" lon="-117.25898000000001">
    <ele>542.22</ele>
   </trkpt>
   <trkpt lat="49.54416500002406" lon="-117.25899499979019">
    <ele>542.1700000000001</ele>
   </trkpt>
   <trkpt lat="49.544850000000004" lon="-117.25901">
    <ele>542.2900000000001</ele>
   </trkpt>
   <trkpt lat="49.545" lon="-117.25898000000001">
    <ele>542.2800000000001</ele>
   </trkpt>
   <trkpt lat="49.54529" lon="-117.25902">
    <ele>542.4100000000001</ele>
   </trkpt>
   <trkpt lat="49.545750000000005" lon="-117.25919">
    <ele>542.91</ele>
   </trkpt>
   <trkpt lat="49.54616000000001" lon="-117.25919">
    <ele>543.51</ele>
   </trkpt>
   <trkpt lat="49.54645000000001" lon="-117.25906">
    <ele>544.25</ele>
   </trkpt>
   <trkpt lat="49.547050000000006" lon="-117.25856">
    <ele>545.12</ele>
   </trkpt>
   <trkpt lat="49.54733" lon="-117.25838">
    <ele>545.6800000000001</ele>
   </trkpt>
   <trkpt lat="49.547850000000004" lon="-117.25838">
    <ele>545.84</ele>
   </trkpt>
   <trkpt lat="49.54863" lon="-117.25844000000001">
    <ele>545.03</ele>
   </trkpt>
   <trkpt lat="49.54889000000001" lon="-117.25839">
    <ele>544.66</ele>
   </trkpt>
   <trkpt lat="49.549260000000004" lon="-117.25825">
    <ele>544.6899999999999</ele>
   </trkpt>
   <trkpt lat="49.549620000000004" lon="-117.25794">
    <ele>544.76</ele>
   </trkpt>
   <trkpt lat="49.55007500095726" lon="-117.25749000410767">
    <ele>545.34</ele>
   </trkpt>
   <trkpt lat="49.55053" lon="-117.25704">
    <ele>545.5300000000001</ele>
   </trkpt>
   <trkpt lat="49.550920000000005" lon="-117.25674000000001">
    <ele>544.73</ele>
   </trkpt>
   <trkpt lat="49.551500000000004" lon="-117.25622000000001">
    <ele>545.0200000000001</ele>
   </trkpt>
   <trkpt lat="49.55193500080402" lon="-117.25578500388521">
    <ele>546.51</ele>
   </trkpt>
   <trkpt lat="49.55237" lon="-117.25535">
    <ele>547.6500000000001</ele>
   </trkpt>
   <trkpt lat="49.552730000000004" lon="-117.25477000000001">
    <ele>547.5500000000001</ele>
   </trkpt>
   <trkpt lat="49.55317" lon="-117.25373">
    <ele>542.47</ele>
   </trkpt>
   <trkpt lat="49.55357" lon="-117.25306">
    <ele>541.0400000000001</ele>
   </trkpt>
   <trkpt lat="49.55393500101749" lon="-117.25259000342767">
    <ele>538.6800000000001</ele>
   </trkpt>
   <trkpt lat="49.554300000000005" lon="-117.25212">
    <ele>538.24</ele>
   </trkpt>
   <trkpt lat="49.55482000000001" lon="-117.25149">
    <ele>541.21</ele>
   </trkpt>
   <trkpt lat="49.555170000000004" lon="-117.25119000000001">
    <ele>544.48</ele>
   </trkpt>
   <trkpt lat="49.555980000000005" lon="-117.25077">
    <ele>547.09</ele>
   </trkpt>
   <trkpt lat="49.556470000000004" lon="-117.25034000000001">
    <ele>545.4</ele>
   </trkpt>
   <trkpt lat="49.557230000000004" lon="-117.25006">
    <ele>546.07</ele>
   </trkpt>
   <trkpt lat="49.55735000000001" lon="-117.24997">
    <ele>546.23</ele>
   </trkpt>
   <trkpt lat="49.557430000000004" lon="-117.24987000000002">
    <ele>546.23</ele>
   </trkpt>
   <trkpt lat="49.557590000000005" lon="-117.24952">
    <ele>547.42</ele>
   </trkpt>
   <trkpt lat="49.557903340458466" lon="-117.24861001170679">
    <ele>549.91</ele>
   </trkpt>
   <trkpt lat="49.558216673781736" lon="-117.24770001173617">
    <ele>544.1100000000001</ele>
   </trkpt>
   <trkpt lat="49.558530000000005" lon="-117.24679">
    <ele>540.7</ele>
   </trkpt>
   <trkpt lat="49.558710000000005" lon="-117.24661">
    <ele>540.2800000000001</ele>
   </trkpt>
   <trkpt lat="49.55886" lon="-117.24656000000002">
    <ele>539.9200000000001</ele>
   </trkpt>
   <trkpt lat="49.559070000000006" lon="-117.24657">
    <ele>539.47</ele>
   </trkpt>
   <trkpt lat="49.559250000000006" lon="-117.24652">
    <ele>539.2600000000001</ele>
   </trkpt>
   <trkpt lat="49.55953" lon="-117.24634">
    <ele>539.21</ele>
   </trkpt>
   <trkpt lat="49.55979000000001" lon="-117.24611000000002">
    <ele>539.3</ele>
   </trkpt>
   <trkpt lat="49.56027" lon="-117.24545">
    <ele>540.09</ele>
   </trkpt>
   <trkpt lat="49.560550000000006" lon="-117.24518">
    <ele>540.78</ele>
   </trkpt>
   <trkpt lat="49.561280000000004" lon="-117.24501000000001">
    <ele>540.44</ele>
   </trkpt>
   <trkpt lat="49.56148" lon="-117.24483000000001">
    <ele>540.51</ele>
   </trkpt>
   <trkpt lat="49.561620000000005" lon="-117.24461000000001">
    <ele>540.85</ele>
   </trkpt>
   <trkpt lat="49.56174000000001" lon="-117.24433">
    <ele>541.1700000000001</ele>
   </trkpt>
   <trkpt lat="49.561890000000005" lon="-117.24376000000001">
    <ele>542.0600000000001</ele>
   </trkpt>
   <trkpt lat="49.562050000000006" lon="-117.24343">
    <ele>542.25</ele>
   </trkpt>
   <trkpt lat="49.56221000000001" lon="-117.24325">
    <ele>542.37</ele>
   </trkpt>
   <trkpt lat="49.56264" lon="-117.24298">
    <ele>542.3100000000001</ele>
   </trkpt>
   <trkpt lat="49.56315000000001" lon="-117.24246000000001">
    <ele>542.12</ele>
   </trkpt>
   <trkpt lat="49.563460000000006" lon="-117.24220000000001">
    <ele>541.78</ele>
   </trkpt>
   <trkpt lat="49.56382000000001" lon="-117.24197000000001">
    <ele>541.4300000000001</ele>
   </trkpt>
   <trkpt lat="49.56443" lon="-117.24152000000001">
    <ele>541.27</ele>
   </trkpt>
   <trkpt lat="49.564890000000005" lon="-117.24115">
    <ele>540.7700000000001</ele>
   </trkpt>
   <trkpt lat="49.565220000000004" lon="-117.24093">
    <ele>540.49</ele>
   </trkpt>
   <trkpt lat="49.565560000000005" lon="-117.24079">
    <ele>540.54</ele>
   </trkpt>
   <trkpt lat="49.56593" lon="-117.2407">
    <ele>540.9000000000001</ele>
   </trkpt>
   <trkpt lat="49.56636" lon="-117.24057">
    <ele>541.4300000000001</ele>
   </trkpt>
   <trkpt lat="49.566660000000006" lon="-117.24035">
    <ele>542.44</ele>
   </trkpt>
   <trkpt lat="49.56711000000001" lon="-117.23985">
    <ele>542.52</ele>
   </trkpt>
   <trkpt lat="49.567460000000004" lon="-117.23931">
    <ele>541.35</ele>
   </trkpt>
   <trkpt lat="49.567730000000005" lon="-117.23878">
    <ele>540.25</ele>
   </trkpt>
   <trkpt lat="49.568000000000005" lon="-117.23790000000001">
    <ele>539.4</ele>
   </trkpt>
   <trkpt lat="49.568160000000006" lon="-117.23744">
    <ele>539.0500000000001</ele>
   </trkpt>
   <trkpt lat="49.568380000000005" lon="-117.23703">
    <ele>538.8900000000001</ele>
   </trkpt>
   <trkpt lat="49.56862" lon="-117.23676">
    <ele>538.88</ele>
   </trkpt>
   <trkpt lat="49.56924" lon="-117.23632">
    <ele>539.61</ele>
   </trkpt>
   <trkpt lat="49.569630000000004" lon="-117.23615000000001">
    <ele>539.86</ele>
   </trkpt>
   <trkpt lat="49.57008499992162" lon="-117.23614000009495">
    <ele>540.12</ele>
   </trkpt>
   <trkpt lat="49.57054" lon="-117.23613">
    <ele>540.22</ele>
   </trkpt>
   <trkpt lat="49.570800000000006" lon="-117.23604">
    <ele>540.22</ele>
   </trkpt>
   <trkpt lat="49.57104" lon="-117.23578">
    <ele>540.15</ele>
   </trkpt>
   <trkpt lat="49.57115" lon="-117.2356">
    <ele>540.1700000000001</ele>
   </trkpt>
   <trkpt lat="49.571250000000006" lon="-117.23525000000001">
    <ele>540.36</ele>
   </trkpt>
   <trkpt lat="49.5713" lon="-117.23488">
    <ele>540.83</ele>
   </trkpt>
   <trkpt lat="49.57126000216399" lon="-117.23416999928294">
    <ele>541.01</ele>
   </trkpt>
   <trkpt lat="49.571220000000004" lon="-117.23346000000001">
    <ele>540.91</ele>
   </trkpt>
   <trkpt lat="49.57128500539808" lon="-117.23234000159027">
    <ele>540.47</ele>
   </trkpt>
   <trkpt lat="49.57135" lon="-117.23122000000001">
    <ele>540.2800000000001</ele>
   </trkpt>
   <trkpt lat="49.57139" lon="-117.2309">
    <ele>540.0500000000001</ele>
   </trkpt>
   <trkpt lat="49.571470000000005" lon="-117.23053000000002">
    <ele>539.95</ele>
   </trkpt>
   <trkpt lat="49.57161000000001" lon="-117.23018">
    <ele>540.01</ele>
   </trkpt>
   <trkpt lat="49.57168" lon="-117.23004000000002">
    <ele>540.01</ele>
   </trkpt>
   <trkpt lat="49.57177" lon="-117.22991">
    <ele>540.08</ele>
   </trkpt>
   <trkpt lat="49.57199000000001" lon="-117.2296">
    <ele>540.3</ele>
   </trkpt>
   <trkpt lat="49.57213" lon="-117.22950000000002">
    <ele>540.34</ele>
   </trkpt>
   <trkpt lat="49.572480000000006" lon="-117.22933">
    <ele>541.5500000000001</ele>
   </trkpt>
   <trkpt lat="49.57278" lon="-117.22921000000001">
    <ele>542.52</ele>
   </trkpt>
   <trkpt lat="49.573060000000005" lon="-117.22903000000001">
    <ele>544.21</ele>
   </trkpt>
   <trkpt lat="49.573280000000004" lon="-117.22884">
    <ele>545.4100000000001</ele>
   </trkpt>
   <trkpt lat="49.573965002469926" lon="-117.22807501079366">
    <ele>549.1400000000001</ele>
   </trkpt>
   <trkpt lat="49.574650000000005" lon="-117.22731">
    <ele>553.1700000000001</ele>
   </trkpt>
   <trkpt lat="49.57535250852007" lon="-117.22649753509869">
    <ele>555.82</ele>
   </trkpt>
   <trkpt lat="49.57605501135283" lon="-117.2256850468076">
    <ele>558.15</ele>
   </trkpt>
   <trkpt lat="49.576757508497984" lon="-117.22487253512567">
    <ele>560.47</ele>
   </trkpt>
   <trkpt lat="49.57746" lon="-117.22406000000001">
    <ele>563.72</ele>
   </trkpt>
   <trkpt lat="49.578035001568395" lon="-117.22345500713732">
    <ele>563.4100000000001</ele>
   </trkpt>
   <trkpt lat="49.578610000000005" lon="-117.22285000000001">
    <ele>560.06</ele>
   </trkpt>
   <trkpt lat="49.57875000000001" lon="-117.22266">
    <ele>559.18</ele>
   </trkpt>
   <trkpt lat="49.578950000000006" lon="-117.2223">
    <ele>557.18</ele>
   </trkpt>
   <trkpt lat="49.579010000000004" lon="-117.22212">
    <ele>555.8000000000001</ele>
   </trkpt>
   <trkpt lat="49.579060000000005" lon="-117.22172">
    <ele>553.69</ele>
   </trkpt>
   <trkpt lat="49.579075002076934" lon="-117.22102500038973">
    <ele>551.94</ele>
   </trkpt>
   <trkpt lat="49.57909" lon="-117.22033">
    <ele>549.1400000000001</ele>
   </trkpt>
   <trkpt lat="49.57923" lon="-117.21945000000001">
    <ele>546.67</ele>
   </trkpt>
   <trkpt lat="49.57941" lon="-117.21884000000001">
    <ele>545.94</ele>
   </trkpt>
   <trkpt lat="49.57958000000001" lon="-117.21849">
    <ele>545.3800000000001</ele>
   </trkpt>
   <trkpt lat="49.58005500238281" lon="-117.21775500706852">
    <ele>543.62</ele>
   </trkpt>
   <trkpt lat="49.58053" lon="-117.21702">
    <ele>542.75</ele>
   </trkpt>
   <trkpt lat="49.58072000000001" lon="-117.21657">
    <ele>542.54</ele>
   </trkpt>
   <trkpt lat="49.58096500475027" lon="-117.21552500504986">
    <ele>542.32</ele>
   </trkpt>
   <trkpt lat="49.581210000000006" lon="-117.21448000000001">
    <ele>544.0</ele>
   </trkpt>
   <trkpt lat="49.581360000000004" lon="-117.21406">
    <ele>544.07</ele>
   </trkpt>
   <trkpt lat="49.58153" lon="-117.21379">
    <ele>544.2900000000001</ele>
   </trkpt>
   <trkpt lat="49.58176" lon="-117.21357">
    <ele>544.25</ele>
   </trkpt>
   <trkpt lat="49.58227" lon="-117.21326">
    <ele>544.1</ele>
   </trkpt>
   <trkpt lat="49.58276000000001" lon="-117.21291000000001">
    <ele>544.4</ele>
   </trkpt>
   <trkpt lat="49.583000000000006" lon="-117.21264000000001">
    <ele>544.74</ele>
   </trkpt>
   <trkpt lat="49.583220000000004" lon="-117.21223">
    <ele>545.33</ele>
   </trkpt>
   <trkpt lat="49.58335" lon="-117.21171000000001">
    <ele>546.18</ele>
   </trkpt>
   <trkpt lat="49.58375" lon="-117.21058000000001">
    <ele>548.59</ele>
   </trkpt>
   <trkpt lat="49.58399000000001" lon="-117.21008">
    <ele>548.94</ele>
   </trkpt>
   <trkpt lat="49.584380001800476" lon="-117.20943000522826">
    <ele>548.28</ele>
   </trkpt>
   <trkpt lat="49.584770000000006" lon="-117.20878">
    <ele>546.86</ele>
   </trkpt>
   <trkpt lat="49.585040000000006" lon="-117.20816">
    <ele>544.76</ele>
   </trkpt>
   <trkpt lat="49.58525" lon="-117.20758000000001">
    <ele>541.7700000000001</ele>
   </trkpt>
   <trkpt lat="49.585390000000004" lon="-117.20694">
    <ele>539.94</ele>
   </trkpt>
   <trkpt lat="49.585536674325574" lon="-117.20599667238645">
    <ele>538.9900000000001</ele>
   </trkpt>
   <trkpt lat="49.58568334098483" lon="-117.20505333910097">
    <ele>539.6800000000001</ele>
   </trkpt>
   <trkpt lat="49.58583" lon="-117.20411000000001">
    <ele>540.76</ele>
   </trkpt>
   <trkpt lat="49.58598500357635" lon="-117.20320000283677">
    <ele>541.58</ele>
   </trkpt>
   <trkpt lat="49.58614000000001" lon="-117.20229">
    <ele>542.21</ele>
   </trkpt>
   <trkpt lat="49.58628" lon="-117.20172000000001">
    <ele>542.2900000000001</ele>
   </trkpt>
   <trkpt lat="49.586450000000006" lon="-117.20135">
    <ele>542.4300000000001</ele>
   </trkpt>
   <trkpt lat="49.58697" lon="-117.20064">
    <ele>542.32</ele>
   </trkpt>
   <trkpt lat="49.58729" lon="-117.20030000000001">
    <ele>542.1</ele>
   </trkpt>
   <trkpt lat="49.587680000000006" lon="-117.19992">
    <ele>541.3</ele>
   </trkpt>
   <trkpt lat="49.58835000413855" lon="-117.19935252340258">
    <ele>540.01</ele>
   </trkpt>
   <trkpt lat="49.589020005502725" lon="-117.19878503121701">
    <ele>539.66</ele>
   </trkpt>
   <trkpt lat="49.58969000409243" lon="-117.1982175234425">
    <ele>540.1400000000001</ele>
   </trkpt>
   <trkpt lat="49.590360000000004" lon="-117.19765000000001">
    <ele>541.62</ele>
   </trkpt>
   <trkpt lat="49.59096" lon="-117.19705">
    <ele>542.82</ele>
   </trkpt>
   <trkpt lat="49.59145" lon="-117.19634">
    <ele>543.6</ele>
   </trkpt>
   <trkpt lat="49.5919" lon="-117.19548">
    <ele>544.01</ele>
   </trkpt>
   <trkpt lat="49.592245002494295" lon="-117.19472000536159">
    <ele>543.8000000000001</ele>
   </trkpt>
   <trkpt lat="49.59259" lon="-117.19396">
    <ele>543.42</ele>
   </trkpt>
   <trkpt lat="49.59291000314465" lon="-117.19311000549011">
    <ele>542.96</ele>
   </trkpt>
   <trkpt lat="49.593230000000005" lon="-117.19226">
    <ele>542.59</ele>
   </trkpt>
   <trkpt lat="49.59356000909493" lon="-117.1912333471805">
    <ele>542.3100000000001</ele>
   </trkpt>
   <trkpt lat="49.593890009109685" lon="-117.19020668046812">
    <ele>542.32</ele>
   </trkpt>
   <trkpt lat="49.59422000000001" lon="-117.18918000000001">
    <ele>542.42</ele>
   </trkpt>
   <trkpt lat="49.5945840203212" lon="-117.18809403241723">
    <ele>542.83</ele>
   </trkpt>
   <trkpt lat="49.59494803048276" lon="-117.18700804862377">
    <ele>543.01</ele>
   </trkpt>
   <trkpt lat="49.59531203048439" lon="-117.1859220486197">
    <ele>542.88</ele>
   </trkpt>
   <trkpt lat="49.59567602032586" lon="-117.18483603240499">
    <ele>542.79</ele>
   </trkpt>
   <trkpt lat="49.59604" lon="-117.18375">
    <ele>542.5500000000001</ele>
   </trkpt>
   <trkpt lat="49.59626" lon="-117.18317">
    <ele>542.35</ele>
   </trkpt>
   <trkpt lat="49.59662" lon="-117.18236">
    <ele>542.4300000000001</ele>
   </trkpt>
   <trkpt lat="49.59690500204467" lon="-117.18167000404699">
    <ele>543.76</ele>
   </trkpt>
   <trkpt lat="49.597190000000005" lon="-117.18098">
    <ele>546.1700000000001</ele>
   </trkpt>
   <trkpt lat="49.59746251621442" lon="-117.17986001875276">
    <ele>552.4300000000001</ele>
   </trkpt>
   <trkpt lat="49.59773502162303" lon="-117.17874002498851">
    <ele>556.1700000000001</ele>
   </trkpt>
   <trkpt lat="49.59800751622562" lon="-117.17762001870743">
    <ele>560.49</ele>
   </trkpt>
   <trkpt lat="49.59828" lon="-117.1765">
    <ele>562.36</ele>
   </trkpt>
   <trkpt lat="49.59843000000001" lon="-117.17596">
    <ele>563.12</ele>
   </trkpt>
   <trkpt lat="49.59884" lon="-117.17525">
    <ele>563.5</ele>
   </trkpt>
   <trkpt lat="49.599395001376436" lon="-117.17469000634772">
    <ele>563.89</ele>
   </trkpt>
   <trkpt lat="49.59995000000001" lon="-117.17413">
    <ele>564.0400000000001</ele>
   </trkpt>
   <trkpt lat="49.60063" lon="-117.17332">
    <ele>559.57</ele>
   </trkpt>
   <trkpt lat="49.601083337583034" lon="-117.17262001297166">
    <ele>556.96</ele>
   </trkpt>
   <trkpt lat="49.60153667094511" lon="-117.17192001292747">
    <ele>556.84</ele>
   </trkpt>
   <trkpt lat="49.60199" lon="-117.17122">
    <ele>557.7</ele>
   </trkpt>
   <trkpt lat="49.602575003718094" lon="-117.17028501129376">
    <ele>556.71</ele>
   </trkpt>
   <trkpt lat="49.60316" lon="-117.16935000000001">
    <ele>554.01</ele>
   </trkpt>
   <trkpt lat="49.603500000000004" lon="-117.16871">
    <ele>553.11</ele>
   </trkpt>
   <trkpt lat="49.603790000000004" lon="-117.16795">
    <ele>553.7500000000001</ele>
   </trkpt>
   <trkpt lat="49.604000000000006" lon="-117.16715">
    <ele>555.9300000000001</ele>
   </trkpt>
   <trkpt lat="49.604215007056744" lon="-117.1658700056445">
    <ele>558.1600000000001</ele>
   </trkpt>
   <trkpt lat="49.60443" lon="-117.16459">
    <ele>550.42</ele>
   </trkpt>
   <trkpt lat="49.604600000000005" lon="-117.16380000000001">
    <ele>549.09</ele>
   </trkpt>
   <trkpt lat="49.604820000000004" lon="-117.16311">
    <ele>551.82</ele>
   </trkpt>
   <trkpt lat="49.605030000000006" lon="-117.16253">
    <ele>555.59</ele>
   </trkpt>
   <trkpt lat="49.60540500436744" lon="-117.1615250076842">
    <ele>558.86</ele>
   </trkpt>
   <trkpt lat="49.60578" lon="-117.16052">
    <ele>560.1400000000001</ele>
   </trkpt>
   <trkpt lat="49.606120000000004" lon="-117.15999000000001">
    <ele>559.71</ele>
   </trkpt>
   <trkpt lat="49.606840000000005" lon="-117.15917">
    <ele>558.37</ele>
   </trkpt>
   <trkpt lat="49.60717" lon="-117.15861000000001">
    <ele>557.57</ele>
   </trkpt>
   <trkpt lat="49.60748" lon="-117.15796">
    <ele>556.27</ele>
   </trkpt>
   <trkpt lat="49.60774000000001" lon="-117.15725">
    <ele>555.36</ele>
   </trkpt>
   <trkpt lat="49.60792000000001" lon="-117.15650000000001">
    <ele>554.61</ele>
   </trkpt>
   <trkpt lat="49.60803000000001" lon="-117.15583000000001">
    <ele>553.74</ele>
   </trkpt>
   <trkpt lat="49.608090000000004" lon="-117.15514">
    <ele>552.7500000000001</ele>
   </trkpt>
   <trkpt lat="49.60809501954829" lon="-117.1539100003515">
    <ele>551.01</ele>
   </trkpt>
   <trkpt lat="49.60810002606445" lon="-117.15268000045">
    <ele>549.85</ele>
   </trkpt>
   <trkpt lat="49.6081050195485" lon="-117.15145000029621">
    <ele>547.94</ele>
   </trkpt>
   <trkpt lat="49.60811" lon="-117.15022">
    <ele>545.9200000000001</ele>
   </trkpt>
   <trkpt lat="49.608105004392904" lon="-117.1492099997626">
    <ele>545.12</ele>
   </trkpt>
   <trkpt lat="49.60810000000001" lon="-117.1482">
    <ele>546.2800000000001</ele>
   </trkpt>
   <trkpt lat="49.60807751584694" lon="-117.14709249839726">
    <ele>548.97</ele>
   </trkpt>
   <trkpt lat="49.60805502112829" lon="-117.1459849978164">
    <ele>550.07</ele>
   </trkpt>
   <trkpt lat="49.60803251584409" lon="-117.14487749825787">
    <ele>550.3800000000001</ele>
   </trkpt>
   <trkpt lat="49.60801000000001" lon="-117.14377">
    <ele>549.71</ele>
   </trkpt>
   <trkpt lat="49.6079600045623" lon="-117.14273999879941">
    <ele>549.35</ele>
   </trkpt>
   <trkpt lat="49.607910000000004" lon="-117.14171">
    <ele>547.7700000000001</ele>
   </trkpt>
   <trkpt lat="49.60779500215153" lon="-117.14101499879044">
    <ele>546.8900000000001</ele>
   </trkpt>
   <trkpt lat="49.60768" lon="-117.14032">
    <ele>546.32</ele>
   </trkpt>
   <trkpt lat="49.607490000000006" lon="-117.13929">
    <ele>545.1400000000001</ele>
   </trkpt>
   <trkpt lat="49.60728" lon="-117.13860000000001">
    <ele>543.1600000000001</ele>
   </trkpt>
   <trkpt lat="49.606950000000005" lon="-117.13795">
    <ele>541.5600000000001</ele>
   </trkpt>
   <trkpt lat="49.606320000000004" lon="-117.13701">
    <ele>540.83</ele>
   </trkpt>
   <trkpt lat="49.606030000000004" lon="-117.13647">
    <ele>541.23</ele>
   </trkpt>
   <trkpt lat="49.605810000000005" lon="-117.13577000000001">
    <ele>541.74</ele>
   </trkpt>
   <trkpt lat="49.60568000000001" lon="-117.13508000000002">
    <ele>542.91</ele>
   </trkpt>
   <trkpt lat="49.6056" lon="-117.13437">
    <ele>544.23</ele>
   </trkpt>
   <trkpt lat="49.60553000310064" lon="-117.13352499909195">
    <ele>546.0400000000001</ele>
   </trkpt>
   <trkpt lat="49.60546" lon="-117.13268000000001">
    <ele>549.48</ele>
   </trkpt>
   <trkpt lat="49.60537000294356" lon="-117.13185499858746">
    <ele>550.64</ele>
   </trkpt>
   <trkpt lat="49.60528000000001" lon="-117.13103000000001">
    <ele>552.27</ele>
   </trkpt>
   <trkpt lat="49.60518334636471" lon="-117.12979999511023">
    <ele>553.0</ele>
   </trkpt>
   <trkpt lat="49.60508667969705" lon="-117.12856999509768">
    <ele>551.0</ele>
   </trkpt>
   <trkpt lat="49.60499" lon="-117.12734">
    <ele>550.61</ele>
   </trkpt>
   <trkpt lat="49.60501500826118" lon="-117.1259550007527">
    <ele>549.6500000000001</ele>
   </trkpt>
   <trkpt lat="49.60504" lon="-117.12457">
    <ele>548.18</ele>
   </trkpt>
   <trkpt lat="49.6052" lon="-117.12376">
    <ele>545.82</ele>
   </trkpt>
   <trkpt lat="49.605340000000005" lon="-117.12345">
    <ele>545.18</ele>
   </trkpt>
   <trkpt lat="49.605810011985554" lon="-117.12248752780562">
    <ele>543.45</ele>
   </trkpt>
   <trkpt lat="49.60628001599123" lon="-117.12152503705327">
    <ele>543.18</ele>
   </trkpt>
   <trkpt lat="49.6067500120168" lon="-117.12056252774258">
    <ele>542.1100000000001</ele>
   </trkpt>
   <trkpt lat="49.607220000000005" lon="-117.1196">
    <ele>541.4</ele>
   </trkpt>
   <trkpt lat="49.60754000000001" lon="-117.1192">
    <ele>541.4300000000001</ele>
   </trkpt>
   <trkpt lat="49.607850000000006" lon="-117.11897">
    <ele>541.74</ele>
   </trkpt>
   <trkpt lat="49.608000000000004" lon="-117.11888">
    <ele>541.91</ele>
   </trkpt>
   <trkpt lat="49.60874000022062" lon="-117.11861500405209">
    <ele>544.03</ele>
   </trkpt>
   <trkpt lat="49.609480000000005" lon="-117.11835">
    <ele>549.9200000000001</ele>
   </trkpt>
   <trkpt lat="49.61009000000001" lon="-117.11798">
    <ele>553.3100000000001</ele>
   </trkpt>
   <trkpt lat="49.610710000000005" lon="-117.11732">
    <ele>556.58</ele>
   </trkpt>
   <trkpt lat="49.61106" lon="-117.11670000000001">
    <ele>557.08</ele>
   </trkpt>
   <trkpt lat="49.61135" lon="-117.11604000000001">
    <ele>555.91</ele>
   </trkpt>
   <trkpt lat="49.611630000000005" lon="-117.11529000000002">
    <ele>552.97</ele>
   </trkpt>
   <trkpt lat="49.61178" lon="-117.11435000000002">
    <ele>545.13</ele>
   </trkpt>
   <trkpt lat="49.61190334864491" lon="-117.11301667343425">
    <ele>540.5600000000001</ele>
   </trkpt>
   <trkpt lat="49.61202668197645" lon="-117.1116833401205">
    <ele>540.25</ele>
   </trkpt>
   <trkpt lat="49.61215000000001" lon="-117.11035000000001">
    <ele>542.8000000000001</ele>
   </trkpt>
   <trkpt lat="49.61218" lon="-117.10975">
    <ele>545.01</ele>
   </trkpt>
   <trkpt lat="49.61218" lon="-117.10918000000001">
    <ele>546.64</ele>
   </trkpt>
   <trkpt lat="49.61216002346051" lon="-117.10783249831913">
    <ele>551.0200000000001</ele>
   </trkpt>
   <trkpt lat="49.612140031280454" lon="-117.1064849977432">
    <ele>556.61</ele>
   </trkpt>
   <trkpt lat="49.61212002345982" lon="-117.10513749827312">
    <ele>559.23</ele>
   </trkpt>
   <trkpt lat="49.612100000000005" lon="-117.10379">
    <ele>552.96</ele>
   </trkpt>
   <trkpt lat="49.6122" lon="-117.10249">
    <ele>549.1600000000001</ele>
   </trkpt>
   <trkpt lat="49.61236" lon="-117.10145000000001">
    <ele>548.97</ele>
   </trkpt>
   <trkpt lat="49.61236" lon="-117.10146">
    <ele>548.96</ele>
   </trkpt>
   <trkpt lat="49.61253000000001" lon="-117.10035">
    <ele>549.4100000000001</ele>
   </trkpt>
   <trkpt lat="49.61259500294204" lon="-117.09952500096496">
    <ele>550.1700000000001</ele>
   </trkpt>
   <trkpt lat="49.612660000000005" lon="-117.09870000000001">
    <ele>551.0</ele>
   </trkpt>
   <trkpt lat="49.612790000000004" lon="-117.09776000000001">
    <ele>551.49</ele>
   </trkpt>
   <trkpt lat="49.612840000000006" lon="-117.09713">
    <ele>552.07</ele>
   </trkpt>
   <trkpt lat="49.612820000000006" lon="-117.09615000000001">
    <ele>553.6000000000001</ele>
   </trkpt>
   <trkpt lat="49.61274" lon="-117.09525000000001">
    <ele>555.89</ele>
   </trkpt>
   <trkpt lat="49.612590000000004" lon="-117.09435">
    <ele>556.44</ele>
   </trkpt>
   <trkpt lat="49.61243" lon="-117.09373000000001">
    <ele>555.3299999999999</ele>
   </trkpt>
   <trkpt lat="49.612170000000006" lon="-117.09295000000002">
    <ele>552.86</ele>
   </trkpt>
   <trkpt lat="49.611920000000005" lon="-117.09234000000001">
    <ele>550.9300000000001</ele>
   </trkpt>
   <trkpt lat="49.611810000000006" lon="-117.0918">
    <ele>549.46</ele>
   </trkpt>
   <trkpt lat="49.61178" lon="-117.09139">
    <ele>548.74</ele>
   </trkpt>
   <trkpt lat="49.61178" lon="-117.09094">
    <ele>547.79</ele>
   </trkpt>
   <trkpt lat="49.611880000000006" lon="-117.09018">
    <ele>544.9200000000001</ele>
   </trkpt>
   <trkpt lat="49.612200005107105" lon="-117.08909000718991">
    <ele>543.64</ele>
   </trkpt>
   <trkpt lat="49.61252" lon="-117.08800000000001">
    <ele>545.84</ele>
   </trkpt>
   <trkpt lat="49.612660000000005" lon="-117.08736">
    <ele>546.84</ele>
   </trkpt>
   <trkpt lat="49.61274" lon="-117.08682">
    <ele>547.5699999999999</ele>
   </trkpt>
   <trkpt lat="49.61265" lon="-117.08611">
    <ele>547.83</ele>
   </trkpt>
   <trkpt lat="49.61269" lon="-117.08489000000002">
    <ele>547.6800000000001</ele>
   </trkpt>
   <trkpt lat="49.61282501614229" lon="-117.08377250922835">
    <ele>545.84</ele>
   </trkpt>
   <trkpt lat="49.612960021527755" lon="-117.0826550122658">
    <ele>546.76</ele>
   </trkpt>
   <trkpt lat="49.6130950161563" lon="-117.08153750911276">
    <ele>550.73</ele>
   </trkpt>
   <trkpt lat="49.61323" lon="-117.08042">
    <ele>551.15</ele>
   </trkpt>
   <trkpt lat="49.61330334067994" lon="-117.0794966694072">
    <ele>549.06</ele>
   </trkpt>
   <trkpt lat="49.61337667401631" lon="-117.07857333603579">
    <ele>546.66</ele>
   </trkpt>
   <trkpt lat="49.61345000000001" lon="-117.07765">
    <ele>543.75</ele>
   </trkpt>
   <trkpt lat="49.613520013246294" lon="-117.0764100035295">
    <ele>541.3800000000001</ele>
   </trkpt>
   <trkpt lat="49.61359001324815" lon="-117.07517000349684">
    <ele>540.72</ele>
   </trkpt>
   <trkpt lat="49.61366" lon="-117.07393">
    <ele>541.2800000000001</ele>
   </trkpt>
   <trkpt lat="49.613735003766706" lon="-117.0729950014196">
    <ele>542.08</ele>
   </trkpt>
   <trkpt lat="49.61381" lon="-117.07206000000001">
    <ele>541.46</ele>
   </trkpt>
   <trkpt lat="49.61395500442987" lon="-117.0710450030698">
    <ele>539.95</ele>
   </trkpt>
   <trkpt lat="49.6141" lon="-117.07003">
    <ele>540.3</ele>
   </trkpt>
   <trkpt lat="49.61419" lon="-117.06914">
    <ele>542.0</ele>
   </trkpt>
   <trkpt lat="49.61424" lon="-117.06807">
    <ele>543.45</ele>
   </trkpt>
   <trkpt lat="49.61424" lon="-117.06721">
    <ele>545.8000000000001</ele>
   </trkpt>
   <trkpt lat="49.61415" lon="-117.06637">
    <ele>546.7700000000001</ele>
   </trkpt>
   <trkpt lat="49.61399500503392" lon="-117.0652899966379">
    <ele>544.48</ele>
   </trkpt>
   <trkpt lat="49.61384" lon="-117.06421">
    <ele>539.96</ele>
   </trkpt>
   <trkpt lat="49.61368" lon="-117.06291000000002">
    <ele>538.44</ele>
   </trkpt>
   <trkpt lat="49.61363" lon="-117.06194">
    <ele>539.21</ele>
   </trkpt>
   <trkpt lat="49.613620000000004" lon="-117.06064">
    <ele>541.44</ele>
   </trkpt>
   <trkpt lat="49.613646681524095" lon="-117.05932666809868">
    <ele>545.64</ele>
   </trkpt>
   <trkpt lat="49.613673348190886" lon="-117.05801333475982">
    <ele>548.23</ele>
   </trkpt>
   <trkpt lat="49.6137" lon="-117.0567">
    <ele>550.59</ele>
   </trkpt>
   <trkpt lat="49.61375" lon="-117.05591000000001">
    <ele>551.1700000000001</ele>
   </trkpt>
   <trkpt lat="49.61388" lon="-117.05475000000001">
    <ele>551.76</ele>
   </trkpt>
   <trkpt lat="49.613996023337684" lon="-117.0535860111177">
    <ele>552.1600000000001</ele>
   </trkpt>
   <trkpt lat="49.61411203500486" lon="-117.05242201669382">
    <ele>551.76</ele>
   </trkpt>
   <trkpt lat="49.6142280350014" lon="-117.05125801672888">
    <ele>550.44</ele>
   </trkpt>
   <trkpt lat="49.61434402332725" lon="-117.05009401122344">
    <ele>548.9200000000001</ele>
   </trkpt>
   <trkpt lat="49.61446" lon="-117.04893000000001">
    <ele>547.7700000000001</ele>
   </trkpt>
   <trkpt lat="49.6145450024003" lon="-117.04818500121267">
    <ele>545.97</ele>
   </trkpt>
   <trkpt lat="49.614630000000005" lon="-117.04744000000001">
    <ele>545.24</ele>
   </trkpt>
   <trkpt lat="49.61476403028982" lon="-117.04611401458814">
    <ele>544.2900000000001</ele>
   </trkpt>
   <trkpt lat="49.61489804543464" lon="-117.04478802188355">
    <ele>552.13</ele>
   </trkpt>
   <trkpt lat="49.61503204543439" lon="-117.043462021887">
    <ele>560.09</ele>
   </trkpt>
   <trkpt lat="49.61516603028883" lon="-117.04213601459925">
    <ele>567.09</ele>
   </trkpt>
   <trkpt lat="49.615300000000005" lon="-117.04081000000001">
    <ele>571.37</ele>
   </trkpt>
   <trkpt lat="49.615434021534426" lon="-117.03969201228148">
    <ele>572.9000000000001</ele>
   </trkpt>
   <trkpt lat="49.61556803230264" lon="-117.03857401841434">
    <ele>572.95</ele>
   </trkpt>
   <trkpt lat="49.61570203230453" lon="-117.03745601839904">
    <ele>572.74</ele>
   </trkpt>
   <trkpt lat="49.61583602153999" lon="-117.03633801223602">
    <ele>572.46</ele>
   </trkpt>
   <trkpt lat="49.615970000000004" lon="-117.03522000000001">
    <ele>571.97</ele>
   </trkpt>
   <trkpt lat="49.616040000000005" lon="-117.03413">
    <ele>570.45</ele>
   </trkpt>
   <trkpt lat="49.61602667927809" lon="-117.03291999935867">
    <ele>567.22</ele>
   </trkpt>
   <trkpt lat="49.616013345944964" lon="-117.03170999937907">
    <ele>565.3100000000001</ele>
   </trkpt>
   <trkpt lat="49.61600000000001" lon="-117.0305">
    <ele>562.57</ele>
   </trkpt>
   <trkpt lat="49.616020000000006" lon="-117.03000000000002">
    <ele>561.79</ele>
   </trkpt>
   <trkpt lat="49.61610500376415" lon="-117.02906500164154">
    <ele>559.73</ele>
   </trkpt>
   <trkpt lat="49.61619" lon="-117.02813">
    <ele>556.91</ele>
   </trkpt>
   <trkpt lat="49.61634" lon="-117.02680000000001">
    <ele>555.34</ele>
   </trkpt>
   <trkpt lat="49.616490000000006" lon="-117.02586000000001">
    <ele>554.85</ele>
   </trkpt>
   <trkpt lat="49.61672" lon="-117.02478">
    <ele>554.5500000000001</ele>
   </trkpt>
   <trkpt lat="49.616890000000005" lon="-117.02378000000002">
    <ele>554.0200000000001</ele>
   </trkpt>
   <trkpt lat="49.616960000000006" lon="-117.02307">
    <ele>553.8700000000001</ele>
   </trkpt>
   <trkpt lat="49.61712000000001" lon="-117.02217">
    <ele>553.52</ele>
   </trkpt>
   <trkpt lat="49.617290000000004" lon="-117.02137">
    <ele>552.97</ele>
   </trkpt>
   <trkpt lat="49.61747001080123" lon="-117.02025000829595">
    <ele>550.74</ele>
   </trkpt>
   <trkpt lat="49.617650010797725" lon="-117.0191300083179">
    <ele>550.7800000000001</ele>
   </trkpt>
   <trkpt lat="49.617830000000005" lon="-117.01801">
    <ele>553.7</ele>
   </trkpt>
   <trkpt lat="49.61793" lon="-117.01706000000001">
    <ele>555.5</ele>
   </trkpt>
   <trkpt lat="49.618050000000004" lon="-117.01577">
    <ele>558.13</ele>
   </trkpt>
   <trkpt lat="49.618100000000005" lon="-117.01484">
    <ele>560.5</ele>
   </trkpt>
   <trkpt lat="49.61805000379274" lon="-117.01389999879643">
    <ele>563.03</ele>
   </trkpt>
   <trkpt lat="49.618" lon="-117.01296">
    <ele>565.5300000000001</ele>
   </trkpt>
   <trkpt lat="49.61798" lon="-117.01179">
    <ele>566.9300000000001</ele>
   </trkpt>
   <trkpt lat="49.618050000000004" lon="-117.0109">
    <ele>566.4800000000001</ele>
   </trkpt>
   <trkpt lat="49.618140000000004" lon="-117.01035">
    <ele>564.97</ele>
   </trkpt>
   <trkpt lat="49.61833334166863" lon="-117.00936667443585">
    <ele>560.62</ele>
   </trkpt>
   <trkpt lat="49.61852667500859" lon="-117.00838334106903">
    <ele>556.84</ele>
   </trkpt>
   <trkpt lat="49.61872" lon="-117.0074">
    <ele>547.4300000000001</ele>
   </trkpt>
   <trkpt lat="49.61880000000001" lon="-117.00681000000002">
    <ele>544.8700000000001</ele>
   </trkpt>
   <trkpt lat="49.618790000000004" lon="-117.00615">
    <ele>543.33</ele>
   </trkpt>
   <trkpt lat="49.61871000000001" lon="-117.00489">
    <ele>545.2</ele>
   </trkpt>
   <trkpt lat="49.618700000000004" lon="-117.00390000000002">
    <ele>548.4100000000001</ele>
   </trkpt>
   <trkpt lat="49.61878000749142" lon="-117.00296666986972">
    <ele>550.3</ele>
   </trkpt>
   <trkpt lat="49.61886000747956" lon="-117.00203333667481">
    <ele>551.76</ele>
   </trkpt>
   <trkpt lat="49.61894" lon="-117.00110000000001">
    <ele>552.11</ele>
   </trkpt>
   <trkpt lat="49.619040000000005" lon="-117.0002">
    <ele>551.47</ele>
   </trkpt>
   <trkpt lat="49.619270004064596" lon="-116.99922500472697">
    <ele>551.6600000000001</ele>
   </trkpt>
   <trkpt lat="49.6195" lon="-116.99825000000001">
    <ele>553.6600000000001</ele>
   </trkpt>
   <trkpt lat="49.619665001866764" lon="-116.99759500214223">
    <ele>556.08</ele>
   </trkpt>
   <trkpt lat="49.61983000000001" lon="-116.99694000000001">
    <ele>558.15</ele>
   </trkpt>
   <trkpt lat="49.62021000000001" lon="-116.9958">
    <ele>561.06</ele>
   </trkpt>
   <trkpt lat="49.62044" lon="-116.99530000000001">
    <ele>561.5600000000001</ele>
   </trkpt>
   <trkpt lat="49.62068000000001" lon="-116.99473">
    <ele>561.55</ele>
   </trkpt>
   <trkpt lat="49.6211550047319" lon="-116.99368001027163">
    <ele>560.82</ele>
   </trkpt>
   <trkpt lat="49.62163" lon="-116.99263">
    <ele>559.83</ele>
   </trkpt>
   <trkpt lat="49.62187" lon="-116.99204">
    <ele>557.44</ele>
   </trkpt>
   <trkpt lat="49.62203000235551" lon="-116.991300002443">
    <ele>556.2</ele>
   </trkpt>
   <trkpt lat="49.62219" lon="-116.99056000000002">
    <ele>554.42</ele>
   </trkpt>
   <trkpt lat="49.622225002482345" lon="-116.9898000006581">
    <ele>550.51</ele>
   </trkpt>
   <trkpt lat="49.622260000000004" lon="-116.98904">
    <ele>547.95</ele>
   </trkpt>
   <trkpt lat="49.62228" lon="-116.98793">
    <ele>547.3100000000001</ele>
   </trkpt>
   <trkpt lat="49.62235252372005" lon="-116.98657500607206">
    <ele>552.9900000000001</ele>
   </trkpt>
   <trkpt lat="49.62242503162599" lon="-116.98522000811082">
    <ele>557.45</ele>
   </trkpt>
   <trkpt lat="49.62249752371768" lon="-116.98386500611718">
    <ele>561.06</ele>
   </trkpt>
   <trkpt lat="49.62257" lon="-116.98251">
    <ele>562.9000000000001</ele>
   </trkpt>
   <trkpt lat="49.62258667533616" lon="-116.98150666743155">
    <ele>563.4</ele>
   </trkpt>
   <trkpt lat="49.62260334200154" lon="-116.98050333417646">
    <ele>563.9300000000001</ele>
   </trkpt>
   <trkpt lat="49.622620000000005" lon="-116.97950000000002">
    <ele>564.5</ele>
   </trkpt>
   <trkpt lat="49.62259500220237" lon="-116.97878499965309">
    <ele>564.5300000000001</ele>
   </trkpt>
   <trkpt lat="49.62257" lon="-116.97807000000002">
    <ele>562.91</ele>
   </trkpt>
   <trkpt lat="49.622600000000006" lon="-116.97678">
    <ele>555.4</ele>
   </trkpt>
   <trkpt lat="49.622670007872784" lon="-116.9758233362213">
    <ele>552.28</ele>
   </trkpt>
   <trkpt lat="49.62274000786262" lon="-116.97486666969361">
    <ele>549.52</ele>
   </trkpt>
   <trkpt lat="49.62281" lon="-116.97391">
    <ele>549.3800000000001</ele>
   </trkpt>
   <trkpt lat="49.62290000270467" lon="-116.97311000193628">
    <ele>550.69</ele>
   </trkpt>
   <trkpt lat="49.62299" lon="-116.97231000000001">
    <ele>551.64</ele>
   </trkpt>
   <trkpt lat="49.623110000000004" lon="-116.97159">
    <ele>552.0400000000001</ele>
   </trkpt>
   <trkpt lat="49.623340000000006" lon="-116.97051">
    <ele>552.2600000000001</ele>
   </trkpt>
   <trkpt lat="49.62355001954831" lon="-116.96928001589326">
    <ele>552.51</ele>
   </trkpt>
   <trkpt lat="49.62376002606588" lon="-116.96805002118293">
    <ele>552.5600000000001</ele>
   </trkpt>
   <trkpt lat="49.62397001955251" lon="-116.96682001586949">
    <ele>551.84</ele>
   </trkpt>
   <trkpt lat="49.62418" lon="-116.96559">
    <ele>551.71</ele>
   </trkpt>
   <trkpt lat="49.624430000000004" lon="-116.96452000000001">
    <ele>552.47</ele>
   </trkpt>
   <trkpt lat="49.62476" lon="-116.96335">
    <ele>551.12</ele>
   </trkpt>
   <trkpt lat="49.625090004395325" lon="-116.96234000683452">
    <ele>547.7200000000001</ele>
   </trkpt>
   <trkpt lat="49.625420000000005" lon="-116.96133">
    <ele>544.51</ele>
   </trkpt>
   <trkpt lat="49.62548" lon="-116.96102">
    <ele>543.95</ele>
   </trkpt>
   <trkpt lat="49.62548" lon="-116.96103000000001">
    <ele>539.03</ele>
   </trkpt>
   <trkpt lat="49.62607155611509" lon="-116.95999409332308">
    <ele>560.69</ele>
   </trkpt>
   <trkpt lat="49.626663102987216" lon="-116.95895816148895">
    <ele>560.69</ele>
   </trkpt>
   <trkpt lat="49.627254640615945" lon="-116.95792220449684">
    <ele>570.3900000000001</ele>
   </trkpt>
   <trkpt lat="49.62784616900083" lon="-116.95688622234603">
    <ele>570.3900000000001</ele>
   </trkpt>
   <trkpt lat="49.6284376881415" lon="-116.95585021503575">
    <ele>570.1400000000001</ele>
   </trkpt>
   <trkpt lat="49.629029198037514" lon="-116.95481418256529">
    <ele>569.25</ele>
   </trkpt>
   <trkpt lat="49.62962069868845" lon="-116.9537781249339">
    <ele>569.25</ele>
   </trkpt>
   <trkpt lat="49.630212190093914" lon="-116.9527420421408">
    <ele>576.0</ele>
   </trkpt>
   <trkpt lat="49.630803672253464" lon="-116.9517059341853">
    <ele>576.0</ele>
   </trkpt>
   <trkpt lat="49.63139514516668" lon="-116.95066980106662">
    <ele>576.85</ele>
   </trkpt>
   <trkpt lat="49.63198660883316" lon="-116.949633642784">
    <ele>532.95</ele>
   </trkpt>
   <trkpt lat="49.63257806325248" lon="-116.94859745933672">
    <ele>532.95</ele>
   </trkpt>
   <trkpt lat="49.63316950842421" lon="-116.94756125072406">
    <ele>533.0</ele>
   </trkpt>
   <trkpt lat="49.633760944347955" lon="-116.94652501694527">
    <ele>533.0</ele>
   </trkpt>
   <trkpt lat="49.63435237102328" lon="-116.94548875799954">
    <ele>533.0</ele>
   </trkpt>
   <trkpt lat="49.634943788449775" lon="-116.94445247388619">
    <ele>533.0</ele>
   </trkpt>
   <trkpt lat="49.63553519662701" lon="-116.94341616460444">
    <ele>533.0</ele>
   </trkpt>
   <trkpt lat="49.63612659555458" lon="-116.9423798301536">
    <ele>533.0</ele>
   </trkpt>
   <trkpt lat="49.63671798523208" lon="-116.94134347053286">
    <ele>533.0</ele>
   </trkpt>
   <trkpt lat="49.63730936565905" lon="-116.94030708574152">
    <ele>533.0</ele>
   </trkpt>
   <trkpt lat="49.63790073683511" lon="-116.93927067577883">
    <ele>533.0</ele>
   </trkpt>
   <trkpt lat="49.63849209875982" lon="-116.93823424064402">
    <ele>533.0</ele>
   </trkpt>
   <trkpt lat="49.63908345143277" lon="-116.93719778033638">
    <ele>533.0</ele>
   </trkpt>
   <trkpt lat="49.63967479485355" lon="-116.93616129485515">
    <ele>533.0</ele>
   </trkpt>
   <trkpt lat="49.64026612902173" lon="-116.93512478419956">
    <ele>533.0</ele>
   </trkpt>
   <trkpt lat="49.640857453936896" lon="-116.93408824836891">
    <ele>533.0</ele>
   </trkpt>
   <trkpt lat="49.64144876959862" lon="-116.93305168736244">
    <ele>533.0</ele>
   </trkpt>
   <trkpt lat="49.6420400760065" lon="-116.9320151011794">
    <ele>533.0</ele>
   </trkpt>
   <trkpt lat="49.64263137316012" lon="-116.93097848981904">
    <ele>533.0</ele>
   </trkpt>
   <trkpt lat="49.64322266105903" lon="-116.92994185328064">
    <ele>533.0</ele>
   </trkpt>
   <trkpt lat="49.643813939702845" lon="-116.92890519156344">
    <ele>533.0</ele>
   </trkpt>
   <trkpt lat="49.64440520909113" lon="-116.92786850466669">
    <ele>533.0</ele>
   </trkpt>
   <trkpt lat="49.64499646922348" lon="-116.92683179258967">
    <ele>533.0</ele>
   </trkpt>
   <trkpt lat="49.64558772009946" lon="-116.9257950553316">
    <ele>533.0</ele>
   </trkpt>
   <trkpt lat="49.646178961718675" lon="-116.92475829289174">
    <ele>533.0</ele>
   </trkpt>
   <trkpt lat="49.64677019408067" lon="-116.92372150526938">
    <ele>533.0</ele>
   </trkpt>
   <trkpt lat="49.64736141718508" lon="-116.92268469246379">
    <ele>533.0</ele>
   </trkpt>
   <trkpt lat="49.64795263103141" lon="-116.92164785447416">
    <ele>533.0</ele>
   </trkpt>
   <trkpt lat="49.648543835619314" lon="-116.9206109912998">
    <ele>533.0</ele>
   </trkpt>
   <trkpt lat="49.649135030948344" lon="-116.9195741029399">
    <ele>533.0</ele>
   </trkpt>
   <trkpt lat="49.649726217018085" lon="-116.91853718939377">
    <ele>533.0</ele>
   </trkpt>
   <trkpt lat="49.65031739382811" lon="-116.91750025066071">
    <ele>533.0</ele>
   </trkpt>
   <trkpt lat="49.650908561378" lon="-116.9164632867399">
    <ele>533.0</ele>
   </trkpt>
   <trkpt lat="49.65149971966736" lon="-116.9154262976306">
    <ele>533.0</ele>
   </trkpt>
   <trkpt lat="49.65209086869575" lon="-116.91438928333208">
    <ele>533.0</ele>
   </trkpt>
   <trkpt lat="49.65268200846275" lon="-116.91335224384362">
    <ele>533.0</ele>
   </trkpt>
   <trkpt lat="49.65327313896796" lon="-116.91231517916447">
    <ele>533.0</ele>
   </trkpt>
   <trkpt lat="49.65386426021094" lon="-116.91127808929384">
    <ele>533.0</ele>
   </trkpt>
   <trkpt lat="49.65445537219128" lon="-116.91024097423104">
    <ele>533.0</ele>
   </trkpt>
   <trkpt lat="49.65504647490857" lon="-116.90920383397531">
    <ele>533.0</ele>
   </trkpt>
   <trkpt lat="49.65563756836237" lon="-116.90816666852591">
    <ele>533.0</ele>
   </trkpt>
   <trkpt lat="49.65622865255228" lon="-116.90712947788205">
    <ele>533.0</ele>
   </trkpt>
   <trkpt lat="49.65681972747788" lon="-116.90609226204305">
    <ele>533.0</ele>
   </trkpt>
   <trkpt lat="49.65741079313874" lon="-116.90505502100815">
    <ele>533.0</ele>
   </trkpt>
   <trkpt lat="49.658001849534436" lon="-116.90401775477658">
    <ele>533.0</ele>
   </trkpt>
   <trkpt lat="49.65859289666458" lon="-116.9029804633476">
    <ele>533.0</ele>
   </trkpt>
   <trkpt lat="49.659183934528734" lon="-116.90194314672053">
    <ele>533.0</ele>
   </trkpt>
   <trkpt lat="49.65977496312647" lon="-116.90090580489452">
    <ele>533.0</ele>
   </trkpt>
   <trkpt lat="49.660365982457385" lon="-116.89986843786889">
    <ele>533.0</ele>
   </trkpt>
   <trkpt lat="49.66095699252106" lon="-116.89883104564291">
    <ele>533.0</ele>
   </trkpt>
   <trkpt lat="49.661547993317065" lon="-116.8977936282158">
    <ele>533.0</ele>
   </trkpt>
   <trkpt lat="49.66213898484497" lon="-116.89675618558682">
    <ele>533.0</ele>
   </trkpt>
   <trkpt lat="49.66272996710438" lon="-116.89571871775527">
    <ele>533.0</ele>
   </trkpt>
   <trkpt lat="49.663320940094884" lon="-116.89468122472033">
    <ele>533.0</ele>
   </trkpt>
   <trkpt lat="49.66391190381604" lon="-116.8936437064813">
    <ele>533.0</ele>
   </trkpt>
   <trkpt lat="49.66450285826744" lon="-116.89260616303746">
    <ele>533.0</ele>
   </trkpt>
   <trkpt lat="49.66509380344864" lon="-116.89156859438803">
    <ele>533.0</ele>
   </trkpt>
   <trkpt lat="49.66568473935926" lon="-116.89053100053226">
    <ele>533.0</ele>
   </trkpt>
   <trkpt lat="49.66627566599886" lon="-116.88949338146944">
    <ele>533.0</ele>
   </trkpt>
   <trkpt lat="49.66686658336703" lon="-116.88845573719883">
    <ele>533.0</ele>
   </trkpt>
   <trkpt lat="49.66745749146335" lon="-116.88741806771962">
    <ele>533.0</ele>
   </trkpt>
   <trkpt lat="49.66804839028739" lon="-116.88638037303113">
    <ele>533.0</ele>
   </trkpt>
   <trkpt lat="49.66863927983872" lon="-116.88534265313258">
    <ele>533.0</ele>
   </trkpt>
   <trkpt lat="49.66923016011695" lon="-116.88430490802324">
    <ele>533.0</ele>
   </trkpt>
   <trkpt lat="49.66982103112165" lon="-116.88326713770242">
    <ele>533.0</ele>
   </trkpt>
   <trkpt lat="49.67041189285239" lon="-116.88222934216928">
    <ele>533.0</ele>
   </trkpt>
   <trkpt lat="49.67100274530879" lon="-116.88119152142315">
    <ele>533.0</ele>
   </trkpt>
   <trkpt lat="49.67159358849038" lon="-116.88015367546322">
    <ele>533.0</ele>
   </trkpt>
   <trkpt lat="49.67218442239677" lon="-116.87911580428882">
    <ele>533.0</ele>
   </trkpt>
   <trkpt lat="49.67277524702752" lon="-116.87807790789914">
    <ele>533.0</ele>
   </trkpt>
   <trkpt lat="49.673366062382236" lon="-116.8770399862935">
    <ele>533.0</ele>
   </trkpt>
   <trkpt lat="49.67395686846048" lon="-116.87600203947109">
    <ele>533.0</ele>
   </trkpt>
   <trkpt lat="49.67454766526184" lon="-116.87496406743125">
    <ele>533.0</ele>
   </trkpt>
   <trkpt lat="49.675138452785895" lon="-116.87392607017311">
    <ele>533.0500000000001</ele>
   </trkpt>
   <trkpt lat="49.67572923103222" lon="-116.87288804769605">
    <ele>533.0500000000001</ele>
   </trkpt>
   <trkpt lat="49.676320000000004" lon="-116.87185000000001">
    <ele>548.73</ele>
   </trkpt>
   <trkpt lat="49.67631" lon="-116.87182000000001">
    <ele>547.2600000000001</ele>
   </trkpt>
   <trkpt lat="49.677125000776435" lon="-116.87140000703019">
    <ele>556.4100000000001</ele>
   </trkpt>
   <trkpt lat="49.67794000000001" lon="-116.87098">
    <ele>561.6000000000001</ele>
   </trkpt>
   <trkpt lat="49.6786" lon="-116.87068000000001">
    <ele>562.15</ele>
   </trkpt>
   <trkpt lat="49.679170000000006" lon="-116.87037000000001">
    <ele>561.8000000000001</ele>
   </trkpt>
   <trkpt lat="49.679615000261556" lon="-116.87009500255628">
    <ele>562.18</ele>
   </trkpt>
   <trkpt lat="49.680060000000005" lon="-116.86982">
    <ele>564.3000000000001</ele>
   </trkpt>
   <trkpt lat="49.68025" lon="-116.86973">
    <ele>565.3100000000001</ele>
   </trkpt>
   <trkpt lat="49.680800000000005" lon="-116.86951">
    <ele>570.85</ele>
   </trkpt>
   <trkpt lat="49.681655000228005" lon="-116.86927000422592">
    <ele>578.48</ele>
   </trkpt>
   <trkpt lat="49.68251" lon="-116.86903000000001">
    <ele>585.0600000000001</ele>
   </trkpt>
   <trkpt lat="49.68309000000001" lon="-116.86884">
    <ele>590.6300000000001</ele>
   </trkpt>
   <trkpt lat="49.683460000000004" lon="-116.86866">
    <ele>594.6400000000001</ele>
   </trkpt>
   <trkpt lat="49.6839" lon="-116.86826">
    <ele>597.2900000000001</ele>
   </trkpt>
   <trkpt lat="49.68439000000001" lon="-116.86776">
    <ele>603.0500000000001</ele>
   </trkpt>
   <trkpt lat="49.684610000000006" lon="-116.86731">
    <ele>608.58</ele>
   </trkpt>
   <trkpt lat="49.684650000000005" lon="-116.86667000000001">
    <ele>610.46</ele>
   </trkpt>
   <trkpt lat="49.684560000000005" lon="-116.86629">
    <ele>612.5500000000001</ele>
   </trkpt>
   <trkpt lat="49.68432000000001" lon="-116.86548">
    <ele>618.99</ele>
   </trkpt>
   <trkpt lat="49.68430000000001" lon="-116.86516">
    <ele>620.75</ele>
   </trkpt>
   <trkpt lat="49.684380000000004" lon="-116.86485">
    <ele>622.99</ele>
   </trkpt>
   <trkpt lat="49.68453" lon="-116.86459">
    <ele>625.22</ele>
   </trkpt>
   <trkpt lat="49.684520000000006" lon="-116.86460000000001">
    <ele>625.17</ele>
   </trkpt>
   <trkpt lat="49.68509" lon="-116.86418">
    <ele>631.35</ele>
   </trkpt>
   <trkpt lat="49.68568000066497" lon="-116.86377500494342">
    <ele>635.72</ele>
   </trkpt>
   <trkpt lat="49.68627000000001" lon="-116.86337">
    <ele>641.0</ele>
   </trkpt>
   <trkpt lat="49.68643" lon="-116.86319">
    <ele>641.0</ele>
   </trkpt>
   <trkpt lat="49.686490000000006" lon="-116.86306">
    <ele>642.5300000000001</ele>
   </trkpt>
   <trkpt lat="49.68652" lon="-116.86285000000001">
    <ele>643.0600000000001</ele>
   </trkpt>
   <trkpt lat="49.686510000000006" lon="-116.86261">
    <ele>643.8600000000001</ele>
   </trkpt>
   <trkpt lat="49.686440000000005" lon="-116.86243">
    <ele>644.2800000000001</ele>
   </trkpt>
   <trkpt lat="49.686260000000004" lon="-116.86210000000001">
    <ele>644.51</ele>
   </trkpt>
   <trkpt lat="49.68578000156393" lon="-116.86148999392887">
    <ele>646.1600000000001</ele>
   </trkpt>
   <trkpt lat="49.685300000000005" lon="-116.86088000000001">
    <ele>647.3800000000001</ele>
   </trkpt>
   <trkpt lat="49.684870000000004" lon="-116.86028">
    <ele>649.39</ele>
   </trkpt>
   <trkpt lat="49.68478" lon="-116.8601">
    <ele>650.8000000000001</ele>
   </trkpt>
   <trkpt lat="49.68478" lon="-116.85948">
    <ele>652.7700000000001</ele>
   </trkpt>
   <trkpt lat="49.68497000000001" lon="-116.85903">
    <ele>655.6200000000001</ele>
   </trkpt>
   <trkpt lat="49.68550500174278" lon="-116.85838500715626">
    <ele>659.6700000000001</ele>
   </trkpt>
   <trkpt lat="49.686040000000006" lon="-116.85774">
    <ele>668.44</ele>
   </trkpt>
   <trkpt lat="49.686240000000005" lon="-116.85737">
    <ele>671.0600000000001</ele>
   </trkpt>
   <trkpt lat="49.686240000000005" lon="-116.8567">
    <ele>675.76</ele>
   </trkpt>
   <trkpt lat="49.686130000000006" lon="-116.85599">
    <ele>680.6700000000001</ele>
   </trkpt>
   <trkpt lat="49.68598000250535" lon="-116.85522499756775">
    <ele>684.5500000000001</ele>
   </trkpt>
   <trkpt lat="49.68583" lon="-116.85446">
    <ele>686.46</ele>
   </trkpt>
   <trkpt lat="49.685570000000006" lon="-116.85367000000001">
    <ele>685.61</ele>
   </trkpt>
   <trkpt lat="49.68526000000001" lon="-116.85303">
    <ele>684.13</ele>
   </trkpt>
   <trkpt lat="49.684865001628225" lon="-116.85242499516481">
    <ele>681.5600000000001</ele>
   </trkpt>
   <trkpt lat="49.684470000000005" lon="-116.85182">
    <ele>679.35</ele>
   </trkpt>
   <trkpt lat="49.683975005637784" lon="-116.85067998849182">
    <ele>674.37</ele>
   </trkpt>
   <trkpt lat="49.68348" lon="-116.84954">
    <ele>670.6899999999999</ele>
   </trkpt>
   <trkpt lat="49.68327000000001" lon="-116.84887">
    <ele>667.64</ele>
   </trkpt>
   <trkpt lat="49.68314" lon="-116.84815">
    <ele>666.58</ele>
   </trkpt>
   <trkpt lat="49.68307" lon="-116.84713">
    <ele>663.42</ele>
   </trkpt>
   <trkpt lat="49.68312" lon="-116.84664000000001">
    <ele>661.4100000000001</ele>
   </trkpt>
   <trkpt lat="49.683170000000004" lon="-116.84642000000001">
    <ele>660.0600000000001</ele>
   </trkpt>
   <trkpt lat="49.683240000000005" lon="-116.84623">
    <ele>659.5600000000001</ele>
   </trkpt>
   <trkpt lat="49.683690000000006" lon="-116.84533">
    <ele>657.5000000000001</ele>
   </trkpt>
   <trkpt lat="49.68383000000001" lon="-116.84482000000001">
    <ele>657.36</ele>
   </trkpt>
   <trkpt lat="49.683820000000004" lon="-116.84484">
    <ele>657.37</ele>
   </trkpt>
   <trkpt lat="49.68385000000001" lon="-116.84452">
    <ele>657.2</ele>
   </trkpt>
   <trkpt lat="49.68381" lon="-116.84416000000002">
    <ele>657.2</ele>
   </trkpt>
   <trkpt lat="49.68368" lon="-116.8434">
    <ele>656.82</ele>
   </trkpt>
   <trkpt lat="49.68365000000001" lon="-116.84270000000001">
    <ele>655.86</ele>
   </trkpt>
   <trkpt lat="49.68372000209711" lon="-116.84200000113188">
    <ele>653.96</ele>
   </trkpt>
   <trkpt lat="49.68379" lon="-116.8413">
    <ele>651.0600000000001</ele>
   </trkpt>
   <trkpt lat="49.68381" lon="-116.84067">
    <ele>647.2800000000001</ele>
   </trkpt>
   <trkpt lat="49.683780000000006" lon="-116.84009">
    <ele>644.84</ele>
   </trkpt>
   <trkpt lat="49.68376000000001" lon="-116.83974">
    <ele>644.5900000000001</ele>
   </trkpt>
   <trkpt lat="49.68364000495818" lon="-116.83866499719481">
    <ele>641.57</ele>
   </trkpt>
   <trkpt lat="49.68352" lon="-116.83759">
    <ele>636.69</ele>
   </trkpt>
   <trkpt lat="49.683460000000004" lon="-116.83736">
    <ele>634.48</ele>
   </trkpt>
   <trkpt lat="49.68336000000001" lon="-116.83715000000001">
    <ele>633.6700000000001</ele>
   </trkpt>
   <trkpt lat="49.68314" lon="-116.83687">
    <ele>630.1800000000001</ele>
   </trkpt>
   <trkpt lat="49.682900000000004" lon="-116.83664">
    <ele>627.8900000000001</ele>
   </trkpt>
   <trkpt lat="49.68252500072584" lon="-116.83622499678191">
    <ele>622.6700000000001</ele>
   </trkpt>
   <trkpt lat="49.68215000000001" lon="-116.83581000000001">
    <ele>615.8</ele>
   </trkpt>
   <trkpt lat="49.6818" lon="-116.8354">
    <ele>614.12</ele>
   </trkpt>
   <trkpt lat="49.68132000000001" lon="-116.83494">
    <ele>610.6700000000001</ele>
   </trkpt>
   <trkpt lat="49.680960000000006" lon="-116.8345">
    <ele>606.44</ele>
   </trkpt>
   <trkpt lat="49.680730000000004" lon="-116.83419">
    <ele>603.5600000000001</ele>
   </trkpt>
   <trkpt lat="49.680580000000006" lon="-116.83383">
    <ele>602.2</ele>
   </trkpt>
   <trkpt lat="49.680530000000005" lon="-116.83364">
    <ele>599.94</ele>
   </trkpt>
   <trkpt lat="49.6805" lon="-116.83324">
    <ele>599.25</ele>
   </trkpt>
   <trkpt lat="49.680510000000005" lon="-116.83302">
    <ele>596.41</ele>
   </trkpt>
   <trkpt lat="49.68059" lon="-116.83267000000001">
    <ele>595.38</ele>
   </trkpt>
   <trkpt lat="49.6809950024485" lon="-116.83190500650612">
    <ele>591.6600000000001</ele>
   </trkpt>
   <trkpt lat="49.681400000000004" lon="-116.83114">
    <ele>590.2</ele>
   </trkpt>
   <trkpt lat="49.68157" lon="-116.83074">
    <ele>589.48</ele>
   </trkpt>
   <trkpt lat="49.68175" lon="-116.83010000000002">
    <ele>589.08</ele>
   </trkpt>
   <trkpt lat="49.68182" lon="-116.82966">
    <ele>588.3900000000001</ele>
   </trkpt>
   <trkpt lat="49.681826675450324" lon="-116.82865000024297">
    <ele>587.25</ele>
   </trkpt>
   <trkpt lat="49.681833342117216" lon="-116.82764000020882">
    <ele>586.4200000000001</ele>
   </trkpt>
   <trkpt lat="49.68184" lon="-116.82663000000001">
    <ele>585.3000000000001</ele>
   </trkpt>
   <trkpt lat="49.68184" lon="-116.82662">
    <ele>585.3000000000001</ele>
   </trkpt>
   <trkpt lat="49.681850000000004" lon="-116.82600000000001">
    <ele>584.8800000000001</ele>
   </trkpt>
   <trkpt lat="49.68178" lon="-116.8255">
    <ele>583.7500000000001</ele>
   </trkpt>
   <trkpt lat="49.68177000000001" lon="-116.82541">
    <ele>583.58</ele>
   </trkpt>
   <trkpt lat="49.681700000000006" lon="-116.82519">
    <ele>582.64</ele>
   </trkpt>
   <trkpt lat="49.6816" lon="-116.825">
    <ele>581.6999999999999</ele>
   </trkpt>
   <trkpt lat="49.68132000000001" lon="-116.82474">
    <ele>579.9200000000001</ele>
   </trkpt>
   <trkpt lat="49.681140000000006" lon="-116.82465">
    <ele>576.7500000000001</ele>
   </trkpt>
   <trkpt lat="49.68097" lon="-116.82461">
    <ele>576.3000000000001</ele>
   </trkpt>
   <trkpt lat="49.680220000000006" lon="-116.82465">
    <ele>569.86</ele>
   </trkpt>
   <trkpt lat="49.679639999914386" lon="-116.8246950005441">
    <ele>564.0</ele>
   </trkpt>
   <trkpt lat="49.67906000000001" lon="-116.82474">
    <ele>561.98</ele>
   </trkpt>
   <trkpt lat="49.678180000019026" lon="-116.82475333381565">
    <ele>560.44</ele>
   </trkpt>
   <trkpt lat="49.67730000003652" lon="-116.8247666671487">
    <ele>558.7700000000001</ele>
   </trkpt>
   <trkpt lat="49.67642000000001" lon="-116.82478">
    <ele>556.8100000000001</ele>
   </trkpt>
   <trkpt lat="49.676230000000004" lon="-116.82478">
    <ele>556.4</ele>
   </trkpt>
   <trkpt lat="49.67622" lon="-116.82478">
    <ele>556.3800000000001</ele>
   </trkpt>
   <trkpt lat="49.6753275000044" lon="-116.82480250123879">
    <ele>555.2600000000001</ele>
   </trkpt>
   <trkpt lat="49.674435000004415" lon="-116.82482500165173">
    <ele>552.7800000000001</ele>
   </trkpt>
   <trkpt lat="49.67354250000012" lon="-116.82484750123885">
    <ele>549.2600000000001</ele>
   </trkpt>
   <trkpt lat="49.672650000000004" lon="-116.82487">
    <ele>547.96</ele>
   </trkpt>
   <trkpt lat="49.67251" lon="-116.82482">
    <ele>547.7700000000001</ele>
   </trkpt>
   <trkpt lat="49.67228" lon="-116.82465">
    <ele>547.7700000000001</ele>
   </trkpt>
   <trkpt lat="49.67221000000001" lon="-116.82447">
    <ele>547.61</ele>
   </trkpt>
   <trkpt lat="49.672160000000005" lon="-116.82429">
    <ele>547.61</ele>
   </trkpt>
   <trkpt lat="49.672156696980636" lon="-116.82310333291322">
    <ele>547.2600000000001</ele>
   </trkpt>
   <trkpt lat="49.67215338183568" lon="-116.82191666598793">
    <ele>547.0</ele>
   </trkpt>
   <trkpt lat="49.672150054565094" lon="-116.82072999922471">
    <ele>546.63</ele>
   </trkpt>
   <trkpt lat="49.67214671516893" lon="-116.8195433326241">
    <ele>545.5500000000001</ele>
   </trkpt>
   <trkpt lat="49.67214336364713" lon="-116.81835666618677">
    <ele>545.25</ele>
   </trkpt>
   <trkpt lat="49.672140000000006" lon="-116.81717">
    <ele>546.24</ele>
   </trkpt>
   <trkpt lat="49.67211" lon="-116.81646">
    <ele>547.13</ele>
   </trkpt>
   <trkpt lat="49.67195" lon="-116.81537000000002">
    <ele>547.6</ele>
   </trkpt>
   <trkpt lat="49.671910000000004" lon="-116.81523000000001">
    <ele>547.6</ele>
   </trkpt>
   <trkpt lat="49.67177" lon="-116.81485">
    <ele>548.9900000000001</ele>
   </trkpt>
   <trkpt lat="49.671530000000004" lon="-116.8143">
    <ele>549.37</ele>
   </trkpt>
   <trkpt lat="49.67112" lon="-116.81360000000001">
    <ele>550.2600000000001</ele>
   </trkpt>
   <trkpt lat="49.670680000000004" lon="-116.81298000000001">
    <ele>552.01</ele>
   </trkpt>
   <trkpt lat="49.67036" lon="-116.81252">
    <ele>553.1600000000001</ele>
   </trkpt>
   <trkpt lat="49.669760000000004" lon="-116.81160000000001">
    <ele>553.8100000000001</ele>
   </trkpt>
   <trkpt lat="49.669500000000006" lon="-116.81124000000001">
    <ele>553.46</ele>
   </trkpt>
   <trkpt lat="49.66903500039531" lon="-116.8109799975729">
    <ele>551.74</ele>
   </trkpt>
   <trkpt lat="49.66857" lon="-116.81072">
    <ele>550.1400000000001</ele>
   </trkpt>
   <trkpt lat="49.667716667669495" lon="-116.81037998807462">
    <ele>547.9000000000001</ele>
   </trkpt>
   <trkpt lat="49.66686333434351" lon="-116.81003998807783">
    <ele>548.64</ele>
   </trkpt>
   <trkpt lat="49.66601000000001" lon="-116.8097">
    <ele>551.37</ele>
   </trkpt>
   <trkpt lat="49.66566" lon="-116.80965">
    <ele>551.5300000000001</ele>
   </trkpt>
   <trkpt lat="49.66510500010521" lon="-116.80967000022443">
    <ele>552.7</ele>
   </trkpt>
   <trkpt lat="49.664550000000006" lon="-116.80969">
    <ele>553.6000000000001</ele>
   </trkpt>
   <trkpt lat="49.66436" lon="-116.80965">
    <ele>553.9300000000001</ele>
   </trkpt>
   <trkpt lat="49.66424000000001" lon="-116.80956">
    <ele>554.08</ele>
   </trkpt>
   <trkpt lat="49.66394500130015" lon="-116.80900499658571">
    <ele>553.84</ele>
   </trkpt>
   <trkpt lat="49.663650000000004" lon="-116.80845000000001">
    <ele>553.88</ele>
   </trkpt>
   <trkpt lat="49.66331500129434" lon="-116.80790499627263">
    <ele>554.3</ele>
   </trkpt>
   <trkpt lat="49.662980000000005" lon="-116.80736">
    <ele>554.11</ele>
   </trkpt>
   <trkpt lat="49.662710000000004" lon="-116.80714">
    <ele>554.1</ele>
   </trkpt>
   <trkpt lat="49.662130000000005" lon="-116.80658000000001">
    <ele>554.9200000000001</ele>
   </trkpt>
   <trkpt lat="49.66194" lon="-116.80642">
    <ele>555.52</ele>
   </trkpt>
   <trkpt lat="49.661660000000005" lon="-116.80607">
    <ele>555.88</ele>
   </trkpt>
   <trkpt lat="49.66118" lon="-116.80541000000001">
    <ele>555.84</ele>
   </trkpt>
   <trkpt lat="49.661030000000004" lon="-116.80527000000001">
    <ele>555.8700000000001</ele>
   </trkpt>
   <trkpt lat="49.660700000000006" lon="-116.80509">
    <ele>555.61</ele>
   </trkpt>
   <trkpt lat="49.66053" lon="-116.80504">
    <ele>555.28</ele>
   </trkpt>
   <trkpt lat="49.65975" lon="-116.80504">
    <ele>554.4499999999999</ele>
   </trkpt>
   <trkpt lat="49.65936000000001" lon="-116.80499">
    <ele>555.36</ele>
   </trkpt>
   <trkpt lat="49.65883" lon="-116.80486">
    <ele>556.7700000000001</ele>
   </trkpt>
   <trkpt lat="49.65852" lon="-116.80472">
    <ele>556.72</ele>
   </trkpt>
   <trkpt lat="49.65789" lon="-116.80424000000001">
    <ele>556.2600000000001</ele>
   </trkpt>
   <trkpt lat="49.65753" lon="-116.80411000000001">
    <ele>555.8000000000001</ele>
   </trkpt>
   <trkpt lat="49.65735" lon="-116.80411000000001">
    <ele>555.57</ele>
   </trkpt>
   <trkpt lat="49.65697" lon="-116.80418000000002">
    <ele>555.27</ele>
   </trkpt>
   <trkpt lat="49.65679" lon="-116.80414">
    <ele>554.86</ele>
   </trkpt>
   <trkpt lat="49.656290000000006" lon="-116.80387">
    <ele>553.9000000000001</ele>
   </trkpt>
   <trkpt lat="49.65563" lon="-116.80329">
    <ele>554.07</ele>
   </trkpt>
   <trkpt lat="49.65545" lon="-116.8032">
    <ele>554.67</ele>
   </trkpt>
   <trkpt lat="49.65529" lon="-116.80321">
    <ele>555.5</ele>
   </trkpt>
   <trkpt lat="49.65495000000001" lon="-116.80330000000001">
    <ele>556.74</ele>
   </trkpt>
   <trkpt lat="49.65478" lon="-116.80333">
    <ele>558.28</ele>
   </trkpt>
   <trkpt lat="49.654430000000005" lon="-116.8032">
    <ele>559.9399999999999</ele>
   </trkpt>
   <trkpt lat="49.653850000555934" lon="-116.80288499631605">
    <ele>561.9900000000001</ele>
   </trkpt>
   <trkpt lat="49.653270000000006" lon="-116.80257">
    <ele>562.1700000000001</ele>
   </trkpt>
   <trkpt lat="49.652800000000006" lon="-116.80213">
    <ele>560.85</ele>
   </trkpt>
   <trkpt lat="49.6525" lon="-116.80176000000002">
    <ele>559.32</ele>
   </trkpt>
   <trkpt lat="49.65232" lon="-116.80160000000001">
    <ele>558.89</ele>
   </trkpt>
   <trkpt lat="49.65176" lon="-116.80133000000001">
    <ele>559.15</ele>
   </trkpt>
   <trkpt lat="49.651180000000004" lon="-116.80096">
    <ele>559.67</ele>
   </trkpt>
   <trkpt lat="49.65057" lon="-116.80048000000001">
    <ele>559.86</ele>
   </trkpt>
   <trkpt lat="49.65028" lon="-116.80021">
    <ele>559.07</ele>
   </trkpt>
   <trkpt lat="49.650150000000004" lon="-116.80007">
    <ele>558.35</ele>
   </trkpt>
   <trkpt lat="49.64996000000001" lon="-116.79966">
    <ele>557.6000000000001</ele>
   </trkpt>
   <trkpt lat="49.64983" lon="-116.79953">
    <ele>556.9900000000001</ele>
   </trkpt>
   <trkpt lat="49.64965" lon="-116.79944">
    <ele>556.3800000000001</ele>
   </trkpt>
   <trkpt lat="49.6495" lon="-116.7994">
    <ele>555.3800000000001</ele>
   </trkpt>
   <trkpt lat="49.649370000000005" lon="-116.79944">
    <ele>555.0200000000001</ele>
   </trkpt>
   <trkpt lat="49.64885" lon="-116.79962">
    <ele>554.1400000000001</ele>
   </trkpt>
   <trkpt lat="49.648500000000006" lon="-116.79966">
    <ele>554.72</ele>
   </trkpt>
   <trkpt lat="49.648340000000005" lon="-116.79963000000001">
    <ele>554.88</ele>
   </trkpt>
   <trkpt lat="49.6482" lon="-116.79957">
    <ele>554.85</ele>
   </trkpt>
   <trkpt lat="49.64793" lon="-116.79935">
    <ele>553.85</ele>
   </trkpt>
   <trkpt lat="49.64781000000001" lon="-116.79918">
    <ele>552.97</ele>
   </trkpt>
   <trkpt lat="49.64734000000001" lon="-116.79836000000002">
    <ele>552.24</ele>
   </trkpt>
   <trkpt lat="49.64719" lon="-116.79815">
    <ele>553.5400000000001</ele>
   </trkpt>
   <trkpt lat="49.646530000000006" lon="-116.79766000000001">
    <ele>554.15</ele>
   </trkpt>
   <trkpt lat="49.64622000000001" lon="-116.79739000000001">
    <ele>553.7700000000001</ele>
   </trkpt>
   <trkpt lat="49.64578" lon="-116.79693">
    <ele>552.51</ele>
   </trkpt>
   <trkpt lat="49.645610000000005" lon="-116.79681000000001">
    <ele>551.7</ele>
   </trkpt>
   <trkpt lat="49.645430000000005" lon="-116.79676">
    <ele>551.47</ele>
   </trkpt>
   <trkpt lat="49.64526000000001" lon="-116.79675">
    <ele>551.89</ele>
   </trkpt>
   <trkpt lat="49.64491" lon="-116.7968">
    <ele>553.94</ele>
   </trkpt>
   <trkpt lat="49.644650000000006" lon="-116.79666">
    <ele>555.44</ele>
   </trkpt>
   <trkpt lat="49.64417" lon="-116.796">
    <ele>554.52</ele>
   </trkpt>
   <trkpt lat="49.643810001111945" lon="-116.79547999607928">
    <ele>552.33</ele>
   </trkpt>
   <trkpt lat="49.64345" lon="-116.79496">
    <ele>547.62</ele>
   </trkpt>
   <trkpt lat="49.64294000340507" lon="-116.79406999066732">
    <ele>542.82</ele>
   </trkpt>
   <trkpt lat="49.642430000000004" lon="-116.79318">
    <ele>541.1</ele>
   </trkpt>
   <trkpt lat="49.6418" lon="-116.79223">
    <ele>544.86</ele>
   </trkpt>
   <trkpt lat="49.641490000000005" lon="-116.79200000000002">
    <ele>545.6800000000001</ele>
   </trkpt>
   <trkpt lat="49.641180000000006" lon="-116.79193000000001">
    <ele>546.97</ele>
   </trkpt>
   <trkpt lat="49.640440000000005" lon="-116.79174">
    <ele>550.12</ele>
   </trkpt>
   <trkpt lat="49.64027" lon="-116.79165">
    <ele>550.12</ele>
   </trkpt>
   <trkpt lat="49.63996" lon="-116.79134">
    <ele>551.52</ele>
   </trkpt>
   <trkpt lat="49.639430000000004" lon="-116.79058">
    <ele>553.59</ele>
   </trkpt>
   <trkpt lat="49.63928000000001" lon="-116.79044">
    <ele>553.59</ele>
   </trkpt>
   <trkpt lat="49.639030000000005" lon="-116.79016000000001">
    <ele>553.98</ele>
   </trkpt>
   <trkpt lat="49.638920000000006" lon="-116.78999">
    <ele>553.73</ele>
   </trkpt>
   <trkpt lat="49.638490000000004" lon="-116.78883">
    <ele>551.98</ele>
   </trkpt>
   <trkpt lat="49.638380000000005" lon="-116.78861">
    <ele>552.51</ele>
   </trkpt>
   <trkpt lat="49.637710000000006" lon="-116.78793">
    <ele>554.89</ele>
   </trkpt>
   <trkpt lat="49.637570000000004" lon="-116.78775">
    <ele>555.15</ele>
   </trkpt>
   <trkpt lat="49.63729000000001" lon="-116.78750000000001">
    <ele>555.97</ele>
   </trkpt>
   <trkpt lat="49.63705" lon="-116.78735">
    <ele>556.9900000000001</ele>
   </trkpt>
   <trkpt lat="49.63667" lon="-116.78721000000002">
    <ele>558.37</ele>
   </trkpt>
   <trkpt lat="49.63606" lon="-116.78705000000001">
    <ele>560.24</ele>
   </trkpt>
   <trkpt lat="49.635690000000004" lon="-116.78704">
    <ele>561.5</ele>
   </trkpt>
   <trkpt lat="49.635310000000004" lon="-116.78712000000002">
    <ele>562.3100000000001</ele>
   </trkpt>
   <trkpt lat="49.63476000000001" lon="-116.78739000000002">
    <ele>561.5</ele>
   </trkpt>
   <trkpt lat="49.6341750006131" lon="-116.78773000401691">
    <ele>560.4300000000001</ele>
   </trkpt>
   <trkpt lat="49.633590000000005" lon="-116.78807">
    <ele>558.73</ele>
   </trkpt>
   <trkpt lat="49.63342" lon="-116.78807">
    <ele>558.22</ele>
   </trkpt>
   <trkpt lat="49.63266" lon="-116.78798">
    <ele>555.4300000000001</ele>
   </trkpt>
   <trkpt lat="49.63246" lon="-116.78798">
    <ele>553.6500000000001</ele>
   </trkpt>
   <trkpt lat="49.63203000000001" lon="-116.78811">
    <ele>551.8000000000001</ele>
   </trkpt>
   <trkpt lat="49.63183" lon="-116.7882">
    <ele>551.8000000000001</ele>
   </trkpt>
   <trkpt lat="49.63139" lon="-116.78834">
    <ele>549.0</ele>
   </trkpt>
   <trkpt lat="49.63096" lon="-116.78838">
    <ele>546.5000000000001</ele>
   </trkpt>
   <trkpt lat="49.630449999916564" lon="-116.78835999978725">
    <ele>545.0400000000001</ele>
   </trkpt>
   <trkpt lat="49.629940000000005" lon="-116.78834">
    <ele>544.84</ele>
   </trkpt>
   <trkpt lat="49.62975" lon="-116.78833000000002">
    <ele>544.82</ele>
   </trkpt>
   <trkpt lat="49.629400000000004" lon="-116.78821">
    <ele>544.71</ele>
   </trkpt>
   <trkpt lat="49.62923000000001" lon="-116.78812">
    <ele>544.63</ele>
   </trkpt>
   <trkpt lat="49.62892" lon="-116.78786000000001">
    <ele>544.34</ele>
   </trkpt>
   <trkpt lat="49.628780000000006" lon="-116.78772000000001">
    <ele>544.36</ele>
   </trkpt>
   <trkpt lat="49.62854" lon="-116.78736">
    <ele>544.1400000000001</ele>
   </trkpt>
   <trkpt lat="49.62839" lon="-116.78722">
    <ele>544.1400000000001</ele>
   </trkpt>
   <trkpt lat="49.62821" lon="-116.78712000000002">
    <ele>543.8000000000001</ele>
   </trkpt>
   <trkpt lat="49.62787" lon="-116.78696000000001">
    <ele>543.71</ele>
   </trkpt>
   <trkpt lat="49.627700000000004" lon="-116.78695">
    <ele>543.71</ele>
   </trkpt>
   <trkpt lat="49.627069999838206" lon="-116.78698000039587">
    <ele>543.98</ele>
   </trkpt>
   <trkpt lat="49.62644" lon="-116.78701000000001">
    <ele>544.3</ele>
   </trkpt>
   <trkpt lat="49.626250000000006" lon="-116.78717">
    <ele>543.8900000000001</ele>
   </trkpt>
   <trkpt lat="49.625750000000004" lon="-116.78766">
    <ele>544.62</ele>
   </trkpt>
   <trkpt lat="49.625420000000005" lon="-116.78790000000001">
    <ele>545.4499999999999</ele>
   </trkpt>
   <trkpt lat="49.625240000000005" lon="-116.78798">
    <ele>546.35</ele>
   </trkpt>
   <trkpt lat="49.624970000000005" lon="-116.7878">
    <ele>549.24</ele>
   </trkpt>
   <trkpt lat="49.62454" lon="-116.78708">
    <ele>557.91</ele>
   </trkpt>
   <trkpt lat="49.62418000083956" lon="-116.78660999638126">
    <ele>562.7</ele>
   </trkpt>
   <trkpt lat="49.62382" lon="-116.78614">
    <ele>567.95</ele>
   </trkpt>
   <trkpt lat="49.623560000000005" lon="-116.78556">
    <ele>571.21</ele>
   </trkpt>
   <trkpt lat="49.623380000000004" lon="-116.78529">
    <ele>572.98</ele>
   </trkpt>
   <trkpt lat="49.6231" lon="-116.78500000000001">
    <ele>577.2700000000001</ele>
   </trkpt>
   <trkpt lat="49.62303000000001" lon="-116.78494">
    <ele>577.35</ele>
   </trkpt>
   <trkpt lat="49.62247500089085" lon="-116.78537000482478">
    <ele>578.9000000000001</ele>
   </trkpt>
   <trkpt lat="49.62192" lon="-116.78580000000001">
    <ele>583.35</ele>
   </trkpt>
   <trkpt lat="49.621750000000006" lon="-116.78588">
    <ele>585.71</ele>
   </trkpt>
   <trkpt lat="49.62172" lon="-116.78574">
    <ele>586.01</ele>
   </trkpt>
   <trkpt lat="49.621900000000004" lon="-116.78561">
    <ele>586.75</ele>
   </trkpt>
   <trkpt lat="49.62225" lon="-116.78502">
    <ele>589.48</ele>
   </trkpt>
   <trkpt lat="49.622580000000006" lon="-116.78426">
    <ele>592.99</ele>
   </trkpt>
   <trkpt lat="49.62256500497891" lon="-116.78318499981526">
    <ele>600.7800000000001</ele>
   </trkpt>
   <trkpt lat="49.622550000000004" lon="-116.78211">
    <ele>612.94</ele>
   </trkpt>
   <trkpt lat="49.62267000000001" lon="-116.78171">
    <ele>617.02</ele>
   </trkpt>
   <trkpt lat="49.62266" lon="-116.78162">
    <ele>617.02</ele>
   </trkpt>
   <trkpt lat="49.622400000000006" lon="-116.78109">
    <ele>624.1000000000001</ele>
   </trkpt>
   <trkpt lat="49.622260000000004" lon="-116.78069">
    <ele>625.8</ele>
   </trkpt>
   <trkpt lat="49.62216" lon="-116.78064">
    <ele>627.73</ele>
   </trkpt>
   <trkpt lat="49.62200000000001" lon="-116.78081000000002">
    <ele>630.5</ele>
   </trkpt>
   <trkpt lat="49.621930000000006" lon="-116.78082">
    <ele>631.6700000000001</ele>
   </trkpt>
   <trkpt lat="49.62189000000001" lon="-116.78081000000002">
    <ele>632.19</ele>
   </trkpt>
   <trkpt lat="49.62187" lon="-116.78069">
    <ele>632.6400000000001</ele>
   </trkpt>
   <trkpt lat="49.621880000000004" lon="-116.78055">
    <ele>634.33</ele>
   </trkpt>
   <trkpt lat="49.62205" lon="-116.7797">
    <ele>640.0400000000001</ele>
   </trkpt>
   <trkpt lat="49.622130000000006" lon="-116.77876">
    <ele>646.0100000000001</ele>
   </trkpt>
   <trkpt lat="49.62228" lon="-116.778">
    <ele>651.5000000000001</ele>
   </trkpt>
   <trkpt lat="49.62234" lon="-116.77737">
    <ele>656.0600000000001</ele>
   </trkpt>
   <trkpt lat="49.62265000000001" lon="-116.77639">
    <ele>661.0100000000001</ele>
   </trkpt>
   <trkpt lat="49.622820011995074" lon="-116.77521000822067">
    <ele>659.6700000000001</ele>
   </trkpt>
   <trkpt lat="49.622990011997096" lon="-116.7740300082068">
    <ele>660.15</ele>
   </trkpt>
   <trkpt lat="49.623160000000006" lon="-116.77285">
    <ele>665.09</ele>
   </trkpt>
   <trkpt lat="49.62317" lon="-116.77250000000001">
    <ele>665.27</ele>
   </trkpt>
  </trkseg>
 </trk>
</gpx>
