<?xml version="1.0" encoding="UTF-8"?>
<gpx creator="StravaGPX" version="1.1" xmlns="http://www.topografix.com/GPX/1/1" xmlns:xsi="http://www.w3.org/2001/XMLSchema-instance" xsi:schemaLocation="http://www.topografix.com/GPX/1/1 http://www.topografix.com/GPX/1/1/gpx.xsd">
 <metadata>
  <name>Day 5 - Gray Creek &gt; Cranbrook</name>
  <author>
   <name>Stephan Becker</name>
   <link href="https://www.strava.com/athletes/349770"/>
  </author>
  <copyright author="OpenStreetMap contributors">
   <year>2020</year>
   <license>https://www.openstreetmap.org/copyright</license>
  </copyright>
  <link href="https://www.strava.com/routes/3494170434273912656"/>
 </metadata>
 <wpt lat="49.61539" lon="-116.59556">
  <name>water</name>
  <desc></desc>
  <sym>Water Source</sym>
  <type>Water Source</type>
 </wpt>
 <wpt lat="49.61026" lon="-116.57286">
  <name>water</name>
  <desc></desc>
  <sym>Water Source</sym>
  <type>Water Source</type>
 </wpt>
 <wpt lat="49.65189" lon="-116.32909">
  <name>water</name>
  <desc></desc>
  <sym>Water Source</sym>
  <type>Water Source</type>
 </wpt>
 <trk>
  <name>Day 5 - Gray Creek &gt; Cranbrook</name>
  <link href="https://www.strava.com/routes/3494170434273912656"/>
  <type>cycling</type>
  <trkseg>
   <trkpt lat="49.62313" lon="-116.77306000000002">
    <ele>663.64</ele>
   </trkpt>
   <trkpt lat="49.623160000000006" lon="-116.77285">
    <ele>664.1600000000001</ele>
   </trkpt>
   <trkpt lat="49.62321000000001" lon="-116.77172000000002">
    <ele>668.32</ele>
   </trkpt>
   <trkpt lat="49.62319" lon="-116.77074">
    <ele>676.07</ele>
   </trkpt>
   <trkpt lat="49.62334000652055" lon="-116.76951000374528">
    <ele>686.69</ele>
   </trkpt>
   <trkpt lat="49.623490000000004" lon="-116.76828">
    <ele>700.55</ele>
   </trkpt>
   <trkpt lat="49.62382000374539" lon="-116.76734000653758">
    <ele>709.64</ele>
   </trkpt>
   <trkpt lat="49.62415000000001" lon="-116.7664">
    <ele>714.44</ele>
   </trkpt>
   <trkpt lat="49.62437500429954" lon="-116.76540000464965">
    <ele>719.48</ele>
   </trkpt>
   <trkpt lat="49.6246" lon="-116.76440000000001">
    <ele>723.5</ele>
   </trkpt>
   <trkpt lat="49.62460000417836" lon="-116.76341499974396">
    <ele>725.6600000000001</ele>
   </trkpt>
   <trkpt lat="49.6246" lon="-116.76243000000001">
    <ele>728.59</ele>
   </trkpt>
   <trkpt lat="49.62480751799858" lon="-116.76125001502497">
    <ele>737.99</ele>
   </trkpt>
   <trkpt lat="49.62501502400438" lon="-116.76007001999805">
    <ele>745.24</ele>
   </trkpt>
   <trkpt lat="49.625222518017196" lon="-116.7588900149197">
    <ele>753.77</ele>
   </trkpt>
   <trkpt lat="49.62543" lon="-116.75771">
    <ele>761.7</ele>
   </trkpt>
   <trkpt lat="49.62546000749969" lon="-116.75639000099271">
    <ele>771.23</ele>
   </trkpt>
   <trkpt lat="49.625490000000006" lon="-116.75507">
    <ele>780.88</ele>
   </trkpt>
   <trkpt lat="49.62540500209334" lon="-116.75437499889492">
    <ele>784.7</ele>
   </trkpt>
   <trkpt lat="49.62532" lon="-116.75368">
    <ele>791.46</ele>
   </trkpt>
   <trkpt lat="49.62512500339834" lon="-116.75278499618207">
    <ele>801.54</ele>
   </trkpt>
   <trkpt lat="49.624930000000006" lon="-116.75189">
    <ele>808.4000000000001</ele>
   </trkpt>
   <trkpt lat="49.62493002285377" lon="-116.75055999995026">
    <ele>815.8700000000001</ele>
   </trkpt>
   <trkpt lat="49.62493003047168" lon="-116.74922999989963">
    <ele>825.3800000000001</ele>
   </trkpt>
   <trkpt lat="49.62493002285377" lon="-116.74789999984903">
    <ele>833.28</ele>
   </trkpt>
   <trkpt lat="49.624930000000006" lon="-116.74657">
    <ele>841.6500000000001</ele>
   </trkpt>
   <trkpt lat="49.624893340675925" lon="-116.74564666526373">
    <ele>847.96</ele>
   </trkpt>
   <trkpt lat="49.62485667400873" lon="-116.7447233319171">
    <ele>855.6600000000001</ele>
   </trkpt>
   <trkpt lat="49.62482000000001" lon="-116.74380000000001">
    <ele>864.1700000000001</ele>
   </trkpt>
   <trkpt lat="49.62482000756075" lon="-116.7424749998943">
    <ele>871.89</ele>
   </trkpt>
   <trkpt lat="49.62482000000001" lon="-116.74115">
    <ele>884.6</ele>
   </trkpt>
   <trkpt lat="49.624786674990986" lon="-116.74016666519857">
    <ele>891.02</ele>
   </trkpt>
   <trkpt lat="49.62475334165349" lon="-116.73918333174252">
    <ele>897.57</ele>
   </trkpt>
   <trkpt lat="49.62472" lon="-116.7382">
    <ele>904.7400000000001</ele>
   </trkpt>
   <trkpt lat="49.624770002143386" lon="-116.73750000025429">
    <ele>910.27</ele>
   </trkpt>
   <trkpt lat="49.62482000000001" lon="-116.73680000000002">
    <ele>917.8600000000001</ele>
   </trkpt>
   <trkpt lat="49.62460000157587" lon="-116.73617999697605">
    <ele>921.71</ele>
   </trkpt>
   <trkpt lat="49.62438" lon="-116.73556">
    <ele>926.58</ele>
   </trkpt>
   <trkpt lat="49.624340000000004" lon="-116.73537">
    <ele>927.5500000000001</ele>
   </trkpt>
   <trkpt lat="49.624320000000004" lon="-116.73515">
    <ele>930.1300000000001</ele>
   </trkpt>
   <trkpt lat="49.62442" lon="-116.73440000000001">
    <ele>934.4000000000001</ele>
   </trkpt>
   <trkpt lat="49.624430000000004" lon="-116.73349">
    <ele>943.6800000000001</ele>
   </trkpt>
   <trkpt lat="49.62425334020318" lon="-116.73259666016841">
    <ele>948.4800000000001</ele>
   </trkpt>
   <trkpt lat="49.6240766735326" lon="-116.73170332681534">
    <ele>958.74</ele>
   </trkpt>
   <trkpt lat="49.623900000000006" lon="-116.73081">
    <ele>966.95</ele>
   </trkpt>
   <trkpt lat="49.6236625122842" lon="-116.72983498575083">
    <ele>977.1200000000001</ele>
   </trkpt>
   <trkpt lat="49.623425016380274" lon="-116.72885998100692">
    <ele>988.08</ele>
   </trkpt>
   <trkpt lat="49.62318751228837" lon="-116.72788498576844">
    <ele>995.86</ele>
   </trkpt>
   <trkpt lat="49.62295" lon="-116.72691">
    <ele>1006.91</ele>
   </trkpt>
   <trkpt lat="49.622870000000006" lon="-116.72629">
    <ele>1011.39</ele>
   </trkpt>
   <trkpt lat="49.6231150016656" lon="-116.72566000328034">
    <ele>1018.6500000000001</ele>
   </trkpt>
   <trkpt lat="49.623360000000005" lon="-116.72503">
    <ele>1023.86</ele>
   </trkpt>
   <trkpt lat="49.623395003291925" lon="-116.7241550007622">
    <ele>1035.01</ele>
   </trkpt>
   <trkpt lat="49.623430000000006" lon="-116.72328">
    <ele>1043.14</ele>
   </trkpt>
   <trkpt lat="49.62321000212479" lon="-116.7225899971177">
    <ele>1050.3200000000002</ele>
   </trkpt>
   <trkpt lat="49.62299" lon="-116.7219">
    <ele>1057.73</ele>
   </trkpt>
   <trkpt lat="49.62256333918885" lon="-116.72107665227932">
    <ele>1067.53</ele>
   </trkpt>
   <trkpt lat="49.62213667253882" lon="-116.72025331897832">
    <ele>1076.94</ele>
   </trkpt>
   <trkpt lat="49.62171000000001" lon="-116.71943">
    <ele>1085.91</ele>
   </trkpt>
   <trkpt lat="49.62150000200376" lon="-116.7187599973373">
    <ele>1092.1000000000001</ele>
   </trkpt>
   <trkpt lat="49.62129" lon="-116.71809">
    <ele>1100.42</ele>
   </trkpt>
   <trkpt lat="49.62087500085108" lon="-116.71766499645523">
    <ele>1107.15</ele>
   </trkpt>
   <trkpt lat="49.62046" lon="-116.71724">
    <ele>1112.64</ele>
   </trkpt>
   <trkpt lat="49.62023000184088" lon="-116.7165899969921">
    <ele>1119.3300000000002</ele>
   </trkpt>
   <trkpt lat="49.620000000000005" lon="-116.71594">
    <ele>1124.0100000000002</ele>
   </trkpt>
   <trkpt lat="49.619460000000004" lon="-116.71503000000001">
    <ele>1131.2600000000002</ele>
   </trkpt>
   <trkpt lat="49.61910500211158" lon="-116.7143199947087">
    <ele>1136.6900000000003</ele>
   </trkpt>
   <trkpt lat="49.618750000000006" lon="-116.71361">
    <ele>1145.2</ele>
   </trkpt>
   <trkpt lat="49.61850500151504" lon="-116.71300999689676">
    <ele>1148.94</ele>
   </trkpt>
   <trkpt lat="49.61826000000001" lon="-116.71241">
    <ele>1155.1200000000001</ele>
   </trkpt>
   <trkpt lat="49.61802" lon="-116.71134">
    <ele>1161.23</ele>
   </trkpt>
   <trkpt lat="49.6176" lon="-116.71045000000001">
    <ele>1170.26</ele>
   </trkpt>
   <trkpt lat="49.61713" lon="-116.71008">
    <ele>1175.7000000000003</ele>
   </trkpt>
   <trkpt lat="49.617090000000005" lon="-116.70989000000002">
    <ele>1176.8</ele>
   </trkpt>
   <trkpt lat="49.617250000000006" lon="-116.70968">
    <ele>1177.99</ele>
   </trkpt>
   <trkpt lat="49.617810000000006" lon="-116.71035">
    <ele>1180.44</ele>
   </trkpt>
   <trkpt lat="49.618430000000004" lon="-116.7112">
    <ele>1185.7300000000002</ele>
   </trkpt>
   <trkpt lat="49.61921" lon="-116.71173">
    <ele>1188.59</ele>
   </trkpt>
   <trkpt lat="49.61936000000001" lon="-116.71188000000001">
    <ele>1189.39</ele>
   </trkpt>
   <trkpt lat="49.619600000000005" lon="-116.71240000000002">
    <ele>1193.4900000000002</ele>
   </trkpt>
   <trkpt lat="49.61968" lon="-116.71241">
    <ele>1193.4900000000002</ele>
   </trkpt>
   <trkpt lat="49.61972" lon="-116.71236">
    <ele>1193.4900000000002</ele>
   </trkpt>
   <trkpt lat="49.619730000000004" lon="-116.71227">
    <ele>1193.4900000000002</ele>
   </trkpt>
   <trkpt lat="49.61972" lon="-116.71214">
    <ele>1195.41</ele>
   </trkpt>
   <trkpt lat="49.61943" lon="-116.71143000000001">
    <ele>1200.08</ele>
   </trkpt>
   <trkpt lat="49.618900000000004" lon="-116.71083000000002">
    <ele>1209.5800000000002</ele>
   </trkpt>
   <trkpt lat="49.618480000794676" lon="-116.71038499610303">
    <ele>1213.26</ele>
   </trkpt>
   <trkpt lat="49.61806000000001" lon="-116.70994">
    <ele>1214.2700000000002</ele>
   </trkpt>
   <trkpt lat="49.61753" lon="-116.70884000000001">
    <ele>1214.0000000000002</ele>
   </trkpt>
   <trkpt lat="49.616960000000006" lon="-116.70797">
    <ele>1216.3700000000001</ele>
   </trkpt>
   <trkpt lat="49.61656000000001" lon="-116.7073">
    <ele>1220.01</ele>
   </trkpt>
   <trkpt lat="49.616150000000005" lon="-116.7065">
    <ele>1222.49</ele>
   </trkpt>
   <trkpt lat="49.6159" lon="-116.70556">
    <ele>1225.8500000000001</ele>
   </trkpt>
   <trkpt lat="49.615750000000006" lon="-116.70542">
    <ele>1226.7</ele>
   </trkpt>
   <trkpt lat="49.615570000000005" lon="-116.70538">
    <ele>1228.25</ele>
   </trkpt>
   <trkpt lat="49.61549" lon="-116.70547">
    <ele>1228.39</ele>
   </trkpt>
   <trkpt lat="49.615410000000004" lon="-116.70556">
    <ele>1228.6000000000001</ele>
   </trkpt>
   <trkpt lat="49.61531" lon="-116.70667">
    <ele>1228.4400000000003</ele>
   </trkpt>
   <trkpt lat="49.61519000217863" lon="-116.70739000209699">
    <ele>1229.13</ele>
   </trkpt>
   <trkpt lat="49.61507" lon="-116.70811">
    <ele>1232.15</ele>
   </trkpt>
   <trkpt lat="49.614940000000004" lon="-116.70874">
    <ele>1235.41</ele>
   </trkpt>
   <trkpt lat="49.614250000000006" lon="-116.70928">
    <ele>1244.34</ele>
   </trkpt>
   <trkpt lat="49.613800000000005" lon="-116.70954">
    <ele>1250.19</ele>
   </trkpt>
   <trkpt lat="49.61319500064144" lon="-116.70994500507074">
    <ele>1253.5900000000001</ele>
   </trkpt>
   <trkpt lat="49.612590000000004" lon="-116.71035">
    <ele>1257.12</ele>
   </trkpt>
   <trkpt lat="49.612140000000004" lon="-116.71085000000001">
    <ele>1259.66</ele>
   </trkpt>
   <trkpt lat="49.61196" lon="-116.71124">
    <ele>1261.5400000000002</ele>
   </trkpt>
   <trkpt lat="49.611230000000006" lon="-116.71178">
    <ele>1267.92</ele>
   </trkpt>
   <trkpt lat="49.611160000000005" lon="-116.71192">
    <ele>1268.45</ele>
   </trkpt>
   <trkpt lat="49.61117" lon="-116.71206000000001">
    <ele>1269.26</ele>
   </trkpt>
   <trkpt lat="49.61149" lon="-116.71219">
    <ele>1270.97</ele>
   </trkpt>
   <trkpt lat="49.612100000000005" lon="-116.71237">
    <ele>1277.02</ele>
   </trkpt>
   <trkpt lat="49.612660000000005" lon="-116.71236">
    <ele>1280.99</ele>
   </trkpt>
   <trkpt lat="49.613220000000005" lon="-116.71224000000001">
    <ele>1284.19</ele>
   </trkpt>
   <trkpt lat="49.61394000000001" lon="-116.71223">
    <ele>1287.3700000000001</ele>
   </trkpt>
   <trkpt lat="49.614720000000005" lon="-116.71255000000001">
    <ele>1295.92</ele>
   </trkpt>
   <trkpt lat="49.61477000000001" lon="-116.71263">
    <ele>1295.92</ele>
   </trkpt>
   <trkpt lat="49.61478" lon="-116.71272">
    <ele>1298.2300000000002</ele>
   </trkpt>
   <trkpt lat="49.61475" lon="-116.71278000000001">
    <ele>1298.2300000000002</ele>
   </trkpt>
   <trkpt lat="49.61471" lon="-116.71282000000001">
    <ele>1298.7700000000002</ele>
   </trkpt>
   <trkpt lat="49.614200000000004" lon="-116.71273000000001">
    <ele>1303.14</ele>
   </trkpt>
   <trkpt lat="49.61374000000001" lon="-116.7129">
    <ele>1308.18</ele>
   </trkpt>
   <trkpt lat="49.61321" lon="-116.71312">
    <ele>1314.72</ele>
   </trkpt>
   <trkpt lat="49.6124800002452" lon="-116.71336500367387">
    <ele>1321.3100000000002</ele>
   </trkpt>
   <trkpt lat="49.61175" lon="-116.71361">
    <ele>1326.14</ele>
   </trkpt>
   <trkpt lat="49.611140000000006" lon="-116.71376000000001">
    <ele>1331.5700000000002</ele>
   </trkpt>
   <trkpt lat="49.610530000000004" lon="-116.71393">
    <ele>1339.25</ele>
   </trkpt>
   <trkpt lat="49.61005500027573" lon="-116.71411000170242">
    <ele>1345.39</ele>
   </trkpt>
   <trkpt lat="49.60958" lon="-116.71429">
    <ele>1351.32</ele>
   </trkpt>
   <trkpt lat="49.60877000025813" lon="-116.71453000398493">
    <ele>1360.39</ele>
   </trkpt>
   <trkpt lat="49.607960000000006" lon="-116.71477000000002">
    <ele>1368.81</ele>
   </trkpt>
   <trkpt lat="49.60727000000001" lon="-116.71469">
    <ele>1381.88</ele>
   </trkpt>
   <trkpt lat="49.606680000000004" lon="-116.71478">
    <ele>1385.3000000000002</ele>
   </trkpt>
   <trkpt lat="49.60610000003016" lon="-116.71475499970373">
    <ele>1390.41</ele>
   </trkpt>
   <trkpt lat="49.605520000000006" lon="-116.71473">
    <ele>1395.3000000000002</ele>
   </trkpt>
   <trkpt lat="49.604890000000005" lon="-116.7146">
    <ele>1402.8600000000001</ele>
   </trkpt>
   <trkpt lat="49.604580000000006" lon="-116.71433">
    <ele>1406.88</ele>
   </trkpt>
   <trkpt lat="49.60387" lon="-116.71410000000002">
    <ele>1413.89</ele>
   </trkpt>
   <trkpt lat="49.60349" lon="-116.71442">
    <ele>1420.2400000000002</ele>
   </trkpt>
   <trkpt lat="49.603320000000004" lon="-116.71446">
    <ele>1422.3400000000001</ele>
   </trkpt>
   <trkpt lat="49.60315000000001" lon="-116.71438">
    <ele>1425.0900000000001</ele>
   </trkpt>
   <trkpt lat="49.60296" lon="-116.71411">
    <ele>1426.68</ele>
   </trkpt>
   <trkpt lat="49.60271" lon="-116.71383000000002">
    <ele>1430.05</ele>
   </trkpt>
   <trkpt lat="49.60230000000001" lon="-116.71361">
    <ele>1434.41</ele>
   </trkpt>
   <trkpt lat="49.60164" lon="-116.71339">
    <ele>1440.56</ele>
   </trkpt>
   <trkpt lat="49.60085" lon="-116.71326">
    <ele>1444.41</ele>
   </trkpt>
   <trkpt lat="49.600150000000006" lon="-116.71289000000002">
    <ele>1450.0000000000002</ele>
   </trkpt>
   <trkpt lat="49.59982" lon="-116.71267">
    <ele>1451.72</ele>
   </trkpt>
   <trkpt lat="49.59967" lon="-116.71251000000001">
    <ele>1452.2100000000003</ele>
   </trkpt>
   <trkpt lat="49.59958" lon="-116.71236">
    <ele>1452.6100000000001</ele>
   </trkpt>
   <trkpt lat="49.59955" lon="-116.71219">
    <ele>1452.88</ele>
   </trkpt>
   <trkpt lat="49.599540000000005" lon="-116.71191">
    <ele>1454.01</ele>
   </trkpt>
   <trkpt lat="49.59958" lon="-116.71179000000001">
    <ele>1455.2900000000002</ele>
   </trkpt>
   <trkpt lat="49.59964" lon="-116.71173">
    <ele>1455.68</ele>
   </trkpt>
   <trkpt lat="49.599920000000004" lon="-116.71164">
    <ele>1457.3500000000001</ele>
   </trkpt>
   <trkpt lat="49.60078000000001" lon="-116.71147">
    <ele>1459.0</ele>
   </trkpt>
   <trkpt lat="49.601200000000006" lon="-116.71164">
    <ele>1458.96</ele>
   </trkpt>
   <trkpt lat="49.60165000000001" lon="-116.71188000000001">
    <ele>1459.6</ele>
   </trkpt>
   <trkpt lat="49.60219499995225" lon="-116.71176000136545">
    <ele>1461.45</ele>
   </trkpt>
   <trkpt lat="49.602740000000004" lon="-116.71164">
    <ele>1462.3400000000001</ele>
   </trkpt>
   <trkpt lat="49.603410000000004" lon="-116.71138">
    <ele>1463.8200000000002</ele>
   </trkpt>
   <trkpt lat="49.604060000000004" lon="-116.71106">
    <ele>1465.65</ele>
   </trkpt>
   <trkpt lat="49.60454000000001" lon="-116.71079">
    <ele>1470.1000000000001</ele>
   </trkpt>
   <trkpt lat="49.60522" lon="-116.71057">
    <ele>1475.5900000000001</ele>
   </trkpt>
   <trkpt lat="49.605520000000006" lon="-116.71021">
    <ele>1480.0700000000002</ele>
   </trkpt>
   <trkpt lat="49.60575000000001" lon="-116.70976">
    <ele>1486.9800000000002</ele>
   </trkpt>
   <trkpt lat="49.60577000000001" lon="-116.70964000000001">
    <ele>1488.0900000000001</ele>
   </trkpt>
   <trkpt lat="49.60575000000001" lon="-116.70954">
    <ele>1488.0900000000001</ele>
   </trkpt>
   <trkpt lat="49.605700000000006" lon="-116.70942000000001">
    <ele>1491.24</ele>
   </trkpt>
   <trkpt lat="49.605610000000006" lon="-116.70937">
    <ele>1491.24</ele>
   </trkpt>
   <trkpt lat="49.60553" lon="-116.70945">
    <ele>1491.24</ele>
   </trkpt>
   <trkpt lat="49.605450000000005" lon="-116.70963">
    <ele>1494.0900000000001</ele>
   </trkpt>
   <trkpt lat="49.605340000000005" lon="-116.70976">
    <ele>1495.5900000000001</ele>
   </trkpt>
   <trkpt lat="49.605180000000004" lon="-116.70981">
    <ele>1495.5900000000001</ele>
   </trkpt>
   <trkpt lat="49.604414999997275" lon="-116.70971999858342">
    <ele>1506.42</ele>
   </trkpt>
   <trkpt lat="49.60365" lon="-116.70963">
    <ele>1516.3200000000002</ele>
   </trkpt>
   <trkpt lat="49.60327" lon="-116.70937">
    <ele>1520.2900000000002</ele>
   </trkpt>
   <trkpt lat="49.602520000000005" lon="-116.70929000000001">
    <ele>1528.0</ele>
   </trkpt>
   <trkpt lat="49.602160000000005" lon="-116.7091">
    <ele>1532.19</ele>
   </trkpt>
   <trkpt lat="49.60154000000001" lon="-116.70865">
    <ele>1539.29</ele>
   </trkpt>
   <trkpt lat="49.60071000000001" lon="-116.70847">
    <ele>1548.0</ele>
   </trkpt>
   <trkpt lat="49.600150000297766" lon="-116.70860000144073">
    <ele>1548.43</ele>
   </trkpt>
   <trkpt lat="49.599590000000006" lon="-116.70873">
    <ele>1548.54</ele>
   </trkpt>
   <trkpt lat="49.59906500014794" lon="-116.70861999883581">
    <ele>1549.3400000000001</ele>
   </trkpt>
   <trkpt lat="49.59854000000001" lon="-116.70851">
    <ele>1550.8000000000002</ele>
   </trkpt>
   <trkpt lat="49.59794" lon="-116.70847">
    <ele>1556.5700000000002</ele>
   </trkpt>
   <trkpt lat="49.59730499998062" lon="-116.708264997266">
    <ele>1564.8200000000002</ele>
   </trkpt>
   <trkpt lat="49.59667" lon="-116.70806">
    <ele>1570.14</ele>
   </trkpt>
   <trkpt lat="49.59601000005901" lon="-116.70801499939446">
    <ele>1579.39</ele>
   </trkpt>
   <trkpt lat="49.59535" lon="-116.70797">
    <ele>1589.3300000000002</ele>
   </trkpt>
   <trkpt lat="49.594855000106975" lon="-116.70813000162495">
    <ele>1596.75</ele>
   </trkpt>
   <trkpt lat="49.59436" lon="-116.70829">
    <ele>1603.97</ele>
   </trkpt>
   <trkpt lat="49.59363000013344" lon="-116.70842000193493">
    <ele>1613.82</ele>
   </trkpt>
   <trkpt lat="49.59290000000001" lon="-116.70855">
    <ele>1627.1200000000001</ele>
   </trkpt>
   <trkpt lat="49.5923" lon="-116.70843">
    <ele>1636.0</ele>
   </trkpt>
   <trkpt lat="49.591700000075654" lon="-116.70833499883726">
    <ele>1648.2200000000003</ele>
   </trkpt>
   <trkpt lat="49.591100000000004" lon="-116.70824">
    <ele>1653.04</ele>
   </trkpt>
   <trkpt lat="49.59066000000001" lon="-116.70775">
    <ele>1655.99</ele>
   </trkpt>
   <trkpt lat="49.59009500005349" lon="-116.7077249997127">
    <ele>1659.6200000000001</ele>
   </trkpt>
   <trkpt lat="49.58953" lon="-116.7077">
    <ele>1667.44</ele>
   </trkpt>
   <trkpt lat="49.58881" lon="-116.70753">
    <ele>1677.93</ele>
   </trkpt>
   <trkpt lat="49.588440000000006" lon="-116.7073">
    <ele>1681.3000000000002</ele>
   </trkpt>
   <trkpt lat="49.58794" lon="-116.70672">
    <ele>1688.2700000000002</ele>
   </trkpt>
   <trkpt lat="49.58738" lon="-116.70569">
    <ele>1699.7600000000002</ele>
   </trkpt>
   <trkpt lat="49.58668" lon="-116.70497">
    <ele>1706.68</ele>
   </trkpt>
   <trkpt lat="49.585950000000004" lon="-116.70457">
    <ele>1713.0</ele>
   </trkpt>
   <trkpt lat="49.586110000000005" lon="-116.70434000000002">
    <ele>1713.0</ele>
   </trkpt>
   <trkpt lat="49.586720000066904" lon="-116.70441499906748">
    <ele>1717.8300000000002</ele>
   </trkpt>
   <trkpt lat="49.58733" lon="-116.70449">
    <ele>1722.0000000000002</ele>
   </trkpt>
   <trkpt lat="49.58796" lon="-116.70435">
    <ele>1730.5400000000002</ele>
   </trkpt>
   <trkpt lat="49.58852" lon="-116.70412">
    <ele>1736.93</ele>
   </trkpt>
   <trkpt lat="49.588985000028934" lon="-116.7040550006181">
    <ele>1742.1200000000001</ele>
   </trkpt>
   <trkpt lat="49.58945000000001" lon="-116.70399">
    <ele>1747.78</ele>
   </trkpt>
   <trkpt lat="49.59026" lon="-116.70403">
    <ele>1757.89</ele>
   </trkpt>
   <trkpt lat="49.59105" lon="-116.70394">
    <ele>1766.0900000000001</ele>
   </trkpt>
   <trkpt lat="49.5919" lon="-116.70421">
    <ele>1775.3400000000001</ele>
   </trkpt>
   <trkpt lat="49.59198000000001" lon="-116.70417">
    <ele>1775.3400000000001</ele>
   </trkpt>
   <trkpt lat="49.592020000000005" lon="-116.70407000000002">
    <ele>1779.03</ele>
   </trkpt>
   <trkpt lat="49.59201" lon="-116.7039">
    <ele>1779.03</ele>
   </trkpt>
   <trkpt lat="49.591930000000005" lon="-116.70381">
    <ele>1780.13</ele>
   </trkpt>
   <trkpt lat="49.59141000013165" lon="-116.70358499756396">
    <ele>1787.8600000000001</ele>
   </trkpt>
   <trkpt lat="49.59089" lon="-116.70336">
    <ele>1793.6100000000001</ele>
   </trkpt>
   <trkpt lat="49.590500000000006" lon="-116.703">
    <ele>1797.46</ele>
   </trkpt>
   <trkpt lat="49.58973" lon="-116.70266000000001">
    <ele>1803.49</ele>
   </trkpt>
   <trkpt lat="49.588890000000006" lon="-116.70219000000002">
    <ele>1814.19</ele>
   </trkpt>
   <trkpt lat="49.588280000000005" lon="-116.70149">
    <ele>1820.6200000000001</ele>
   </trkpt>
   <trkpt lat="49.587720000000004" lon="-116.70063">
    <ele>1827.7</ele>
   </trkpt>
   <trkpt lat="49.587250000000004" lon="-116.69974">
    <ele>1837.0100000000002</ele>
   </trkpt>
   <trkpt lat="49.586960000000005" lon="-116.69897">
    <ele>1844.0800000000002</ele>
   </trkpt>
   <trkpt lat="49.58681000000001" lon="-116.69866">
    <ele>1846.15</ele>
   </trkpt>
   <trkpt lat="49.58670000000001" lon="-116.69848">
    <ele>1848.3300000000002</ele>
   </trkpt>
   <trkpt lat="49.58666" lon="-116.69835">
    <ele>1849.2100000000003</ele>
   </trkpt>
   <trkpt lat="49.58668" lon="-116.69826">
    <ele>1849.56</ele>
   </trkpt>
   <trkpt lat="49.58677" lon="-116.69821">
    <ele>1850.3200000000002</ele>
   </trkpt>
   <trkpt lat="49.586850000000005" lon="-116.69821">
    <ele>1850.3200000000002</ele>
   </trkpt>
   <trkpt lat="49.586960000000005" lon="-116.69826">
    <ele>1851.0900000000001</ele>
   </trkpt>
   <trkpt lat="49.587500000000006" lon="-116.69884">
    <ele>1854.6100000000001</ele>
   </trkpt>
   <trkpt lat="49.58794" lon="-116.69934">
    <ele>1858.99</ele>
   </trkpt>
   <trkpt lat="49.58831000000001" lon="-116.69965">
    <ele>1861.8500000000001</ele>
   </trkpt>
   <trkpt lat="49.588820000000005" lon="-116.70032">
    <ele>1868.17</ele>
   </trkpt>
   <trkpt lat="49.58887000000001" lon="-116.70032">
    <ele>1869.0900000000001</ele>
   </trkpt>
   <trkpt lat="49.58892" lon="-116.70027">
    <ele>1869.5100000000002</ele>
   </trkpt>
   <trkpt lat="49.588930000000005" lon="-116.70018">
    <ele>1869.5100000000002</ele>
   </trkpt>
   <trkpt lat="49.588910000000006" lon="-116.70005">
    <ele>1871.46</ele>
   </trkpt>
   <trkpt lat="49.58854000271563" lon="-116.69926499417593">
    <ele>1876.27</ele>
   </trkpt>
   <trkpt lat="49.588170000000005" lon="-116.69848">
    <ele>1881.3400000000001</ele>
   </trkpt>
   <trkpt lat="49.587975001710284" lon="-116.69784999748381">
    <ele>1888.0800000000002</ele>
   </trkpt>
   <trkpt lat="49.58778" lon="-116.69722000000002">
    <ele>1892.1000000000001</ele>
   </trkpt>
   <trkpt lat="49.587566678245786" lon="-116.69605998978263">
    <ele>1903.0500000000002</ele>
   </trkpt>
   <trkpt lat="49.587353344899135" lon="-116.69489998971041">
    <ele>1911.39</ele>
   </trkpt>
   <trkpt lat="49.587140000000005" lon="-116.69374">
    <ele>1921.5400000000002</ele>
   </trkpt>
   <trkpt lat="49.586580000000005" lon="-116.69275">
    <ele>1931.5900000000001</ele>
   </trkpt>
   <trkpt lat="49.58616000000001" lon="-116.69181">
    <ele>1938.47</ele>
   </trkpt>
   <trkpt lat="49.58561" lon="-116.69127">
    <ele>1944.14</ele>
   </trkpt>
   <trkpt lat="49.584950000000006" lon="-116.69087">
    <ele>1950.49</ele>
   </trkpt>
   <trkpt lat="49.58453" lon="-116.69051">
    <ele>1952.5800000000002</ele>
   </trkpt>
   <trkpt lat="49.58465" lon="-116.69006">
    <ele>1956.0400000000002</ele>
   </trkpt>
   <trkpt lat="49.585080000000005" lon="-116.69011">
    <ele>1960.73</ele>
   </trkpt>
   <trkpt lat="49.5857" lon="-116.69065">
    <ele>1968.73</ele>
   </trkpt>
   <trkpt lat="49.58599" lon="-116.69038">
    <ele>1970.94</ele>
   </trkpt>
   <trkpt lat="49.58588500195776" lon="-116.68970499851604">
    <ele>1974.8400000000001</ele>
   </trkpt>
   <trkpt lat="49.58578000000001" lon="-116.68903">
    <ele>1978.97</ele>
   </trkpt>
   <trkpt lat="49.585580002227566" lon="-116.68831499715986">
    <ele>1985.5800000000002</ele>
   </trkpt>
   <trkpt lat="49.58538" lon="-116.6876">
    <ele>1989.98</ele>
   </trkpt>
   <trkpt lat="49.58520000358991" lon="-116.6866849965404">
    <ele>1992.8200000000002</ele>
   </trkpt>
   <trkpt lat="49.58502000000001" lon="-116.68577">
    <ele>1994.8100000000002</ele>
   </trkpt>
   <trkpt lat="49.58500500265273" lon="-116.68498499966927">
    <ele>1995.98</ele>
   </trkpt>
   <trkpt lat="49.584990000000005" lon="-116.6842">
    <ele>1998.3400000000001</ele>
   </trkpt>
   <trkpt lat="49.58504000470637" lon="-116.68315500102045">
    <ele>2006.78</ele>
   </trkpt>
   <trkpt lat="49.58509" lon="-116.68211000000001">
    <ele>2015.89</ele>
   </trkpt>
   <trkpt lat="49.584850002532015" lon="-116.68133999614187">
    <ele>2021.45</ele>
   </trkpt>
   <trkpt lat="49.584610000000005" lon="-116.68057">
    <ele>2027.3500000000001</ele>
   </trkpt>
   <trkpt lat="49.58395" lon="-116.67995">
    <ele>2033.5200000000002</ele>
   </trkpt>
   <trkpt lat="49.58358334139453" lon="-116.67898331883256">
    <ele>2042.1</ele>
   </trkpt>
   <trkpt lat="49.58321667473851" lon="-116.67801665219422">
    <ele>2046.8600000000001</ele>
   </trkpt>
   <trkpt lat="49.58285" lon="-116.67705000000001">
    <ele>2053.44</ele>
   </trkpt>
   <trkpt lat="49.58232" lon="-116.6761">
    <ele>2059.03</ele>
   </trkpt>
   <trkpt lat="49.58178500016815" lon="-116.67594499831922">
    <ele>2065.0600000000004</ele>
   </trkpt>
   <trkpt lat="49.581250000000004" lon="-116.67579">
    <ele>2068.48</ele>
   </trkpt>
   <trkpt lat="49.58104" lon="-116.67574">
    <ele>2068.23</ele>
   </trkpt>
   <trkpt lat="49.58037000002207" lon="-116.67585500158503">
    <ele>2062.64</ele>
   </trkpt>
   <trkpt lat="49.5797" lon="-116.67597">
    <ele>2054.4900000000002</ele>
   </trkpt>
   <trkpt lat="49.57928500068068" lon="-116.676390003652">
    <ele>2050.9000000000005</ele>
   </trkpt>
   <trkpt lat="49.57887" lon="-116.67681">
    <ele>2048.19</ele>
   </trkpt>
   <trkpt lat="49.57838500103285" lon="-116.67725000419253">
    <ele>2046.9000000000003</ele>
   </trkpt>
   <trkpt lat="49.57790000000001" lon="-116.67769000000001">
    <ele>2046.5300000000002</ele>
   </trkpt>
   <trkpt lat="49.577360000000006" lon="-116.67798">
    <ele>2044.7800000000002</ele>
   </trkpt>
   <trkpt lat="49.57708" lon="-116.67808000000001">
    <ele>2044.07</ele>
   </trkpt>
   <trkpt lat="49.57676000000001" lon="-116.67811">
    <ele>2042.66</ele>
   </trkpt>
   <trkpt lat="49.57677" lon="-116.67775">
    <ele>2040.6</ele>
   </trkpt>
   <trkpt lat="49.577160000000006" lon="-116.67678000000001">
    <ele>2034.44</ele>
   </trkpt>
   <trkpt lat="49.57757" lon="-116.67659">
    <ele>2029.8500000000001</ele>
   </trkpt>
   <trkpt lat="49.578030000000005" lon="-116.67619">
    <ele>2026.2800000000002</ele>
   </trkpt>
   <trkpt lat="49.578390000000006" lon="-116.67551">
    <ele>2020.9399999999998</ele>
   </trkpt>
   <trkpt lat="49.578920000000004" lon="-116.67489">
    <ele>2018.18</ele>
   </trkpt>
   <trkpt lat="49.57932" lon="-116.67479000000002">
    <ele>2015.2900000000002</ele>
   </trkpt>
   <trkpt lat="49.579350000000005" lon="-116.67454000000001">
    <ele>2013.96</ele>
   </trkpt>
   <trkpt lat="49.579080000000005" lon="-116.67450000000001">
    <ele>2010.8900000000003</ele>
   </trkpt>
   <trkpt lat="49.57847500010214" lon="-116.67465000185834">
    <ele>2004.55</ele>
   </trkpt>
   <trkpt lat="49.577870000000004" lon="-116.6748">
    <ele>1999.4900000000002</ele>
   </trkpt>
   <trkpt lat="49.57706" lon="-116.67516">
    <ele>1991.8500000000001</ele>
   </trkpt>
   <trkpt lat="49.576190000000004" lon="-116.67499000000001">
    <ele>1984.4800000000002</ele>
   </trkpt>
   <trkpt lat="49.575720000000004" lon="-116.67495000000001">
    <ele>1979.8600000000001</ele>
   </trkpt>
   <trkpt lat="49.57526000000001" lon="-116.67493">
    <ele>1976.6100000000001</ele>
   </trkpt>
   <trkpt lat="49.57481500019436" lon="-116.67473499823545">
    <ele>1971.0</ele>
   </trkpt>
   <trkpt lat="49.57437" lon="-116.67454000000001">
    <ele>1969.2300000000002</ele>
   </trkpt>
   <trkpt lat="49.57392" lon="-116.67399">
    <ele>1966.0600000000002</ele>
   </trkpt>
   <trkpt lat="49.573910000000005" lon="-116.67381">
    <ele>1964.2100000000003</ele>
   </trkpt>
   <trkpt lat="49.57403000000001" lon="-116.67377">
    <ele>1964.2100000000003</ele>
   </trkpt>
   <trkpt lat="49.574870000000004" lon="-116.67413">
    <ele>1954.13</ele>
   </trkpt>
   <trkpt lat="49.575450000000004" lon="-116.67376000000002">
    <ele>1950.7900000000002</ele>
   </trkpt>
   <trkpt lat="49.57603" lon="-116.67292">
    <ele>1945.5200000000002</ele>
   </trkpt>
   <trkpt lat="49.57638000000001" lon="-116.67248000000001">
    <ele>1942.2400000000002</ele>
   </trkpt>
   <trkpt lat="49.57683000053425" lon="-116.67211500339776">
    <ele>1938.3000000000002</ele>
   </trkpt>
   <trkpt lat="49.57728" lon="-116.67175">
    <ele>1933.07</ele>
   </trkpt>
   <trkpt lat="49.577760000000005" lon="-116.67104">
    <ele>1929.1100000000001</ele>
   </trkpt>
   <trkpt lat="49.57820500014361" lon="-116.6709050012113">
    <ele>1925.0200000000002</ele>
   </trkpt>
   <trkpt lat="49.57865" lon="-116.67077">
    <ele>1918.7800000000002</ele>
   </trkpt>
   <trkpt lat="49.579260000000005" lon="-116.66992">
    <ele>1914.3700000000001</ele>
   </trkpt>
   <trkpt lat="49.57987000000001" lon="-116.66973000000002">
    <ele>1908.71</ele>
   </trkpt>
   <trkpt lat="49.58043000000001" lon="-116.66924000000002">
    <ele>1902.3</ele>
   </trkpt>
   <trkpt lat="49.58096000225772" lon="-116.66850500807959">
    <ele>1894.45</ele>
   </trkpt>
   <trkpt lat="49.58149" lon="-116.66777">
    <ele>1884.15</ele>
   </trkpt>
   <trkpt lat="49.58229000000001" lon="-116.66742">
    <ele>1872.0500000000002</ele>
   </trkpt>
   <trkpt lat="49.582760000528054" lon="-116.66708500319513">
    <ele>1865.9200000000003</ele>
   </trkpt>
   <trkpt lat="49.58323000000001" lon="-116.66675000000001">
    <ele>1859.1200000000001</ele>
   </trkpt>
   <trkpt lat="49.58367500001212" lon="-116.66664000101314">
    <ele>1852.89</ele>
   </trkpt>
   <trkpt lat="49.584120000000006" lon="-116.66653000000001">
    <ele>1848.71</ele>
   </trkpt>
   <trkpt lat="49.58458000021514" lon="-116.66652999999998">
    <ele>1845.79</ele>
   </trkpt>
   <trkpt lat="49.585040000000006" lon="-116.66653000000001">
    <ele>1842.15</ele>
   </trkpt>
   <trkpt lat="49.58565499991385" lon="-116.66658999923371">
    <ele>1839.22</ele>
   </trkpt>
   <trkpt lat="49.586270000000006" lon="-116.66665">
    <ele>1836.27</ele>
   </trkpt>
   <trkpt lat="49.58675000009267" lon="-116.66647500173615">
    <ele>1831.95</ele>
   </trkpt>
   <trkpt lat="49.587230000000005" lon="-116.6663">
    <ele>1828.3200000000002</ele>
   </trkpt>
   <trkpt lat="49.587230000000005" lon="-116.66631000000001">
    <ele>1828.3600000000001</ele>
   </trkpt>
   <trkpt lat="49.587480000000006" lon="-116.66621">
    <ele>1825.4</ele>
   </trkpt>
   <trkpt lat="49.58816500047941" lon="-116.66584500517558">
    <ele>1818.14</ele>
   </trkpt>
   <trkpt lat="49.58885" lon="-116.66548000000002">
    <ele>1815.66</ele>
   </trkpt>
   <trkpt lat="49.58964999992518" lon="-116.66541500107357">
    <ele>1811.73</ele>
   </trkpt>
   <trkpt lat="49.590450000000004" lon="-116.66535">
    <ele>1810.2900000000002</ele>
   </trkpt>
   <trkpt lat="49.591090000076406" lon="-116.66513500286219">
    <ele>1809.0800000000002</ele>
   </trkpt>
   <trkpt lat="49.591730000000005" lon="-116.66492000000001">
    <ele>1808.0600000000002</ele>
   </trkpt>
   <trkpt lat="49.59244500006347" lon="-116.66477500213105">
    <ele>1807.77</ele>
   </trkpt>
   <trkpt lat="49.593160000000005" lon="-116.66463">
    <ele>1806.64</ele>
   </trkpt>
   <trkpt lat="49.59375000052299" lon="-116.66423000495139">
    <ele>1806.48</ele>
   </trkpt>
   <trkpt lat="49.59434" lon="-116.66383">
    <ele>1806.04</ele>
   </trkpt>
   <trkpt lat="49.594925001028706" lon="-116.6633450058046">
    <ele>1803.67</ele>
   </trkpt>
   <trkpt lat="49.595510000000004" lon="-116.66286000000001">
    <ele>1800.78</ele>
   </trkpt>
   <trkpt lat="49.59612000206236" lon="-116.66218000842657">
    <ele>1795.0</ele>
   </trkpt>
   <trkpt lat="49.59673" lon="-116.6615">
    <ele>1788.8300000000002</ele>
   </trkpt>
   <trkpt lat="49.59737000155358" lon="-116.66089500796151">
    <ele>1782.72</ele>
   </trkpt>
   <trkpt lat="49.59801" lon="-116.66029">
    <ele>1777.6000000000001</ele>
   </trkpt>
   <trkpt lat="49.598485000435176" lon="-116.65995500329709">
    <ele>1775.0800000000002</ele>
   </trkpt>
   <trkpt lat="49.598960000000005" lon="-116.65962">
    <ele>1773.43</ele>
   </trkpt>
   <trkpt lat="49.59951500041761" lon="-116.65935500296115">
    <ele>1774.19</ele>
   </trkpt>
   <trkpt lat="49.60007" lon="-116.65909">
    <ele>1776.7100000000003</ele>
   </trkpt>
   <trkpt lat="49.60064666805346" lon="-116.65869000945519">
    <ele>1776.0000000000002</ele>
   </trkpt>
   <trkpt lat="49.60122333472864" lon="-116.65829000944942">
    <ele>1773.3</ele>
   </trkpt>
   <trkpt lat="49.601800000000004" lon="-116.65789000000001">
    <ele>1771.6600000000003</ele>
   </trkpt>
   <trkpt lat="49.602440000832416" lon="-116.65746000561997">
    <ele>1769.9900000000002</ele>
   </trkpt>
   <trkpt lat="49.603080000000006" lon="-116.65703">
    <ele>1767.9000000000003</ele>
   </trkpt>
   <trkpt lat="49.60363500118466" lon="-116.65651500582307">
    <ele>1766.2000000000003</ele>
   </trkpt>
   <trkpt lat="49.60419" lon="-116.656">
    <ele>1764.3500000000001</ele>
   </trkpt>
   <trkpt lat="49.60474667117063" lon="-116.65528334959632">
    <ele>1762.67</ele>
   </trkpt>
   <trkpt lat="49.605303337917036" lon="-116.65456668282727">
    <ele>1761.0</ele>
   </trkpt>
   <trkpt lat="49.60586000000001" lon="-116.65385">
    <ele>1759.92</ele>
   </trkpt>
   <trkpt lat="49.60630333876221" lon="-116.65305668108213">
    <ele>1755.7</ele>
   </trkpt>
   <trkpt lat="49.60674667210302" lon="-116.65226334773563">
    <ele>1749.6</ele>
   </trkpt>
   <trkpt lat="49.60719" lon="-116.65147">
    <ele>1743.6</ele>
   </trkpt>
   <trkpt lat="49.607690000000005" lon="-116.65050000000001">
    <ele>1739.33</ele>
   </trkpt>
   <trkpt lat="49.60808" lon="-116.64932">
    <ele>1736.6200000000001</ele>
   </trkpt>
   <trkpt lat="49.60850000155686" lon="-116.64871500524079">
    <ele>1735.7600000000002</ele>
   </trkpt>
   <trkpt lat="49.608920000000005" lon="-116.64811">
    <ele>1734.97</ele>
   </trkpt>
   <trkpt lat="49.6092800008101" lon="-116.6476850031007">
    <ele>1734.28</ele>
   </trkpt>
   <trkpt lat="49.609640000000006" lon="-116.64726">
    <ele>1733.88</ele>
   </trkpt>
   <trkpt lat="49.60997500126533" lon="-116.64670000399126">
    <ele>1732.73</ele>
   </trkpt>
   <trkpt lat="49.610310000000005" lon="-116.64614">
    <ele>1729.5600000000002</ele>
   </trkpt>
   <trkpt lat="49.61097" lon="-116.64529">
    <ele>1726.11</ele>
   </trkpt>
   <trkpt lat="49.611360000000005" lon="-116.64458">
    <ele>1723.6000000000001</ele>
   </trkpt>
   <trkpt lat="49.61150000316056" lon="-116.643730002145">
    <ele>1720.8500000000001</ele>
   </trkpt>
   <trkpt lat="49.61164" lon="-116.64288">
    <ele>1718.16</ele>
   </trkpt>
   <trkpt lat="49.611920000000005" lon="-116.64166000000002">
    <ele>1714.8</ele>
   </trkpt>
   <trkpt lat="49.61208500491851" lon="-116.64059000370291">
    <ele>1711.54</ele>
   </trkpt>
   <trkpt lat="49.61225" lon="-116.63952">
    <ele>1705.9700000000003</ele>
   </trkpt>
   <trkpt lat="49.61247500348639" lon="-116.63862500398649">
    <ele>1702.1000000000001</ele>
   </trkpt>
   <trkpt lat="49.612700000000004" lon="-116.63773">
    <ele>1696.44</ele>
   </trkpt>
   <trkpt lat="49.612793341952894" lon="-116.6367300037676">
    <ele>1691.9</ele>
   </trkpt>
   <trkpt lat="49.612886675292074" lon="-116.6357300037052">
    <ele>1682.0800000000002</ele>
   </trkpt>
   <trkpt lat="49.61298000000001" lon="-116.63473">
    <ele>1675.72</ele>
   </trkpt>
   <trkpt lat="49.61314" lon="-116.63352">
    <ele>1668.64</ele>
   </trkpt>
   <trkpt lat="49.61323" lon="-116.63249">
    <ele>1662.64</ele>
   </trkpt>
   <trkpt lat="49.61325" lon="-116.63155">
    <ele>1653.89</ele>
   </trkpt>
   <trkpt lat="49.613330000000005" lon="-116.6311">
    <ele>1651.0900000000001</ele>
   </trkpt>
   <trkpt lat="49.61327000000001" lon="-116.63034">
    <ele>1644.98</ele>
   </trkpt>
   <trkpt lat="49.61357" lon="-116.62919000000001">
    <ele>1641.66</ele>
   </trkpt>
   <trkpt lat="49.6137" lon="-116.62864">
    <ele>1639.72</ele>
   </trkpt>
   <trkpt lat="49.613890000000005" lon="-116.62756">
    <ele>1635.07</ele>
   </trkpt>
   <trkpt lat="49.61385000218499" lon="-116.62684499911308">
    <ele>1633.85</ele>
   </trkpt>
   <trkpt lat="49.61381" lon="-116.62613">
    <ele>1633.96</ele>
   </trkpt>
   <trkpt lat="49.61373000295033" lon="-116.62530499884139">
    <ele>1631.9800000000002</ele>
   </trkpt>
   <trkpt lat="49.61365000000001" lon="-116.62448">
    <ele>1628.8300000000002</ele>
   </trkpt>
   <trkpt lat="49.613810001942" lon="-116.62380500230161">
    <ele>1623.96</ele>
   </trkpt>
   <trkpt lat="49.61397" lon="-116.62313">
    <ele>1616.5500000000002</ele>
   </trkpt>
   <trkpt lat="49.614075003612605" lon="-116.62221500191208">
    <ele>1610.3600000000001</ele>
   </trkpt>
   <trkpt lat="49.614180000000005" lon="-116.6213">
    <ele>1609.9200000000003</ele>
   </trkpt>
   <trkpt lat="49.614200000000004" lon="-116.62013">
    <ele>1612.1900000000003</ele>
   </trkpt>
   <trkpt lat="49.614165003458" lon="-116.61923499956406">
    <ele>1610.38</ele>
   </trkpt>
   <trkpt lat="49.61413" lon="-116.61834">
    <ele>1600.1200000000001</ele>
   </trkpt>
   <trkpt lat="49.61417000434871" lon="-116.61733500085826">
    <ele>1591.71</ele>
   </trkpt>
   <trkpt lat="49.61421000000001" lon="-116.61633">
    <ele>1584.6200000000001</ele>
   </trkpt>
   <trkpt lat="49.61428500678164" lon="-116.61507500196069">
    <ele>1574.41</ele>
   </trkpt>
   <trkpt lat="49.614360000000005" lon="-116.61382">
    <ele>1567.26</ele>
   </trkpt>
   <trkpt lat="49.61475500582404" lon="-116.61265500950486">
    <ele>1559.26</ele>
   </trkpt>
   <trkpt lat="49.61515000000001" lon="-116.61149">
    <ele>1547.76</ele>
   </trkpt>
   <trkpt lat="49.615300000000005" lon="-116.61086000000002">
    <ele>1541.64</ele>
   </trkpt>
   <trkpt lat="49.61518" lon="-116.60988">
    <ele>1535.2700000000002</ele>
   </trkpt>
   <trkpt lat="49.61537000189721" lon="-116.60920500286275">
    <ele>1533.1200000000001</ele>
   </trkpt>
   <trkpt lat="49.61556" lon="-116.60853000000002">
    <ele>1531.26</ele>
   </trkpt>
   <trkpt lat="49.616080000000004" lon="-116.60743000000001">
    <ele>1521.7600000000002</ele>
   </trkpt>
   <trkpt lat="49.616240000000005" lon="-116.60666">
    <ele>1515.15</ele>
   </trkpt>
   <trkpt lat="49.61619000266991" lon="-116.60587499944518">
    <ele>1508.9</ele>
   </trkpt>
   <trkpt lat="49.61614" lon="-116.60509">
    <ele>1502.85</ele>
   </trkpt>
   <trkpt lat="49.61634" lon="-116.60442">
    <ele>1493.0500000000002</ele>
   </trkpt>
   <trkpt lat="49.616350000000004" lon="-116.60414000000002">
    <ele>1493.0500000000002</ele>
   </trkpt>
   <trkpt lat="49.61637" lon="-116.60366">
    <ele>1489.21</ele>
   </trkpt>
   <trkpt lat="49.616130000000005" lon="-116.6024">
    <ele>1479.5</ele>
   </trkpt>
   <trkpt lat="49.61589000000001" lon="-116.60169">
    <ele>1472.5400000000002</ele>
   </trkpt>
   <trkpt lat="49.615840000000006" lon="-116.6012">
    <ele>1467.33</ele>
   </trkpt>
   <trkpt lat="49.616080000000004" lon="-116.60013000000001">
    <ele>1458.41</ele>
   </trkpt>
   <trkpt lat="49.616330000000005" lon="-116.59891">
    <ele>1450.0600000000002</ele>
   </trkpt>
   <trkpt lat="49.616515005203794" lon="-116.59781000421987">
    <ele>1441.54</ele>
   </trkpt>
   <trkpt lat="49.6167" lon="-116.59671000000002">
    <ele>1437.5800000000002</ele>
   </trkpt>
   <trkpt lat="49.616690000000006" lon="-116.59569">
    <ele>1437.45</ele>
   </trkpt>
   <trkpt lat="49.61659" lon="-116.59524">
    <ele>1436.9</ele>
   </trkpt>
   <trkpt lat="49.61643" lon="-116.59434">
    <ele>1434.2400000000002</ele>
   </trkpt>
   <trkpt lat="49.616460000000004" lon="-116.59381">
    <ele>1431.43</ele>
   </trkpt>
   <trkpt lat="49.616635002129954" lon="-116.59310000271634">
    <ele>1429.0600000000002</ele>
   </trkpt>
   <trkpt lat="49.61681" lon="-116.59239000000001">
    <ele>1426.8700000000001</ele>
   </trkpt>
   <trkpt lat="49.61679" lon="-116.59211">
    <ele>1425.34</ele>
   </trkpt>
   <trkpt lat="49.616460000000004" lon="-116.59202">
    <ele>1421.13</ele>
   </trkpt>
   <trkpt lat="49.616260000000004" lon="-116.59230000000001">
    <ele>1417.7700000000002</ele>
   </trkpt>
   <trkpt lat="49.61589000000001" lon="-116.59319">
    <ele>1413.7</ele>
   </trkpt>
   <trkpt lat="49.6156" lon="-116.5943">
    <ele>1409.65</ele>
   </trkpt>
   <trkpt lat="49.615700000000004" lon="-116.59511">
    <ele>1409.25</ele>
   </trkpt>
   <trkpt lat="49.61567" lon="-116.59524">
    <ele>1409.54</ele>
   </trkpt>
   <trkpt lat="49.615500000000004" lon="-116.59540000000001">
    <ele>1410.5200000000002</ele>
   </trkpt>
   <trkpt lat="49.615390000000005" lon="-116.59556">
    <ele>1410.5200000000002</ele>
   </trkpt>
   <trkpt lat="49.615030000000004" lon="-116.5961">
    <ele>1409.94</ele>
   </trkpt>
   <trkpt lat="49.61478" lon="-116.59614">
    <ele>1410.7500000000002</ele>
   </trkpt>
   <trkpt lat="49.61455" lon="-116.59556">
    <ele>1413.14</ele>
   </trkpt>
   <trkpt lat="49.61435" lon="-116.59479">
    <ele>1415.34</ele>
   </trkpt>
   <trkpt lat="49.614190003791784" lon="-116.59384999683333">
    <ele>1418.2100000000003</ele>
   </trkpt>
   <trkpt lat="49.61403000000001" lon="-116.59291">
    <ele>1422.46</ele>
   </trkpt>
   <trkpt lat="49.61377" lon="-116.59175">
    <ele>1427.65</ele>
   </trkpt>
   <trkpt lat="49.6137" lon="-116.59037000000001">
    <ele>1429.5900000000001</ele>
   </trkpt>
   <trkpt lat="49.6137" lon="-116.59038000000001">
    <ele>1429.5800000000002</ele>
   </trkpt>
   <trkpt lat="49.61366" lon="-116.58951">
    <ele>1426.26</ele>
   </trkpt>
   <trkpt lat="49.613710003296426" lon="-116.58863500091535">
    <ele>1422.93</ele>
   </trkpt>
   <trkpt lat="49.613760000000006" lon="-116.58776">
    <ele>1421.61</ele>
   </trkpt>
   <trkpt lat="49.61367500382576" lon="-116.58681499812533">
    <ele>1419.3</ele>
   </trkpt>
   <trkpt lat="49.61359" lon="-116.58587000000001">
    <ele>1415.3300000000002</ele>
   </trkpt>
   <trkpt lat="49.613590004136306" lon="-116.5848899997578">
    <ele>1412.67</ele>
   </trkpt>
   <trkpt lat="49.61359" lon="-116.58391">
    <ele>1409.65</ele>
   </trkpt>
   <trkpt lat="49.613420000000005" lon="-116.58306">
    <ele>1407.34</ele>
   </trkpt>
   <trkpt lat="49.61292000362003" lon="-116.58214999076216">
    <ele>1404.9</ele>
   </trkpt>
   <trkpt lat="49.61242000000001" lon="-116.58124000000001">
    <ele>1397.25</ele>
   </trkpt>
   <trkpt lat="49.61196" lon="-116.58074">
    <ele>1392.89</ele>
   </trkpt>
   <trkpt lat="49.61142" lon="-116.5797">
    <ele>1383.3200000000002</ele>
   </trkpt>
   <trkpt lat="49.61099" lon="-116.57899">
    <ele>1379.66</ele>
   </trkpt>
   <trkpt lat="49.610820000000004" lon="-116.57881">
    <ele>1379.0600000000002</ele>
   </trkpt>
   <trkpt lat="49.61061" lon="-116.57867">
    <ele>1376.8</ele>
   </trkpt>
   <trkpt lat="49.610350000000004" lon="-116.57868">
    <ele>1374.89</ele>
   </trkpt>
   <trkpt lat="49.60972" lon="-116.57868">
    <ele>1371.31</ele>
   </trkpt>
   <trkpt lat="49.60947" lon="-116.57854">
    <ele>1368.2</ele>
   </trkpt>
   <trkpt lat="49.609170000000006" lon="-116.57831000000002">
    <ele>1366.89</ele>
   </trkpt>
   <trkpt lat="49.608560000000004" lon="-116.57765">
    <ele>1363.22</ele>
   </trkpt>
   <trkpt lat="49.60830000000001" lon="-116.57714000000001">
    <ele>1363.1000000000001</ele>
   </trkpt>
   <trkpt lat="49.608180000000004" lon="-116.57658">
    <ele>1359.01</ele>
   </trkpt>
   <trkpt lat="49.608200000000004" lon="-116.5764">
    <ele>1357.6200000000001</ele>
   </trkpt>
   <trkpt lat="49.6084" lon="-116.57612">
    <ele>1354.45</ele>
   </trkpt>
   <trkpt lat="49.608720000000005" lon="-116.57599">
    <ele>1350.66</ele>
   </trkpt>
   <trkpt lat="49.60896" lon="-116.57576">
    <ele>1348.41</ele>
   </trkpt>
   <trkpt lat="49.609320000000004" lon="-116.57536">
    <ele>1346.18</ele>
   </trkpt>
   <trkpt lat="49.60956" lon="-116.575">
    <ele>1344.44</ele>
   </trkpt>
   <trkpt lat="49.60976" lon="-116.5746">
    <ele>1342.6</ele>
   </trkpt>
   <trkpt lat="49.60987" lon="-116.57424">
    <ele>1340.2500000000002</ele>
   </trkpt>
   <trkpt lat="49.60996" lon="-116.57411">
    <ele>1338.68</ele>
   </trkpt>
   <trkpt lat="49.610130000000005" lon="-116.57398">
    <ele>1337.42</ele>
   </trkpt>
   <trkpt lat="49.610600000000005" lon="-116.57379">
    <ele>1331.6499999999999</ele>
   </trkpt>
   <trkpt lat="49.61068" lon="-116.57371">
    <ele>1330.5800000000002</ele>
   </trkpt>
   <trkpt lat="49.610690000000005" lon="-116.57357">
    <ele>1330.5800000000002</ele>
   </trkpt>
   <trkpt lat="49.61065000000001" lon="-116.57345000000001">
    <ele>1327.77</ele>
   </trkpt>
   <trkpt lat="49.61034" lon="-116.57309000000001">
    <ele>1325.0400000000002</ele>
   </trkpt>
   <trkpt lat="49.610260000000004" lon="-116.57286">
    <ele>1325.01</ele>
   </trkpt>
   <trkpt lat="49.61021" lon="-116.57272">
    <ele>1325.08</ele>
   </trkpt>
   <trkpt lat="49.610200000000006" lon="-116.5725">
    <ele>1325.4</ele>
   </trkpt>
   <trkpt lat="49.61039" lon="-116.57227">
    <ele>1326.65</ele>
   </trkpt>
   <trkpt lat="49.61063000000001" lon="-116.57179000000001">
    <ele>1328.77</ele>
   </trkpt>
   <trkpt lat="49.611090000000004" lon="-116.5712">
    <ele>1330.84</ele>
   </trkpt>
   <trkpt lat="49.611200000000004" lon="-116.57116">
    <ele>1331.47</ele>
   </trkpt>
   <trkpt lat="49.61178" lon="-116.5703">
    <ele>1333.8700000000001</ele>
   </trkpt>
   <trkpt lat="49.61197000000001" lon="-116.57008">
    <ele>1335.62</ele>
   </trkpt>
   <trkpt lat="49.61206000000001" lon="-116.56985000000002">
    <ele>1336.1200000000001</ele>
   </trkpt>
   <trkpt lat="49.612120000000004" lon="-116.56981">
    <ele>1336.5600000000002</ele>
   </trkpt>
   <trkpt lat="49.612210000000005" lon="-116.56963">
    <ele>1337.08</ele>
   </trkpt>
   <trkpt lat="49.612350000000006" lon="-116.56918">
    <ele>1338.06</ele>
   </trkpt>
   <trkpt lat="49.612640000000006" lon="-116.56887">
    <ele>1339.56</ele>
   </trkpt>
   <trkpt lat="49.61269" lon="-116.56874">
    <ele>1339.56</ele>
   </trkpt>
   <trkpt lat="49.612700000000004" lon="-116.56865">
    <ele>1340.5800000000002</ele>
   </trkpt>
   <trkpt lat="49.61263" lon="-116.56776">
    <ele>1342.47</ele>
   </trkpt>
   <trkpt lat="49.61263" lon="-116.56761000000002">
    <ele>1342.47</ele>
   </trkpt>
   <trkpt lat="49.612680000000005" lon="-116.56736000000001">
    <ele>1343.28</ele>
   </trkpt>
   <trkpt lat="49.61285" lon="-116.56704">
    <ele>1344.7300000000002</ele>
   </trkpt>
   <trkpt lat="49.613220000000005" lon="-116.56668">
    <ele>1347.64</ele>
   </trkpt>
   <trkpt lat="49.61339" lon="-116.56641">
    <ele>1349.02</ele>
   </trkpt>
   <trkpt lat="49.613600000000005" lon="-116.56574">
    <ele>1350.16</ele>
   </trkpt>
   <trkpt lat="49.6139" lon="-116.56524">
    <ele>1352.2200000000003</ele>
   </trkpt>
   <trkpt lat="49.614610000000006" lon="-116.56448">
    <ele>1353.93</ele>
   </trkpt>
   <trkpt lat="49.61487" lon="-116.56408">
    <ele>1353.8600000000001</ele>
   </trkpt>
   <trkpt lat="49.61506000000001" lon="-116.56359">
    <ele>1353.82</ele>
   </trkpt>
   <trkpt lat="49.615550000000006" lon="-116.56265">
    <ele>1351.6000000000001</ele>
   </trkpt>
   <trkpt lat="49.61569" lon="-116.56251">
    <ele>1351.4700000000003</ele>
   </trkpt>
   <trkpt lat="49.615880000000004" lon="-116.56224">
    <ele>1351.8000000000002</ele>
   </trkpt>
   <trkpt lat="49.616080000000004" lon="-116.56211">
    <ele>1352.24</ele>
   </trkpt>
   <trkpt lat="49.616530000000004" lon="-116.56157">
    <ele>1353.92</ele>
   </trkpt>
   <trkpt lat="49.616800000000005" lon="-116.56113">
    <ele>1354.96</ele>
   </trkpt>
   <trkpt lat="49.61695" lon="-116.56099">
    <ele>1355.45</ele>
   </trkpt>
   <trkpt lat="49.617090000000005" lon="-116.5609">
    <ele>1356.68</ele>
   </trkpt>
   <trkpt lat="49.61779000000001" lon="-116.56078000000001">
    <ele>1358.2800000000002</ele>
   </trkpt>
   <trkpt lat="49.61789" lon="-116.56069000000001">
    <ele>1358.2500000000002</ele>
   </trkpt>
   <trkpt lat="49.618120000000005" lon="-116.56033000000001">
    <ele>1357.6800000000003</ele>
   </trkpt>
   <trkpt lat="49.61822" lon="-116.5601">
    <ele>1357.52</ele>
   </trkpt>
   <trkpt lat="49.61825" lon="-116.55984000000001">
    <ele>1357.5400000000002</ele>
   </trkpt>
   <trkpt lat="49.61856" lon="-116.55982000000002">
    <ele>1357.45</ele>
   </trkpt>
   <trkpt lat="49.61865" lon="-116.55978">
    <ele>1357.49</ele>
   </trkpt>
   <trkpt lat="49.61874" lon="-116.55965">
    <ele>1357.63</ele>
   </trkpt>
   <trkpt lat="49.61878" lon="-116.55944000000001">
    <ele>1357.79</ele>
   </trkpt>
   <trkpt lat="49.618750000000006" lon="-116.55872000000001">
    <ele>1358.66</ele>
   </trkpt>
   <trkpt lat="49.618770000000005" lon="-116.55853">
    <ele>1358.95</ele>
   </trkpt>
   <trkpt lat="49.618880000000004" lon="-116.55826">
    <ele>1360.1200000000001</ele>
   </trkpt>
   <trkpt lat="49.618950000000005" lon="-116.55799">
    <ele>1360.1200000000001</ele>
   </trkpt>
   <trkpt lat="49.61937" lon="-116.55732">
    <ele>1362.45</ele>
   </trkpt>
   <trkpt lat="49.619550000000004" lon="-116.55718">
    <ele>1363.13</ele>
   </trkpt>
   <trkpt lat="49.61984" lon="-116.55678">
    <ele>1364.43</ele>
   </trkpt>
   <trkpt lat="49.620070000000005" lon="-116.55635000000001">
    <ele>1366.21</ele>
   </trkpt>
   <trkpt lat="49.62028" lon="-116.55562">
    <ele>1368.16</ele>
   </trkpt>
   <trkpt lat="49.62028" lon="-116.55517">
    <ele>1367.9800000000002</ele>
   </trkpt>
   <trkpt lat="49.62046" lon="-116.55433000000001">
    <ele>1367.66</ele>
   </trkpt>
   <trkpt lat="49.620720000000006" lon="-116.55362000000001">
    <ele>1367.46</ele>
   </trkpt>
   <trkpt lat="49.62102" lon="-116.55293">
    <ele>1367.51</ele>
   </trkpt>
   <trkpt lat="49.62111" lon="-116.5528">
    <ele>1367.4400000000003</ele>
   </trkpt>
   <trkpt lat="49.621300000000005" lon="-116.55222">
    <ele>1367.18</ele>
   </trkpt>
   <trkpt lat="49.62158" lon="-116.55155">
    <ele>1367.2700000000002</ele>
   </trkpt>
   <trkpt lat="49.62173000000001" lon="-116.55102000000001">
    <ele>1367.3700000000001</ele>
   </trkpt>
   <trkpt lat="49.62181" lon="-116.55092">
    <ele>1367.3700000000001</ele>
   </trkpt>
   <trkpt lat="49.621860000000005" lon="-116.55092">
    <ele>1367.72</ele>
   </trkpt>
   <trkpt lat="49.62192" lon="-116.55069">
    <ele>1367.88</ele>
   </trkpt>
   <trkpt lat="49.62194" lon="-116.55034">
    <ele>1368.0500000000002</ele>
   </trkpt>
   <trkpt lat="49.621990000000004" lon="-116.55016">
    <ele>1368.02</ele>
   </trkpt>
   <trkpt lat="49.62201" lon="-116.54959000000001">
    <ele>1367.7700000000002</ele>
   </trkpt>
   <trkpt lat="49.62214" lon="-116.54899">
    <ele>1367.46</ele>
   </trkpt>
   <trkpt lat="49.622310000000006" lon="-116.54841">
    <ele>1368.0100000000002</ele>
   </trkpt>
   <trkpt lat="49.622510000000005" lon="-116.54811000000001">
    <ele>1368.19</ele>
   </trkpt>
   <trkpt lat="49.62266" lon="-116.54774">
    <ele>1368.19</ele>
   </trkpt>
   <trkpt lat="49.622800000000005" lon="-116.54751">
    <ele>1367.94</ele>
   </trkpt>
   <trkpt lat="49.62330000000001" lon="-116.54711">
    <ele>1367.3400000000001</ele>
   </trkpt>
   <trkpt lat="49.623830000000005" lon="-116.54635">
    <ele>1367.55</ele>
   </trkpt>
   <trkpt lat="49.62411" lon="-116.54604">
    <ele>1367.9800000000002</ele>
   </trkpt>
   <trkpt lat="49.62422" lon="-116.546">
    <ele>1367.9800000000002</ele>
   </trkpt>
   <trkpt lat="49.624770000000005" lon="-116.54527000000002">
    <ele>1368.15</ele>
   </trkpt>
   <trkpt lat="49.624930000000006" lon="-116.54479">
    <ele>1368.29</ele>
   </trkpt>
   <trkpt lat="49.624950000000005" lon="-116.5443">
    <ele>1368.39</ele>
   </trkpt>
   <trkpt lat="49.62503" lon="-116.54416">
    <ele>1368.39</ele>
   </trkpt>
   <trkpt lat="49.625370000000004" lon="-116.54384">
    <ele>1368.27</ele>
   </trkpt>
   <trkpt lat="49.62557" lon="-116.54345">
    <ele>1367.5400000000002</ele>
   </trkpt>
   <trkpt lat="49.62603000000001" lon="-116.54286">
    <ele>1365.21</ele>
   </trkpt>
   <trkpt lat="49.626270000000005" lon="-116.54273">
    <ele>1362.21</ele>
   </trkpt>
   <trkpt lat="49.626450000000006" lon="-116.54273">
    <ele>1361.6100000000001</ele>
   </trkpt>
   <trkpt lat="49.62682" lon="-116.54286">
    <ele>1359.3200000000002</ele>
   </trkpt>
   <trkpt lat="49.62709" lon="-116.54286">
    <ele>1357.73</ele>
   </trkpt>
   <trkpt lat="49.627210000000005" lon="-116.54277">
    <ele>1357.0600000000002</ele>
   </trkpt>
   <trkpt lat="49.627340000000004" lon="-116.54246">
    <ele>1354.9</ele>
   </trkpt>
   <trkpt lat="49.6276" lon="-116.54218000000002">
    <ele>1353.13</ele>
   </trkpt>
   <trkpt lat="49.62776" lon="-116.54192">
    <ele>1350.8</ele>
   </trkpt>
   <trkpt lat="49.62809000000001" lon="-116.54174">
    <ele>1348.3700000000001</ele>
   </trkpt>
   <trkpt lat="49.62873000009957" lon="-116.54158500203738">
    <ele>1343.5</ele>
   </trkpt>
   <trkpt lat="49.62937" lon="-116.54143">
    <ele>1337.5400000000002</ele>
   </trkpt>
   <trkpt lat="49.62989" lon="-116.54143">
    <ele>1334.0900000000001</ele>
   </trkpt>
   <trkpt lat="49.630050000000004" lon="-116.54129">
    <ele>1331.97</ele>
   </trkpt>
   <trkpt lat="49.630100000000006" lon="-116.54116">
    <ele>1331.14</ele>
   </trkpt>
   <trkpt lat="49.630100000000006" lon="-116.54102">
    <ele>1330.4</ele>
   </trkpt>
   <trkpt lat="49.630190000000006" lon="-116.54077000000001">
    <ele>1329.02</ele>
   </trkpt>
   <trkpt lat="49.63054" lon="-116.54062">
    <ele>1325.11</ele>
   </trkpt>
   <trkpt lat="49.63083" lon="-116.54058">
    <ele>1321.44</ele>
   </trkpt>
   <trkpt lat="49.63143" lon="-116.54086000000001">
    <ele>1313.9</ele>
   </trkpt>
   <trkpt lat="49.632070000000006" lon="-116.5408">
    <ele>1304.21</ele>
   </trkpt>
   <trkpt lat="49.63244" lon="-116.5404">
    <ele>1302.43</ele>
   </trkpt>
   <trkpt lat="49.6329100008003" lon="-116.53995000441111">
    <ele>1293.5400000000002</ele>
   </trkpt>
   <trkpt lat="49.63338" lon="-116.5395">
    <ele>1288.98</ele>
   </trkpt>
   <trkpt lat="49.633610000000004" lon="-116.53937">
    <ele>1286.78</ele>
   </trkpt>
   <trkpt lat="49.63385" lon="-116.53933">
    <ele>1285.16</ele>
   </trkpt>
   <trkpt lat="49.634190000000004" lon="-116.53920000000001">
    <ele>1282.28</ele>
   </trkpt>
   <trkpt lat="49.63454" lon="-116.53924">
    <ele>1278.0200000000002</ele>
   </trkpt>
   <trkpt lat="49.63499" lon="-116.53941">
    <ele>1273.26</ele>
   </trkpt>
   <trkpt lat="49.635110000000005" lon="-116.5395">
    <ele>1273.26</ele>
   </trkpt>
   <trkpt lat="49.63543000000001" lon="-116.53959">
    <ele>1270.15</ele>
   </trkpt>
   <trkpt lat="49.636120000000005" lon="-116.53955">
    <ele>1264.45</ele>
   </trkpt>
   <trkpt lat="49.63656000041832" lon="-116.53974999830486">
    <ele>1263.56</ele>
   </trkpt>
   <trkpt lat="49.63700000000001" lon="-116.53995">
    <ele>1264.25</ele>
   </trkpt>
   <trkpt lat="49.637240000000006" lon="-116.54009">
    <ele>1264.67</ele>
   </trkpt>
   <trkpt lat="49.63738000000001" lon="-116.54013">
    <ele>1265.06</ele>
   </trkpt>
   <trkpt lat="49.637660000000004" lon="-116.53999">
    <ele>1266.44</ele>
   </trkpt>
   <trkpt lat="49.6381" lon="-116.53955">
    <ele>1268.4700000000003</ele>
   </trkpt>
   <trkpt lat="49.638160000000006" lon="-116.53946">
    <ele>1268.4700000000003</ele>
   </trkpt>
   <trkpt lat="49.63844" lon="-116.53928">
    <ele>1270.04</ele>
   </trkpt>
   <trkpt lat="49.638630000000006" lon="-116.53902000000001">
    <ele>1272.4700000000003</ele>
   </trkpt>
   <trkpt lat="49.63871" lon="-116.53900000000002">
    <ele>1272.4700000000003</ele>
   </trkpt>
   <trkpt lat="49.63889" lon="-116.53900000000002">
    <ele>1273.42</ele>
   </trkpt>
   <trkpt lat="49.63908000000001" lon="-116.53913000000001">
    <ele>1274.3600000000001</ele>
   </trkpt>
   <trkpt lat="49.63924" lon="-116.53942">
    <ele>1274.4700000000003</ele>
   </trkpt>
   <trkpt lat="49.639720000000004" lon="-116.53999">
    <ele>1274.7400000000002</ele>
   </trkpt>
   <trkpt lat="49.63985" lon="-116.53995">
    <ele>1274.7</ele>
   </trkpt>
   <trkpt lat="49.63989" lon="-116.53987000000001">
    <ele>1274.7</ele>
   </trkpt>
   <trkpt lat="49.640040000000006" lon="-116.53932">
    <ele>1274.95</ele>
   </trkpt>
   <trkpt lat="49.640060000000005" lon="-116.53900000000002">
    <ele>1275.1100000000001</ele>
   </trkpt>
   <trkpt lat="49.63983" lon="-116.53829">
    <ele>1276.93</ele>
   </trkpt>
   <trkpt lat="49.639860000000006" lon="-116.53692000000001">
    <ele>1280.48</ele>
   </trkpt>
   <trkpt lat="49.63991000000001" lon="-116.53686">
    <ele>1280.3000000000002</ele>
   </trkpt>
   <trkpt lat="49.64011000000001" lon="-116.53609000000002">
    <ele>1278.8000000000002</ele>
   </trkpt>
   <trkpt lat="49.640240000000006" lon="-116.53589000000001">
    <ele>1278.63</ele>
   </trkpt>
   <trkpt lat="49.64038000000001" lon="-116.53578">
    <ele>1278.54</ele>
   </trkpt>
   <trkpt lat="49.64043" lon="-116.53552">
    <ele>1278.8799999999999</ele>
   </trkpt>
   <trkpt lat="49.64061" lon="-116.53521">
    <ele>1280.0200000000002</ele>
   </trkpt>
   <trkpt lat="49.64087000000001" lon="-116.53490000000001">
    <ele>1283.22</ele>
   </trkpt>
   <trkpt lat="49.64115" lon="-116.53475">
    <ele>1284.8400000000001</ele>
   </trkpt>
   <trkpt lat="49.64128" lon="-116.53475">
    <ele>1285.3600000000001</ele>
   </trkpt>
   <trkpt lat="49.641470000000005" lon="-116.53454">
    <ele>1286.2</ele>
   </trkpt>
   <trkpt lat="49.641740000000006" lon="-116.53405000000001">
    <ele>1287.0300000000002</ele>
   </trkpt>
   <trkpt lat="49.64215" lon="-116.53359">
    <ele>1289.22</ele>
   </trkpt>
   <trkpt lat="49.64224" lon="-116.53361000000001">
    <ele>1289.22</ele>
   </trkpt>
   <trkpt lat="49.64249" lon="-116.53364">
    <ele>1289.1200000000001</ele>
   </trkpt>
   <trkpt lat="49.643060000000006" lon="-116.53363000000002">
    <ele>1289.46</ele>
   </trkpt>
   <trkpt lat="49.64322000000001" lon="-116.53356000000001">
    <ele>1290.07</ele>
   </trkpt>
   <trkpt lat="49.643440000000005" lon="-116.53337">
    <ele>1290.75</ele>
   </trkpt>
   <trkpt lat="49.64368" lon="-116.53296">
    <ele>1293.18</ele>
   </trkpt>
   <trkpt lat="49.643820000000005" lon="-116.53229">
    <ele>1296.95</ele>
   </trkpt>
   <trkpt lat="49.64401" lon="-116.53167">
    <ele>1298.3500000000001</ele>
   </trkpt>
   <trkpt lat="49.64401000279048" lon="-116.53086499993812">
    <ele>1300.6700000000003</ele>
   </trkpt>
   <trkpt lat="49.64401" lon="-116.53006">
    <ele>1303.4800000000002</ele>
   </trkpt>
   <trkpt lat="49.64416000000001" lon="-116.52911">
    <ele>1305.98</ele>
   </trkpt>
   <trkpt lat="49.644360000000006" lon="-116.52866000000002">
    <ele>1306.6200000000001</ele>
   </trkpt>
   <trkpt lat="49.64443000000001" lon="-116.52857000000002">
    <ele>1306.39</ele>
   </trkpt>
   <trkpt lat="49.644800000000004" lon="-116.52831">
    <ele>1303.3400000000001</ele>
   </trkpt>
   <trkpt lat="49.645160000000004" lon="-116.52777">
    <ele>1297.2</ele>
   </trkpt>
   <trkpt lat="49.64542" lon="-116.52732">
    <ele>1294.5000000000002</ele>
   </trkpt>
   <trkpt lat="49.645570000000006" lon="-116.52688">
    <ele>1292.93</ele>
   </trkpt>
   <trkpt lat="49.64566000000001" lon="-116.5267">
    <ele>1292.49</ele>
   </trkpt>
   <trkpt lat="49.645900000000005" lon="-116.52575000000002">
    <ele>1288.48</ele>
   </trkpt>
   <trkpt lat="49.646040000000006" lon="-116.52549">
    <ele>1285.93</ele>
   </trkpt>
   <trkpt lat="49.64611000000001" lon="-116.52508">
    <ele>1283.5700000000002</ele>
   </trkpt>
   <trkpt lat="49.64620000000001" lon="-116.52482">
    <ele>1282.8600000000001</ele>
   </trkpt>
   <trkpt lat="49.64636" lon="-116.52459">
    <ele>1281.2400000000002</ele>
   </trkpt>
   <trkpt lat="49.64656" lon="-116.52445000000002">
    <ele>1278.68</ele>
   </trkpt>
   <trkpt lat="49.64674" lon="-116.52424">
    <ele>1275.67</ele>
   </trkpt>
   <trkpt lat="49.64681" lon="-116.52401">
    <ele>1272.89</ele>
   </trkpt>
   <trkpt lat="49.64692" lon="-116.52378000000002">
    <ele>1271.18</ele>
   </trkpt>
   <trkpt lat="49.647200000000005" lon="-116.52334">
    <ele>1269.6100000000001</ele>
   </trkpt>
   <trkpt lat="49.647330000000004" lon="-116.52307">
    <ele>1269.63</ele>
   </trkpt>
   <trkpt lat="49.64759" lon="-116.52271">
    <ele>1269.88</ele>
   </trkpt>
   <trkpt lat="49.64781000000001" lon="-116.52262">
    <ele>1269.8100000000002</ele>
   </trkpt>
   <trkpt lat="49.648210000000006" lon="-116.52268000000001">
    <ele>1270.2</ele>
   </trkpt>
   <trkpt lat="49.648720000000004" lon="-116.52268000000001">
    <ele>1271.5700000000002</ele>
   </trkpt>
   <trkpt lat="49.64902000000001" lon="-116.52245">
    <ele>1271.88</ele>
   </trkpt>
   <trkpt lat="49.64911000000001" lon="-116.52226">
    <ele>1272.1100000000001</ele>
   </trkpt>
   <trkpt lat="49.64920000000001" lon="-116.522">
    <ele>1272.5000000000002</ele>
   </trkpt>
   <trkpt lat="49.64920000000001" lon="-116.52182">
    <ele>1272.8799999999999</ele>
   </trkpt>
   <trkpt lat="49.64925" lon="-116.52173">
    <ele>1273.19</ele>
   </trkpt>
   <trkpt lat="49.64920000000001" lon="-116.52164">
    <ele>1273.56</ele>
   </trkpt>
   <trkpt lat="49.64912" lon="-116.52060000000002">
    <ele>1275.5200000000002</ele>
   </trkpt>
   <trkpt lat="49.649060000000006" lon="-116.52040000000001">
    <ele>1275.8</ele>
   </trkpt>
   <trkpt lat="49.648990000000005" lon="-116.51984000000002">
    <ele>1276.0800000000002</ele>
   </trkpt>
   <trkpt lat="49.64896" lon="-116.51905000000001">
    <ele>1277.1800000000003</ele>
   </trkpt>
   <trkpt lat="49.64898" lon="-116.51883000000001">
    <ele>1277.42</ele>
   </trkpt>
   <trkpt lat="49.64913000000001" lon="-116.51820000000001">
    <ele>1277.9600000000003</ele>
   </trkpt>
   <trkpt lat="49.64922000000001" lon="-116.51796000000002">
    <ele>1277.9600000000003</ele>
   </trkpt>
   <trkpt lat="49.64952" lon="-116.51738">
    <ele>1278.7700000000002</ele>
   </trkpt>
   <trkpt lat="49.649980000000006" lon="-116.5168">
    <ele>1279.15</ele>
   </trkpt>
   <trkpt lat="49.650450000000006" lon="-116.51613">
    <ele>1281.4800000000002</ele>
   </trkpt>
   <trkpt lat="49.65057" lon="-116.516">
    <ele>1282.03</ele>
   </trkpt>
   <trkpt lat="49.65084" lon="-116.516">
    <ele>1282.65</ele>
   </trkpt>
   <trkpt lat="49.651270000000004" lon="-116.51609">
    <ele>1281.6000000000001</ele>
   </trkpt>
   <trkpt lat="49.651720000000005" lon="-116.51626">
    <ele>1276.85</ele>
   </trkpt>
   <trkpt lat="49.651970000000006" lon="-116.51631">
    <ele>1275.59</ele>
   </trkpt>
   <trkpt lat="49.65211000000001" lon="-116.51637000000001">
    <ele>1275.14</ele>
   </trkpt>
   <trkpt lat="49.65232" lon="-116.5164">
    <ele>1274.6399999999999</ele>
   </trkpt>
   <trkpt lat="49.652460000000005" lon="-116.51649">
    <ele>1274.79</ele>
   </trkpt>
   <trkpt lat="49.65278000000001" lon="-116.51649">
    <ele>1276.69</ele>
   </trkpt>
   <trkpt lat="49.653040000000004" lon="-116.51644">
    <ele>1277.29</ele>
   </trkpt>
   <trkpt lat="49.653510000000004" lon="-116.51613">
    <ele>1277.74</ele>
   </trkpt>
   <trkpt lat="49.65364" lon="-116.51601000000001">
    <ele>1277.6000000000001</ele>
   </trkpt>
   <trkpt lat="49.654070000000004" lon="-116.51582">
    <ele>1276.92</ele>
   </trkpt>
   <trkpt lat="49.654630000000004" lon="-116.51546">
    <ele>1277.59</ele>
   </trkpt>
   <trkpt lat="49.654770000000006" lon="-116.51543000000001">
    <ele>1277.59</ele>
   </trkpt>
   <trkpt lat="49.65514" lon="-116.51516000000001">
    <ele>1277.67</ele>
   </trkpt>
   <trkpt lat="49.655350000000006" lon="-116.5151">
    <ele>1276.98</ele>
   </trkpt>
   <trkpt lat="49.65563" lon="-116.51477000000001">
    <ele>1276.6200000000001</ele>
   </trkpt>
   <trkpt lat="49.65597" lon="-116.51429">
    <ele>1277.3100000000002</ele>
   </trkpt>
   <trkpt lat="49.656200000000005" lon="-116.51367">
    <ele>1277.1000000000001</ele>
   </trkpt>
   <trkpt lat="49.656420000000004" lon="-116.51335">
    <ele>1276.6399999999999</ele>
   </trkpt>
   <trkpt lat="49.65657" lon="-116.513">
    <ele>1276.5000000000002</ele>
   </trkpt>
   <trkpt lat="49.656690000000005" lon="-116.51283000000001">
    <ele>1276.4</ele>
   </trkpt>
   <trkpt lat="49.65693" lon="-116.51229000000001">
    <ele>1276.52</ele>
   </trkpt>
   <trkpt lat="49.6572" lon="-116.51152">
    <ele>1277.22</ele>
   </trkpt>
   <trkpt lat="49.657445001473924" lon="-116.51091500329802">
    <ele>1277.3500000000001</ele>
   </trkpt>
   <trkpt lat="49.65769" lon="-116.51031">
    <ele>1277.19</ele>
   </trkpt>
   <trkpt lat="49.657900000000005" lon="-116.51004">
    <ele>1276.47</ele>
   </trkpt>
   <trkpt lat="49.658010000000004" lon="-116.50977">
    <ele>1276.45</ele>
   </trkpt>
   <trkpt lat="49.658080000000005" lon="-116.50928">
    <ele>1276.6000000000001</ele>
   </trkpt>
   <trkpt lat="49.65822000000001" lon="-116.50897">
    <ele>1275.89</ele>
   </trkpt>
   <trkpt lat="49.65836" lon="-116.50844000000001">
    <ele>1273.95</ele>
   </trkpt>
   <trkpt lat="49.65841" lon="-116.50843">
    <ele>1273.95</ele>
   </trkpt>
   <trkpt lat="49.65861000308743" lon="-116.5075800035933">
    <ele>1270.71</ele>
   </trkpt>
   <trkpt lat="49.65881" lon="-116.50673">
    <ele>1266.0800000000002</ele>
   </trkpt>
   <trkpt lat="49.65907000000001" lon="-116.50579">
    <ele>1260.45</ele>
   </trkpt>
   <trkpt lat="49.659110000000005" lon="-116.50539">
    <ele>1258.71</ele>
   </trkpt>
   <trkpt lat="49.6593" lon="-116.5049">
    <ele>1254.49</ele>
   </trkpt>
   <trkpt lat="49.659380000000006" lon="-116.50418">
    <ele>1250.79</ele>
   </trkpt>
   <trkpt lat="49.65937" lon="-116.504">
    <ele>1250.66</ele>
   </trkpt>
   <trkpt lat="49.6593" lon="-116.50364">
    <ele>1249.92</ele>
   </trkpt>
   <trkpt lat="49.659290000000006" lon="-116.50301">
    <ele>1248.1000000000001</ele>
   </trkpt>
   <trkpt lat="49.659440000000004" lon="-116.50193000000002">
    <ele>1244.63</ele>
   </trkpt>
   <trkpt lat="49.65983000000001" lon="-116.50077">
    <ele>1243.6100000000001</ele>
   </trkpt>
   <trkpt lat="49.659960000000005" lon="-116.50055">
    <ele>1243.0</ele>
   </trkpt>
   <trkpt lat="49.66010000000001" lon="-116.50019">
    <ele>1241.71</ele>
   </trkpt>
   <trkpt lat="49.66030000000001" lon="-116.49952">
    <ele>1238.0800000000002</ele>
   </trkpt>
   <trkpt lat="49.66042" lon="-116.49934">
    <ele>1238.0800000000002</ele>
   </trkpt>
   <trkpt lat="49.660560000000004" lon="-116.49903">
    <ele>1236.78</ele>
   </trkpt>
   <trkpt lat="49.66062" lon="-116.4988">
    <ele>1236.38</ele>
   </trkpt>
   <trkpt lat="49.66077000000001" lon="-116.49846000000001">
    <ele>1235.8</ele>
   </trkpt>
   <trkpt lat="49.661300000000004" lon="-116.49764">
    <ele>1232.96</ele>
   </trkpt>
   <trkpt lat="49.661530000000006" lon="-116.49679">
    <ele>1231.95</ele>
   </trkpt>
   <trkpt lat="49.66163" lon="-116.49620000000002">
    <ele>1232.0000000000002</ele>
   </trkpt>
   <trkpt lat="49.6617" lon="-116.49531">
    <ele>1232.7</ele>
   </trkpt>
   <trkpt lat="49.661820000000006" lon="-116.49491">
    <ele>1233.17</ele>
   </trkpt>
   <trkpt lat="49.66198000000001" lon="-116.49403000000001">
    <ele>1233.72</ele>
   </trkpt>
   <trkpt lat="49.66212" lon="-116.49352">
    <ele>1234.72</ele>
   </trkpt>
   <trkpt lat="49.66223" lon="-116.49325">
    <ele>1235.0500000000002</ele>
   </trkpt>
   <trkpt lat="49.662310000000005" lon="-116.49282000000001">
    <ele>1235.39</ele>
   </trkpt>
   <trkpt lat="49.66255" lon="-116.49232">
    <ele>1235.1100000000001</ele>
   </trkpt>
   <trkpt lat="49.662940000000006" lon="-116.49205">
    <ele>1233.8200000000002</ele>
   </trkpt>
   <trkpt lat="49.66322" lon="-116.49197000000001">
    <ele>1232.5400000000002</ele>
   </trkpt>
   <trkpt lat="49.66358" lon="-116.49173">
    <ele>1228.96</ele>
   </trkpt>
   <trkpt lat="49.66366000000001" lon="-116.49159000000002">
    <ele>1228.25</ele>
   </trkpt>
   <trkpt lat="49.663720000000005" lon="-116.49137">
    <ele>1227.41</ele>
   </trkpt>
   <trkpt lat="49.66376" lon="-116.49077000000001">
    <ele>1227.24</ele>
   </trkpt>
   <trkpt lat="49.66378" lon="-116.49009000000001">
    <ele>1229.2800000000002</ele>
   </trkpt>
   <trkpt lat="49.66373" lon="-116.48936">
    <ele>1231.0</ele>
   </trkpt>
   <trkpt lat="49.663720000000005" lon="-116.48869">
    <ele>1231.71</ele>
   </trkpt>
   <trkpt lat="49.663760004980695" lon="-116.48761500074927">
    <ele>1232.4400000000003</ele>
   </trkpt>
   <trkpt lat="49.6638" lon="-116.48654">
    <ele>1232.5300000000002</ele>
   </trkpt>
   <trkpt lat="49.663940000000004" lon="-116.48609">
    <ele>1232.1000000000001</ele>
   </trkpt>
   <trkpt lat="49.663970000000006" lon="-116.48582">
    <ele>1231.89</ele>
   </trkpt>
   <trkpt lat="49.66443" lon="-116.48483000000002">
    <ele>1231.78</ele>
   </trkpt>
   <trkpt lat="49.664590000000004" lon="-116.48398">
    <ele>1231.73</ele>
   </trkpt>
   <trkpt lat="49.664620000000006" lon="-116.48368">
    <ele>1230.76</ele>
   </trkpt>
   <trkpt lat="49.66485" lon="-116.48274">
    <ele>1224.75</ele>
   </trkpt>
   <trkpt lat="49.664860000000004" lon="-116.48246">
    <ele>1223.47</ele>
   </trkpt>
   <trkpt lat="49.665020000000005" lon="-116.48211">
    <ele>1222.5700000000002</ele>
   </trkpt>
   <trkpt lat="49.66508" lon="-116.48193">
    <ele>1222.5400000000002</ele>
   </trkpt>
   <trkpt lat="49.66528" lon="-116.48162">
    <ele>1223.0</ele>
   </trkpt>
   <trkpt lat="49.66543" lon="-116.48125">
    <ele>1224.46</ele>
   </trkpt>
   <trkpt lat="49.66559" lon="-116.48092000000001">
    <ele>1225.64</ele>
   </trkpt>
   <trkpt lat="49.666070000000005" lon="-116.48053000000002">
    <ele>1226.92</ele>
   </trkpt>
   <trkpt lat="49.66610000000001" lon="-116.4804">
    <ele>1226.92</ele>
   </trkpt>
   <trkpt lat="49.666470000000004" lon="-116.48004">
    <ele>1229.0</ele>
   </trkpt>
   <trkpt lat="49.66651" lon="-116.47987">
    <ele>1229.0</ele>
   </trkpt>
   <trkpt lat="49.66709" lon="-116.47955">
    <ele>1232.52</ele>
   </trkpt>
   <trkpt lat="49.6677" lon="-116.47897">
    <ele>1233.6200000000001</ele>
   </trkpt>
   <trkpt lat="49.66783" lon="-116.47888">
    <ele>1233.71</ele>
   </trkpt>
   <trkpt lat="49.668200000000006" lon="-116.47836000000001">
    <ele>1234.25</ele>
   </trkpt>
   <trkpt lat="49.668310000000005" lon="-116.47816">
    <ele>1234.58</ele>
   </trkpt>
   <trkpt lat="49.66832" lon="-116.47794">
    <ele>1235.0400000000002</ele>
   </trkpt>
   <trkpt lat="49.66846" lon="-116.4775">
    <ele>1235.67</ele>
   </trkpt>
   <trkpt lat="49.66854000000001" lon="-116.47688000000001">
    <ele>1235.89</ele>
   </trkpt>
   <trkpt lat="49.66868" lon="-116.47651">
    <ele>1236.01</ele>
   </trkpt>
   <trkpt lat="49.668980000000005" lon="-116.47584">
    <ele>1237.29</ele>
   </trkpt>
   <trkpt lat="49.66912000000001" lon="-116.4753">
    <ele>1238.52</ele>
   </trkpt>
   <trkpt lat="49.66924" lon="-116.47406000000001">
    <ele>1238.78</ele>
   </trkpt>
   <trkpt lat="49.66933" lon="-116.47369">
    <ele>1239.19</ele>
   </trkpt>
   <trkpt lat="49.66937" lon="-116.47328">
    <ele>1240.0</ele>
   </trkpt>
   <trkpt lat="49.66957000000001" lon="-116.47288">
    <ele>1241.0800000000002</ele>
   </trkpt>
   <trkpt lat="49.66968000000001" lon="-116.47248">
    <ele>1242.9</ele>
   </trkpt>
   <trkpt lat="49.669850000000004" lon="-116.47216000000002">
    <ele>1245.3400000000001</ele>
   </trkpt>
   <trkpt lat="49.67009" lon="-116.47136">
    <ele>1247.3100000000002</ele>
   </trkpt>
   <trkpt lat="49.670320000000004" lon="-116.47096">
    <ele>1248.3700000000001</ele>
   </trkpt>
   <trkpt lat="49.67049" lon="-116.47030000000001">
    <ele>1249.06</ele>
   </trkpt>
   <trkpt lat="49.670500000000004" lon="-116.46992000000002">
    <ele>1250.7700000000002</ele>
   </trkpt>
   <trkpt lat="49.67060000000001" lon="-116.46903">
    <ele>1251.91</ele>
   </trkpt>
   <trkpt lat="49.670730000000006" lon="-116.46859">
    <ele>1251.72</ele>
   </trkpt>
   <trkpt lat="49.670770000000005" lon="-116.46833000000001">
    <ele>1251.1100000000001</ele>
   </trkpt>
   <trkpt lat="49.67096" lon="-116.46791">
    <ele>1250.15</ele>
   </trkpt>
   <trkpt lat="49.67099" lon="-116.46765">
    <ele>1249.9300000000003</ele>
   </trkpt>
   <trkpt lat="49.67121" lon="-116.46679">
    <ele>1248.99</ele>
   </trkpt>
   <trkpt lat="49.67128" lon="-116.46626">
    <ele>1248.6000000000001</ele>
   </trkpt>
   <trkpt lat="49.67137500300496" lon="-116.46543000128095">
    <ele>1247.8400000000001</ele>
   </trkpt>
   <trkpt lat="49.67147000000001" lon="-116.4646">
    <ele>1246.5400000000002</ele>
   </trkpt>
   <trkpt lat="49.67146" lon="-116.46375">
    <ele>1245.3200000000002</ele>
   </trkpt>
   <trkpt lat="49.67158000202451" lon="-116.46305500203391">
    <ele>1244.92</ele>
   </trkpt>
   <trkpt lat="49.6717" lon="-116.46236">
    <ele>1245.3500000000001</ele>
   </trkpt>
   <trkpt lat="49.67168" lon="-116.4612">
    <ele>1247.5900000000001</ele>
   </trkpt>
   <trkpt lat="49.671640000000004" lon="-116.46088">
    <ele>1248.99</ele>
   </trkpt>
   <trkpt lat="49.67163000000001" lon="-116.4603">
    <ele>1250.9800000000002</ele>
   </trkpt>
   <trkpt lat="49.67168" lon="-116.45985">
    <ele>1250.96</ele>
   </trkpt>
   <trkpt lat="49.671870000000006" lon="-116.45963">
    <ele>1250.0900000000001</ele>
   </trkpt>
   <trkpt lat="49.67204" lon="-116.45918">
    <ele>1247.12</ele>
   </trkpt>
   <trkpt lat="49.67210000000001" lon="-116.45888000000001">
    <ele>1246.19</ele>
   </trkpt>
   <trkpt lat="49.67203000000001" lon="-116.45824">
    <ele>1241.3</ele>
   </trkpt>
   <trkpt lat="49.672000000000004" lon="-116.45738000000001">
    <ele>1239.03</ele>
   </trkpt>
   <trkpt lat="49.671820000000004" lon="-116.45667">
    <ele>1239.41</ele>
   </trkpt>
   <trkpt lat="49.671750002883066" lon="-116.45584999868034">
    <ele>1240.49</ele>
   </trkpt>
   <trkpt lat="49.67168" lon="-116.45503000000001">
    <ele>1240.94</ele>
   </trkpt>
   <trkpt lat="49.671400000000006" lon="-116.45399">
    <ele>1240.31</ele>
   </trkpt>
   <trkpt lat="49.67125" lon="-116.45324000000001">
    <ele>1239.53</ele>
   </trkpt>
   <trkpt lat="49.67081" lon="-116.45224">
    <ele>1240.0</ele>
   </trkpt>
   <trkpt lat="49.67039000268525" lon="-116.45143999295851">
    <ele>1239.26</ele>
   </trkpt>
   <trkpt lat="49.669970000000006" lon="-116.45064">
    <ele>1237.43</ele>
   </trkpt>
   <trkpt lat="49.66973" lon="-116.45009">
    <ele>1236.2700000000002</ele>
   </trkpt>
   <trkpt lat="49.669470000000004" lon="-116.4496">
    <ele>1235.16</ele>
   </trkpt>
   <trkpt lat="49.66931" lon="-116.44921000000001">
    <ele>1232.7800000000002</ele>
   </trkpt>
   <trkpt lat="49.669290000000004" lon="-116.44876000000001">
    <ele>1231.6100000000001</ele>
   </trkpt>
   <trkpt lat="49.669340000000005" lon="-116.44854000000001">
    <ele>1231.26</ele>
   </trkpt>
   <trkpt lat="49.669430000000006" lon="-116.44835">
    <ele>1230.85</ele>
   </trkpt>
   <trkpt lat="49.66967" lon="-116.44812">
    <ele>1229.45</ele>
   </trkpt>
   <trkpt lat="49.66977000000001" lon="-116.44785">
    <ele>1228.2</ele>
   </trkpt>
   <trkpt lat="49.66977000000001" lon="-116.44745">
    <ele>1228.04</ele>
   </trkpt>
   <trkpt lat="49.669740000000004" lon="-116.44727">
    <ele>1228.3200000000002</ele>
   </trkpt>
   <trkpt lat="49.669650000000004" lon="-116.44709">
    <ele>1228.7100000000003</ele>
   </trkpt>
   <trkpt lat="49.66948000000001" lon="-116.44696">
    <ele>1229.15</ele>
   </trkpt>
   <trkpt lat="49.668730000000004" lon="-116.44679000000001">
    <ele>1230.75</ele>
   </trkpt>
   <trkpt lat="49.668600000000005" lon="-116.44668000000001">
    <ele>1230.01</ele>
   </trkpt>
   <trkpt lat="49.66841" lon="-116.44642">
    <ele>1229.8</ele>
   </trkpt>
   <trkpt lat="49.66825000000001" lon="-116.44615">
    <ele>1229.3700000000001</ele>
   </trkpt>
   <trkpt lat="49.66794" lon="-116.44543000000002">
    <ele>1229.02</ele>
   </trkpt>
   <trkpt lat="49.66780000000001" lon="-116.44500000000001">
    <ele>1228.7</ele>
   </trkpt>
   <trkpt lat="49.667680000000004" lon="-116.4445">
    <ele>1228.64</ele>
   </trkpt>
   <trkpt lat="49.66760000000001" lon="-116.44432">
    <ele>1228.79</ele>
   </trkpt>
   <trkpt lat="49.66725" lon="-116.4436">
    <ele>1229.02</ele>
   </trkpt>
   <trkpt lat="49.666990000000006" lon="-116.44326000000001">
    <ele>1229.69</ele>
   </trkpt>
   <trkpt lat="49.666920000000005" lon="-116.44306">
    <ele>1229.6100000000001</ele>
   </trkpt>
   <trkpt lat="49.66687" lon="-116.44279000000002">
    <ele>1229.41</ele>
   </trkpt>
   <trkpt lat="49.666880000000006" lon="-116.44194">
    <ele>1228.42</ele>
   </trkpt>
   <trkpt lat="49.66696" lon="-116.44129000000001">
    <ele>1227.81</ele>
   </trkpt>
   <trkpt lat="49.66714" lon="-116.44051">
    <ele>1227.2500000000002</ele>
   </trkpt>
   <trkpt lat="49.667210000000004" lon="-116.43939">
    <ele>1227.6299999999999</ele>
   </trkpt>
   <trkpt lat="49.66713000000001" lon="-116.43854">
    <ele>1226.63</ele>
   </trkpt>
   <trkpt lat="49.66691500559738" lon="-116.43739999497164">
    <ele>1225.99</ele>
   </trkpt>
   <trkpt lat="49.666700000000006" lon="-116.43626">
    <ele>1226.63</ele>
   </trkpt>
   <trkpt lat="49.66662" lon="-116.43604">
    <ele>1226.3400000000001</ele>
   </trkpt>
   <trkpt lat="49.6664" lon="-116.43558000000002">
    <ele>1224.68</ele>
   </trkpt>
   <trkpt lat="49.66619000000001" lon="-116.43545">
    <ele>1223.0100000000002</ele>
   </trkpt>
   <trkpt lat="49.666050000000006" lon="-116.43527">
    <ele>1219.8500000000001</ele>
   </trkpt>
   <trkpt lat="49.66564" lon="-116.43457000000001">
    <ele>1214.76</ele>
   </trkpt>
   <trkpt lat="49.6655" lon="-116.43425">
    <ele>1213.47</ele>
   </trkpt>
   <trkpt lat="49.66526" lon="-116.43384">
    <ele>1212.41</ele>
   </trkpt>
   <trkpt lat="49.6649" lon="-116.43295">
    <ele>1208.11</ele>
   </trkpt>
   <trkpt lat="49.664590006275695" lon="-116.43173999218013">
    <ele>1205.7600000000002</ele>
   </trkpt>
   <trkpt lat="49.664280000000005" lon="-116.43053">
    <ele>1205.8300000000002</ele>
   </trkpt>
   <trkpt lat="49.663970000000006" lon="-116.42986">
    <ele>1206.0300000000002</ele>
   </trkpt>
   <trkpt lat="49.66384000000001" lon="-116.42944000000001">
    <ele>1206.0300000000002</ele>
   </trkpt>
   <trkpt lat="49.663590000000006" lon="-116.42869">
    <ele>1205.93</ele>
   </trkpt>
   <trkpt lat="49.66353" lon="-116.42821">
    <ele>1205.15</ele>
   </trkpt>
   <trkpt lat="49.66335" lon="-116.42775">
    <ele>1203.6</ele>
   </trkpt>
   <trkpt lat="49.663230000000006" lon="-116.42713">
    <ele>1201.48</ele>
   </trkpt>
   <trkpt lat="49.66299" lon="-116.42641">
    <ele>1200.26</ele>
   </trkpt>
   <trkpt lat="49.66288" lon="-116.42596">
    <ele>1199.23</ele>
   </trkpt>
   <trkpt lat="49.66286" lon="-116.42578">
    <ele>1198.7500000000002</ele>
   </trkpt>
   <trkpt lat="49.662760000000006" lon="-116.42551">
    <ele>1197.68</ele>
   </trkpt>
   <trkpt lat="49.662620000000004" lon="-116.42533">
    <ele>1196.48</ele>
   </trkpt>
   <trkpt lat="49.6625" lon="-116.42521">
    <ele>1195.6100000000001</ele>
   </trkpt>
   <trkpt lat="49.66227000000001" lon="-116.42476">
    <ele>1193.93</ele>
   </trkpt>
   <trkpt lat="49.661620000000006" lon="-116.42399">
    <ele>1190.8700000000001</ele>
   </trkpt>
   <trkpt lat="49.661440000000006" lon="-116.42354">
    <ele>1187.99</ele>
   </trkpt>
   <trkpt lat="49.661350000000006" lon="-116.42301">
    <ele>1186.52</ele>
   </trkpt>
   <trkpt lat="49.66114" lon="-116.42244000000001">
    <ele>1186.2400000000002</ele>
   </trkpt>
   <trkpt lat="49.66085" lon="-116.42197000000002">
    <ele>1187.0</ele>
   </trkpt>
   <trkpt lat="49.660590000000006" lon="-116.42157">
    <ele>1186.5400000000002</ele>
   </trkpt>
   <trkpt lat="49.660560000000004" lon="-116.42148">
    <ele>1186.3000000000002</ele>
   </trkpt>
   <trkpt lat="49.66057000000001" lon="-116.42113">
    <ele>1185.3400000000001</ele>
   </trkpt>
   <trkpt lat="49.66066000000001" lon="-116.42073">
    <ele>1184.4</ele>
   </trkpt>
   <trkpt lat="49.660700000000006" lon="-116.42032">
    <ele>1183.88</ele>
   </trkpt>
   <trkpt lat="49.660720000000005" lon="-116.42005">
    <ele>1183.54</ele>
   </trkpt>
   <trkpt lat="49.660700000000006" lon="-116.41969">
    <ele>1183.41</ele>
   </trkpt>
   <trkpt lat="49.66055000260797" lon="-116.41890499734292">
    <ele>1183.4300000000003</ele>
   </trkpt>
   <trkpt lat="49.6604" lon="-116.41812000000002">
    <ele>1182.52</ele>
   </trkpt>
   <trkpt lat="49.66035" lon="-116.418">
    <ele>1182.3700000000001</ele>
   </trkpt>
   <trkpt lat="49.66026" lon="-116.41755">
    <ele>1182.42</ele>
   </trkpt>
   <trkpt lat="49.660000000000004" lon="-116.41678">
    <ele>1184.14</ele>
   </trkpt>
   <trkpt lat="49.659800000000004" lon="-116.41598">
    <ele>1186.71</ele>
   </trkpt>
   <trkpt lat="49.65961" lon="-116.41553">
    <ele>1187.51</ele>
   </trkpt>
   <trkpt lat="49.659200000000006" lon="-116.4149">
    <ele>1188.79</ele>
   </trkpt>
   <trkpt lat="49.6589" lon="-116.41428">
    <ele>1190.23</ele>
   </trkpt>
   <trkpt lat="49.65856" lon="-116.41378">
    <ele>1190.82</ele>
   </trkpt>
   <trkpt lat="49.65841" lon="-116.41343">
    <ele>1190.6100000000001</ele>
   </trkpt>
   <trkpt lat="49.658100000000005" lon="-116.41306000000002">
    <ele>1190.5400000000002</ele>
   </trkpt>
   <trkpt lat="49.657770000000006" lon="-116.41231">
    <ele>1190.3700000000001</ele>
   </trkpt>
   <trkpt lat="49.657450000000004" lon="-116.41139000000001">
    <ele>1190.99</ele>
   </trkpt>
   <trkpt lat="49.65702" lon="-116.41061">
    <ele>1195.39</ele>
   </trkpt>
   <trkpt lat="49.6567300023325" lon="-116.40986999552558">
    <ele>1199.3100000000002</ele>
   </trkpt>
   <trkpt lat="49.65644" lon="-116.40913">
    <ele>1203.21</ele>
   </trkpt>
   <trkpt lat="49.65616000000001" lon="-116.40828">
    <ele>1207.0400000000002</ele>
   </trkpt>
   <trkpt lat="49.65603" lon="-116.4077">
    <ele>1208.52</ele>
   </trkpt>
   <trkpt lat="49.655770000000004" lon="-116.40695000000001">
    <ele>1211.42</ele>
   </trkpt>
   <trkpt lat="49.65534" lon="-116.40601000000001">
    <ele>1212.89</ele>
   </trkpt>
   <trkpt lat="49.65505" lon="-116.4056">
    <ele>1213.6100000000001</ele>
   </trkpt>
   <trkpt lat="49.65458" lon="-116.4051">
    <ele>1215.3700000000001</ele>
   </trkpt>
   <trkpt lat="49.653955001138854" lon="-116.40458999346616">
    <ele>1218.08</ele>
   </trkpt>
   <trkpt lat="49.653330000000004" lon="-116.40408000000001">
    <ele>1223.5900000000001</ele>
   </trkpt>
   <trkpt lat="49.65308" lon="-116.40371">
    <ele>1225.7300000000002</ele>
   </trkpt>
   <trkpt lat="49.652820000000006" lon="-116.40322">
    <ele>1227.72</ele>
   </trkpt>
   <trkpt lat="49.6527" lon="-116.40273">
    <ele>1228.66</ele>
   </trkpt>
   <trkpt lat="49.65269000000001" lon="-116.40219">
    <ele>1228.22</ele>
   </trkpt>
   <trkpt lat="49.65272" lon="-116.40192">
    <ele>1227.41</ele>
   </trkpt>
   <trkpt lat="49.65287000000001" lon="-116.40107">
    <ele>1224.8000000000002</ele>
   </trkpt>
   <trkpt lat="49.65288" lon="-116.40068000000001">
    <ele>1224.0000000000002</ele>
   </trkpt>
   <trkpt lat="49.65296000000001" lon="-116.39995">
    <ele>1222.73</ele>
   </trkpt>
   <trkpt lat="49.652950000000004" lon="-116.39945000000002">
    <ele>1222.26</ele>
   </trkpt>
   <trkpt lat="49.652890000000006" lon="-116.39923">
    <ele>1221.53</ele>
   </trkpt>
   <trkpt lat="49.652890000000006" lon="-116.39906">
    <ele>1221.3500000000001</ele>
   </trkpt>
   <trkpt lat="49.652840000000005" lon="-116.39902000000001">
    <ele>1221.3</ele>
   </trkpt>
   <trkpt lat="49.65267" lon="-116.39866">
    <ele>1221.1100000000001</ele>
   </trkpt>
   <trkpt lat="49.65258000000001" lon="-116.39838">
    <ele>1220.8700000000001</ele>
   </trkpt>
   <trkpt lat="49.65245" lon="-116.39713">
    <ele>1218.5700000000002</ele>
   </trkpt>
   <trkpt lat="49.65206000194413" lon="-116.39645999465074">
    <ele>1217.26</ele>
   </trkpt>
   <trkpt lat="49.65167" lon="-116.39579">
    <ele>1215.7900000000002</ele>
   </trkpt>
   <trkpt lat="49.651540000000004" lon="-116.39551000000002">
    <ele>1214.8400000000001</ele>
   </trkpt>
   <trkpt lat="49.651430000000005" lon="-116.39511">
    <ele>1213.74</ele>
   </trkpt>
   <trkpt lat="49.65135" lon="-116.3944">
    <ele>1212.7100000000003</ele>
   </trkpt>
   <trkpt lat="49.65129" lon="-116.39431">
    <ele>1210.41</ele>
   </trkpt>
   <trkpt lat="49.65129" lon="-116.39417">
    <ele>1210.41</ele>
   </trkpt>
   <trkpt lat="49.65097" lon="-116.39328">
    <ele>1207.44</ele>
   </trkpt>
   <trkpt lat="49.65091" lon="-116.39297">
    <ele>1206.6100000000001</ele>
   </trkpt>
   <trkpt lat="49.650670000000005" lon="-116.39234">
    <ele>1203.3400000000001</ele>
   </trkpt>
   <trkpt lat="49.650420000000004" lon="-116.3919">
    <ele>1200.99</ele>
   </trkpt>
   <trkpt lat="49.65026" lon="-116.39131">
    <ele>1197.84</ele>
   </trkpt>
   <trkpt lat="49.64996000000001" lon="-116.39052000000001">
    <ele>1195.14</ele>
   </trkpt>
   <trkpt lat="49.64987000000001" lon="-116.3901">
    <ele>1193.88</ele>
   </trkpt>
   <trkpt lat="49.649840000000005" lon="-116.38979">
    <ele>1191.93</ele>
   </trkpt>
   <trkpt lat="49.64978000000001" lon="-116.38957">
    <ele>1191.93</ele>
   </trkpt>
   <trkpt lat="49.64945" lon="-116.38871">
    <ele>1186.93</ele>
   </trkpt>
   <trkpt lat="49.64909" lon="-116.38795">
    <ele>1185.5500000000002</ele>
   </trkpt>
   <trkpt lat="49.64905" lon="-116.38777">
    <ele>1184.86</ele>
   </trkpt>
   <trkpt lat="49.64905" lon="-116.38755">
    <ele>1184.56</ele>
   </trkpt>
   <trkpt lat="49.648970000000006" lon="-116.38701">
    <ele>1183.2900000000002</ele>
   </trkpt>
   <trkpt lat="49.64875000000001" lon="-116.38594">
    <ele>1180.72</ele>
   </trkpt>
   <trkpt lat="49.648680000000006" lon="-116.38541000000001">
    <ele>1179.4600000000003</ele>
   </trkpt>
   <trkpt lat="49.64847" lon="-116.38491">
    <ele>1178.11</ele>
   </trkpt>
   <trkpt lat="49.64806" lon="-116.38416000000001">
    <ele>1176.29</ele>
   </trkpt>
   <trkpt lat="49.647600000000004" lon="-116.38303">
    <ele>1177.5200000000002</ele>
   </trkpt>
   <trkpt lat="49.647540000000006" lon="-116.38267">
    <ele>1177.42</ele>
   </trkpt>
   <trkpt lat="49.64755" lon="-116.38246000000001">
    <ele>1177.25</ele>
   </trkpt>
   <trkpt lat="49.64735" lon="-116.38182">
    <ele>1177.43</ele>
   </trkpt>
   <trkpt lat="49.647270000000006" lon="-116.38141">
    <ele>1177.95</ele>
   </trkpt>
   <trkpt lat="49.647220000000004" lon="-116.38016">
    <ele>1176.1200000000001</ele>
   </trkpt>
   <trkpt lat="49.64717" lon="-116.37976">
    <ele>1174.1200000000001</ele>
   </trkpt>
   <trkpt lat="49.647200000000005" lon="-116.37962">
    <ele>1174.1200000000001</ele>
   </trkpt>
   <trkpt lat="49.64715" lon="-116.37927">
    <ele>1172.9</ele>
   </trkpt>
   <trkpt lat="49.64701" lon="-116.37868">
    <ele>1169.68</ele>
   </trkpt>
   <trkpt lat="49.64678000201682" lon="-116.37799499675266">
    <ele>1164.1100000000001</ele>
   </trkpt>
   <trkpt lat="49.646550000000005" lon="-116.37731000000001">
    <ele>1160.0400000000002</ele>
   </trkpt>
   <trkpt lat="49.646370000000005" lon="-116.37695000000001">
    <ele>1157.63</ele>
   </trkpt>
   <trkpt lat="49.64614" lon="-116.37623">
    <ele>1154.3700000000001</ele>
   </trkpt>
   <trkpt lat="49.64587" lon="-116.37569">
    <ele>1152.8700000000001</ele>
   </trkpt>
   <trkpt lat="49.64575000000001" lon="-116.37538">
    <ele>1151.58</ele>
   </trkpt>
   <trkpt lat="49.64573000000001" lon="-116.37515">
    <ele>1151.25</ele>
   </trkpt>
   <trkpt lat="49.64566000000001" lon="-116.37479">
    <ele>1148.63</ele>
   </trkpt>
   <trkpt lat="49.64556" lon="-116.37449000000001">
    <ele>1147.8000000000002</ele>
   </trkpt>
   <trkpt lat="49.64539500382078" lon="-116.373544996656">
    <ele>1142.91</ele>
   </trkpt>
   <trkpt lat="49.645230000000005" lon="-116.3726">
    <ele>1141.14</ele>
   </trkpt>
   <trkpt lat="49.64499000380849" lon="-116.3716599953803">
    <ele>1143.0600000000002</ele>
   </trkpt>
   <trkpt lat="49.64475" lon="-116.37072">
    <ele>1141.8300000000002</ele>
   </trkpt>
   <trkpt lat="49.64463000000001" lon="-116.36973">
    <ele>1136.1100000000001</ele>
   </trkpt>
   <trkpt lat="49.644580000000005" lon="-116.36888">
    <ele>1132.8600000000001</ele>
   </trkpt>
   <trkpt lat="49.64448" lon="-116.36839">
    <ele>1130.06</ele>
   </trkpt>
   <trkpt lat="49.64428000210768" lon="-116.36769499724134">
    <ele>1125.48</ele>
   </trkpt>
   <trkpt lat="49.64408" lon="-116.367">
    <ele>1122.6100000000001</ele>
   </trkpt>
   <trkpt lat="49.64396000000001" lon="-116.36642">
    <ele>1119.43</ele>
   </trkpt>
   <trkpt lat="49.643660000000004" lon="-116.36535">
    <ele>1117.34</ele>
   </trkpt>
   <trkpt lat="49.64342500187983" lon="-116.36468999682586">
    <ele>1115.79</ele>
   </trkpt>
   <trkpt lat="49.643190000000004" lon="-116.36403000000001">
    <ele>1114.43</ele>
   </trkpt>
   <trkpt lat="49.64282000000001" lon="-116.36316000000001">
    <ele>1110.5900000000001</ele>
   </trkpt>
   <trkpt lat="49.64262" lon="-116.36249000000001">
    <ele>1104.44</ele>
   </trkpt>
   <trkpt lat="49.6426" lon="-116.36221">
    <ele>1103.48</ele>
   </trkpt>
   <trkpt lat="49.642520000000005" lon="-116.36218000000001">
    <ele>1102.5900000000001</ele>
   </trkpt>
   <trkpt lat="49.64247" lon="-116.36181">
    <ele>1100.73</ele>
   </trkpt>
   <trkpt lat="49.6424" lon="-116.36078">
    <ele>1095.7400000000002</ele>
   </trkpt>
   <trkpt lat="49.64238" lon="-116.35966">
    <ele>1092.12</ele>
   </trkpt>
   <trkpt lat="49.64249001017429" lon="-116.35857333819895">
    <ele>1088.4</ele>
   </trkpt>
   <trkpt lat="49.6426000101788" lon="-116.35748667148766">
    <ele>1084.0400000000002</ele>
   </trkpt>
   <trkpt lat="49.64271" lon="-116.35640000000001">
    <ele>1077.59</ele>
   </trkpt>
   <trkpt lat="49.64276500384756" lon="-116.35545500103197">
    <ele>1071.96</ele>
   </trkpt>
   <trkpt lat="49.64282000000001" lon="-116.35451">
    <ele>1069.7</ele>
   </trkpt>
   <trkpt lat="49.64294000210228" lon="-116.35381500158378">
    <ele>1066.92</ele>
   </trkpt>
   <trkpt lat="49.643060000000006" lon="-116.35312">
    <ele>1065.26</ele>
   </trkpt>
   <trkpt lat="49.64316" lon="-116.35231">
    <ele>1062.4600000000003</ele>
   </trkpt>
   <trkpt lat="49.64335500490896" lon="-116.35124500412974">
    <ele>1056.88</ele>
   </trkpt>
   <trkpt lat="49.643550000000005" lon="-116.35018000000001">
    <ele>1053.22</ele>
   </trkpt>
   <trkpt lat="49.643600000000006" lon="-116.34980000000002">
    <ele>1052.23</ele>
   </trkpt>
   <trkpt lat="49.64383" lon="-116.34891">
    <ele>1050.77</ele>
   </trkpt>
   <trkpt lat="49.64392" lon="-116.34829">
    <ele>1050.07</ele>
   </trkpt>
   <trkpt lat="49.644110000000005" lon="-116.34743">
    <ele>1049.15</ele>
   </trkpt>
   <trkpt lat="49.64426" lon="-116.34712">
    <ele>1047.8400000000001</ele>
   </trkpt>
   <trkpt lat="49.644380000000005" lon="-116.34694">
    <ele>1046.5800000000002</ele>
   </trkpt>
   <trkpt lat="49.64463000000001" lon="-116.34672">
    <ele>1043.41</ele>
   </trkpt>
   <trkpt lat="49.64524" lon="-116.346">
    <ele>1035.63</ele>
   </trkpt>
   <trkpt lat="49.645390000000006" lon="-116.34574">
    <ele>1032.84</ele>
   </trkpt>
   <trkpt lat="49.64573000000001" lon="-116.34533">
    <ele>1028.0200000000002</ele>
   </trkpt>
   <trkpt lat="49.64591" lon="-116.3452">
    <ele>1023.6899999999999</ele>
   </trkpt>
   <trkpt lat="49.64612" lon="-116.34497">
    <ele>1021.3100000000002</ele>
   </trkpt>
   <trkpt lat="49.646565001586794" lon="-116.34439000512155">
    <ele>1016.4200000000001</ele>
   </trkpt>
   <trkpt lat="49.64701" lon="-116.34381">
    <ele>1014.1999999999999</ele>
   </trkpt>
   <trkpt lat="49.64737" lon="-116.34319">
    <ele>1013.71</ele>
   </trkpt>
   <trkpt lat="49.647940000000006" lon="-116.34237">
    <ele>1012.32</ele>
   </trkpt>
   <trkpt lat="49.64844" lon="-116.34152">
    <ele>1011.22</ele>
   </trkpt>
   <trkpt lat="49.648720000000004" lon="-116.34112">
    <ele>1010.7000000000002</ele>
   </trkpt>
   <trkpt lat="49.64889" lon="-116.34081">
    <ele>1009.9</ele>
   </trkpt>
   <trkpt lat="49.64903" lon="-116.34037000000001">
    <ele>1008.4399999999999</ele>
   </trkpt>
   <trkpt lat="49.649060000000006" lon="-116.34018">
    <ele>1007.97</ele>
   </trkpt>
   <trkpt lat="49.64905" lon="-116.3396">
    <ele>1007.3199999999999</ele>
   </trkpt>
   <trkpt lat="49.64894" lon="-116.33928000000002">
    <ele>1006.8700000000001</ele>
   </trkpt>
   <trkpt lat="49.64887" lon="-116.33888">
    <ele>1006.51</ele>
   </trkpt>
   <trkpt lat="49.648880000000005" lon="-116.33818000000001">
    <ele>1005.9100000000001</ele>
   </trkpt>
   <trkpt lat="49.64904000000001" lon="-116.33767">
    <ele>1005.56</ele>
   </trkpt>
   <trkpt lat="49.64911000000001" lon="-116.33733000000001">
    <ele>1005.33</ele>
   </trkpt>
   <trkpt lat="49.649190000000004" lon="-116.33718">
    <ele>1005.33</ele>
   </trkpt>
   <trkpt lat="49.6495" lon="-116.33603000000001">
    <ele>1004.24</ele>
   </trkpt>
   <trkpt lat="49.64976" lon="-116.33536000000001">
    <ele>1003.6200000000001</ele>
   </trkpt>
   <trkpt lat="49.64988" lon="-116.33512">
    <ele>1003.33</ele>
   </trkpt>
   <trkpt lat="49.650040000000004" lon="-116.33467">
    <ele>1002.81</ele>
   </trkpt>
   <trkpt lat="49.6501" lon="-116.33437">
    <ele>1002.2800000000001</ele>
   </trkpt>
   <trkpt lat="49.65019" lon="-116.33422000000002">
    <ele>1001.95</ele>
   </trkpt>
   <trkpt lat="49.650400000000005" lon="-116.33311">
    <ele>1000.4000000000002</ele>
   </trkpt>
   <trkpt lat="49.65057" lon="-116.33257">
    <ele>1000.07</ele>
   </trkpt>
   <trkpt lat="49.65075000435861" lon="-116.33156500366351">
    <ele>999.82</ele>
   </trkpt>
   <trkpt lat="49.65093" lon="-116.33056">
    <ele>999.7300000000001</ele>
   </trkpt>
   <trkpt lat="49.65109" lon="-116.32988">
    <ele>999.75</ele>
   </trkpt>
   <trkpt lat="49.65131" lon="-116.32927000000001">
    <ele>1001.5100000000001</ele>
   </trkpt>
   <trkpt lat="49.65144" lon="-116.32909000000001">
    <ele>1002.96</ele>
   </trkpt>
   <trkpt lat="49.651630000000004" lon="-116.32906000000001">
    <ele>1003.4500000000002</ele>
   </trkpt>
   <trkpt lat="49.65189" lon="-116.32909000000001">
    <ele>1003.39</ele>
   </trkpt>
   <trkpt lat="49.65223" lon="-116.32912">
    <ele>1002.8400000000001</ele>
   </trkpt>
   <trkpt lat="49.652550000000005" lon="-116.32912">
    <ele>1001.6200000000001</ele>
   </trkpt>
   <trkpt lat="49.652710000000006" lon="-116.32899">
    <ele>1000.85</ele>
   </trkpt>
   <trkpt lat="49.652800000000006" lon="-116.3289">
    <ele>1000.65</ele>
   </trkpt>
   <trkpt lat="49.653110000000005" lon="-116.32823">
    <ele>1000.6300000000001</ele>
   </trkpt>
   <trkpt lat="49.65298000000001" lon="-116.32802000000001">
    <ele>1000.85</ele>
   </trkpt>
   <trkpt lat="49.65283" lon="-116.32788000000001">
    <ele>1001.2700000000001</ele>
   </trkpt>
   <trkpt lat="49.65202000000001" lon="-116.32733">
    <ele>1005.7900000000002</ele>
   </trkpt>
   <trkpt lat="49.651830000000004" lon="-116.32706">
    <ele>1007.4000000000001</ele>
   </trkpt>
   <trkpt lat="49.65157000000001" lon="-116.32679">
    <ele>1009.0600000000001</ele>
   </trkpt>
   <trkpt lat="49.651340000000005" lon="-116.32648">
    <ele>1009.71</ele>
   </trkpt>
   <trkpt lat="49.651030001386765" lon="-116.32589999619056">
    <ele>1007.6700000000001</ele>
   </trkpt>
   <trkpt lat="49.65072000000001" lon="-116.32532">
    <ele>1006.5700000000002</ele>
   </trkpt>
   <trkpt lat="49.650090000000006" lon="-116.32465">
    <ele>1006.27</ele>
   </trkpt>
   <trkpt lat="49.649710000000006" lon="-116.32437000000002">
    <ele>1005.02</ele>
   </trkpt>
   <trkpt lat="49.649440000000006" lon="-116.32429">
    <ele>1005.26</ele>
   </trkpt>
   <trkpt lat="49.64896" lon="-116.32407">
    <ele>1006.83</ele>
   </trkpt>
   <trkpt lat="49.6488" lon="-116.32397">
    <ele>1007.9200000000001</ele>
   </trkpt>
   <trkpt lat="49.64842" lon="-116.32357">
    <ele>1009.23</ele>
   </trkpt>
   <trkpt lat="49.648210000000006" lon="-116.32344">
    <ele>1009.6800000000001</ele>
   </trkpt>
   <trkpt lat="49.647830000000006" lon="-116.32308">
    <ele>1009.7900000000002</ele>
   </trkpt>
   <trkpt lat="49.64766" lon="-116.32303">
    <ele>1009.49</ele>
   </trkpt>
   <trkpt lat="49.64724000016656" lon="-116.32274499741686">
    <ele>1006.8700000000001</ele>
   </trkpt>
   <trkpt lat="49.646820000000005" lon="-116.32246">
    <ele>1005.49</ele>
   </trkpt>
   <trkpt lat="49.64629000000001" lon="-116.32178">
    <ele>1002.81</ele>
   </trkpt>
   <trkpt lat="49.64620000000001" lon="-116.32173000000002">
    <ele>1002.7900000000001</ele>
   </trkpt>
   <trkpt lat="49.645920000000004" lon="-116.32138">
    <ele>1003.3000000000001</ele>
   </trkpt>
   <trkpt lat="49.64549" lon="-116.32115">
    <ele>1005.5899999999999</ele>
   </trkpt>
   <trkpt lat="49.64528000000001" lon="-116.32090000000001">
    <ele>1006.4300000000002</ele>
   </trkpt>
   <trkpt lat="49.645010000000006" lon="-116.32067">
    <ele>1006.62</ele>
   </trkpt>
   <trkpt lat="49.64486" lon="-116.3204">
    <ele>1006.9700000000001</ele>
   </trkpt>
   <trkpt lat="49.64462" lon="-116.31981">
    <ele>1007.66</ele>
   </trkpt>
   <trkpt lat="49.644490000000005" lon="-116.31958000000002">
    <ele>1008.14</ele>
   </trkpt>
   <trkpt lat="49.64432000000001" lon="-116.31932">
    <ele>1009.3199999999999</ele>
   </trkpt>
   <trkpt lat="49.643910000000005" lon="-116.31891">
    <ele>1009.8200000000002</ele>
   </trkpt>
   <trkpt lat="49.64377" lon="-116.31865">
    <ele>1008.6000000000001</ele>
   </trkpt>
   <trkpt lat="49.64338000000001" lon="-116.31817000000001">
    <ele>1005.3500000000001</ele>
   </trkpt>
   <trkpt lat="49.64289" lon="-116.31748">
    <ele>1002.1</ele>
   </trkpt>
   <trkpt lat="49.64247" lon="-116.31677">
    <ele>1002.11</ele>
   </trkpt>
   <trkpt lat="49.64226000000001" lon="-116.31654">
    <ele>1002.38</ele>
   </trkpt>
   <trkpt lat="49.642030000000005" lon="-116.31623">
    <ele>1002.8000000000001</ele>
   </trkpt>
   <trkpt lat="49.64184" lon="-116.31588">
    <ele>1002.75</ele>
   </trkpt>
   <trkpt lat="49.641650000000006" lon="-116.31556">
    <ele>1001.8800000000001</ele>
   </trkpt>
   <trkpt lat="49.641400000000004" lon="-116.31484">
    <ele>999.4900000000001</ele>
   </trkpt>
   <trkpt lat="49.64125000000001" lon="-116.31475">
    <ele>999.0500000000001</ele>
   </trkpt>
   <trkpt lat="49.640620000000006" lon="-116.31421">
    <ele>1000.88</ele>
   </trkpt>
   <trkpt lat="49.64032" lon="-116.31381">
    <ele>1000.4900000000001</ele>
   </trkpt>
   <trkpt lat="49.639990000000004" lon="-116.31278">
    <ele>997.3900000000001</ele>
   </trkpt>
   <trkpt lat="49.63994" lon="-116.3122">
    <ele>995.94</ele>
   </trkpt>
   <trkpt lat="49.63987" lon="-116.31206">
    <ele>995.57</ele>
   </trkpt>
   <trkpt lat="49.63975000000001" lon="-116.31157">
    <ele>995.5100000000001</ele>
   </trkpt>
   <trkpt lat="49.63969" lon="-116.31104">
    <ele>995.4200000000001</ele>
   </trkpt>
   <trkpt lat="49.63956" lon="-116.31082">
    <ele>995.57</ele>
   </trkpt>
   <trkpt lat="49.63913" lon="-116.31059">
    <ele>996.65</ele>
   </trkpt>
   <trkpt lat="49.638920000000006" lon="-116.31055">
    <ele>996.9000000000001</ele>
   </trkpt>
   <trkpt lat="49.63875" lon="-116.31045">
    <ele>997.0500000000001</ele>
   </trkpt>
   <trkpt lat="49.63859" lon="-116.31023">
    <ele>996.84</ele>
   </trkpt>
   <trkpt lat="49.63816000437" lon="-116.30921999102794">
    <ele>996.5800000000002</ele>
   </trkpt>
   <trkpt lat="49.637730000000005" lon="-116.30821">
    <ele>997.08</ele>
   </trkpt>
   <trkpt lat="49.637480000000004" lon="-116.30719">
    <ele>999.0000000000001</ele>
   </trkpt>
   <trkpt lat="49.637470002794295" lon="-116.30638500013382">
    <ele>997.6700000000001</ele>
   </trkpt>
   <trkpt lat="49.637460000000004" lon="-116.30558">
    <ele>995.8000000000001</ele>
   </trkpt>
   <trkpt lat="49.63734" lon="-116.305">
    <ele>993.47</ele>
   </trkpt>
   <trkpt lat="49.63694" lon="-116.30392">
    <ele>992.6300000000001</ele>
   </trkpt>
   <trkpt lat="49.63683" lon="-116.30365">
    <ele>993.3100000000001</ele>
   </trkpt>
   <trkpt lat="49.63667" lon="-116.30342">
    <ele>993.5100000000001</ele>
   </trkpt>
   <trkpt lat="49.636370001943305" lon="-116.30274999589548">
    <ele>994.4300000000001</ele>
   </trkpt>
   <trkpt lat="49.636070000000004" lon="-116.30208">
    <ele>995.8800000000001</ele>
   </trkpt>
   <trkpt lat="49.63598" lon="-116.30194000000002">
    <ele>997.14</ele>
   </trkpt>
   <trkpt lat="49.635690000000004" lon="-116.30163">
    <ele>998.32</ele>
   </trkpt>
   <trkpt lat="49.63532000000001" lon="-116.30132">
    <ele>997.99</ele>
   </trkpt>
   <trkpt lat="49.6351" lon="-116.30105">
    <ele>997.3700000000001</ele>
   </trkpt>
   <trkpt lat="49.634820000000005" lon="-116.3006">
    <ele>996.2500000000001</ele>
   </trkpt>
   <trkpt lat="49.6347" lon="-116.30016">
    <ele>994.38</ele>
   </trkpt>
   <trkpt lat="49.634550000000004" lon="-116.29985">
    <ele>993.1200000000001</ele>
   </trkpt>
   <trkpt lat="49.634240000000005" lon="-116.29957">
    <ele>992.74</ele>
   </trkpt>
   <trkpt lat="49.633790000000005" lon="-116.29930000000002">
    <ele>992.96</ele>
   </trkpt>
   <trkpt lat="49.63344000000001" lon="-116.29891">
    <ele>993.71</ele>
   </trkpt>
   <trkpt lat="49.63317000000001" lon="-116.29819">
    <ele>996.2200000000001</ele>
   </trkpt>
   <trkpt lat="49.633" lon="-116.29800000000002">
    <ele>996.3900000000001</ele>
   </trkpt>
   <trkpt lat="49.63293" lon="-116.29783">
    <ele>995.9100000000001</ele>
   </trkpt>
   <trkpt lat="49.63290000000001" lon="-116.29751">
    <ele>993.98</ele>
   </trkpt>
   <trkpt lat="49.63286" lon="-116.29741000000001">
    <ele>993.1200000000001</ele>
   </trkpt>
   <trkpt lat="49.63286" lon="-116.29702">
    <ele>991.6100000000001</ele>
   </trkpt>
   <trkpt lat="49.632720000000006" lon="-116.29657">
    <ele>991.2</ele>
   </trkpt>
   <trkpt lat="49.63205000000001" lon="-116.29581">
    <ele>992.9100000000001</ele>
   </trkpt>
   <trkpt lat="49.631930000000004" lon="-116.29559">
    <ele>992.26</ele>
   </trkpt>
   <trkpt lat="49.631710000000005" lon="-116.29496">
    <ele>990.5800000000002</ele>
   </trkpt>
   <trkpt lat="49.63141" lon="-116.29451">
    <ele>990.09</ele>
   </trkpt>
   <trkpt lat="49.63103" lon="-116.29371">
    <ele>989.9200000000001</ele>
   </trkpt>
   <trkpt lat="49.63087" lon="-116.29353">
    <ele>989.9300000000001</ele>
   </trkpt>
   <trkpt lat="49.630570000000006" lon="-116.29309">
    <ele>989.65</ele>
   </trkpt>
   <trkpt lat="49.63031" lon="-116.29281">
    <ele>989.65</ele>
   </trkpt>
   <trkpt lat="49.62999000000001" lon="-116.29256000000001">
    <ele>989.5400000000001</ele>
   </trkpt>
   <trkpt lat="49.62986" lon="-116.29238000000001">
    <ele>989.23</ele>
   </trkpt>
   <trkpt lat="49.629720000000006" lon="-116.29233">
    <ele>989.23</ele>
   </trkpt>
   <trkpt lat="49.62964" lon="-116.29229000000001">
    <ele>989.1700000000001</ele>
   </trkpt>
   <trkpt lat="49.62957" lon="-116.29219">
    <ele>989.1700000000001</ele>
   </trkpt>
   <trkpt lat="49.62946" lon="-116.29193000000001">
    <ele>989.0300000000001</ele>
   </trkpt>
   <trkpt lat="49.62935" lon="-116.29183">
    <ele>989.0000000000001</ele>
   </trkpt>
   <trkpt lat="49.62914000000001" lon="-116.29126000000001">
    <ele>989.25</ele>
   </trkpt>
   <trkpt lat="49.62877" lon="-116.2908">
    <ele>990.9000000000001</ele>
   </trkpt>
   <trkpt lat="49.62863" lon="-116.29057">
    <ele>991.3400000000001</ele>
   </trkpt>
   <trkpt lat="49.62838000000001" lon="-116.28995">
    <ele>990.7900000000001</ele>
   </trkpt>
   <trkpt lat="49.6283" lon="-116.28955">
    <ele>989.4900000000001</ele>
   </trkpt>
   <trkpt lat="49.62809000000001" lon="-116.28919">
    <ele>988.5800000000002</ele>
   </trkpt>
   <trkpt lat="49.62782000000001" lon="-116.28892">
    <ele>988.11</ele>
   </trkpt>
   <trkpt lat="49.62764000000001" lon="-116.28869">
    <ele>988.0500000000001</ele>
   </trkpt>
   <trkpt lat="49.62751" lon="-116.28843">
    <ele>988.4100000000001</ele>
   </trkpt>
   <trkpt lat="49.627430000000004" lon="-116.28803">
    <ele>989.4000000000001</ele>
   </trkpt>
   <trkpt lat="49.62717000000001" lon="-116.28737000000001">
    <ele>992.1700000000001</ele>
   </trkpt>
   <trkpt lat="49.626850000000005" lon="-116.28667000000002">
    <ele>992.0000000000001</ele>
   </trkpt>
   <trkpt lat="49.626740000000005" lon="-116.28654000000002">
    <ele>991.9100000000001</ele>
   </trkpt>
   <trkpt lat="49.626560000000005" lon="-116.28605">
    <ele>991.6800000000001</ele>
   </trkpt>
   <trkpt lat="49.626430000000006" lon="-116.28556">
    <ele>988.98</ele>
   </trkpt>
   <trkpt lat="49.62635" lon="-116.28466000000002">
    <ele>986.8500000000001</ele>
   </trkpt>
   <trkpt lat="49.626270000000005" lon="-116.28445">
    <ele>986.8500000000001</ele>
   </trkpt>
   <trkpt lat="49.626180000000005" lon="-116.28377">
    <ele>987.21</ele>
   </trkpt>
   <trkpt lat="49.625870000000006" lon="-116.28267000000001">
    <ele>986.86</ele>
   </trkpt>
   <trkpt lat="49.62556000000001" lon="-116.28199000000001">
    <ele>987.01</ele>
   </trkpt>
   <trkpt lat="49.62545" lon="-116.28190000000001">
    <ele>987.01</ele>
   </trkpt>
   <trkpt lat="49.6253" lon="-116.28184">
    <ele>987.01</ele>
   </trkpt>
   <trkpt lat="49.624590000000005" lon="-116.28184">
    <ele>988.4600000000002</ele>
   </trkpt>
   <trkpt lat="49.62451" lon="-116.28171">
    <ele>988.37</ele>
   </trkpt>
   <trkpt lat="49.62443500235104" lon="-116.28096999878937">
    <ele>988.2</ele>
   </trkpt>
   <trkpt lat="49.62436" lon="-116.28023">
    <ele>988.77</ele>
   </trkpt>
   <trkpt lat="49.62427" lon="-116.27992">
    <ele>988.13</ele>
   </trkpt>
   <trkpt lat="49.624230000000004" lon="-116.27965">
    <ele>987.77</ele>
   </trkpt>
   <trkpt lat="49.62422" lon="-116.27938">
    <ele>987.5500000000001</ele>
   </trkpt>
   <trkpt lat="49.62425" lon="-116.27886000000001">
    <ele>987.1</ele>
   </trkpt>
   <trkpt lat="49.62445" lon="-116.27845">
    <ele>986.7300000000001</ele>
   </trkpt>
   <trkpt lat="49.62453000000001" lon="-116.27822">
    <ele>986.7300000000001</ele>
   </trkpt>
   <trkpt lat="49.624750000000006" lon="-116.27792000000001">
    <ele>986.4100000000001</ele>
   </trkpt>
   <trkpt lat="49.62501" lon="-116.2775">
    <ele>985.5600000000001</ele>
   </trkpt>
   <trkpt lat="49.625130000000006" lon="-116.27719">
    <ele>985.47</ele>
   </trkpt>
   <trkpt lat="49.62514" lon="-116.27692">
    <ele>985.46</ele>
   </trkpt>
   <trkpt lat="49.62505" lon="-116.27652">
    <ele>985.44</ele>
   </trkpt>
   <trkpt lat="49.62491000000001" lon="-116.27625">
    <ele>985.5100000000001</ele>
   </trkpt>
   <trkpt lat="49.624750000000006" lon="-116.27607">
    <ele>985.77</ele>
   </trkpt>
   <trkpt lat="49.624590000000005" lon="-116.27602">
    <ele>985.71</ele>
   </trkpt>
   <trkpt lat="49.624370000000006" lon="-116.27584000000002">
    <ele>985.9100000000001</ele>
   </trkpt>
   <trkpt lat="49.624320000000004" lon="-116.27563">
    <ele>986.2900000000001</ele>
   </trkpt>
   <trkpt lat="49.62402" lon="-116.27505000000001">
    <ele>987.5200000000001</ele>
   </trkpt>
   <trkpt lat="49.62395" lon="-116.27473">
    <ele>987.62</ele>
   </trkpt>
   <trkpt lat="49.62388000000001" lon="-116.27419">
    <ele>987.82</ele>
   </trkpt>
   <trkpt lat="49.62386" lon="-116.27334">
    <ele>987.33</ele>
   </trkpt>
   <trkpt lat="49.62393" lon="-116.27274000000001">
    <ele>986.01</ele>
   </trkpt>
   <trkpt lat="49.623960000000004" lon="-116.27219000000001">
    <ele>984.8100000000001</ele>
   </trkpt>
   <trkpt lat="49.623830000000005" lon="-116.27159">
    <ele>984.1700000000001</ele>
   </trkpt>
   <trkpt lat="49.62355" lon="-116.27089000000001">
    <ele>983.8800000000001</ele>
   </trkpt>
   <trkpt lat="49.62355" lon="-116.27016">
    <ele>983.9200000000001</ele>
   </trkpt>
   <trkpt lat="49.623580000000004" lon="-116.26971">
    <ele>984.32</ele>
   </trkpt>
   <trkpt lat="49.62353" lon="-116.269">
    <ele>984.6700000000001</ele>
   </trkpt>
   <trkpt lat="49.623430000000006" lon="-116.26847000000001">
    <ele>984.38</ele>
   </trkpt>
   <trkpt lat="49.62342" lon="-116.26829000000001">
    <ele>984.38</ele>
   </trkpt>
   <trkpt lat="49.623420004748056" lon="-116.26724000022818">
    <ele>984.19</ele>
   </trkpt>
   <trkpt lat="49.62342" lon="-116.26619000000001">
    <ele>984.84</ele>
   </trkpt>
   <trkpt lat="49.62344" lon="-116.26595">
    <ele>984.8700000000001</ele>
   </trkpt>
   <trkpt lat="49.623540000000006" lon="-116.26564">
    <ele>984.83</ele>
   </trkpt>
   <trkpt lat="49.62373" lon="-116.26461">
    <ele>984.3000000000001</ele>
   </trkpt>
   <trkpt lat="49.62371" lon="-116.2638">
    <ele>984.5</ele>
   </trkpt>
   <trkpt lat="49.62362" lon="-116.26291">
    <ele>985.19</ele>
   </trkpt>
   <trkpt lat="49.6236" lon="-116.26277">
    <ele>985.38</ele>
   </trkpt>
   <trkpt lat="49.62332000000001" lon="-116.26205000000002">
    <ele>985.94</ele>
   </trkpt>
   <trkpt lat="49.62285000000001" lon="-116.26129">
    <ele>984.89</ele>
   </trkpt>
   <trkpt lat="49.62259" lon="-116.26049">
    <ele>985.0200000000001</ele>
   </trkpt>
   <trkpt lat="49.622580000000006" lon="-116.25970000000001">
    <ele>985.22</ele>
   </trkpt>
   <trkpt lat="49.62268" lon="-116.25934000000001">
    <ele>985.37</ele>
   </trkpt>
   <trkpt lat="49.62266" lon="-116.25861">
    <ele>984.7800000000001</ele>
   </trkpt>
   <trkpt lat="49.622620000000005" lon="-116.25838">
    <ele>984.44</ele>
   </trkpt>
   <trkpt lat="49.62267000000001" lon="-116.25754">
    <ele>984.11</ele>
   </trkpt>
   <trkpt lat="49.62259" lon="-116.25713">
    <ele>984.4100000000001</ele>
   </trkpt>
   <trkpt lat="49.62241000231927" lon="-116.25638999710573">
    <ele>984.2600000000001</ele>
   </trkpt>
   <trkpt lat="49.62223" lon="-116.25565">
    <ele>983.8100000000001</ele>
   </trkpt>
   <trkpt lat="49.62203" lon="-116.25517">
    <ele>984.1800000000001</ele>
   </trkpt>
   <trkpt lat="49.621880000000004" lon="-116.25458">
    <ele>984.1200000000001</ele>
   </trkpt>
   <trkpt lat="49.62156" lon="-116.25404">
    <ele>985.2400000000001</ele>
   </trkpt>
   <trkpt lat="49.62145" lon="-116.25368">
    <ele>985.6700000000001</ele>
   </trkpt>
   <trkpt lat="49.6214" lon="-116.25342">
    <ele>985.94</ele>
   </trkpt>
   <trkpt lat="49.621370000000006" lon="-116.25296000000002">
    <ele>987.23</ele>
   </trkpt>
   <trkpt lat="49.621410000000004" lon="-116.25274">
    <ele>987.5</ele>
   </trkpt>
   <trkpt lat="49.621550000000006" lon="-116.25226">
    <ele>988.0300000000001</ele>
   </trkpt>
   <trkpt lat="49.62149" lon="-116.25212">
    <ele>988.35</ele>
   </trkpt>
   <trkpt lat="49.621230000000004" lon="-116.25176">
    <ele>988.6300000000001</ele>
   </trkpt>
   <trkpt lat="49.620720000000006" lon="-116.2514">
    <ele>988.3600000000001</ele>
   </trkpt>
   <trkpt lat="49.62026" lon="-116.25095">
    <ele>986.7800000000001</ele>
   </trkpt>
   <trkpt lat="49.620050000000006" lon="-116.25061000000001">
    <ele>986.5200000000001</ele>
   </trkpt>
   <trkpt lat="49.619910000000004" lon="-116.25046">
    <ele>986.59</ele>
   </trkpt>
   <trkpt lat="49.619620000000005" lon="-116.24983">
    <ele>987.3100000000001</ele>
   </trkpt>
   <trkpt lat="49.619510000000005" lon="-116.24925">
    <ele>988.33</ele>
   </trkpt>
   <trkpt lat="49.61937" lon="-116.24904000000001">
    <ele>988.59</ele>
   </trkpt>
   <trkpt lat="49.619200000000006" lon="-116.2489">
    <ele>989.33</ele>
   </trkpt>
   <trkpt lat="49.61885" lon="-116.2488">
    <ele>989.9700000000001</ele>
   </trkpt>
   <trkpt lat="49.61853000000001" lon="-116.24862">
    <ele>989.9300000000001</ele>
   </trkpt>
   <trkpt lat="49.61824000000001" lon="-116.24836">
    <ele>990.19</ele>
   </trkpt>
   <trkpt lat="49.61809" lon="-116.24810000000001">
    <ele>990.74</ele>
   </trkpt>
   <trkpt lat="49.61788000000001" lon="-116.24759">
    <ele>991.2</ele>
   </trkpt>
   <trkpt lat="49.617740000000005" lon="-116.24737">
    <ele>991.5300000000001</ele>
   </trkpt>
   <trkpt lat="49.617540000000005" lon="-116.24716000000001">
    <ele>991.6600000000001</ele>
   </trkpt>
   <trkpt lat="49.6174" lon="-116.24694000000001">
    <ele>991.7500000000001</ele>
   </trkpt>
   <trkpt lat="49.61731" lon="-116.24665">
    <ele>991.72</ele>
   </trkpt>
   <trkpt lat="49.61722" lon="-116.24620000000002">
    <ele>991.6</ele>
   </trkpt>
   <trkpt lat="49.617230000000006" lon="-116.24495">
    <ele>993.98</ele>
   </trkpt>
   <trkpt lat="49.61731" lon="-116.24455">
    <ele>996.32</ele>
   </trkpt>
   <trkpt lat="49.61733" lon="-116.24367000000001">
    <ele>1000.1999999999999</ele>
   </trkpt>
   <trkpt lat="49.61724" lon="-116.24307">
    <ele>1003.23</ele>
   </trkpt>
   <trkpt lat="49.617140000000006" lon="-116.24281">
    <ele>1004.0600000000002</ele>
   </trkpt>
   <trkpt lat="49.617020000000004" lon="-116.24227">
    <ele>1005.74</ele>
   </trkpt>
   <trkpt lat="49.617020000000004" lon="-116.24165">
    <ele>1007.1000000000001</ele>
   </trkpt>
   <trkpt lat="49.61692000000001" lon="-116.24106">
    <ele>1009.6200000000001</ele>
   </trkpt>
   <trkpt lat="49.61692000000001" lon="-116.24047000000002">
    <ele>1011.97</ele>
   </trkpt>
   <trkpt lat="49.61684" lon="-116.24004000000001">
    <ele>1013.9200000000002</ele>
   </trkpt>
   <trkpt lat="49.61684" lon="-116.23949">
    <ele>1016.65</ele>
   </trkpt>
   <trkpt lat="49.616980000000005" lon="-116.23878">
    <ele>1017.9500000000002</ele>
   </trkpt>
   <trkpt lat="49.61688" lon="-116.23753">
    <ele>1021.01</ele>
   </trkpt>
   <trkpt lat="49.61688" lon="-116.23716">
    <ele>1020.69</ele>
   </trkpt>
   <trkpt lat="49.61693" lon="-116.23685">
    <ele>1019.83</ele>
   </trkpt>
   <trkpt lat="49.61704" lon="-116.23657000000001">
    <ele>1018.6700000000002</ele>
   </trkpt>
   <trkpt lat="49.61713" lon="-116.23649">
    <ele>1017.73</ele>
   </trkpt>
   <trkpt lat="49.61739000000001" lon="-116.23635000000002">
    <ele>1016.1600000000002</ele>
   </trkpt>
   <trkpt lat="49.61751" lon="-116.23609">
    <ele>1015.52</ele>
   </trkpt>
   <trkpt lat="49.61759000000001" lon="-116.23579000000001">
    <ele>1015.09</ele>
   </trkpt>
   <trkpt lat="49.61764" lon="-116.23532000000002">
    <ele>1013.9100000000001</ele>
   </trkpt>
   <trkpt lat="49.61762" lon="-116.23461">
    <ele>1012.32</ele>
   </trkpt>
   <trkpt lat="49.61739000000001" lon="-116.23381">
    <ele>1011.3100000000002</ele>
   </trkpt>
   <trkpt lat="49.617380000000004" lon="-116.23331">
    <ele>1009.8500000000001</ele>
   </trkpt>
   <trkpt lat="49.617580000000004" lon="-116.23197">
    <ele>1007.9500000000002</ele>
   </trkpt>
   <trkpt lat="49.6176550023238" lon="-116.23123500115881">
    <ele>1007.47</ele>
   </trkpt>
   <trkpt lat="49.61773" lon="-116.2305">
    <ele>1007.5200000000002</ele>
   </trkpt>
   <trkpt lat="49.617720000000006" lon="-116.22943000000001">
    <ele>1008.85</ele>
   </trkpt>
   <trkpt lat="49.6176" lon="-116.22808">
    <ele>1009.4500000000002</ele>
   </trkpt>
   <trkpt lat="49.6176" lon="-116.22776">
    <ele>1009.71</ele>
   </trkpt>
   <trkpt lat="49.61752000480121" lon="-116.22670499836916">
    <ele>1010.7600000000001</ele>
   </trkpt>
   <trkpt lat="49.61744" lon="-116.22565000000002">
    <ele>1011.1700000000001</ele>
   </trkpt>
   <trkpt lat="49.617450005354804" lon="-116.22453500016994">
    <ele>1009.8100000000001</ele>
   </trkpt>
   <trkpt lat="49.61746" lon="-116.22342">
    <ele>1008.48</ele>
   </trkpt>
   <trkpt lat="49.617490000000004" lon="-116.22234">
    <ele>1007.33</ele>
   </trkpt>
   <trkpt lat="49.61755" lon="-116.22180000000002">
    <ele>1006.17</ele>
   </trkpt>
   <trkpt lat="49.61772500173621" lon="-116.22115500252086">
    <ele>1004.9300000000001</ele>
   </trkpt>
   <trkpt lat="49.617900000000006" lon="-116.22051">
    <ele>1004.7400000000001</ele>
   </trkpt>
   <trkpt lat="49.61797000000001" lon="-116.22010000000002">
    <ele>1004.8000000000001</ele>
   </trkpt>
   <trkpt lat="49.618010000000005" lon="-116.21939">
    <ele>1004.81</ele>
   </trkpt>
   <trkpt lat="49.618" lon="-116.21832">
    <ele>1003.6900000000002</ele>
   </trkpt>
   <trkpt lat="49.618" lon="-116.21711">
    <ele>1002.37</ele>
   </trkpt>
   <trkpt lat="49.618030000000005" lon="-116.21658000000001">
    <ele>1001.6400000000001</ele>
   </trkpt>
   <trkpt lat="49.61804" lon="-116.21567">
    <ele>1000.8700000000001</ele>
   </trkpt>
   <trkpt lat="49.618010000000005" lon="-116.21433">
    <ele>1000.68</ele>
   </trkpt>
   <trkpt lat="49.618010002080275" lon="-116.21363500026071">
    <ele>1000.5500000000001</ele>
   </trkpt>
   <trkpt lat="49.618010000000005" lon="-116.21294">
    <ele>1000.59</ele>
   </trkpt>
   <trkpt lat="49.61799334223862" lon="-116.21192333277598">
    <ele>1000.7400000000001</ele>
   </trkpt>
   <trkpt lat="49.617976675574226" lon="-116.21090666624721">
    <ele>1001.33</ele>
   </trkpt>
   <trkpt lat="49.617960000000004" lon="-116.20989000000002">
    <ele>1002.86</ele>
   </trkpt>
   <trkpt lat="49.61799000240835" lon="-116.20914000081696">
    <ele>1003.76</ele>
   </trkpt>
   <trkpt lat="49.61802" lon="-116.20839000000001">
    <ele>1005.09</ele>
   </trkpt>
   <trkpt lat="49.618140000000004" lon="-116.20721">
    <ele>1006.54</ele>
   </trkpt>
   <trkpt lat="49.61827" lon="-116.20641">
    <ele>1007.9800000000001</ele>
   </trkpt>
   <trkpt lat="49.618430000000004" lon="-116.20557000000001">
    <ele>1009.5500000000002</ele>
   </trkpt>
   <trkpt lat="49.618680000000005" lon="-116.20472000000001">
    <ele>1010.2900000000001</ele>
   </trkpt>
   <trkpt lat="49.618880000000004" lon="-116.20422">
    <ele>1010.1800000000001</ele>
   </trkpt>
   <trkpt lat="49.619110000000006" lon="-116.20351000000001">
    <ele>1009.5800000000002</ele>
   </trkpt>
   <trkpt lat="49.619240000000005" lon="-116.20284000000001">
    <ele>1009.87</ele>
   </trkpt>
   <trkpt lat="49.619310000000006" lon="-116.20233">
    <ele>1010.4300000000002</ele>
   </trkpt>
   <trkpt lat="49.619330000000005" lon="-116.20193">
    <ele>1010.9200000000001</ele>
   </trkpt>
   <trkpt lat="49.619330000000005" lon="-116.20194000000001">
    <ele>1010.9000000000001</ele>
   </trkpt>
   <trkpt lat="49.619350000000004" lon="-116.20136000000001">
    <ele>1012.1500000000001</ele>
   </trkpt>
   <trkpt lat="49.619310000000006" lon="-116.20082000000001">
    <ele>1013.2700000000001</ele>
   </trkpt>
   <trkpt lat="49.619240000000005" lon="-116.20027">
    <ele>1013.3400000000001</ele>
   </trkpt>
   <trkpt lat="49.61895500416429" lon="-116.19928499419007">
    <ele>1012.45</ele>
   </trkpt>
   <trkpt lat="49.61867" lon="-116.1983">
    <ele>1011.3700000000001</ele>
   </trkpt>
   <trkpt lat="49.61856" lon="-116.19800000000001">
    <ele>1009.57</ele>
   </trkpt>
   <trkpt lat="49.61844000000001" lon="-116.19777">
    <ele>1009.3000000000001</ele>
   </trkpt>
   <trkpt lat="49.618030000000005" lon="-116.19711000000001">
    <ele>1007.7500000000001</ele>
   </trkpt>
   <trkpt lat="49.617670000000004" lon="-116.1966">
    <ele>1005.6100000000001</ele>
   </trkpt>
   <trkpt lat="49.61724" lon="-116.19589">
    <ele>1004.3600000000001</ele>
   </trkpt>
   <trkpt lat="49.61712000000001" lon="-116.19566">
    <ele>1004.0500000000001</ele>
   </trkpt>
   <trkpt lat="49.6169" lon="-116.19485">
    <ele>1004.2200000000001</ele>
   </trkpt>
   <trkpt lat="49.61667500430932" lon="-116.19384999539436">
    <ele>1004.2900000000001</ele>
   </trkpt>
   <trkpt lat="49.61645000000001" lon="-116.19285">
    <ele>1003.22</ele>
   </trkpt>
   <trkpt lat="49.61634" lon="-116.19221">
    <ele>1001.6400000000001</ele>
   </trkpt>
   <trkpt lat="49.61621" lon="-116.19096">
    <ele>996.8000000000001</ele>
   </trkpt>
   <trkpt lat="49.616170000000004" lon="-116.19025">
    <ele>991.5400000000001</ele>
   </trkpt>
   <trkpt lat="49.616080000000004" lon="-116.18944">
    <ele>987.0900000000001</ele>
   </trkpt>
   <trkpt lat="49.615840000000006" lon="-116.18854">
    <ele>985.1200000000001</ele>
   </trkpt>
   <trkpt lat="49.61553000000001" lon="-116.18787">
    <ele>983.9200000000001</ele>
   </trkpt>
   <trkpt lat="49.61542000000001" lon="-116.18756">
    <ele>983.0300000000001</ele>
   </trkpt>
   <trkpt lat="49.61522500313869" lon="-116.18670999671677">
    <ele>980.2</ele>
   </trkpt>
   <trkpt lat="49.615030000000004" lon="-116.18586">
    <ele>979.7800000000001</ele>
   </trkpt>
   <trkpt lat="49.61491" lon="-116.18501">
    <ele>980.5600000000001</ele>
   </trkpt>
   <trkpt lat="49.614610000000006" lon="-116.18442">
    <ele>981.72</ele>
   </trkpt>
   <trkpt lat="49.61455" lon="-116.1842">
    <ele>981.07</ele>
   </trkpt>
   <trkpt lat="49.61450001585315" lon="-116.18284333053036">
    <ele>980.96</ele>
   </trkpt>
   <trkpt lat="49.61445001585242" lon="-116.18148666384391">
    <ele>982.7800000000001</ele>
   </trkpt>
   <trkpt lat="49.6144" lon="-116.18013">
    <ele>981.9100000000001</ele>
   </trkpt>
   <trkpt lat="49.614340000000006" lon="-116.17963">
    <ele>981.9300000000001</ele>
   </trkpt>
   <trkpt lat="49.61426" lon="-116.17932">
    <ele>982.43</ele>
   </trkpt>
   <trkpt lat="49.613980000000005" lon="-116.17833">
    <ele>986.7300000000001</ele>
   </trkpt>
   <trkpt lat="49.61381" lon="-116.17757">
    <ele>990.9200000000001</ele>
   </trkpt>
   <trkpt lat="49.613578612920264" lon="-116.1763028210389">
    <ele>995.5500000000001</ele>
   </trkpt>
   <trkpt lat="49.61334721200925" lon="-116.17503565410986">
    <ele>998.2700000000001</ele>
   </trkpt>
   <trkpt lat="49.613115797267184" lon="-116.17376849921337">
    <ele>1000.14</ele>
   </trkpt>
   <trkpt lat="49.61288436869432" lon="-116.17250135634997">
    <ele>1002.07</ele>
   </trkpt>
   <trkpt lat="49.61265292629088" lon="-116.17123422552018">
    <ele>1003.74</ele>
   </trkpt>
   <trkpt lat="49.61242147005713" lon="-116.16996710672447">
    <ele>1003.7200000000001</ele>
   </trkpt>
   <trkpt lat="49.612190000000005" lon="-116.16870000000002">
    <ele>1000.54</ele>
   </trkpt>
   <trkpt lat="49.611790000000006" lon="-116.1688">
    <ele>998.6700000000001</ele>
   </trkpt>
   <trkpt lat="49.611560000000004" lon="-116.16875">
    <ele>996.77</ele>
   </trkpt>
   <trkpt lat="49.61098000029025" lon="-116.16848499684119">
    <ele>989.35</ele>
   </trkpt>
   <trkpt lat="49.610400000000006" lon="-116.16822">
    <ele>985.69</ele>
   </trkpt>
   <trkpt lat="49.610150000000004" lon="-116.16799">
    <ele>985.1400000000001</ele>
   </trkpt>
   <trkpt lat="49.60949" lon="-116.16720000000001">
    <ele>985.1800000000001</ele>
   </trkpt>
   <trkpt lat="49.609260000000006" lon="-116.16688">
    <ele>985.8700000000001</ele>
   </trkpt>
   <trkpt lat="49.60913000000001" lon="-116.16657000000001">
    <ele>986.5300000000001</ele>
   </trkpt>
   <trkpt lat="49.609030000000004" lon="-116.16611">
    <ele>988.9300000000001</ele>
   </trkpt>
   <trkpt lat="49.60904000000001" lon="-116.16562">
    <ele>989.4900000000001</ele>
   </trkpt>
   <trkpt lat="49.609120000000004" lon="-116.16517">
    <ele>990.9200000000001</ele>
   </trkpt>
   <trkpt lat="49.60924000000001" lon="-116.16478000000001">
    <ele>991.7900000000001</ele>
   </trkpt>
   <trkpt lat="49.609615002407246" lon="-116.16403500569794">
    <ele>993.9000000000001</ele>
   </trkpt>
   <trkpt lat="49.60999" lon="-116.16329">
    <ele>994.3600000000001</ele>
   </trkpt>
   <trkpt lat="49.61032" lon="-116.16245">
    <ele>994.0600000000001</ele>
   </trkpt>
   <trkpt lat="49.610580000000006" lon="-116.16168">
    <ele>993.9200000000001</ele>
   </trkpt>
   <trkpt lat="49.610690000000005" lon="-116.16111000000001">
    <ele>993.72</ele>
   </trkpt>
   <trkpt lat="49.61077" lon="-116.16034">
    <ele>992.82</ele>
   </trkpt>
   <trkpt lat="49.61075" lon="-116.15922">
    <ele>991.26</ele>
   </trkpt>
   <trkpt lat="49.61068000349444" lon="-116.15831999878245">
    <ele>989.45</ele>
   </trkpt>
   <trkpt lat="49.61061" lon="-116.15742000000002">
    <ele>987.11</ele>
   </trkpt>
   <trkpt lat="49.610490022470145" lon="-116.15627798877591">
    <ele>985.69</ele>
   </trkpt>
   <trkpt lat="49.61037003370622" lon="-116.15513598317388">
    <ele>985.5400000000001</ele>
   </trkpt>
   <trkpt lat="49.61025003370832" lon="-116.15399398319434">
    <ele>987.26</ele>
   </trkpt>
   <trkpt lat="49.61013002247654" lon="-116.15285198883781">
    <ele>990.2400000000001</ele>
   </trkpt>
   <trkpt lat="49.61001" lon="-116.15171000000001">
    <ele>991.95</ele>
   </trkpt>
   <trkpt lat="49.60998000000001" lon="-116.15102">
    <ele>993.2900000000001</ele>
   </trkpt>
   <trkpt lat="49.61001" lon="-116.15002000000001">
    <ele>995.96</ele>
   </trkpt>
   <trkpt lat="49.61001" lon="-116.15003000000002">
    <ele>995.9100000000001</ele>
   </trkpt>
   <trkpt lat="49.61008" lon="-116.14928">
    <ele>999.5400000000001</ele>
   </trkpt>
   <trkpt lat="49.610220000000005" lon="-116.14816">
    <ele>1006.7400000000001</ele>
   </trkpt>
   <trkpt lat="49.61021" lon="-116.14776">
    <ele>1008.4000000000002</ele>
   </trkpt>
   <trkpt lat="49.61014" lon="-116.14745">
    <ele>1009.87</ele>
   </trkpt>
   <trkpt lat="49.610020000000006" lon="-116.14719000000001">
    <ele>1010.7900000000001</ele>
   </trkpt>
   <trkpt lat="49.60981" lon="-116.14691">
    <ele>1011.6899999999999</ele>
   </trkpt>
   <trkpt lat="49.609370000000006" lon="-116.1465">
    <ele>1014.1500000000001</ele>
   </trkpt>
   <trkpt lat="49.608578006160236" lon="-116.14590196113734">
    <ele>1016.17</ele>
   </trkpt>
   <trkpt lat="49.607786009239796" lon="-116.14530394170686">
    <ele>1017.2</ele>
   </trkpt>
   <trkpt lat="49.60699400923883" lon="-116.14470594170737">
    <ele>1018.1</ele>
   </trkpt>
   <trkpt lat="49.60620200615756" lon="-116.1441079611378">
    <ele>1020.3900000000001</ele>
   </trkpt>
   <trkpt lat="49.605410000000006" lon="-116.14351">
    <ele>1022.3100000000001</ele>
   </trkpt>
   <trkpt lat="49.604800000000004" lon="-116.14306">
    <ele>1022.5699999999999</ele>
   </trkpt>
   <trkpt lat="49.604240000000004" lon="-116.14260000000002">
    <ele>1022.58</ele>
   </trkpt>
   <trkpt lat="49.60385" lon="-116.1422">
    <ele>1022.5200000000001</ele>
   </trkpt>
   <trkpt lat="49.603460000000005" lon="-116.14171">
    <ele>1022.69</ele>
   </trkpt>
   <trkpt lat="49.603060000000006" lon="-116.14113">
    <ele>1023.5100000000001</ele>
   </trkpt>
   <trkpt lat="49.60254667290651" lon="-116.14027998212865">
    <ele>1024.3600000000001</ele>
   </trkpt>
   <trkpt lat="49.60203333958907" lon="-116.13942998215529">
    <ele>1025.26</ele>
   </trkpt>
   <trkpt lat="49.60152" lon="-116.13858">
    <ele>1026.31</ele>
   </trkpt>
   <trkpt lat="49.60126" lon="-116.13801000000001">
    <ele>1026.78</ele>
   </trkpt>
   <trkpt lat="49.60112" lon="-116.1375">
    <ele>1027.02</ele>
   </trkpt>
   <trkpt lat="49.601040000000005" lon="-116.13701">
    <ele>1026.8700000000001</ele>
   </trkpt>
   <trkpt lat="49.60099" lon="-116.13638">
    <ele>1027.1200000000001</ele>
   </trkpt>
   <trkpt lat="49.601020000000005" lon="-116.13589">
    <ele>1027.91</ele>
   </trkpt>
   <trkpt lat="49.6011" lon="-116.13535">
    <ele>1029.14</ele>
   </trkpt>
   <trkpt lat="49.60125000000001" lon="-116.13482">
    <ele>1029.88</ele>
   </trkpt>
   <trkpt lat="49.60146" lon="-116.13432">
    <ele>1029.8200000000002</ele>
   </trkpt>
   <trkpt lat="49.601942509832746" lon="-116.1334475259085">
    <ele>1027.67</ele>
   </trkpt>
   <trkpt lat="49.60242501310805" lon="-116.1325750345493">
    <ele>1025.63</ele>
   </trkpt>
   <trkpt lat="49.60290750982569" lon="-116.13170252592207">
    <ele>1024.1299999999999</ele>
   </trkpt>
   <trkpt lat="49.603390000000005" lon="-116.13083">
    <ele>1022.1500000000001</ele>
   </trkpt>
   <trkpt lat="49.60363" lon="-116.13047">
    <ele>1021.5</ele>
   </trkpt>
   <trkpt lat="49.60401000042848" lon="-116.13009000315519">
    <ele>1021.4100000000001</ele>
   </trkpt>
   <trkpt lat="49.60439" lon="-116.12971">
    <ele>1020.4900000000001</ele>
   </trkpt>
   <trkpt lat="49.604850000000006" lon="-116.12913">
    <ele>1018.4699999999999</ele>
   </trkpt>
   <trkpt lat="49.605320000000006" lon="-116.12825000000001">
    <ele>1016.65</ele>
   </trkpt>
   <trkpt lat="49.60549" lon="-116.12784">
    <ele>1016.45</ele>
   </trkpt>
   <trkpt lat="49.60580000315062" lon="-116.12699500516788">
    <ele>1017.0799999999999</ele>
   </trkpt>
   <trkpt lat="49.60611" lon="-116.12615000000001">
    <ele>1018.5500000000001</ele>
   </trkpt>
   <trkpt lat="49.60636" lon="-116.12538">
    <ele>1018.7700000000002</ele>
   </trkpt>
   <trkpt lat="49.60674000466076" lon="-116.12434500793967">
    <ele>1019.0000000000001</ele>
   </trkpt>
   <trkpt lat="49.60712" lon="-116.12331">
    <ele>1017.76</ele>
   </trkpt>
   <trkpt lat="49.607325002162966" lon="-116.12261500264266">
    <ele>1016.1200000000001</ele>
   </trkpt>
   <trkpt lat="49.607530000000004" lon="-116.12192">
    <ele>1012.1800000000001</ele>
   </trkpt>
   <trkpt lat="49.60781" lon="-116.12063">
    <ele>1009.46</ele>
   </trkpt>
   <trkpt lat="49.60798500416304" lon="-116.11964500362447">
    <ele>1010.8000000000001</ele>
   </trkpt>
   <trkpt lat="49.608160000000005" lon="-116.11866">
    <ele>1013.8200000000002</ele>
   </trkpt>
   <trkpt lat="49.60835" lon="-116.11737000000001">
    <ele>1018.0600000000002</ele>
   </trkpt>
   <trkpt lat="49.60839000000001" lon="-116.11678">
    <ele>1019.18</ele>
   </trkpt>
   <trkpt lat="49.608380000000004" lon="-116.11624">
    <ele>1019.6899999999999</ele>
   </trkpt>
   <trkpt lat="49.60831" lon="-116.1149">
    <ele>1023.09</ele>
   </trkpt>
   <trkpt lat="49.608320000000006" lon="-116.1136">
    <ele>1027.74</ele>
   </trkpt>
   <trkpt lat="49.608360003427784" lon="-116.1127100003693">
    <ele>1029.76</ele>
   </trkpt>
   <trkpt lat="49.6084" lon="-116.11182000000001">
    <ele>1031.97</ele>
   </trkpt>
   <trkpt lat="49.608540000000005" lon="-116.11056">
    <ele>1034.81</ele>
   </trkpt>
   <trkpt lat="49.60855500311355" lon="-116.10971000016283">
    <ele>1035.71</ele>
   </trkpt>
   <trkpt lat="49.60857000000001" lon="-116.10886">
    <ele>1037.05</ele>
   </trkpt>
   <trkpt lat="49.608540000000005" lon="-116.10836">
    <ele>1037.8400000000001</ele>
   </trkpt>
   <trkpt lat="49.60844" lon="-116.10755">
    <ele>1038.55</ele>
   </trkpt>
   <trkpt lat="49.60831000185314" lon="-116.10687999779957">
    <ele>1039.32</ele>
   </trkpt>
   <trkpt lat="49.608180000000004" lon="-116.10621">
    <ele>1040.66</ele>
   </trkpt>
   <trkpt lat="49.60810000000001" lon="-116.10558">
    <ele>1041.3300000000002</ele>
   </trkpt>
   <trkpt lat="49.60811" lon="-116.10496">
    <ele>1042.24</ele>
   </trkpt>
   <trkpt lat="49.60817" lon="-116.10446">
    <ele>1044.14</ele>
   </trkpt>
   <trkpt lat="49.60831" lon="-116.10401000000002">
    <ele>1044.77</ele>
   </trkpt>
   <trkpt lat="49.60869001634508" lon="-116.10303603036665">
    <ele>1047.95</ele>
   </trkpt>
   <trkpt lat="49.60907002451868" lon="-116.10206204554795">
    <ele>1049.8700000000001</ele>
   </trkpt>
   <trkpt lat="49.609450024520555" lon="-116.10108804554385">
    <ele>1051.7800000000002</ele>
   </trkpt>
   <trkpt lat="49.60983001635049" lon="-116.10011403035419">
    <ele>1055.4800000000002</ele>
   </trkpt>
   <trkpt lat="49.61021" lon="-116.09914">
    <ele>1057.18</ele>
   </trkpt>
   <trkpt lat="49.61070501093212" lon="-116.09822002803553">
    <ele>1054.66</ele>
   </trkpt>
   <trkpt lat="49.61120001457374" lon="-116.09730003738582">
    <ele>1047.88</ele>
   </trkpt>
   <trkpt lat="49.61169501092461" lon="-116.09638002805039">
    <ele>1041.3700000000001</ele>
   </trkpt>
   <trkpt lat="49.612190000000005" lon="-116.09546">
    <ele>1036.3200000000002</ele>
   </trkpt>
   <trkpt lat="49.61243" lon="-116.09483000000002">
    <ele>1031.97</ele>
   </trkpt>
   <trkpt lat="49.612480000000005" lon="-116.09452">
    <ele>1030.2900000000002</ele>
   </trkpt>
   <trkpt lat="49.612460000000006" lon="-116.09413">
    <ele>1029.3700000000001</ele>
   </trkpt>
   <trkpt lat="49.612390000000005" lon="-116.09355000000001">
    <ele>1027.29</ele>
   </trkpt>
   <trkpt lat="49.61255500207375" lon="-116.09285500238047">
    <ele>1026.03</ele>
   </trkpt>
   <trkpt lat="49.61272" lon="-116.09216">
    <ele>1024.5300000000002</ele>
   </trkpt>
   <trkpt lat="49.612840000000006" lon="-116.09194000000001">
    <ele>1022.91</ele>
   </trkpt>
   <trkpt lat="49.613600000000005" lon="-116.09121">
    <ele>1018.1999999999999</ele>
   </trkpt>
   <trkpt lat="49.613980000000005" lon="-116.09099">
    <ele>1016.6000000000001</ele>
   </trkpt>
   <trkpt lat="49.61428" lon="-116.09051000000001">
    <ele>1015.5100000000001</ele>
   </trkpt>
   <trkpt lat="49.614540000000005" lon="-116.08990000000001">
    <ele>1012.13</ele>
   </trkpt>
   <trkpt lat="49.61478" lon="-116.08906">
    <ele>1009.25</ele>
   </trkpt>
   <trkpt lat="49.61496" lon="-116.08812">
    <ele>1004.5500000000001</ele>
   </trkpt>
   <trkpt lat="49.615030000000004" lon="-116.0871">
    <ele>1000.2300000000001</ele>
   </trkpt>
   <trkpt lat="49.615195002779885" lon="-116.0862900029673">
    <ele>995.6700000000001</ele>
   </trkpt>
   <trkpt lat="49.61536" lon="-116.08548">
    <ele>993.16</ele>
   </trkpt>
   <trkpt lat="49.615500000000004" lon="-116.08512">
    <ele>992.44</ele>
   </trkpt>
   <trkpt lat="49.61585500291796" lon="-116.08429500604058">
    <ele>990.22</ele>
   </trkpt>
   <trkpt lat="49.61621" lon="-116.08347">
    <ele>987.0300000000001</ele>
   </trkpt>
   <trkpt lat="49.616350000000004" lon="-116.08290000000001">
    <ele>984.6600000000001</ele>
   </trkpt>
   <trkpt lat="49.61639" lon="-116.08253">
    <ele>984.6600000000001</ele>
   </trkpt>
   <trkpt lat="49.61637" lon="-116.08217">
    <ele>980.9300000000001</ele>
   </trkpt>
   <trkpt lat="49.61622500216713" lon="-116.08144999753242">
    <ele>978.34</ele>
   </trkpt>
   <trkpt lat="49.616080000000004" lon="-116.08073">
    <ele>976.57</ele>
   </trkpt>
   <trkpt lat="49.61605" lon="-116.08033">
    <ele>973.6600000000001</ele>
   </trkpt>
   <trkpt lat="49.61607" lon="-116.07958">
    <ele>970.5500000000001</ele>
   </trkpt>
   <trkpt lat="49.616170000000004" lon="-116.07863">
    <ele>968.13</ele>
   </trkpt>
   <trkpt lat="49.61627500225899" lon="-116.07791000137055">
    <ele>966.74</ele>
   </trkpt>
   <trkpt lat="49.61638000000001" lon="-116.07719000000002">
    <ele>966.0000000000001</ele>
   </trkpt>
   <trkpt lat="49.61660000410939" lon="-116.07621000454367">
    <ele>964.9900000000001</ele>
   </trkpt>
   <trkpt lat="49.616820000000004" lon="-116.07523">
    <ele>964.5300000000001</ele>
   </trkpt>
   <trkpt lat="49.61709000404201" lon="-116.07426500523415">
    <ele>964.22</ele>
   </trkpt>
   <trkpt lat="49.617360000000005" lon="-116.0733">
    <ele>963.1200000000001</ele>
   </trkpt>
   <trkpt lat="49.61750000000001" lon="-116.07263">
    <ele>961.83</ele>
   </trkpt>
   <trkpt lat="49.61757" lon="-116.07196">
    <ele>959.52</ele>
   </trkpt>
   <trkpt lat="49.61762667628794" lon="-116.07090333571844">
    <ele>958.07</ele>
   </trkpt>
   <trkpt lat="49.61768334295851" lon="-116.06984666897931">
    <ele>958.49</ele>
   </trkpt>
   <trkpt lat="49.617740000000005" lon="-116.06879">
    <ele>960.34</ele>
   </trkpt>
   <trkpt lat="49.617810000000006" lon="-116.06833">
    <ele>960.7500000000001</ele>
   </trkpt>
   <trkpt lat="49.618030000000005" lon="-116.06761000000002">
    <ele>960.73</ele>
   </trkpt>
   <trkpt lat="49.61811" lon="-116.06682">
    <ele>959.85</ele>
   </trkpt>
   <trkpt lat="49.618140000000004" lon="-116.06624000000001">
    <ele>958.6000000000001</ele>
   </trkpt>
   <trkpt lat="49.61811" lon="-116.06506">
    <ele>956.84</ele>
   </trkpt>
   <trkpt lat="49.61816" lon="-116.06420000000001">
    <ele>957.1200000000001</ele>
   </trkpt>
   <trkpt lat="49.61831" lon="-116.06302000000001">
    <ele>956.62</ele>
   </trkpt>
   <trkpt lat="49.61849334049386" lon="-116.06210667366165">
    <ele>957.07</ele>
   </trkpt>
   <trkpt lat="49.61867667380261" lon="-116.06119334045094">
    <ele>958.1500000000001</ele>
   </trkpt>
   <trkpt lat="49.618860000000005" lon="-116.06028">
    <ele>957.2</ele>
   </trkpt>
   <trkpt lat="49.61898" lon="-116.0596">
    <ele>955.8000000000001</ele>
   </trkpt>
   <trkpt lat="49.61903000359749" lon="-116.05868500108934">
    <ele>955.2400000000001</ele>
   </trkpt>
   <trkpt lat="49.619080000000004" lon="-116.05777">
    <ele>955.88</ele>
   </trkpt>
   <trkpt lat="49.6191" lon="-116.05696">
    <ele>956.84</ele>
   </trkpt>
   <trkpt lat="49.61905500625482" lon="-116.05575499892316">
    <ele>958.32</ele>
   </trkpt>
   <trkpt lat="49.61901" lon="-116.05455">
    <ele>960.6800000000001</ele>
   </trkpt>
   <trkpt lat="49.61901" lon="-116.05388">
    <ele>961.46</ele>
   </trkpt>
   <trkpt lat="49.61905" lon="-116.05302">
    <ele>962.9200000000001</ele>
   </trkpt>
   <trkpt lat="49.61916000265772" lon="-116.05223500174482">
    <ele>962.28</ele>
   </trkpt>
   <trkpt lat="49.61927000000001" lon="-116.05145">
    <ele>960.45</ele>
   </trkpt>
   <trkpt lat="49.619330000000005" lon="-116.05076000000001">
    <ele>957.2100000000002</ele>
   </trkpt>
   <trkpt lat="49.61936000000001" lon="-116.0502">
    <ele>955.2900000000001</ele>
   </trkpt>
   <trkpt lat="49.61934" lon="-116.04963000000001">
    <ele>952.76</ele>
   </trkpt>
   <trkpt lat="49.61924500332144" lon="-116.0487499981576">
    <ele>947.59</ele>
   </trkpt>
   <trkpt lat="49.619150000000005" lon="-116.04787">
    <ele>945.5700000000002</ele>
   </trkpt>
   <trkpt lat="49.619070040613195" lon="-116.04649665538807">
    <ele>945.12</ele>
   </trkpt>
   <trkpt lat="49.61899006498083" lon="-116.04512331528353">
    <ele>943.97</ele>
   </trkpt>
   <trkpt lat="49.61891007310298" lon="-116.04374997968735">
    <ele>944.86</ele>
   </trkpt>
   <trkpt lat="49.61883006497974" lon="-116.04237664860035">
    <ele>946.59</ele>
   </trkpt>
   <trkpt lat="49.61875004061122" lon="-116.04100332202344">
    <ele>950.6800000000001</ele>
   </trkpt>
   <trkpt lat="49.61867" lon="-116.03963">
    <ele>953.6700000000001</ele>
   </trkpt>
   <trkpt lat="49.61869" lon="-116.0391">
    <ele>953.98</ele>
   </trkpt>
   <trkpt lat="49.61881001139199" lon="-116.0379500056572">
    <ele>956.76</ele>
   </trkpt>
   <trkpt lat="49.618930011392735" lon="-116.03680000565025">
    <ele>956.3800000000001</ele>
   </trkpt>
   <trkpt lat="49.61905" lon="-116.03565">
    <ele>954.4</ele>
   </trkpt>
   <trkpt lat="49.619060000000005" lon="-116.03517000000001">
    <ele>952.2400000000001</ele>
   </trkpt>
   <trkpt lat="49.619020000000006" lon="-116.03475">
    <ele>951.4800000000001</ele>
   </trkpt>
   <trkpt lat="49.618900000000004" lon="-116.03431">
    <ele>949.88</ele>
   </trkpt>
   <trkpt lat="49.61871000000001" lon="-116.03381">
    <ele>946.8100000000001</ele>
   </trkpt>
   <trkpt lat="49.61822" lon="-116.03296">
    <ele>943.73</ele>
   </trkpt>
   <trkpt lat="49.61809" lon="-116.03257">
    <ele>943.46</ele>
   </trkpt>
   <trkpt lat="49.617990000000006" lon="-116.03198">
    <ele>943.9600000000002</ele>
   </trkpt>
   <trkpt lat="49.617900000000006" lon="-116.03086">
    <ele>945.09</ele>
   </trkpt>
   <trkpt lat="49.617920000000005" lon="-116.03041">
    <ele>945.25</ele>
   </trkpt>
   <trkpt lat="49.61798" lon="-116.03001">
    <ele>946.24</ele>
   </trkpt>
   <trkpt lat="49.6182250024302" lon="-116.02925000399901">
    <ele>948.95</ele>
   </trkpt>
   <trkpt lat="49.61847" lon="-116.02849">
    <ele>952.13</ele>
   </trkpt>
   <trkpt lat="49.61865" lon="-116.0276">
    <ele>954.08</ele>
   </trkpt>
   <trkpt lat="49.61887" lon="-116.02626000000001">
    <ele>959.64</ele>
   </trkpt>
   <trkpt lat="49.61887" lon="-116.02595000000001">
    <ele>960.37</ele>
   </trkpt>
   <trkpt lat="49.61882000000001" lon="-116.02567">
    <ele>960.7</ele>
   </trkpt>
   <trkpt lat="49.618700000000004" lon="-116.02537000000001">
    <ele>961.23</ele>
   </trkpt>
   <trkpt lat="49.61825" lon="-116.02468">
    <ele>962.6500000000001</ele>
   </trkpt>
   <trkpt lat="49.61789" lon="-116.02392">
    <ele>963.47</ele>
   </trkpt>
   <trkpt lat="49.617650000000005" lon="-116.02322000000001">
    <ele>964.4</ele>
   </trkpt>
   <trkpt lat="49.617395005717846" lon="-116.02206999408232">
    <ele>966.32</ele>
   </trkpt>
   <trkpt lat="49.617140000000006" lon="-116.02092">
    <ele>971.1200000000001</ele>
   </trkpt>
   <trkpt lat="49.617020000000004" lon="-116.02052">
    <ele>972.5100000000001</ele>
   </trkpt>
   <trkpt lat="49.61666" lon="-116.01971">
    <ele>975.52</ele>
   </trkpt>
   <trkpt lat="49.61654" lon="-116.01935">
    <ele>976.72</ele>
   </trkpt>
   <trkpt lat="49.61634667380423" lon="-116.01843999280172">
    <ele>978.9100000000001</ele>
   </trkpt>
   <trkpt lat="49.61615334047548" lon="-116.01752999282343">
    <ele>978.71</ele>
   </trkpt>
   <trkpt lat="49.61596" lon="-116.01662">
    <ele>976.71</ele>
   </trkpt>
   <trkpt lat="49.615730004569436" lon="-116.01558999514059">
    <ele>975.32</ele>
   </trkpt>
   <trkpt lat="49.615500000000004" lon="-116.01456">
    <ele>978.1200000000001</ele>
   </trkpt>
   <trkpt lat="49.6154" lon="-116.01394">
    <ele>979.4300000000001</ele>
   </trkpt>
   <trkpt lat="49.61533000000001" lon="-116.01328000000001">
    <ele>981.19</ele>
   </trkpt>
   <trkpt lat="49.61529" lon="-116.01206">
    <ele>984.62</ele>
   </trkpt>
   <trkpt lat="49.615230000000004" lon="-116.01149000000001">
    <ele>985.47</ele>
   </trkpt>
   <trkpt lat="49.61507" lon="-116.01067">
    <ele>986.83</ele>
   </trkpt>
   <trkpt lat="49.615030000000004" lon="-116.01014">
    <ele>988.16</ele>
   </trkpt>
   <trkpt lat="49.61506000000001" lon="-116.00959">
    <ele>989.9000000000001</ele>
   </trkpt>
   <trkpt lat="49.61524000000001" lon="-116.00853000000001">
    <ele>994.8800000000001</ele>
   </trkpt>
   <trkpt lat="49.615280000000006" lon="-116.00807">
    <ele>995.5600000000001</ele>
   </trkpt>
   <trkpt lat="49.615260000000006" lon="-116.00755000000001">
    <ele>996.6300000000001</ele>
   </trkpt>
   <trkpt lat="49.61516500374287" lon="-116.0066199983624">
    <ele>998.0000000000001</ele>
   </trkpt>
   <trkpt lat="49.61507" lon="-116.00569000000002">
    <ele>997.11</ele>
   </trkpt>
   <trkpt lat="49.615010000000005" lon="-116.00517">
    <ele>996.8100000000001</ele>
   </trkpt>
   <trkpt lat="49.615" lon="-116.00445">
    <ele>996.3100000000001</ele>
   </trkpt>
   <trkpt lat="49.615030000000004" lon="-116.00391">
    <ele>996.21</ele>
   </trkpt>
   <trkpt lat="49.61513" lon="-116.00346">
    <ele>995.9700000000001</ele>
   </trkpt>
   <trkpt lat="49.615460000000006" lon="-116.00249000000001">
    <ele>994.38</ele>
   </trkpt>
   <trkpt lat="49.61575334078595" lon="-116.00156001118657">
    <ele>992.89</ele>
   </trkpt>
   <trkpt lat="49.616046674122074" lon="-116.0006300111779">
    <ele>990.08</ele>
   </trkpt>
   <trkpt lat="49.61634" lon="-115.9997">
    <ele>984.7500000000001</ele>
   </trkpt>
   <trkpt lat="49.61663667396953" lon="-115.99878001116268">
    <ele>980.52</ele>
   </trkpt>
   <trkpt lat="49.61693334064863" lon="-115.9978600111243">
    <ele>980.83</ele>
   </trkpt>
   <trkpt lat="49.617230000000006" lon="-115.99694000000001">
    <ele>982.4</ele>
   </trkpt>
   <trkpt lat="49.61739000000001" lon="-115.99629000000002">
    <ele>981.7000000000002</ele>
   </trkpt>
   <trkpt lat="49.617560000000005" lon="-115.99527">
    <ele>979.4800000000001</ele>
   </trkpt>
   <trkpt lat="49.61769500529543" lon="-115.99416000316484">
    <ele>978.49</ele>
   </trkpt>
   <trkpt lat="49.617830000000005" lon="-115.99305000000001">
    <ele>979.84</ele>
   </trkpt>
   <trkpt lat="49.61804" lon="-115.99209">
    <ele>980.3100000000001</ele>
   </trkpt>
   <trkpt lat="49.618280000000006" lon="-115.99142">
    <ele>979.9700000000001</ele>
   </trkpt>
   <trkpt lat="49.61838" lon="-115.9912">
    <ele>979.9700000000001</ele>
   </trkpt>
   <trkpt lat="49.618370000000006" lon="-115.9912">
    <ele>979.9700000000001</ele>
   </trkpt>
   <trkpt lat="49.61851" lon="-115.99092">
    <ele>979.99</ele>
   </trkpt>
   <trkpt lat="49.61882000000001" lon="-115.99034">
    <ele>980.5500000000001</ele>
   </trkpt>
   <trkpt lat="49.61922000136362" lon="-115.98978000457858">
    <ele>981.5400000000001</ele>
   </trkpt>
   <trkpt lat="49.619620000000005" lon="-115.98922">
    <ele>981.94</ele>
   </trkpt>
   <trkpt lat="49.61986" lon="-115.98882">
    <ele>981.6700000000001</ele>
   </trkpt>
   <trkpt lat="49.62001" lon="-115.98846">
    <ele>981.6500000000001</ele>
   </trkpt>
   <trkpt lat="49.6201" lon="-115.98815">
    <ele>981.69</ele>
   </trkpt>
   <trkpt lat="49.620140000000006" lon="-115.98776000000001">
    <ele>981.94</ele>
   </trkpt>
   <trkpt lat="49.62017" lon="-115.98712">
    <ele>982.1800000000001</ele>
   </trkpt>
   <trkpt lat="49.62017" lon="-115.98637000000001">
    <ele>982.1500000000001</ele>
   </trkpt>
   <trkpt lat="49.62003000000001" lon="-115.98533">
    <ele>981.2400000000001</ele>
   </trkpt>
   <trkpt lat="49.620020000000004" lon="-115.98475">
    <ele>980.83</ele>
   </trkpt>
   <trkpt lat="49.62008002108706" lon="-115.98347250468986">
    <ele>981.28</ele>
   </trkpt>
   <trkpt lat="49.620140028117056" lon="-115.9821950062329">
    <ele>979.6400000000001</ele>
   </trkpt>
   <trkpt lat="49.62020002108991" lon="-115.98091750462994">
    <ele>977.1700000000001</ele>
   </trkpt>
   <trkpt lat="49.62026" lon="-115.97964">
    <ele>973.71</ele>
   </trkpt>
   <trkpt lat="49.620270000000005" lon="-115.97897">
    <ele>970.6300000000001</ele>
   </trkpt>
   <trkpt lat="49.620250000000006" lon="-115.97840000000001">
    <ele>969.5100000000001</ele>
   </trkpt>
   <trkpt lat="49.620200000000004" lon="-115.97786">
    <ele>969.2</ele>
   </trkpt>
   <trkpt lat="49.62006334151305" lon="-115.97688666134611">
    <ele>967.4</ele>
   </trkpt>
   <trkpt lat="49.6199266748659" lon="-115.97591332815189">
    <ele>967.2400000000001</ele>
   </trkpt>
   <trkpt lat="49.61979" lon="-115.97494">
    <ele>966.89</ele>
   </trkpt>
   <trkpt lat="49.619700002334326" lon="-115.97420499870556">
    <ele>965.5</ele>
   </trkpt>
   <trkpt lat="49.61961" lon="-115.97347">
    <ele>962.0000000000001</ele>
   </trkpt>
   <trkpt lat="49.61952001520542" lon="-115.97238499393355">
    <ele>956.2800000000001</ele>
   </trkpt>
   <trkpt lat="49.61943002027082" lon="-115.97129999187452">
    <ele>952.46</ele>
   </trkpt>
   <trkpt lat="49.61934001519626" lon="-115.97021499382338">
    <ele>954.2600000000001</ele>
   </trkpt>
   <trkpt lat="49.61925" lon="-115.96913">
    <ele>958.5400000000001</ele>
   </trkpt>
   <trkpt lat="49.619170000000004" lon="-115.96849">
    <ele>959.2</ele>
   </trkpt>
   <trkpt lat="49.61907" lon="-115.968">
    <ele>959.7</ele>
   </trkpt>
   <trkpt lat="49.618930000000006" lon="-115.96752000000001">
    <ele>960.07</ele>
   </trkpt>
   <trkpt lat="49.618630003036365" lon="-115.96668499495298">
    <ele>961.34</ele>
   </trkpt>
   <trkpt lat="49.61833000000001" lon="-115.96585">
    <ele>961.01</ele>
   </trkpt>
   <trkpt lat="49.61801251649816" lon="-115.96471997791387">
    <ele>958.57</ele>
   </trkpt>
   <trkpt lat="49.617695021997434" lon="-115.96358997055198">
    <ele>957.19</ele>
   </trkpt>
   <trkpt lat="49.61737751649811" lon="-115.96245997791445">
    <ele>957.1100000000001</ele>
   </trkpt>
   <trkpt lat="49.61706" lon="-115.96133">
    <ele>957.2</ele>
   </trkpt>
   <trkpt lat="49.616690000000006" lon="-115.96016000000002">
    <ele>956.2400000000001</ele>
   </trkpt>
   <trkpt lat="49.61637" lon="-115.95939000000001">
    <ele>957.69</ele>
   </trkpt>
   <trkpt lat="49.61583500508853" lon="-115.9582999879765">
    <ele>961.7700000000001</ele>
   </trkpt>
   <trkpt lat="49.615300000000005" lon="-115.95721">
    <ele>965.4100000000001</ele>
   </trkpt>
   <trkpt lat="49.614986672042896" lon="-115.95641998984308">
    <ele>967.3000000000001</ele>
   </trkpt>
   <trkpt lat="49.614673338709935" lon="-115.95562998984417">
    <ele>971.0600000000001</ele>
   </trkpt>
   <trkpt lat="49.614360000000005" lon="-115.95484">
    <ele>972.2700000000001</ele>
   </trkpt>
   <trkpt lat="49.61422" lon="-115.95436000000001">
    <ele>973.34</ele>
   </trkpt>
   <trkpt lat="49.6141" lon="-115.95376">
    <ele>974.98</ele>
   </trkpt>
   <trkpt lat="49.61394000584205" lon="-115.95259499615142">
    <ele>976.96</ele>
   </trkpt>
   <trkpt lat="49.613780000000006" lon="-115.95143000000002">
    <ele>981.3600000000001</ele>
   </trkpt>
   <trkpt lat="49.61372" lon="-115.95109000000001">
    <ele>982.59</ele>
   </trkpt>
   <trkpt lat="49.61348" lon="-115.95023">
    <ele>984.2400000000001</ele>
   </trkpt>
   <trkpt lat="49.613440000000004" lon="-115.95001">
    <ele>984.6</ele>
   </trkpt>
   <trkpt lat="49.613440000000004" lon="-115.94973">
    <ele>985.35</ele>
   </trkpt>
   <trkpt lat="49.61347000000001" lon="-115.9492">
    <ele>987.5800000000002</ele>
   </trkpt>
   <trkpt lat="49.613580000000006" lon="-115.94854000000001">
    <ele>989.7500000000001</ele>
   </trkpt>
   <trkpt lat="49.61359" lon="-115.94805000000001">
    <ele>989.9300000000001</ele>
   </trkpt>
   <trkpt lat="49.613550000000004" lon="-115.94781">
    <ele>989.5400000000001</ele>
   </trkpt>
   <trkpt lat="49.613310000000006" lon="-115.94714">
    <ele>987.5400000000001</ele>
   </trkpt>
   <trkpt lat="49.61296" lon="-115.94651">
    <ele>987.1700000000001</ele>
   </trkpt>
   <trkpt lat="49.61256000079033" lon="-115.94603999595363">
    <ele>986.04</ele>
   </trkpt>
   <trkpt lat="49.61216" lon="-115.94557">
    <ele>983.74</ele>
   </trkpt>
   <trkpt lat="49.61162" lon="-115.94463">
    <ele>980.8500000000001</ele>
   </trkpt>
   <trkpt lat="49.61115" lon="-115.94352">
    <ele>973.3800000000001</ele>
   </trkpt>
   <trkpt lat="49.6107800110509" lon="-115.94238664942083">
    <ele>970.46</ele>
   </trkpt>
   <trkpt lat="49.61041001103761" lon="-115.94125331604707">
    <ele>971.71</ele>
   </trkpt>
   <trkpt lat="49.610040000000005" lon="-115.94012000000001">
    <ele>973.11</ele>
   </trkpt>
   <trkpt lat="49.60985000177384" lon="-115.93948499764912">
    <ele>973.3100000000001</ele>
   </trkpt>
   <trkpt lat="49.609660000000005" lon="-115.93885000000002">
    <ele>974.4300000000001</ele>
   </trkpt>
   <trkpt lat="49.609590000000004" lon="-115.93845">
    <ele>974.7500000000001</ele>
   </trkpt>
   <trkpt lat="49.609460000000006" lon="-115.93815000000001">
    <ele>974.2600000000001</ele>
   </trkpt>
   <trkpt lat="49.609070002055425" lon="-115.93745499439515">
    <ele>971.4200000000001</ele>
   </trkpt>
   <trkpt lat="49.60868000000001" lon="-115.93676">
    <ele>969.9300000000001</ele>
   </trkpt>
   <trkpt lat="49.60817" lon="-115.936">
    <ele>968.3600000000001</ele>
   </trkpt>
   <trkpt lat="49.60777" lon="-115.93557000000001">
    <ele>965.4</ele>
   </trkpt>
   <trkpt lat="49.60733500076583" lon="-115.93512999600507">
    <ele>960.7500000000001</ele>
   </trkpt>
   <trkpt lat="49.6069" lon="-115.93469">
    <ele>958.37</ele>
   </trkpt>
   <trkpt lat="49.60638000205939" lon="-115.93399499255885">
    <ele>956.6500000000001</ele>
   </trkpt>
   <trkpt lat="49.60586000000001" lon="-115.9333">
    <ele>956.61</ele>
   </trkpt>
   <trkpt lat="49.605560000000004" lon="-115.93281">
    <ele>957.1200000000001</ele>
   </trkpt>
   <trkpt lat="49.60533" lon="-115.93218">
    <ele>957.84</ele>
   </trkpt>
   <trkpt lat="49.605160000000005" lon="-115.93161">
    <ele>958.5300000000001</ele>
   </trkpt>
   <trkpt lat="49.604910000000004" lon="-115.93129">
    <ele>958.84</ele>
   </trkpt>
   <trkpt lat="49.60455" lon="-115.93090000000001">
    <ele>959.3800000000001</ele>
   </trkpt>
   <trkpt lat="49.604040000000005" lon="-115.93061000000002">
    <ele>961.2100000000002</ele>
   </trkpt>
   <trkpt lat="49.60361" lon="-115.93044">
    <ele>961.6600000000001</ele>
   </trkpt>
   <trkpt lat="49.60329" lon="-115.93039">
    <ele>961.94</ele>
   </trkpt>
   <trkpt lat="49.602719999938884" lon="-115.93039">
    <ele>962.22</ele>
   </trkpt>
   <trkpt lat="49.60215" lon="-115.93039">
    <ele>963.1700000000001</ele>
   </trkpt>
   <trkpt lat="49.601890000000004" lon="-115.9303">
    <ele>963.37</ele>
   </trkpt>
   <trkpt lat="49.60144000026182" lon="-115.9300749979454">
    <ele>965.1800000000001</ele>
   </trkpt>
   <trkpt lat="49.60099" lon="-115.92985000000002">
    <ele>965.9000000000001</ele>
   </trkpt>
   <trkpt lat="49.60036" lon="-115.92957000000001">
    <ele>967.96</ele>
   </trkpt>
   <trkpt lat="49.59983500018712" lon="-115.92935499768033">
    <ele>970.23</ele>
   </trkpt>
   <trkpt lat="49.59931" lon="-115.92914">
    <ele>971.1200000000001</ele>
   </trkpt>
   <trkpt lat="49.598940000000006" lon="-115.92883">
    <ele>972.0600000000001</ele>
   </trkpt>
   <trkpt lat="49.598580000000005" lon="-115.92842">
    <ele>972.3800000000001</ele>
   </trkpt>
   <trkpt lat="49.597910000000006" lon="-115.9278">
    <ele>973.19</ele>
   </trkpt>
   <trkpt lat="49.59750000025863" lon="-115.92750999748861">
    <ele>973.83</ele>
   </trkpt>
   <trkpt lat="49.59709" lon="-115.92722">
    <ele>975.08</ele>
   </trkpt>
   <trkpt lat="49.59635" lon="-115.92705000000001">
    <ele>976.46</ele>
   </trkpt>
   <trkpt lat="49.595710000000004" lon="-115.92732000000001">
    <ele>976.7000000000002</ele>
   </trkpt>
   <trkpt lat="49.59514000027823" lon="-115.9275850031084">
    <ele>976.55</ele>
   </trkpt>
   <trkpt lat="49.594570000000004" lon="-115.92785">
    <ele>976.23</ele>
   </trkpt>
   <trkpt lat="49.594080000000005" lon="-115.92775">
    <ele>976.1700000000001</ele>
   </trkpt>
   <trkpt lat="49.59328000000001" lon="-115.92748">
    <ele>975.83</ele>
   </trkpt>
   <trkpt lat="49.5927" lon="-115.92757">
    <ele>972.9900000000001</ele>
   </trkpt>
   <trkpt lat="49.591930000000005" lon="-115.92799000000001">
    <ele>965.76</ele>
   </trkpt>
   <trkpt lat="49.59150000073116" lon="-115.92841000373058">
    <ele>961.97</ele>
   </trkpt>
   <trkpt lat="49.59107" lon="-115.92883">
    <ele>958.91</ele>
   </trkpt>
   <trkpt lat="49.5905800020363" lon="-115.92950000658998">
    <ele>951.96</ele>
   </trkpt>
   <trkpt lat="49.590090000000004" lon="-115.93017">
    <ele>945.7500000000001</ele>
   </trkpt>
   <trkpt lat="49.58945000000001" lon="-115.93109000000001">
    <ele>942.1400000000001</ele>
   </trkpt>
   <trkpt lat="49.58879" lon="-115.9316">
    <ele>936.3100000000001</ele>
   </trkpt>
   <trkpt lat="49.58798" lon="-115.93169">
    <ele>927.71</ele>
   </trkpt>
   <trkpt lat="49.587700000000005" lon="-115.93179">
    <ele>926.34</ele>
   </trkpt>
   <trkpt lat="49.587180000000004" lon="-115.93175000000001">
    <ele>923.1300000000001</ele>
   </trkpt>
   <trkpt lat="49.58686" lon="-115.93142">
    <ele>921.95</ele>
   </trkpt>
   <trkpt lat="49.58662202547679" lon="-115.93020397626742">
    <ele>920.87</ele>
   </trkpt>
   <trkpt lat="49.58638403821454" lon="-115.92898796439856">
    <ele>920.1300000000001</ele>
   </trkpt>
   <trkpt lat="49.58614603821348" lon="-115.92777196439386">
    <ele>919.4000000000001</ele>
   </trkpt>
   <trkpt lat="49.58590802547382" lon="-115.92655597625365">
    <ele>918.8900000000001</ele>
   </trkpt>
   <trkpt lat="49.58567000000001" lon="-115.92534">
    <ele>919.4700000000001</ele>
   </trkpt>
   <trkpt lat="49.585390000000004" lon="-115.92468000000001">
    <ele>918.76</ele>
   </trkpt>
   <trkpt lat="49.585120001425445" lon="-115.92408999657316">
    <ele>920.33</ele>
   </trkpt>
   <trkpt lat="49.58485" lon="-115.9235">
    <ele>921.5300000000001</ele>
   </trkpt>
   <trkpt lat="49.58432000279924" lon="-115.9226949912672">
    <ele>921.85</ele>
   </trkpt>
   <trkpt lat="49.58379000000001" lon="-115.92189">
    <ele>920.9300000000001</ele>
   </trkpt>
   <trkpt lat="49.583470000000005" lon="-115.92125000000001">
    <ele>919.39</ele>
   </trkpt>
   <trkpt lat="49.583980000000004" lon="-115.92032">
    <ele>918.0600000000001</ele>
   </trkpt>
   <trkpt lat="49.58419000000001" lon="-115.91956">
    <ele>917.22</ele>
   </trkpt>
   <trkpt lat="49.58411" lon="-115.91848">
    <ele>916.02</ele>
   </trkpt>
   <trkpt lat="49.58399251853434" lon="-115.91728249137878">
    <ele>914.48</ele>
   </trkpt>
   <trkpt lat="49.58387502471436" lon="-115.91608498852482">
    <ele>914.24</ele>
   </trkpt>
   <trkpt lat="49.58375751854015" lon="-115.91488749143863">
    <ele>915.1300000000001</ele>
   </trkpt>
   <trkpt lat="49.58364" lon="-115.91369">
    <ele>917.22</ele>
   </trkpt>
   <trkpt lat="49.58359" lon="-115.91258">
    <ele>919.4300000000001</ele>
   </trkpt>
   <trkpt lat="49.583580000000005" lon="-115.91138000000001">
    <ele>921.15</ele>
   </trkpt>
   <trkpt lat="49.583730001985366" lon="-115.91070000211987">
    <ele>921.82</ele>
   </trkpt>
   <trkpt lat="49.58388" lon="-115.91002">
    <ele>923.15</ele>
   </trkpt>
   <trkpt lat="49.58421001353432" lon="-115.90876668361625">
    <ele>926.71</ele>
   </trkpt>
   <trkpt lat="49.58454001353572" lon="-115.90751335027791">
    <ele>931.22</ele>
   </trkpt>
   <trkpt lat="49.58487" lon="-115.90626">
    <ele>936.12</ele>
   </trkpt>
   <trkpt lat="49.585170012907646" lon="-115.90503668165111">
    <ele>939.1100000000001</ele>
   </trkpt>
   <trkpt lat="49.585470012922535" lon="-115.90381334825734">
    <ele>940.37</ele>
   </trkpt>
   <trkpt lat="49.585770000000004" lon="-115.90259">
    <ele>939.7800000000001</ele>
   </trkpt>
   <trkpt lat="49.58593500242344" lon="-115.90185000221284">
    <ele>938.44</ele>
   </trkpt>
   <trkpt lat="49.5861" lon="-115.90111">
    <ele>936.95</ele>
   </trkpt>
   <trkpt lat="49.586220000000004" lon="-115.89982">
    <ele>933.1300000000001</ele>
   </trkpt>
   <trkpt lat="49.58618500312443" lon="-115.89896999968705">
    <ele>931.36</ele>
   </trkpt>
   <trkpt lat="49.58615" lon="-115.89812">
    <ele>930.5200000000001</ele>
   </trkpt>
   <trkpt lat="49.58597000264034" lon="-115.8973349970424">
    <ele>929.61</ele>
   </trkpt>
   <trkpt lat="49.58579" lon="-115.89655">
    <ele>929.1700000000001</ele>
   </trkpt>
   <trkpt lat="49.58567000283221" lon="-115.89573999804838">
    <ele>927.8000000000001</ele>
   </trkpt>
   <trkpt lat="49.585550000000005" lon="-115.89493000000002">
    <ele>926.98</ele>
   </trkpt>
   <trkpt lat="49.585580004350824" lon="-115.89392500061517">
    <ele>925.97</ele>
   </trkpt>
   <trkpt lat="49.58561" lon="-115.89292">
    <ele>925.1400000000001</ele>
   </trkpt>
   <trkpt lat="49.58562500380766" lon="-115.89198000019482">
    <ele>924.2</ele>
   </trkpt>
   <trkpt lat="49.585640000000005" lon="-115.89104">
    <ele>924.4000000000001</ele>
   </trkpt>
   <trkpt lat="49.58552" lon="-115.88988">
    <ele>927.0100000000001</ele>
   </trkpt>
   <trkpt lat="49.585330000000006" lon="-115.88859000000001">
    <ele>928.59</ele>
   </trkpt>
   <trkpt lat="49.58545202169434" lon="-115.88746801118981">
    <ele>928.49</ele>
   </trkpt>
   <trkpt lat="49.585574032543434" lon="-115.88634601676748">
    <ele>928.3800000000001</ele>
   </trkpt>
   <trkpt lat="49.58569603254719" lon="-115.88522401673345">
    <ele>928.07</ele>
   </trkpt>
   <trkpt lat="49.58581802170549" lon="-115.88410201108817">
    <ele>927.8900000000001</ele>
   </trkpt>
   <trkpt lat="49.58594" lon="-115.88298">
    <ele>927.8000000000001</ele>
   </trkpt>
   <trkpt lat="49.58585500535105" lon="-115.88186499800251">
    <ele>927.5200000000001</ele>
   </trkpt>
   <trkpt lat="49.585770000000004" lon="-115.88075">
    <ele>927.5500000000001</ele>
   </trkpt>
   <trkpt lat="49.5856400024891" lon="-115.8799849977746">
    <ele>927.46</ele>
   </trkpt>
   <trkpt lat="49.585510000000006" lon="-115.87922">
    <ele>927.48</ele>
   </trkpt>
   <trkpt lat="49.585435002599255" lon="-115.87844499893309">
    <ele>927.2300000000001</ele>
   </trkpt>
   <trkpt lat="49.58536" lon="-115.87767000000001">
    <ele>926.75</ele>
   </trkpt>
   <trkpt lat="49.585350000000005" lon="-115.87747">
    <ele>926.44</ele>
   </trkpt>
   <trkpt lat="49.58539500336491" lon="-115.87658500099083">
    <ele>924.8700000000001</ele>
   </trkpt>
   <trkpt lat="49.585440000000006" lon="-115.87570000000001">
    <ele>922.45</ele>
   </trkpt>
   <trkpt lat="49.58560000000001" lon="-115.87439">
    <ele>920.6400000000001</ele>
   </trkpt>
   <trkpt lat="49.58565" lon="-115.87336">
    <ele>921.24</ele>
   </trkpt>
   <trkpt lat="49.58581" lon="-115.87277">
    <ele>922.1600000000001</ele>
   </trkpt>
   <trkpt lat="49.58625000000001" lon="-115.87317000000002">
    <ele>921.4700000000001</ele>
   </trkpt>
   <trkpt lat="49.586470000000006" lon="-115.87327">
    <ele>921.8000000000001</ele>
   </trkpt>
   <trkpt lat="49.58673" lon="-115.87328000000001">
    <ele>922.1</ele>
   </trkpt>
   <trkpt lat="49.58701000000001" lon="-115.87322">
    <ele>923.1600000000001</ele>
   </trkpt>
   <trkpt lat="49.58724" lon="-115.87309">
    <ele>924.32</ele>
   </trkpt>
   <trkpt lat="49.587700000654685" lon="-115.87271000355616">
    <ele>927.3000000000001</ele>
   </trkpt>
   <trkpt lat="49.58816" lon="-115.87233">
    <ele>929.46</ele>
   </trkpt>
   <trkpt lat="49.588350000000005" lon="-115.87206">
    <ele>931.9000000000001</ele>
   </trkpt>
   <trkpt lat="49.5885" lon="-115.87167000000001">
    <ele>932.9300000000001</ele>
   </trkpt>
   <trkpt lat="49.588550000000005" lon="-115.87126">
    <ele>934.0600000000001</ele>
   </trkpt>
   <trkpt lat="49.588533343884436" lon="-115.87015333259532">
    <ele>936.58</ele>
   </trkpt>
   <trkpt lat="49.58851667721803" lon="-115.8690466659466">
    <ele>937.44</ele>
   </trkpt>
   <trkpt lat="49.5885" lon="-115.86794">
    <ele>937.15</ele>
   </trkpt>
   <trkpt lat="49.58860000000001" lon="-115.8674">
    <ele>936.98</ele>
   </trkpt>
   <trkpt lat="49.58874" lon="-115.867">
    <ele>936.9000000000001</ele>
   </trkpt>
   <trkpt lat="49.58892" lon="-115.86673">
    <ele>936.9600000000002</ele>
   </trkpt>
   <trkpt lat="49.58914000000001" lon="-115.86651">
    <ele>936.95</ele>
   </trkpt>
   <trkpt lat="49.58935" lon="-115.86637">
    <ele>936.86</ele>
   </trkpt>
   <trkpt lat="49.589920000000006" lon="-115.86615">
    <ele>936.9100000000001</ele>
   </trkpt>
   <trkpt lat="49.59002" lon="-115.86677">
    <ele>934.9900000000001</ele>
   </trkpt>
   <trkpt lat="49.59019000000001" lon="-115.86736">
    <ele>934.2800000000001</ele>
   </trkpt>
   <trkpt lat="49.590430000000005" lon="-115.86789">
    <ele>932.15</ele>
   </trkpt>
   <trkpt lat="49.59066000000001" lon="-115.86825">
    <ele>930.33</ele>
   </trkpt>
   <trkpt lat="49.59096" lon="-115.86857">
    <ele>926.78</ele>
   </trkpt>
   <trkpt lat="49.591260000000005" lon="-115.86876000000001">
    <ele>924.19</ele>
   </trkpt>
   <trkpt lat="49.591660000000005" lon="-115.86892">
    <ele>921.34</ele>
   </trkpt>
   <trkpt lat="49.59205000000001" lon="-115.86894000000001">
    <ele>919.39</ele>
   </trkpt>
   <trkpt lat="49.59265999999915" lon="-115.868785001965">
    <ele>915.66</ele>
   </trkpt>
   <trkpt lat="49.593270000000004" lon="-115.86863000000001">
    <ele>911.4000000000001</ele>
   </trkpt>
   <trkpt lat="49.59403500018207" lon="-115.86841500337707">
    <ele>905.7400000000001</ele>
   </trkpt>
   <trkpt lat="49.594800000000006" lon="-115.86820000000002">
    <ele>901.23</ele>
   </trkpt>
   <trkpt lat="49.59537" lon="-115.86794">
    <ele>897.5300000000001</ele>
   </trkpt>
   <trkpt lat="49.59593000061814" lon="-115.86758000409522">
    <ele>892.51</ele>
   </trkpt>
   <trkpt lat="49.59649" lon="-115.86722">
    <ele>889.8800000000001</ele>
   </trkpt>
   <trkpt lat="49.596970000000006" lon="-115.86705">
    <ele>883.6700000000001</ele>
   </trkpt>
   <trkpt lat="49.597260000000006" lon="-115.86706000000001">
    <ele>883.6700000000001</ele>
   </trkpt>
   <trkpt lat="49.5977450001394" lon="-115.8671049995646">
    <ele>878.4000000000001</ele>
   </trkpt>
   <trkpt lat="49.59823" lon="-115.86715000000001">
    <ele>874.4900000000001</ele>
   </trkpt>
   <trkpt lat="49.598843333442346" lon="-115.86724666423953">
    <ele>872.5400000000001</ele>
   </trkpt>
   <trkpt lat="49.59945666680418" lon="-115.86734333091066">
    <ele>872.2</ele>
   </trkpt>
   <trkpt lat="49.60007" lon="-115.86744000000002">
    <ele>872.84</ele>
   </trkpt>
   <trkpt lat="49.600390000000004" lon="-115.86744000000002">
    <ele>873.1200000000001</ele>
   </trkpt>
   <trkpt lat="49.60063" lon="-115.86731">
    <ele>873.74</ele>
   </trkpt>
   <trkpt lat="49.60085" lon="-115.86710000000001">
    <ele>874.62</ele>
   </trkpt>
   <trkpt lat="49.60101" lon="-115.86686">
    <ele>875.2900000000001</ele>
   </trkpt>
   <trkpt lat="49.60116000000001" lon="-115.86646">
    <ele>877.5400000000001</ele>
   </trkpt>
   <trkpt lat="49.60141000276112" lon="-115.86566000408723">
    <ele>881.14</ele>
   </trkpt>
   <trkpt lat="49.60166" lon="-115.86486000000001">
    <ele>883.02</ele>
   </trkpt>
   <trkpt lat="49.60195" lon="-115.86422">
    <ele>884.1700000000001</ele>
   </trkpt>
   <trkpt lat="49.60221000000001" lon="-115.86386">
    <ele>884.71</ele>
   </trkpt>
   <trkpt lat="49.60242" lon="-115.86364">
    <ele>885.68</ele>
   </trkpt>
   <trkpt lat="49.6026" lon="-115.86351">
    <ele>886.2700000000001</ele>
   </trkpt>
   <trkpt lat="49.601945003188135" lon="-115.86265998868055">
    <ele>882.35</ele>
   </trkpt>
   <trkpt lat="49.601290000000006" lon="-115.86181">
    <ele>880.6</ele>
   </trkpt>
   <trkpt lat="49.600860000000004" lon="-115.86087">
    <ele>879.1300000000001</ele>
   </trkpt>
   <trkpt lat="49.60074" lon="-115.85957">
    <ele>876.87</ele>
   </trkpt>
   <trkpt lat="49.60087500705048" lon="-115.85829000360441">
    <ele>875.6</ele>
   </trkpt>
   <trkpt lat="49.60101" lon="-115.85701">
    <ele>873.3700000000001</ele>
   </trkpt>
   <trkpt lat="49.600970000000004" lon="-115.85616">
    <ele>871.65</ele>
   </trkpt>
   <trkpt lat="49.600640000000006" lon="-115.85518">
    <ele>869.7900000000001</ele>
   </trkpt>
   <trkpt lat="49.600270002465074" lon="-115.85441999418646">
    <ele>868.0600000000001</ele>
   </trkpt>
   <trkpt lat="49.599900000000005" lon="-115.85366">
    <ele>866.59</ele>
   </trkpt>
   <trkpt lat="49.5998" lon="-115.85312">
    <ele>864.98</ele>
   </trkpt>
   <trkpt lat="49.599800002553735" lon="-115.85235000018722">
    <ele>863.72</ele>
   </trkpt>
   <trkpt lat="49.5998" lon="-115.85158000000001">
    <ele>862.69</ele>
   </trkpt>
   <trkpt lat="49.599720000000005" lon="-115.85119">
    <ele>861.74</ele>
   </trkpt>
   <trkpt lat="49.59935" lon="-115.85057">
    <ele>860.5800000000002</ele>
   </trkpt>
   <trkpt lat="49.59866" lon="-115.84985">
    <ele>858.8000000000001</ele>
   </trkpt>
   <trkpt lat="49.597998582874894" lon="-115.84918423153216">
    <ele>856.8100000000001</ele>
   </trkpt>
   <trkpt lat="49.59733716193155" lon="-115.84851848112389">
    <ele>856.9000000000001</ele>
   </trkpt>
   <trkpt lat="49.596675737170116" lon="-115.84785274877434">
    <ele>857.5300000000001</ele>
   </trkpt>
   <trkpt lat="49.596014308590846" lon="-115.84718703448273">
    <ele>857.37</ele>
   </trkpt>
   <trkpt lat="49.59535287619392" lon="-115.84652133824827">
    <ele>856.7600000000001</ele>
   </trkpt>
   <trkpt lat="49.5946914399795" lon="-115.84585566007013">
    <ele>857.33</ele>
   </trkpt>
   <trkpt lat="49.594030000000004" lon="-115.84519000000002">
    <ele>859.21</ele>
   </trkpt>
   <trkpt lat="49.59344" lon="-115.84475">
    <ele>860.4200000000001</ele>
   </trkpt>
   <trkpt lat="49.592600000000004" lon="-115.84461">
    <ele>861.77</ele>
   </trkpt>
   <trkpt lat="49.59184000083242" lon="-115.84420999384291">
    <ele>863.08</ele>
   </trkpt>
   <trkpt lat="49.591080000000005" lon="-115.84381">
    <ele>865.1</ele>
   </trkpt>
   <trkpt lat="49.59054500002241" lon="-115.84371999901082">
    <ele>865.86</ele>
   </trkpt>
   <trkpt lat="49.59001000000001" lon="-115.84363">
    <ele>867.82</ele>
   </trkpt>
   <trkpt lat="49.589560000000006" lon="-115.84342000000001">
    <ele>868.5500000000001</ele>
   </trkpt>
   <trkpt lat="49.58897" lon="-115.84309">
    <ele>869.5100000000001</ele>
   </trkpt>
   <trkpt lat="49.588800000000006" lon="-115.84287">
    <ele>869.72</ele>
   </trkpt>
   <trkpt lat="49.58860000000001" lon="-115.84255">
    <ele>871.1300000000001</ele>
   </trkpt>
   <trkpt lat="49.58831000000001" lon="-115.84166">
    <ele>872.0000000000001</ele>
   </trkpt>
   <trkpt lat="49.588280000000005" lon="-115.84121">
    <ele>872.8800000000001</ele>
   </trkpt>
   <trkpt lat="49.58827" lon="-115.8405">
    <ele>873.83</ele>
   </trkpt>
   <trkpt lat="49.588340002842436" lon="-115.83969000097366">
    <ele>874.84</ele>
   </trkpt>
   <trkpt lat="49.58841" lon="-115.83888">
    <ele>875.5200000000001</ele>
   </trkpt>
   <trkpt lat="49.58843" lon="-115.83821">
    <ele>876.5500000000001</ele>
   </trkpt>
   <trkpt lat="49.58840000000001" lon="-115.83745">
    <ele>877.47</ele>
   </trkpt>
   <trkpt lat="49.58813500583526" lon="-115.83628499362322">
    <ele>878.72</ele>
   </trkpt>
   <trkpt lat="49.58787" lon="-115.83512">
    <ele>880.9500000000002</ele>
   </trkpt>
   <trkpt lat="49.587770004401996" lon="-115.83410999800962">
    <ele>881.74</ele>
   </trkpt>
   <trkpt lat="49.58767" lon="-115.83310000000002">
    <ele>883.38</ele>
   </trkpt>
   <trkpt lat="49.58749" lon="-115.83266">
    <ele>884.3700000000001</ele>
   </trkpt>
   <trkpt lat="49.58726" lon="-115.83227000000001">
    <ele>884.5200000000001</ele>
   </trkpt>
   <trkpt lat="49.58701000000001" lon="-115.83203">
    <ele>884.9800000000001</ele>
   </trkpt>
   <trkpt lat="49.58675" lon="-115.83185">
    <ele>885.58</ele>
   </trkpt>
   <trkpt lat="49.586179999938885" lon="-115.83185">
    <ele>887.23</ele>
   </trkpt>
   <trkpt lat="49.58561" lon="-115.83185">
    <ele>887.6400000000001</ele>
   </trkpt>
   <trkpt lat="49.58507" lon="-115.83157000000001">
    <ele>889.2</ele>
   </trkpt>
   <trkpt lat="49.58462" lon="-115.83096">
    <ele>890.3900000000001</ele>
   </trkpt>
   <trkpt lat="49.584110005043144" lon="-115.82988498890045">
    <ele>892.2200000000001</ele>
   </trkpt>
   <trkpt lat="49.583600000000004" lon="-115.82881">
    <ele>893.84</ele>
   </trkpt>
   <trkpt lat="49.58317500621334" lon="-115.82760498938646">
    <ele>896.0</ele>
   </trkpt>
   <trkpt lat="49.582750000000004" lon="-115.8264">
    <ele>897.7600000000001</ele>
   </trkpt>
   <trkpt lat="49.58257500222164" lon="-115.82568499751515">
    <ele>898.96</ele>
   </trkpt>
   <trkpt lat="49.58240000000001" lon="-115.82497000000001">
    <ele>899.7100000000002</ele>
   </trkpt>
   <trkpt lat="49.582365006837065" lon="-115.82370999903425">
    <ele>901.5500000000001</ele>
   </trkpt>
   <trkpt lat="49.582330000000006" lon="-115.82245">
    <ele>902.8000000000001</ele>
   </trkpt>
   <trkpt lat="49.582400002496065" lon="-115.82169000100369">
    <ele>903.8600000000001</ele>
   </trkpt>
   <trkpt lat="49.58247" lon="-115.82093">
    <ele>905.17</ele>
   </trkpt>
   <trkpt lat="49.58241" lon="-115.82014000000001">
    <ele>906.2500000000001</ele>
   </trkpt>
   <trkpt lat="49.582280000000004" lon="-115.81971000000001">
    <ele>906.5300000000001</ele>
   </trkpt>
   <trkpt lat="49.581860000000006" lon="-115.81905">
    <ele>907.8000000000001</ele>
   </trkpt>
   <trkpt lat="49.58165" lon="-115.8186">
    <ele>908.6400000000001</ele>
   </trkpt>
   <trkpt lat="49.58149000260282" lon="-115.81782499753398">
    <ele>909.5400000000001</ele>
   </trkpt>
   <trkpt lat="49.58133" lon="-115.81705000000001">
    <ele>910.1300000000001</ele>
   </trkpt>
   <trkpt lat="49.58111" lon="-115.81645">
    <ele>911.4700000000001</ele>
   </trkpt>
   <trkpt lat="49.58079000000001" lon="-115.81596">
    <ele>911.87</ele>
   </trkpt>
   <trkpt lat="49.58037" lon="-115.81565">
    <ele>913.3700000000001</ele>
   </trkpt>
   <trkpt lat="49.579809999875245" lon="-115.81557999917845">
    <ele>914.0600000000001</ele>
   </trkpt>
   <trkpt lat="49.57925" lon="-115.81551">
    <ele>915.7900000000001</ele>
   </trkpt>
   <trkpt lat="49.57885" lon="-115.81508000000001">
    <ele>916.7</ele>
   </trkpt>
   <trkpt lat="49.57847" lon="-115.81427000000001">
    <ele>917.5500000000001</ele>
   </trkpt>
   <trkpt lat="49.578100000000006" lon="-115.81372">
    <ele>918.5300000000001</ele>
   </trkpt>
   <trkpt lat="49.57750500043125" lon="-115.81343499656417">
    <ele>918.9100000000001</ele>
   </trkpt>
   <trkpt lat="49.576910000000005" lon="-115.81315000000001">
    <ele>918.5300000000001</ele>
   </trkpt>
   <trkpt lat="49.57645" lon="-115.8127">
    <ele>918.51</ele>
   </trkpt>
   <trkpt lat="49.57587752955225" lon="-115.81170991870333">
    <ele>918.5500000000001</ele>
   </trkpt>
   <trkpt lat="49.57530505065918" lon="-115.81071986063381">
    <ele>917.76</ele>
   </trkpt>
   <trkpt lat="49.574732563321206" lon="-115.80972982579074">
    <ele>917.83</ele>
   </trkpt>
   <trkpt lat="49.57416006753865" lon="-115.80873981417342">
    <ele>918.7700000000001</ele>
   </trkpt>
   <trkpt lat="49.57358756331192" lon="-115.80774982578123">
    <ele>917.2600000000001</ele>
   </trkpt>
   <trkpt lat="49.57301505064135" lon="-115.80675986061347">
    <ele>917.3700000000001</ele>
   </trkpt>
   <trkpt lat="49.572442529527336" lon="-115.80576991866944">
    <ele>917.5900000000001</ele>
   </trkpt>
   <trkpt lat="49.571870000000004" lon="-115.80478000000001">
    <ele>917.3500000000001</ele>
   </trkpt>
   <trkpt lat="49.571650000000005" lon="-115.80405">
    <ele>917.6400000000001</ele>
   </trkpt>
   <trkpt lat="49.57155000275668" lon="-115.80324499806956">
    <ele>917.3000000000001</ele>
   </trkpt>
   <trkpt lat="49.571450000000006" lon="-115.80244">
    <ele>917.27</ele>
   </trkpt>
   <trkpt lat="49.571090000000005" lon="-115.80168">
    <ele>918.44</ele>
   </trkpt>
   <trkpt lat="49.57047000000001" lon="-115.80078">
    <ele>917.45</ele>
   </trkpt>
   <trkpt lat="49.56998" lon="-115.8002">
    <ele>917.1600000000001</ele>
   </trkpt>
   <trkpt lat="49.56944000000001" lon="-115.79981000000001">
    <ele>917.4100000000001</ele>
   </trkpt>
   <trkpt lat="49.56887500015422" lon="-115.79955999705561">
    <ele>917.4700000000001</ele>
   </trkpt>
   <trkpt lat="49.568310000000004" lon="-115.79931">
    <ele>917.6500000000001</ele>
   </trkpt>
   <trkpt lat="49.56754" lon="-115.79865000000001">
    <ele>917.71</ele>
   </trkpt>
   <trkpt lat="49.56692666992576" lon="-115.79803331782121">
    <ele>916.5500000000001</ele>
   </trkpt>
   <trkpt lat="49.566313336574986" lon="-115.79741665113725">
    <ele>916.5500000000001</ele>
   </trkpt>
   <trkpt lat="49.56570000000001" lon="-115.7968">
    <ele>915.66</ele>
   </trkpt>
   <trkpt lat="49.56523000000001" lon="-115.79599">
    <ele>915.0300000000001</ele>
   </trkpt>
   <trkpt lat="49.56494000000001" lon="-115.79487">
    <ele>913.8600000000001</ele>
   </trkpt>
   <trkpt lat="49.56492" lon="-115.79371">
    <ele>912.97</ele>
   </trkpt>
   <trkpt lat="49.56512334170519" lon="-115.79272334162931">
    <ele>912.88</ele>
   </trkpt>
   <trkpt lat="49.5653266750226" lon="-115.79173667504004">
    <ele>913.3100000000001</ele>
   </trkpt>
   <trkpt lat="49.56553" lon="-115.79075">
    <ele>913.07</ele>
   </trkpt>
   <trkpt lat="49.565560000000005" lon="-115.78972">
    <ele>913.0300000000001</ele>
   </trkpt>
   <trkpt lat="49.565350012543234" lon="-115.78851332294036">
    <ele>913.02</ele>
   </trkpt>
   <trkpt lat="49.56514001254097" lon="-115.78730665626097">
    <ele>913.63</ele>
   </trkpt>
   <trkpt lat="49.564930000000004" lon="-115.7861">
    <ele>914.11</ele>
   </trkpt>
   <trkpt lat="49.56470500361949" lon="-115.78517999565048">
    <ele>914.0100000000001</ele>
   </trkpt>
   <trkpt lat="49.56448" lon="-115.78426">
    <ele>914.0400000000001</ele>
   </trkpt>
   <trkpt lat="49.5642000025842" lon="-115.78347999542427">
    <ele>914.07</ele>
   </trkpt>
   <trkpt lat="49.56392" lon="-115.7827">
    <ele>914.08</ele>
   </trkpt>
   <trkpt lat="49.563625002171875" lon="-115.78197499539213">
    <ele>913.97</ele>
   </trkpt>
   <trkpt lat="49.56333" lon="-115.78125000000001">
    <ele>913.78</ele>
   </trkpt>
   <trkpt lat="49.56280671525384" lon="-115.78023738063666">
    <ele>913.72</ele>
   </trkpt>
   <trkpt lat="49.562283421672845" lon="-115.77922478297812">
    <ele>913.88</ele>
   </trkpt>
   <trkpt lat="49.56176011925736" lon="-115.77821220702391">
    <ele>913.3500000000001</ele>
   </trkpt>
   <trkpt lat="49.561236808007735" lon="-115.7771996527735">
    <ele>912.9100000000001</ele>
   </trkpt>
   <trkpt lat="49.560713487924346" lon="-115.77618712022638">
    <ele>912.0100000000001</ele>
   </trkpt>
   <trkpt lat="49.560190159007526" lon="-115.77517460938206">
    <ele>911.5000000000001</ele>
   </trkpt>
   <trkpt lat="49.55966682125763" lon="-115.77416212024008">
    <ele>910.51</ele>
   </trkpt>
   <trkpt lat="49.55914347467501" lon="-115.77314965279989">
    <ele>910.02</ele>
   </trkpt>
   <trkpt lat="49.55862011926003" lon="-115.77213720706098">
    <ele>909.27</ele>
   </trkpt>
   <trkpt lat="49.558096755013025" lon="-115.77112478302291">
    <ele>908.75</ele>
   </trkpt>
   <trkpt lat="49.557573381934354" lon="-115.77011238068512">
    <ele>908.23</ele>
   </trkpt>
   <trkpt lat="49.557050000000004" lon="-115.76910000000001">
    <ele>907.17</ele>
   </trkpt>
   <trkpt lat="49.556490000000004" lon="-115.7681">
    <ele>906.17</ele>
   </trkpt>
   <trkpt lat="49.555985002970885" lon="-115.76727499153236">
    <ele>905.6500000000001</ele>
   </trkpt>
   <trkpt lat="49.55548" lon="-115.76645">
    <ele>905.5300000000001</ele>
   </trkpt>
   <trkpt lat="49.55489500368722" lon="-115.76552998904442">
    <ele>903.09</ele>
   </trkpt>
   <trkpt lat="49.55431" lon="-115.76461">
    <ele>901.7700000000001</ele>
   </trkpt>
   <trkpt lat="49.55396000143612" lon="-115.76404999612312">
    <ele>900.7100000000002</ele>
   </trkpt>
   <trkpt lat="49.553610000000006" lon="-115.76349">
    <ele>899.78</ele>
   </trkpt>
   <trkpt lat="49.552996686661814" lon="-115.76252660619016">
    <ele>898.8900000000001</ele>
   </trkpt>
   <trkpt lat="49.552383365326456" lon="-115.76156323657416">
    <ele>899.22</ele>
   </trkpt>
   <trkpt lat="49.55177003599431" lon="-115.76059989115126">
    <ele>899.34</ele>
   </trkpt>
   <trkpt lat="49.55115669866574" lon="-115.75963656992059">
    <ele>899.75</ele>
   </trkpt>
   <trkpt lat="49.55054335334114" lon="-115.75867327288135">
    <ele>900.84</ele>
   </trkpt>
   <trkpt lat="49.54993" lon="-115.75771">
    <ele>901.69</ele>
   </trkpt>
   <trkpt lat="49.5497" lon="-115.75744">
    <ele>902.0300000000001</ele>
   </trkpt>
   <trkpt lat="49.549240000000005" lon="-115.75697000000001">
    <ele>902.17</ele>
   </trkpt>
   <trkpt lat="49.5489" lon="-115.75669">
    <ele>902.6700000000001</ele>
   </trkpt>
   <trkpt lat="49.54860000000001" lon="-115.75659">
    <ele>903.19</ele>
   </trkpt>
   <trkpt lat="49.54805" lon="-115.75629">
    <ele>903.4900000000001</ele>
   </trkpt>
   <trkpt lat="49.547360000000005" lon="-115.75583">
    <ele>903.5300000000001</ele>
   </trkpt>
   <trkpt lat="49.546536667945276" lon="-115.75544332029611">
    <ele>903.7700000000001</ele>
   </trkpt>
   <trkpt lat="49.54571333460217" lon="-115.75505665362512">
    <ele>904.2</ele>
   </trkpt>
   <trkpt lat="49.54489" lon="-115.75467">
    <ele>905.7700000000001</ele>
   </trkpt>
   <trkpt lat="49.54478" lon="-115.75463">
    <ele>906.33</ele>
   </trkpt>
   <trkpt lat="49.54466000000001" lon="-115.75464000000001">
    <ele>907.2800000000001</ele>
   </trkpt>
   <trkpt lat="49.54451" lon="-115.75471">
    <ele>907.7600000000001</ele>
   </trkpt>
   <trkpt lat="49.544450000000005" lon="-115.75471">
    <ele>907.69</ele>
   </trkpt>
   <trkpt lat="49.543975000062375" lon="-115.7544899977935">
    <ele>907.5200000000001</ele>
   </trkpt>
   <trkpt lat="49.5435" lon="-115.75427">
    <ele>906.9100000000001</ele>
   </trkpt>
   <trkpt lat="49.542840000000005" lon="-115.75401000000001">
    <ele>906.7100000000002</ele>
   </trkpt>
   <trkpt lat="49.542060000000006" lon="-115.75382">
    <ele>907.8000000000001</ele>
   </trkpt>
   <trkpt lat="49.54131" lon="-115.75367000000001">
    <ele>908.1800000000001</ele>
   </trkpt>
   <trkpt lat="49.54068000007475" lon="-115.75355999715848">
    <ele>907.7900000000001</ele>
   </trkpt>
   <trkpt lat="49.540050000045234" lon="-115.75344999715337">
    <ele>908.3100000000001</ele>
   </trkpt>
   <trkpt lat="49.53942000000001" lon="-115.75334000000001">
    <ele>908.6800000000001</ele>
   </trkpt>
   <trkpt lat="49.539170000000006" lon="-115.75334000000001">
    <ele>909.7700000000001</ele>
   </trkpt>
   <trkpt lat="49.53886000000001" lon="-115.75342">
    <ele>910.2500000000001</ele>
   </trkpt>
   <trkpt lat="49.53830000000001" lon="-115.75334000000001">
    <ele>909.58</ele>
   </trkpt>
   <trkpt lat="49.537800000000004" lon="-115.75334000000001">
    <ele>907.88</ele>
   </trkpt>
   <trkpt lat="49.537530000000004" lon="-115.75332000000002">
    <ele>907.1600000000001</ele>
   </trkpt>
   <trkpt lat="49.53726" lon="-115.75332000000002">
    <ele>906.7600000000001</ele>
   </trkpt>
   <trkpt lat="49.537090000000006" lon="-115.75334000000001">
    <ele>906.88</ele>
   </trkpt>
   <trkpt lat="49.53678000000001" lon="-115.75337">
    <ele>907.1600000000001</ele>
   </trkpt>
   <trkpt lat="49.536500000000004" lon="-115.75342">
    <ele>906.9</ele>
   </trkpt>
   <trkpt lat="49.53624000000001" lon="-115.75355">
    <ele>906.1300000000001</ele>
   </trkpt>
   <trkpt lat="49.536030000000004" lon="-115.75359">
    <ele>904.8800000000001</ele>
   </trkpt>
   <trkpt lat="49.5356" lon="-115.75382">
    <ele>903.84</ele>
   </trkpt>
   <trkpt lat="49.534890000000004" lon="-115.75399000000002">
    <ele>902.95</ele>
   </trkpt>
   <trkpt lat="49.53439" lon="-115.75417000000002">
    <ele>904.11</ele>
   </trkpt>
   <trkpt lat="49.533910000000006" lon="-115.75449">
    <ele>905.1500000000001</ele>
   </trkpt>
   <trkpt lat="49.53358" lon="-115.75459000000001">
    <ele>904.05</ele>
   </trkpt>
   <trkpt lat="49.53338" lon="-115.75340000000001">
    <ele>902.1500000000001</ele>
   </trkpt>
   <trkpt lat="49.532657500950314" lon="-115.75367001196994">
    <ele>902.0100000000001</ele>
   </trkpt>
   <trkpt lat="49.53193500127236" lon="-115.75394001595764">
    <ele>902.4200000000001</ele>
   </trkpt>
   <trkpt lat="49.53121250096618" lon="-115.75421001196358">
    <ele>903.0</ele>
   </trkpt>
   <trkpt lat="49.53049000000001" lon="-115.75448000000002">
    <ele>903.7700000000001</ele>
   </trkpt>
   <trkpt lat="49.52987" lon="-115.75468000000001">
    <ele>904.24</ele>
   </trkpt>
   <trkpt lat="49.529080001474874" lon="-115.75497401900998">
    <ele>904.7</ele>
   </trkpt>
   <trkpt lat="49.528290002204805" lon="-115.75526802851715">
    <ele>905.12</ele>
   </trkpt>
   <trkpt lat="49.527500002189804" lon="-115.75556202852216">
    <ele>905.32</ele>
   </trkpt>
   <trkpt lat="49.52671000142994" lon="-115.75585601902552">
    <ele>905.9800000000001</ele>
   </trkpt>
   <trkpt lat="49.525920000000006" lon="-115.75615">
    <ele>906.3100000000001</ele>
   </trkpt>
   <trkpt lat="49.52573" lon="-115.75619">
    <ele>906.4900000000001</ele>
   </trkpt>
   <trkpt lat="49.52555" lon="-115.7561">
    <ele>906.87</ele>
   </trkpt>
   <trkpt lat="49.525420000000004" lon="-115.75592">
    <ele>907.2800000000001</ele>
   </trkpt>
   <trkpt lat="49.52503" lon="-115.75513000000001">
    <ele>907.5000000000001</ele>
   </trkpt>
   <trkpt lat="49.52485" lon="-115.75489">
    <ele>907.5000000000001</ele>
   </trkpt>
   <trkpt lat="49.52452" lon="-115.75427">
    <ele>907.3000000000001</ele>
   </trkpt>
   <trkpt lat="49.524350000000005" lon="-115.75411000000001">
    <ele>907.6200000000001</ele>
   </trkpt>
   <trkpt lat="49.524260000000005" lon="-115.75399000000002">
    <ele>907.63</ele>
   </trkpt>
   <trkpt lat="49.524080000000005" lon="-115.75382">
    <ele>907.36</ele>
   </trkpt>
   <trkpt lat="49.52394" lon="-115.75372000000002">
    <ele>907.3100000000001</ele>
   </trkpt>
   <trkpt lat="49.52353" lon="-115.75373">
    <ele>907.4200000000001</ele>
   </trkpt>
   <trkpt lat="49.522890000000004" lon="-115.75358000000001">
    <ele>907.72</ele>
   </trkpt>
   <trkpt lat="49.52216000001458" lon="-115.75358750033575">
    <ele>907.7400000000001</ele>
   </trkpt>
   <trkpt lat="49.52143000002866" lon="-115.75359500044759">
    <ele>908.4000000000001</ele>
   </trkpt>
   <trkpt lat="49.520700000042254" lon="-115.75360250033548">
    <ele>909.02</ele>
   </trkpt>
   <trkpt lat="49.51997" lon="-115.75361000000001">
    <ele>909.4000000000001</ele>
   </trkpt>
  </trkseg>
 </trk>
</gpx>
